age,workclass,fnlwgt,education,education-num,marital-status,occupation,relationship,race,sex,capitalgain,capitalloss,hoursperweek,native-country,class
66,Local-gov,323559,Masters,14,Married-civ-spouse,Sales,Not-in-family,White,Female,0,0,40,Canada,>50K
44,Private,194669,HS-grad,9,Married-civ-spouse,Exec-managerial,Own-child,White,Male,0,0,33,Canada,<=50K
39,Private,436900,Some-college,10,Married-civ-spouse,Craft-repair,Unmarried,White,Female,0,0,44,Germany,<=50K
34,Private,399072,Some-college,10,Never-married,Protective-serv,Not-in-family,Black,Male,0,0,42,United-States,<=50K
55,Federal-gov,351137,Masters,14,Separated,Protective-serv,Own-child,Asian-Pac-Islander,Male,0,0,58,United-States,>50K
65,Private,417856,HS-grad,9,Married-civ-spouse,Other-service,Husband,Black,Female,0,0,21,United-States,<=50K
57,Private,80305,11th,7,Married-civ-spouse,Craft-repair,Wife,White,Male,0,0,50,United-States,<=50K
45,Local-gov,433367,Some-college,10,Married-civ-spouse,Sales,Other-relative,White,Male,0,0,21,Canada,<=50K
42,Local-gov,307871,HS-grad,9,Divorced,Protective-serv,Husband,White,Male,0,0,43,United-States,<=50K
63,Local-gov,57035,HS-grad,9,Never-married,Prof-specialty,Unmarried,White,Female,0,0,37,United-States,<=50K
62,Private,288050,HS-grad,9,Divorced,Tech-support,Not-in-family,Asian-Pac-Islander,Female,0,0,23,United-States,<=50K
38,State-gov,201294,Some-college,10,Never-married,Prof-specialty,Not-in-family,White,Female,0,0,22,Canada,<=50K
68,Local-gov,304304,HS-grad,9,Never-married,Machine-op-inspct,Own-child,White,Male,0,0,52,Mexico,>50K
61,Private,34530,Assoc-voc,11,Divorced,Craft-repair,Husband,Black,Male,0,0,50,Mexico,<=50K
62,State-gov,22048,Some-college,10,Never-married,Exec-managerial,Wife,White,Male,0,2450,44,United-States,<=50K
20,Private,370664,HS-grad,9,Married-civ-spouse,Transportation,Not-in-family,White,Female,0,0,44,Canada,<=50K
24,Local-gov,410772,Some-college,10,Married-civ-spouse,Sales,Own-child,Black,Male,0,0,23,Philippines,<=50K
33,Self-emp-inc,222403,HS-grad,9,Separated,Tech-support,Wife,White,Male,0,0,21,United-States,<=50K
57,Private,190515,HS-grad,9,Divorced,Handlers-cleaners,Other-relative,Asian-Pac-Islander,Male,0,2650,53,Canada,<=50K
22,Private,379706,HS-grad,9,Married-civ-spouse,Tech-support,Own-child,White,Male,0,0,33,United-States,<=50K
22,Private,166347,HS-grad,9,Divorced,Tech-support,Own-child,White,Female,0,0,52,United-States,<=50K
19,Private,401169,HS-grad,9,Never-married,Other-service,Other-relative,White,Male,0,0,23,United-States,<=50K
27,Self-emp-not-inc,294359,11th,7,Married-civ-spouse,Machine-op-inspct,Husband,White,Male,0,0,47,United-States,<=50K
65,Local-gov,51733,Bachelors,13,Married-civ-spouse,Protective-serv,Husband,White,Male,0,0,57,United-States,<=50K
55,Private,351305,11th,7,Married-civ-spouse,Other-service,Wife,White,Male,0,0,35,United-States,<=50K
55,Private,473031,HS-grad,9,Married-civ-spouse,Tech-support,Husband,White,Female,0,0,32,United-States,<=50K
33,Private,385784,Assoc-voc,11,Divorced,Handlers-cleaners,Own-child,White,Female,6349,0,50,United-States,<=50K
50,Private,258564,Some-college,10,Married-civ-spouse,Tech-support,Husband,White,Male,0,0,35,United-States,<=50K
58,Private,318332,HS-grad,9,Separated,Handlers-cleaners,Not-in-family,White,Male,0,0,33,United-States,<=50K
45,Private,484247,Doctorate,16,Never-married,Exec-managerial,Husband,White,Female,0,0,52,United-States,<=50K
62,Private,279880,HS-grad,9,Married-civ-spouse,Craft-repair,Wife,White,Male,0,0,47,Mexico,<=50K
47,Private,85409,Some-college,10,Divorced,Sales,Wife,White,Male,7381,0,28,United-States,<=50K
34,Local-gov,100151,Assoc-voc,11,Never-married,Sales,Not-in-family,Other,Female,0,0,38,Philippines,<=50K
51,Private,188299,Bachelors,13,Married-civ-spouse,Craft-repair,Own-child,White,Male,0,0,28,United-States,<=50K
67,Private,429973,Some-college,10,Divorced,Exec-managerial,Other-relative,Black,Male,0,0,40,United-States,<=50K
60,Self-emp-inc,239984,Some-college,10,Married-civ-spouse,Protective-serv,Other-relative,White,Male,0,0,53,United-States,<=50K
43,State-gov,358092,HS-grad,9,Never-married,Exec-managerial,Own-child,White,Male,0,0,46,United-States,<=50K
49,Private,471223,10th,6,Never-married,Protective-serv,Husband,White,Female,0,0,41,United-States,<=50K
68,Local-gov,340160,HS-grad,9,Never-married,Handlers-cleaners,Unmarried,White,Female,0,0,32,United-States,<=50K
56,Self-emp-inc,70428,HS-grad,9,Never-married,Craft-repair,Own-child,Black,Male,0,0,30,India,<=50K
44,Local-gov,469054,HS-grad,9,Never-married,Machine-op-inspct,Not-in-family,Asian-Pac-Islander,Female,7896,0,45,Canada,<=50K
32,Private,283077,Assoc-voc,11,Divorced,Other-service,Unmarried,White,Female,0,0,26,United-States,<=50K
65,Private,235204,Masters,14,Never-married,Tech-support,Not-in-family,White,Male,0,0,56,United-States,>50K
68,Private,83761,Some-college,10,Divorced,Sales,Not-in-family,White,Male,0,281,52,Mexico,<=50K
21,Self-emp-inc,241699,11th,7,Widowed,Sales,Own-child,White,Male,0,1200,51,United-States,<=50K
19,Local-gov,127320,HS-grad,9,Married-civ-spouse,Handlers-cleaners,Other-relative,White,Female,0,0,28,United-States,<=50K
23,Private,207615,Assoc-voc,11,Widowed,Sales,Wife,White,Male,0,0,34,United-States,<=50K
38,Private,311662,HS-grad,9,Never-married,Machine-op-inspct,Own-child,White,Female,0,0,40,United-States,<=50K
26,Private,87187,Some-college,10,Married-civ-spouse,Handlers-cleaners,Own-child,White,Female,0,0,53,United-States,<=50K
63,Private,154566,HS-grad,9,Widowed,Sales,Husband,White,Female,0,0,27,India,<=50K
65,Local-gov,280510,10th,6,Divorced,Craft-repair,Wife,White,Female,0,0,54,United-States,<=50K
27,Private,157603,11th,7,Never-married,Handlers-cleaners,Wife,White,Male,0,0,35,United-States,<=50K
61,Private,261801,Bachelors,13,Never-married,Exec-managerial,Husband,White,Male,0,0,56,United-States,>50K
25,Private,341587,HS-grad,9,Never-married,Exec-managerial,Other-relative,White,Male,0,0,23,United-States,<=50K
58,Local-gov,151591,HS-grad,9,Widowed,Machine-op-inspct,Other-relative,White,Female,0,0,50,United-States,<=50K
37,Federal-gov,407987,Some-college,10,Never-married,Sales,Unmarried,White,Male,9139,0,20,United-States,<=50K
20,Private,158956,Some-college,10,Married-civ-spouse,Prof-specialty,Husband,White,Male,0,0,33,United-States,<=50K
40,Private,36347,HS-grad,9,Married-civ-spouse,Handlers-cleaners,Own-child,White,Female,0,0,43,United-States,<=50K
60,Federal-gov,438058,Bachelors,13,Married-civ-spouse,Tech-support,Not-in-family,White,Male,0,0,50,United-States,>50K
66,State-gov,127773,Bachelors,13,Married-civ-spouse,Machine-op-inspct,Own-child,White,Male,0,0,43,United-States,<=50K
24,Private,215488,Assoc-voc,11,Married-civ-spouse,Sales,Husband,White,Male,0,0,34,Philippines,<=50K
61,Private,272850,Some-college,10,Married-civ-spouse,Prof-specialty,Own-child,White,Male,0,0,27,Philippines,<=50K
33,Private,380585,Some-college,10,Married-civ-spouse,Handlers-cleaners,Husband,White,Male,0,0,34,Canada,<=50K
42,Private,456526,Some-college,10,Married-civ-spouse,Protective-serv,Husband,White,Female,4710,0,28,United-States,<=50K
23,Private,217016,HS-grad,9,Married-civ-spouse,Exec-managerial,Other-relative,White,Male,0,0,21,Philippines,<=50K
68,State-gov,198038,Bachelors,13,Married-civ-spouse,Handlers-cleaners,Husband,White,Male,0,0,51,United-States,<=50K
59,Private,117453,Masters,14,Married-civ-spouse,Protective-serv,Wife,White,Female,4482,0,60,United-States,>50K
51,Local-gov,158615,HS-grad,9,Married-civ-spouse,Craft-repair,Unmarried,Other,Male,3625,0,38,United-States,<=50K
55,Private,288064,Some-college,10,Married-civ-spouse,Tech-support,Unmarried,White,Male,1145,0,33,United-States,<=50K
63,Private,65155,Assoc-voc,11,Never-married,Sales,Husband,White,Male,0,0,44,United-States,<=50K
25,Private,434903,Some-college,10,Never-married,Machine-op-inspct,Own-child,White,Female,0,0,20,Canada,<=50K
30,Private,120585,Bachelors,13,Divorced,Exec-managerial,Own-child,Asian-Pac-Islander,Female,0,0,31,United-States,<=50K
19,Local-gov,303799,Masters,14,Divorced,Craft-repair,Not-in-family,White,Male,0,0,38,United-States,>50K
43,Private,258600,Bachelors,13,Never-married,Handlers-cleaners,Other-relative,White,Female,0,0,44,United-States,>50K
43,Private,104999,HS-grad,9,Married-civ-spouse,Craft-repair,Husband,White,Male,0,0,32,United-States,<=50K
19,Local-gov,161062,Doctorate,16,Married-civ-spouse,Tech-support,Own-child,White,Male,0,0,37,United-States,>50K
52,Private,269435,11th,7,Married-civ-spouse,Sales,Wife,Amer-Indian-Eskimo,Male,0,0,29,United-States,<=50K
18,Private,305049,HS-grad,9,Never-married,Craft-repair,Unmarried,White,Female,0,0,31,United-States,<=50K
59,Local-gov,103832,HS-grad,9,Widowed,Prof-specialty,Wife,Black,Female,0,0,33,United-States,<=50K
54,Private,164897,Bachelors,13,Never-married,Exec-managerial,Husband,Other,Male,6734,0,42,United-States,<=50K
60,Private,251736,Bachelors,13,Widowed,Handlers-cleaners,Not-in-family,White,Male,0,0,57,United-States,<=50K
24,Private,134421,Some-college,10,Never-married,Craft-repair,Unmarried,Black,Male,0,0,22,United-States,<=50K
63,Private,88227,Bachelors,13,Never-married,Other-service,Other-relative,White,Male,0,0,28,Philippines,>50K
46,Private,329307,Bachelors,13,Never-married,Protective-serv,Husband,White,Male,0,1220,25,United-States,<=50K
62,Local-gov,112666,Some-college,10,Never-married,Protective-serv,Other-relative,White,Female,0,0,26,United-States,>50K
54,Private,368489,HS-grad,9,Widowed,Sales,Wife,White,Female,0,0,38,United-States,<=50K
52,State-gov,88381,HS-grad,9,Married-civ-spouse,Handlers-cleaners,Husband,White,Female,0,0,58,United-States,<=50K
19,Private,461388,Some-college,10,Never-married,Transportation,Not-in-family,White,Female,0,0,32,United-States,<=50K
53,Private,275972,11th,7,Widowed,Protective-serv,Other-relative,White,Male,0,0,49,Philippines,<=50K
41,Private,291466,Bachelors,13,Never-married,Machine-op-inspct,Unmarried,White,Male,0,0,53,United-States,>50K
62,Private,212055,Some-college,10,Never-married,Prof-specialty,Not-in-family,White,Female,0,0,27,United-States,<=50K
53,Private,474862,Assoc-voc,11,Never-married,Exec-managerial,Own-child,White,Male,0,0,28,India,<=50K
21,Local-gov,55224,Some-college,10,Married-civ-spouse,Prof-specialty,Not-in-family,White,Male,1002,0,48,United-States,<=50K
64,Federal-gov,123850,Some-college,10,Separated,Transportation,Wife,White,Male,0,0,25,Canada,<=50K
21,Self-emp-not-inc,371598,HS-grad,9,Never-married,Tech-support,Husband,White,Female,0,0,53,United-States,<=50K
33,Private,273768,Masters,14,Married-civ-spouse,Craft-repair,Own-child,Other,Male,0,0,22,Germany,<=50K
29,Local-gov,279574,Bachelors,13,Never-married,Exec-managerial,Wife,Other,Female,0,0,44,United-States,<=50K
68,Private,241525,Doctorate,16,Never-married,Prof-specialty,Husband,White,Male,0,0,53,United-States,>50K
25,Self-emp-not-inc,261646,Some-college,10,Married-civ-spouse,Craft-repair,Other-relative,White,Male,0,0,58,United-States,<=50K
61,Self-emp-not-inc,352541,Some-college,10,Married-civ-spouse,Protective-serv,Unmarried,White,Female,0,0,55,United-States,<=50K
29,Private,267234,HS-grad,9,Married-civ-spouse,Tech-support,Other-relative,White,Female,0,0,46,United-States,<=50K
51,Private,131188,10th,6,Never-married,Other-service,Unmarried,White,Male,0,0,56,United-States,<=50K
22,Local-gov,418827,HS-grad,9,Never-married,Exec-managerial,Own-child,Other,Male,1534,421,41,United-States,<=50K
38,Private,82512,Bachelors,13,Married-civ-spouse,Tech-support,Other-relative,White,Male,0,0,56,United-States,<=50K
50,Self-emp-not-inc,463359,Bachelors,13,Married-civ-spouse,Protective-serv,Wife,White,Male,0,0,60,United-States,<=50K
54,State-gov,230544,HS-grad,9,Married-civ-spouse,Prof-specialty,Own-child,White,Male,0,0,55,United-States,<=50K
63,Private,248054,Some-college,10,Never-married,Prof-specialty,Husband,Asian-Pac-Islander,Female,0,1493,47,Germany,<=50K
60,Private,346784,HS-grad,9,Married-civ-spouse,Prof-specialty,Not-in-family,Black,Male,0,0,59,Canada,<=50K
44,Private,420772,Bachelors,13,Never-married,Protective-serv,Own-child,White,Male,0,0,60,United-States,>50K
33,Federal-gov,364634,10th,6,Married-civ-spouse,Protective-serv,Not-in-family,White,Male,9025,0,36,United-States,<=50K
31,Private,96206,Some-college,10,Married-civ-spouse,Protective-serv,Unmarried,Black,Male,0,0,32,Germany,<=50K
69,Private,343545,10th,6,Never-married,Other-service,Husband,White,Male,0,0,46,United-States,<=50K
49,Private,384886,HS-grad,9,Married-civ-spouse,Protective-serv,Own-child,White,Male,0,0,39,United-States,<=50K
65,State-gov,330935,Some-college,10,Married-civ-spouse,Craft-repair,Own-child,White,Female,0,0,21,United-States,<=50K
40,Local-gov,207177,Assoc-voc,11,Married-civ-spouse,Tech-support,Other-relative,Black,Female,0,0,32,United-States,<=50K
43,Private,96763,Assoc-voc,11,Separated,Handlers-cleaners,Not-in-family,White,Male,0,0,55,United-States,<=50K
60,State-gov,66406,Some-college,10,Married-civ-spouse,Craft-repair,Other-relative,White,Female,0,0,56,United-States,<=50K
55,Self-emp-not-inc,399991,Bachelors,13,Never-married,Craft-repair,Unmarried,White,Male,0,0,25,United-States,>50K
28,State-gov,437752,Assoc-voc,11,Married-civ-spouse,Sales,Wife,White,Male,0,0,48,Mexico,<=50K
45,Private,288920,Masters,14,Married-civ-spouse,Handlers-cleaners,Own-child,White,Female,0,0,47,Canada,<=50K
29,Private,447393,Bachelors,13,Married-civ-spouse,Transportation,Own-child,White,Male,0,0,52,Canada,>50K
57,Local-gov,52753,HS-grad,9,Married-civ-spouse,Machine-op-inspct,Other-relative,White,Female,0,0,33,United-States,<=50K
19,Private,461801,HS-grad,9,Never-married,Craft-repair,Own-child,White,Male,0,0,51,United-States,<=50K
61,Private,142473,Bachelors,13,Never-married,Protective-serv,Other-relative,White,Female,0,0,44,United-States,>50K
66,Self-emp-not-inc,200470,Some-college,10,Never-married,Transportation,Wife,White,Male,0,0,26,Philippines,<=50K
19,Private,147651,HS-grad,9,Divorced,Sales,Unmarried,White,Male,0,0,52,United-States,<=50K
50,Private,197143,HS-grad,9,Married-civ-spouse,Other-service,Own-child,White,Male,0,0,59,United-States,<=50K
22,Private,83757,Some-college,10,Married-civ-spouse,Transportation,Unmarried,Other,Female,0,0,40,United-States,<=50K
36,Private,257810,Some-college,10,Never-married,Craft-repair,Own-child,White,Male,0,0,24,United-States,<=50K
35,Private,87719,Some-college,10,Separated,Handlers-cleaners,Husband,White,Male,0,0,58,United-States,<=50K
45,Private,100575,Some-college,10,Divorced,Exec-managerial,Wife,White,Female,0,0,26,India,<=50K
65,Private,447814,HS-grad,9,Married-civ-spouse,Machine-op-inspct,Own-child,White,Male,0,0,32,Canada,<=50K
42,Self-emp-inc,72113,Assoc-voc,11,Married-civ-spouse,Sales,Husband,White,Male,0,0,31,United-States,<=50K
38,Private,235848,Bachelors,13,Separated,Machine-op-inspct,Other-relative,Black,Male,0,0,42,United-States,<=50K
22,Private,265711,HS-grad,9,Never-married,Handlers-cleaners,Own-child,White,Female,0,0,30,India,<=50K
64,Private,218862,Some-college,10,Married-civ-spouse,Exec-managerial,Other-relative,White,Female,0,0,55,United-States,<=50K
34,Private,256559,Some-college,10,Married-civ-spouse,Other-service,Unmarried,White,Female,0,0,33,United-States,<=50K
42,Private,408848,Bachelors,13,Married-civ-spouse,Tech-support,Husband,White,Male,0,0,42,United-States,<=50K
22,Private,190019,Bachelors,13,Married-civ-spouse,Handlers-cleaners,Wife,White,Male,0,0,26,United-States,<=50K
33,Private,194745,Bachelors,13,Married-civ-spouse,Handlers-cleaners,Not-in-family,White,Male,0,0,41,United-States,<=50K
46,Private,114164,Bachelors,13,Never-married,Protective-serv,Unmarried,White,Female,0,0,29,India,<=50K
64,Private,172647,HS-grad,9,Married-civ-spouse,Tech-support,Unmarried,White,Female,0,0,35,United-States,<=50K
35,Private,437179,HS-grad,9,Married-civ-spouse,Transportation,Wife,White,Female,0,0,40,United-States,<=50K
47,Federal-gov,118702,HS-grad,9,Never-married,Exec-managerial,Wife,Black,Male,0,0,51,United-States,<=50K
63,Self-emp-not-inc,110565,Some-college,10,Married-civ-spouse,Other-service,Wife,White,Male,0,0,53,United-States,>50K
36,State-gov,62007,Some-college,10,Never-married,Sales,Own-child,Asian-Pac-Islander,Female,0,1376,34,United-States,<=50K
33,Private,490542,Masters,14,Divorced,Handlers-cleaners,Not-in-family,White,Male,0,0,34,United-States,<=50K
20,Private,115425,HS-grad,9,Never-married,Machine-op-inspct,Own-child,White,Male,0,0,30,United-States,<=50K
65,Private,119147,Bachelors,13,Never-married,Prof-specialty,Other-relative,White,Female,0,943,56,United-States,<=50K
23,Private,412931,HS-grad,9,Divorced,Machine-op-inspct,Own-child,Black,Male,6497,0,25,United-States,<=50K
29,Private,447150,Some-college,10,Never-married,Transportation,Not-in-family,White,Female,0,0,23,Philippines,<=50K
25,Private,290678,Masters,14,Married-civ-spouse,Protective-serv,Not-in-family,White,Female,0,0,37,United-States,<=50K
54,Private,161866,HS-grad,9,Married-civ-spouse,Sales,Wife,White,Male,0,0,36,United-States,<=50K
36,Self-emp-not-inc,302434,Some-college,10,Divorced,Tech-support,Husband,Amer-Indian-Eskimo,Female,0,0,31,United-States,<=50K
54,Self-emp-not-inc,409453,Some-college,10,Never-married,Craft-repair,Wife,White,Male,0,0,38,United-States,<=50K
49,Private,196452,Masters,14,Never-married,Other-service,Other-relative,Black,Male,0,0,60,United-States,>50K
18,Private,401376,HS-grad,9,Never-married,Machine-op-inspct,Other-relative,Black,Female,0,0,30,United-States,<=50K
33,Private,255959,11th,7,Separated,Tech-support,Husband,White,Female,0,1704,45,United-States,<=50K
18,Private,350375,10th,6,Divorced,Craft-repair,Own-child,Black,Male,0,0,49,United-States,<=50K
21,Private,336279,Assoc-voc,11,Never-married,Handlers-cleaners,Other-relative,White,Female,0,0,60,Philippines,<=50K
42,Private,230341,HS-grad,9,Never-married,Exec-managerial,Other-relative,White,Male,0,0,54,United-States,<=50K
31,Private,219870,Bachelors,13,Never-married,Craft-repair,Husband,White,Female,0,0,48,United-States,<=50K
22,State-gov,408945,HS-grad,9,Never-married,Transportation,Other-relative,Black,Male,0,0,54,United-States,<=50K
39,Private,178963,Assoc-voc,11,Never-married,Handlers-cleaners,Other-relative,White,Male,0,0,54,Canada,<=50K
41,Private,335205,Some-college,10,Divorced,Prof-specialty,Husband,White,Male,0,0,52,United-States,<=50K
69,Private,140700,HS-grad,9,Never-married,Craft-repair,Own-child,White,Female,0,0,24,United-States,<=50K
52,Private,336714,Some-college,10,Divorced,Protective-serv,Husband,White,Female,0,0,33,United-States,<=50K
38,Private,121546,Doctorate,16,Never-married,Transportation,Not-in-family,White,Male,0,1592,48,United-States,>50K
42,State-gov,263845,Assoc-voc,11,Divorced,Handlers-cleaners,Unmarried,White,Male,0,0,56,United-States,<=50K
22,Private,293864,Some-college,10,Married-civ-spouse,Prof-specialty,Wife,White,Male,0,2856,24,United-States,<=50K
38,Private,90336,Some-college,10,Never-married,Handlers-cleaners,Own-child,White,Male,0,0,60,United-States,<=50K
48,State-gov,54701,Masters,14,Divorced,Transportation,Not-in-family,White,Male,0,0,26,United-States,<=50K
19,Private,139417,Assoc-voc,11,Never-married,Craft-repair,Husband,Black,Female,0,0,28,United-States,<=50K
65,Private,96793,Masters,14,Divorced,Protective-serv,Wife,White,Male,0,0,23,United-States,<=50K
44,Private,166944,Some-college,10,Married-civ-spouse,Protective-serv,Wife,White,Male,0,0,46,United-States,<=50K
58,Private,303942,Bachelors,13,Widowed,Machine-op-inspct,Husband,Black,Female,0,322,45,United-States,>50K
32,State-gov,181519,Assoc-voc,11,Divorced,Prof-specialty,Other-relative,White,Male,0,0,55,United-States,>50K
61,Private,407288,HS-grad,9,Never-married,Machine-op-inspct,Other-relative,Black,Male,0,437,46,United-States,<=50K
37,Self-emp-inc,246294,Some-college,10,Married-civ-spouse,Prof-specialty,Husband,White,Female,0,0,23,United-States,<=50K
66,Private,147193,HS-grad,9,Married-civ-spouse,Other-service,Husband,White,Female,0,0,31,United-States,<=50K
45,Federal-gov,26703,Some-college,10,Never-married,Exec-managerial,Husband,White,Male,0,0,34,United-States,<=50K
51,Federal-gov,24554,Masters,14,Married-civ-spouse,Handlers-cleaners,Unmarried,Asian-Pac-Islander,Male,0,0,56,United-States,>50K
28,Federal-gov,468471,HS-grad,9,Never-married,Transportation,Not-in-family,White,Female,0,0,49,United-States,<=50K
69,Local-gov,340743,Bachelors,13,Married-civ-spouse,Protective-serv,Not-in-family,White,Male,0,0,57,United-States,>50K
28,Self-emp-not-inc,428591,HS-grad,9,Married-civ-spouse,Sales,Husband,White,Male,0,0,53,United-States,<=50K
19,Private,39355,Assoc-voc,11,Never-married,Other-service,Husband,Black,Male,0,0,52,United-States,<=50K
40,Private,126158,Assoc-voc,11,Widowed,Other-service,Unmarried,White,Female,0,0,37,United-States,<=50K
61,Private,179354,Some-college,10,Divorced,Sales,Unmarried,White,Male,0,0,45,United-States,<=50K
65,Private,69087,Bachelors,13,Never-married,Handlers-cleaners,Not-in-family,White,Male,0,0,51,United-States,<=50K
62,Private,235852,HS-grad,9,Never-married,Prof-specialty,Husband,White,Female,0,0,44,United-States,<=50K
46,Self-emp-not-inc,463648,Assoc-voc,11,Married-civ-spouse,Sales,Husband,White,Male,0,0,36,United-States,<=50K
65,Self-emp-not-inc,382779,Masters,14,Never-married,Transportation,Unmarried,Asian-Pac-Islander,Male,0,0,36,United-States,<=50K
43,State-gov,151401,HS-grad,9,Married-civ-spouse,Sales,Not-in-family,White,Female,0,0,57,Germany,<=50K
42,Private,391001,10th,6,Divorced,Machine-op-inspct,Wife,White,Male,0,0,38,United-States,<=50K
27,Self-emp-inc,128335,HS-grad,9,Never-married,Protective-serv,Husband,Asian-Pac-Islander,Male,0,0,36,United-States,<=50K
58,Self-emp-not-inc,220284,Bachelors,13,Never-married,Sales,Not-in-family,Other,Female,0,0,25,United-States,<=50K
34,State-gov,385017,HS-grad,9,Never-married,Handlers-cleaners,Unmarried,Asian-Pac-Islander,Male,0,0,44,United-States,<=50K
28,Self-emp-inc,439408,Masters,14,Never-married,Protective-serv,Unmarried,White,Male,0,0,59,United-States,<=50K
37,Private,365150,HS-grad,9,Married-civ-spouse,Handlers-cleaners,Other-relative,Other,Male,0,0,51,Canada,<=50K
49,Private,203524,HS-grad,9,Never-married,Tech-support,Husband,White,Female,0,0,44,United-States,<=50K
32,State-gov,150799,Some-college,10,Widowed,Other-service,Other-relative,Black,Male,0,0,33,Canada,<=50K
36,Self-emp-not-inc,247734,10th,6,Married-civ-spouse,Sales,Other-relative,White,Male,0,0,35,United-States,<=50K
35,Federal-gov,410949,HS-grad,9,Never-married,Protective-serv,Unmarried,White,Male,0,292,38,United-States,<=50K
49,Self-emp-inc,210311,Bachelors,13,Married-civ-spouse,Transportation,Husband,White,Male,0,0,28,United-States,<=50K
55,Self-emp-not-inc,241774,Some-college,10,Married-civ-spouse,Craft-repair,Unmarried,White,Female,0,0,50,United-States,<=50K
53,Self-emp-not-inc,317182,Assoc-voc,11,Married-civ-spouse,Craft-repair,Other-relative,Black,Male,0,0,36,United-States,<=50K
25,Local-gov,307484,HS-grad,9,Married-civ-spouse,Protective-serv,Other-relative,Asian-Pac-Islander,Male,0,0,53,United-States,<=50K
36,Local-gov,213611,Bachelors,13,Never-married,Sales,Husband,White,Male,0,0,26,United-States,<=50K
51,Private,139155,11th,7,Never-married,Protective-serv,Unmarried,Black,Female,2398,0,22,United-States,<=50K
29,Private,467169,Some-college,10,Never-married,Tech-support,Husband,White,Male,0,0,52,United-States,<=50K
21,Private,491465,Some-college,10,Never-married,Prof-specialty,Wife,White,Male,0,0,23,United-States,<=50K
34,Private,423481,Assoc-voc,11,Married-civ-spouse,Tech-support,Husband,White,Male,0,0,49,United-States,<=50K
53,Federal-gov,108459,Some-college,10,Widowed,Handlers-cleaners,Wife,White,Female,0,0,32,United-States,<=50K
52,Federal-gov,206919,Some-college,10,Married-civ-spouse,Craft-repair,Not-in-family,White,Male,3510,0,50,United-States,<=50K
24,Private,207115,HS-grad,9,Widowed,Craft-repair,Unmarried,White,Male,0,0,51,United-States,<=50K
53,Private,31550,Doctorate,16,Married-civ-spouse,Craft-repair,Unmarried,Asian-Pac-Islander,Male,0,0,48,United-States,<=50K
28,Private,267455,11th,7,Never-married,Other-service,Husband,White,Male,972,0,36,United-States,<=50K
56,Federal-gov,282062,Bachelors,13,Divorced,Exec-managerial,Unmarried,White,Male,0,0,56,United-States,<=50K
47,Private,366487,Bachelors,13,Never-married,Protective-serv,Husband,White,Male,0,0,39,United-States,>50K
24,Private,136294,Some-college,10,Never-married,Handlers-cleaners,Other-relative,White,Male,0,0,27,United-States,<=50K
36,Private,240989,HS-grad,9,Widowed,Transportation,Wife,Asian-Pac-Islander,Male,0,0,45,Germany,<=50K
60,Private,173698,HS-grad,9,Married-civ-spouse,Tech-support,Other-relative,White,Female,0,0,41,United-States,<=50K
40,Private,90079,HS-grad,9,Separated,Exec-managerial,Own-child,Black,Male,0,0,20,United-States,<=50K
53,Federal-gov,240250,HS-grad,9,Never-married,Transportation,Unmarried,White,Male,0,0,45,United-States,<=50K
56,State-gov,117025,Bachelors,13,Married-civ-spouse,Craft-repair,Not-in-family,White,Male,0,0,23,United-States,>50K
19,Private,406236,HS-grad,9,Never-married,Protective-serv,Not-in-family,White,Female,0,0,60,United-States,<=50K
66,Private,246492,HS-grad,9,Married-civ-spouse,Exec-managerial,Own-child,White,Female,0,2637,24,India,<=50K
35,Private,378997,Some-college,10,Separated,Craft-repair,Wife,White,Female,0,0,34,United-States,<=50K
59,Private,122606,HS-grad,9,Married-civ-spouse,Tech-support,Not-in-family,White,Female,0,0,35,United-States,<=50K
42,Private,287635,HS-grad,9,Married-civ-spouse,Other-service,Not-in-family,White,Male,1644,0,31,United-States,<=50K
48,Private,170524,HS-grad,9,Divorced,Tech-support,Husband,Amer-Indian-Eskimo,Male,0,0,37,United-States,<=50K
36,Private,369537,HS-grad,9,Divorced,Craft-repair,Husband,Asian-Pac-Islander,Male,0,0,22,United-States,<=50K
62,Federal-gov,449564,Bachelors,13,Never-married,Prof-specialty,Own-child,White,Male,0,0,59,Mexico,>50K
24,Private,167450,Masters,14,Never-married,Machine-op-inspct,Other-relative,Black,Female,0,0,59,United-States,<=50K
64,Federal-gov,243885,Assoc-voc,11,Separated,Prof-specialty,Own-child,Other,Male,0,0,24,United-States,<=50K
28,Private,256562,Masters,14,Married-civ-spouse,Machine-op-inspct,Own-child,White,Male,0,0,30,Germany,>50K
63,Private,124178,Bachelors,13,Married-civ-spouse,Tech-support,Unmarried,White,Male,0,0,39,United-States,<=50K
19,Private,54125,Assoc-voc,11,Never-married,Sales,Wife,White,Female,0,0,24,United-States,<=50K
18,Private,382771,Some-college,10,Never-married,Protective-serv,Own-child,Black,Female,0,0,32,United-States,<=50K
22,Private,45193,Bachelors,13,Widowed,Tech-support,Unmarried,White,Female,1799,0,56,United-States,<=50K
46,Federal-gov,28547,Some-college,10,Married-civ-spouse,Prof-specialty,Not-in-family,Black,Male,0,0,43,United-States,<=50K
31,Local-gov,97090,Some-college,10,Divorced,Craft-repair,Husband,White,Female,0,0,58,Mexico,<=50K
49,Private,242094,Some-college,10,Never-married,Exec-managerial,Wife,White,Female,0,0,30,United-States,<=50K
60,Private,380507,HS-grad,9,Never-married,Protective-serv,Unmarried,Black,Male,0,0,42,United-States,<=50K
19,Private,458852,Doctorate,16,Married-civ-spouse,Handlers-cleaners,Other-relative,White,Male,0,0,60,Philippines,>50K
45,Self-emp-inc,462613,HS-grad,9,Divorced,Tech-support,Unmarried,Asian-Pac-Islander,Male,0,0,31,United-States,<=50K
56,Private,468654,Bachelors,13,Never-married,Prof-specialty,Own-child,White,Female,0,0,50,United-States,>50K
40,Private,316259,Assoc-voc,11,Married-civ-spouse,Prof-specialty,Not-in-family,White,Female,0,0,40,United-States,<=50K
66,Local-gov,257040,Some-college,10,Married-civ-spouse,Tech-support,Husband,White,Male,1544,0,32,Philippines,<=50K
52,Local-gov,39473,HS-grad,9,Never-married,Protective-serv,Other-relative,White,Male,0,0,24,United-States,<=50K
19,Private,241455,Some-college,10,Married-civ-spouse,Tech-support,Not-in-family,White,Male,0,0,58,Mexico,<=50K
46,Private,319127,Some-college,10,Married-civ-spouse,Protective-serv,Husband,White,Female,0,0,25,Mexico,<=50K
37,Private,358651,10th,6,Never-married,Other-service,Unmarried,White,Male,0,0,25,United-States,<=50K
24,Private,152133,Bachelors,13,Married-civ-spouse,Craft-repair,Own-child,White,Female,0,0,39,United-States,<=50K
67,Private,170813,Masters,14,Never-married,Tech-support,Unmarried,White,Male,0,0,24,United-States,>50K
29,Self-emp-inc,441908,Some-college,10,Married-civ-spouse,Exec-managerial,Unmarried,White,Male,0,0,54,United-States,<=50K
22,Private,423811,Bachelors,13,Divorced,Other-service,Own-child,White,Male,0,0,50,United-States,<=50K
29,Local-gov,370795,Masters,14,Divorced,Exec-managerial,Husband,Amer-Indian-Eskimo,Male,0,0,25,United-States,<=50K
60,Private,201862,HS-grad,9,Married-civ-spouse,Transportation,Husband,White,Male,0,0,57,United-States,<=50K
49,Self-emp-inc,193527,HS-grad,9,Married-civ-spouse,Transportation,Wife,White,Male,0,0,46,United-States,<=50K
60,Private,269460,HS-grad,9,Never-married,Machine-op-inspct,Wife,White,Male,0,0,48,United-States,<=50K
42,Private,231455,Some-college,10,Married-civ-spouse,Exec-managerial,Own-child,White,Male,0,0,33,United-States,<=50K
24,Private,401609,Assoc-voc,11,Never-married,Craft-repair,Unmarried,White,Male,0,0,54,United-States,<=50K
38,Self-emp-not-inc,364933,Bachelors,13,Married-civ-spouse,Exec-managerial,Other-relative,White,Female,0,0,22,United-States,<=50K
28,Private,101807,Some-college,10,Never-married,Tech-support,Wife,Asian-Pac-Islander,Male,0,0,60,United-States,>50K
46,Private,465653,11th,7,Married-civ-spouse,Craft-repair,Other-relative,Amer-Indian-Eskimo,Female,0,0,30,United-States,<=50K
32,Self-emp-inc,241693,HS-grad,9,Married-civ-spouse,Sales,Husband,Asian-Pac-Islander,Male,0,0,26,Mexico,<=50K
68,Self-emp-not-inc,163203,HS-grad,9,Married-civ-spouse,Protective-serv,Husband,White,Male,0,0,22,United-States,<=50K
37,Private,222753,11th,7,Married-civ-spouse,Machine-op-inspct,Not-in-family,White,Male,0,0,23,United-States,<=50K
34,Self-emp-not-inc,389861,Assoc-voc,11,Married-civ-spouse,Protective-serv,Wife,White,Male,0,0,27,United-States,>50K
69,Private,190423,Bachelors,13,Married-civ-spouse,Other-service,Own-child,White,Female,0,0,41,United-States,<=50K
45,Private,350276,HS-grad,9,Separated,Machine-op-inspct,Other-relative,White,Female,0,0,32,Germany,<=50K
26,Private,313607,10th,6,Married-civ-spouse,Handlers-cleaners,Own-child,White,Male,0,0,42,United-States,<=50K
42,Private,134896,Masters,14,Never-married,Protective-serv,Wife,White,Male,0,0,27,United-States,<=50K
31,Private,292444,Bachelors,13,Divorced,Machine-op-inspct,Unmarried,White,Female,0,0,53,United-States,>50K
55,Private,139924,HS-grad,9,Never-married,Transportation,Wife,White,Female,0,0,36,United-States,<=50K
47,Private,403980,Some-college,10,Never-married,Machine-op-inspct,Not-in-family,White,Female,0,0,43,United-States,<=50K
55,Private,122403,Assoc-voc,11,Never-married,Transportation,Husband,Black,Male,0,0,20,United-States,<=50K
66,Private,177833,Assoc-voc,11,Married-civ-spouse,Other-service,Husband,White,Male,0,0,33,United-States,<=50K
55,Self-emp-inc,103318,Bachelors,13,Married-civ-spouse,Sales,Other-relative,White,Female,0,0,21,United-States,<=50K
35,Self-emp-not-inc,169866,Some-college,10,Married-civ-spouse,Craft-repair,Unmarried,Amer-Indian-Eskimo,Male,0,0,34,United-States,<=50K
28,Private,169078,Bachelors,13,Divorced,Craft-repair,Husband,White,Male,0,0,51,United-States,<=50K
45,Local-gov,205777,Some-college,10,Married-civ-spouse,Prof-specialty,Unmarried,Asian-Pac-Islander,Female,0,0,38,United-States,<=50K
41,Private,81992,Some-college,10,Never-married,Handlers-cleaners,Wife,Black,Male,0,0,51,Philippines,<=50K
34,Private,355276,HS-grad,9,Married-civ-spouse,Other-service,Unmarried,Other,Male,0,0,23,United-States,<=50K
60,Private,140852,HS-grad,9,Married-civ-spouse,Machine-op-inspct,Not-in-family,White,Male,0,0,35,United-States,<=50K
65,Private,198228,Masters,14,Married-civ-spouse,Tech-support,Other-relative,White,Female,7223,0,20,Philippines,<=50K
37,Private,193278,HS-grad,9,Married-civ-spouse,Handlers-cleaners,Husband,White,Female,0,0,60,India,<=50K
53,Local-gov,494388,HS-grad,9,Married-civ-spouse,Prof-specialty,Husband,Black,Male,0,0,59,United-States,<=50K
69,Private,287070,Assoc-voc,11,Married-civ-spouse,Exec-managerial,Unmarried,White,Female,0,0,31,United-States,<=50K
18,Private,430479,Bachelors,13,Never-married,Sales,Husband,White,Male,0,0,50,United-States,<=50K
36,Private,229343,HS-grad,9,Divorced,Handlers-cleaners,Unmarried,Other,Male,0,1307,50,Philippines,<=50K
56,Private,400808,Some-college,10,Never-married,Exec-managerial,Husband,White,Male,0,0,35,United-States,<=50K
43,Self-emp-not-inc,172539,Masters,14,Never-married,Craft-repair,Not-in-family,White,Female,0,0,38,India,>50K
59,Self-emp-not-inc,277062,Some-college,10,Married-civ-spouse,Prof-specialty,Own-child,White,Male,0,0,60,United-States,<=50K
42,Self-emp-inc,75852,Some-college,10,Divorced,Prof-specialty,Own-child,White,Male,0,1859,34,United-States,<=50K
21,Private,150266,Some-college,10,Married-civ-spouse,Machine-op-inspct,Other-relative,White,Female,0,0,37,United-States,<=50K
40,Private,289205,HS-grad,9,Married-civ-spouse,Exec-managerial,Husband,White,Female,0,0,31,United-States,<=50K
39,Private,203739,Masters,14,Widowed,Other-service,Own-child,White,Male,0,0,36,United-States,>50K
61,Self-emp-not-inc,423254,HS-grad,9,Married-civ-spouse,Tech-support,Not-in-family,White,Female,0,0,29,United-States,<=50K
25,Private,263851,Some-college,10,Married-civ-spouse,Handlers-cleaners,Own-child,Black,Female,0,0,21,United-States,<=50K
26,Private,315054,HS-grad,9,Married-civ-spouse,Craft-repair,Wife,White,Female,9627,2246,47,Philippines,<=50K
25,Private,94488,HS-grad,9,Married-civ-spouse,Sales,Husband,White,Female,0,0,31,United-States,<=50K
47,Private,292115,HS-grad,9,Married-civ-spouse,Craft-repair,Not-in-family,Other,Male,0,0,21,United-States,<=50K
69,Private,60184,Assoc-voc,11,Widowed,Other-service,Husband,Black,Female,0,0,24,United-States,<=50K
50,State-gov,203923,HS-grad,9,Never-married,Tech-support,Husband,White,Male,0,0,57,Canada,<=50K
60,Private,67668,HS-grad,9,Never-married,Sales,Wife,Amer-Indian-Eskimo,Male,0,0,38,United-States,<=50K
62,Private,274971,HS-grad,9,Married-civ-spouse,Handlers-cleaners,Other-relative,White,Male,0,0,30,United-States,<=50K
49,Private,330046,Masters,14,Married-civ-spouse,Other-service,Husband,White,Male,0,0,33,United-States,>50K
49,Private,342028,Some-college,10,Married-civ-spouse,Handlers-cleaners,Wife,Asian-Pac-Islander,Male,0,0,39,United-States,<=50K
30,Private,453423,11th,7,Widowed,Protective-serv,Husband,White,Male,0,0,32,United-States,<=50K
67,Self-emp-not-inc,159445,Bachelors,13,Married-civ-spouse,Transportation,Not-in-family,White,Male,0,0,36,United-States,>50K
58,Private,379333,Bachelors,13,Widowed,Protective-serv,Wife,Black,Female,0,0,37,United-States,<=50K
63,Private,477654,Bachelors,13,Never-married,Handlers-cleaners,Husband,White,Male,0,0,58,United-States,<=50K
69,Private,281876,HS-grad,9,Never-married,Prof-specialty,Wife,White,Male,0,0,33,United-States,<=50K
36,Private,30482,11th,7,Never-married,Transportation,Wife,White,Male,0,0,26,United-States,<=50K
25,State-gov,396719,11th,7,Divorced,Tech-support,Husband,White,Male,0,0,39,United-States,<=50K
62,Private,180910,HS-grad,9,Never-married,Handlers-cleaners,Own-child,White,Female,0,0,34,United-States,<=50K
42,Self-emp-inc,60383,Bachelors,13,Never-married,Tech-support,Not-in-family,White,Male,0,0,46,India,<=50K
67,Private,491398,HS-grad,9,Married-civ-spouse,Craft-repair,Own-child,White,Female,0,0,47,United-States,<=50K
54,Private,217374,Bachelors,13,Never-married,Machine-op-inspct,Own-child,White,Male,0,0,38,United-States,<=50K
31,Federal-gov,409141,Masters,14,Married-civ-spouse,Other-service,Unmarried,White,Female,0,0,31,United-States,<=50K
36,Private,168664,11th,7,Separated,Tech-support,Wife,White,Female,0,0,48,United-States,<=50K
49,Local-gov,46767,Some-college,10,Never-married,Transportation,Own-child,White,Male,0,0,42,Canada,<=50K
38,Private,274977,Bachelors,13,Married-civ-spouse,Prof-specialty,Not-in-family,White,Female,0,0,33,Mexico,<=50K
32,Private,193067,Masters,14,Never-married,Exec-managerial,Husband,White,Male,0,0,21,United-States,<=50K
28,Local-gov,341531,HS-grad,9,Never-married,Sales,Unmarried,Other,Female,0,0,21,United-States,<=50K
51,Private,350022,Bachelors,13,Never-married,Machine-op-inspct,Not-in-family,White,Male,0,0,56,United-States,>50K
19,State-gov,438457,Bachelors,13,Married-civ-spouse,Sales,Other-relative,White,Male,0,0,45,United-States,<=50K
22,State-gov,284450,Masters,14,Married-civ-spouse,Prof-specialty,Wife,Other,Male,0,0,54,United-States,>50K
20,Private,358717,10th,6,Married-civ-spouse,Craft-repair,Other-relative,White,Male,0,0,36,United-States,<=50K
56,Private,468475,HS-grad,9,Divorced,Sales,Unmarried,White,Female,0,0,25,United-States,<=50K
19,Federal-gov,483026,HS-grad,9,Never-married,Tech-support,Not-in-family,White,Female,9495,0,60,United-States,<=50K
39,Private,398705,HS-grad,9,Married-civ-spouse,Other-service,Wife,White,Male,0,0,49,United-States,<=50K
24,Self-emp-not-inc,320434,HS-grad,9,Married-civ-spouse,Sales,Other-relative,White,Male,0,0,47,United-States,<=50K
48,Private,336604,Some-college,10,Never-married,Machine-op-inspct,Unmarried,White,Female,0,0,22,United-States,<=50K
19,Private,432984,Assoc-voc,11,Married-civ-spouse,Transportation,Other-relative,White,Female,0,0,22,United-States,<=50K
19,Private,310486,Some-college,10,Never-married,Prof-specialty,Not-in-family,White,Female,0,0,57,United-States,<=50K
39,Self-emp-not-inc,314311,Bachelors,13,Never-married,Handlers-cleaners,Own-child,White,Male,0,0,54,United-States,<=50K
54,Self-emp-not-inc,499260,Some-college,10,Never-married,Sales,Wife,White,Male,0,253,24,India,<=50K
23,Private,393877,Some-college,10,Never-married,Exec-managerial,Other-relative,Black,Male,0,0,42,United-States,<=50K
43,Private,261010,Assoc-voc,11,Separated,Protective-serv,Own-child,Asian-Pac-Islander,Female,0,0,34,Germany,<=50K
60,Private,290897,Bachelors,13,Separated,Craft-repair,Wife,White,Male,0,0,46,United-States,>50K
50,Private,22390,Some-college,10,Married-civ-spouse,Exec-managerial,Own-child,White,Male,0,0,55,United-States,<=50K
57,Private,257838,11th,7,Married-civ-spouse,Transportation,Husband,White,Male,0,0,45,United-States,<=50K
34,Private,376377,Some-college,10,Widowed,Exec-managerial,Not-in-family,Black,Male,0,0,28,United-States,<=50K
66,Private,171500,HS-grad,9,Married-civ-spouse,Handlers-cleaners,Not-in-family,Asian-Pac-Islander,Male,0,0,36,United-States,<=50K
25,Private,271525,Some-college,10,Married-civ-spouse,Protective-serv,Own-child,White,Female,0,0,58,United-States,<=50K
49,Private,250931,Bachelors,13,Married-civ-spouse,Craft-repair,Other-relative,White,Female,0,0,22,United-States,<=50K
40,Self-emp-not-inc,424532,Some-college,10,Separated,Exec-managerial,Not-in-family,Black,Male,0,0,47,United-States,<=50K
19,Private,170808,Assoc-voc,11,Divorced,Sales,Own-child,Black,Male,0,0,40,United-States,<=50K
67,State-gov,236174,Bachelors,13,Never-married,Handlers-cleaners,Other-relative,White,Male,0,1086,39,United-States,<=50K
54,Private,126432,Some-college,10,Married-civ-spouse,Sales,Husband,White,Female,0,0,21,United-States,<=50K
29,Private,98017,Assoc-voc,11,Never-married,Exec-managerial,Not-in-family,White,Female,1695,0,25,United-States,<=50K
20,Local-gov,298167,Some-college,10,Never-married,Protective-serv,Husband,White,Male,0,0,38,United-States,<=50K
53,Private,334860,Some-college,10,Married-civ-spouse,Handlers-cleaners,Not-in-family,Black,Male,0,211,46,United-States,<=50K
46,Federal-gov,295355,HS-grad,9,Married-civ-spouse,Prof-specialty,Husband,White,Female,0,0,26,United-States,<=50K
20,Private,459179,Some-college,10,Never-married,Transportation,Unmarried,Black,Male,0,0,44,United-States,<=50K
69,Private,359052,Some-college,10,Never-married,Craft-repair,Husband,White,Male,0,0,56,United-States,<=50K
55,Private,63454,HS-grad,9,Married-civ-spouse,Transportation,Own-child,White,Male,0,1947,37,United-States,<=50K
42,Private,299241,Bachelors,13,Never-married,Other-service,Not-in-family,White,Male,0,0,49,United-States,<=50K
30,Private,107186,HS-grad,9,Divorced,Machine-op-inspct,Own-child,White,Male,0,0,36,United-States,<=50K
32,Private,58331,HS-grad,9,Married-civ-spouse,Prof-specialty,Wife,White,Female,0,0,23,United-States,<=50K
41,Private,129677,Bachelors,13,Married-civ-spouse,Protective-serv,Wife,White,Female,0,0,44,Germany,>50K
20,Private,395082,HS-grad,9,Never-married,Tech-support,Unmarried,White,Male,0,0,23,United-States,<=50K
37,Self-emp-inc,87553,Bachelors,13,Widowed,Prof-specialty,Husband,Other,Male,0,0,36,United-States,>50K
29,Private,495446,Bachelors,13,Separated,Tech-support,Other-relative,White,Male,0,0,32,United-States,<=50K
23,State-gov,290183,HS-grad,9,Never-married,Prof-specialty,Wife,White,Male,0,0,48,United-States,<=50K
24,Private,192671,HS-grad,9,Married-civ-spouse,Exec-managerial,Husband,Black,Male,0,0,21,United-States,<=50K
35,Private,56703,Some-college,10,Divorced,Other-service,Own-child,White,Male,0,0,37,United-States,<=50K
37,Private,172072,HS-grad,9,Never-married,Exec-managerial,Husband,White,Female,0,0,24,United-States,<=50K
36,Self-emp-not-inc,492602,Some-college,10,Married-civ-spouse,Other-service,Other-relative,Black,Male,0,0,60,United-States,<=50K
53,Federal-gov,226579,Masters,14,Divorced,Tech-support,Other-relative,White,Male,0,0,48,United-States,<=50K
45,Private,101044,Bachelors,13,Married-civ-spouse,Tech-support,Wife,White,Female,0,0,42,United-States,<=50K
28,Private,469573,Some-college,10,Separated,Sales,Other-relative,White,Male,0,981,56,United-States,<=50K
68,Self-emp-not-inc,43882,11th,7,Never-married,Machine-op-inspct,Other-relative,White,Male,0,0,25,United-States,<=50K
55,Private,249087,HS-grad,9,Separated,Prof-specialty,Other-relative,White,Male,0,0,46,United-States,<=50K
42,Private,180373,Assoc-voc,11,Widowed,Craft-repair,Husband,White,Male,0,0,59,United-States,>50K
20,Self-emp-not-inc,214566,Doctorate,16,Never-married,Exec-managerial,Husband,White,Male,0,0,39,United-States,>50K
65,Private,248534,Some-college,10,Married-civ-spouse,Prof-specialty,Husband,White,Female,0,0,60,United-States,<=50K
56,Private,232638,HS-grad,9,Married-civ-spouse,Other-service,Other-relative,White,Male,0,0,54,United-States,<=50K
42,Self-emp-not-inc,416039,HS-grad,9,Separated,Craft-repair,Wife,Black,Male,0,0,60,United-States,<=50K
26,Private,60085,11th,7,Never-married,Other-service,Not-in-family,Asian-Pac-Islander,Female,0,0,26,United-States,<=50K
23,Private,316043,HS-grad,9,Married-civ-spouse,Tech-support,Own-child,Black,Male,0,0,32,Philippines,<=50K
33,Private,312337,Assoc-voc,11,Divorced,Other-service,Unmarried,White,Male,0,0,52,India,<=50K
29,Self-emp-inc,492084,Some-college,10,Married-civ-spouse,Prof-specialty,Wife,White,Male,0,0,34,United-States,<=50K
28,Private,459937,Some-college,10,Married-civ-spouse,Transportation,Other-relative,White,Male,0,0,49,United-States,<=50K
39,Private,211955,Bachelors,13,Married-civ-spouse,Transportation,Husband,White,Male,855,0,20,India,<=50K
20,Private,284768,HS-grad,9,Widowed,Protective-serv,Unmarried,White,Male,0,0,45,Canada,<=50K
34,Private,64946,Some-college,10,Never-married,Sales,Not-in-family,White,Male,0,0,56,United-States,<=50K
63,Private,411772,11th,7,Widowed,Handlers-cleaners,Wife,White,Male,8216,0,31,United-States,<=50K
63,Private,457241,HS-grad,9,Married-civ-spouse,Handlers-cleaners,Own-child,White,Female,0,0,49,India,<=50K
18,Private,437011,11th,7,Separated,Sales,Other-relative,White,Male,0,1128,24,India,<=50K
53,Private,295608,10th,6,Never-married,Tech-support,Own-child,White,Male,0,1082,31,Mexico,<=50K
69,Private,436049,HS-grad,9,Married-civ-spouse,Exec-managerial,Husband,White,Male,0,0,27,Germany,<=50K
48,Private,265240,Bachelors,13,Divorced,Exec-managerial,Wife,Other,Male,0,0,27,United-States,<=50K
38,Private,90473,HS-grad,9,Divorced,Protective-serv,Unmarried,Asian-Pac-Islander,Male,0,0,40,United-States,<=50K
43,Private,236461,Bachelors,13,Never-married,Craft-repair,Own-child,Black,Male,0,0,56,United-States,<=50K
29,Private,40295,10th,6,Married-civ-spouse,Prof-specialty,Own-child,Black,Male,0,0,24,United-States,<=50K
38,Private,110125,Assoc-voc,11,Never-married,Sales,Wife,White,Female,5932,0,34,United-States,<=50K
66,State-gov,252911,11th,7,Never-married,Exec-managerial,Husband,White,Female,0,0,21,United-States,<=50K
49,Private,196565,HS-grad,9,Married-civ-spouse,Tech-support,Wife,White,Male,0,0,43,United-States,<=50K
40,Private,31439,Bachelors,13,Widowed,Prof-specialty,Unmarried,Other,Female,9103,307,45,United-States,<=50K
24,Private,176264,HS-grad,9,Married-civ-spouse,Tech-support,Not-in-family,White,Male,0,0,26,United-States,<=50K
65,Private,232760,Assoc-voc,11,Never-married,Transportation,Own-child,White,Female,0,0,29,Mexico,<=50K
26,Private,191431,HS-grad,9,Never-married,Machine-op-inspct,Not-in-family,Black,Male,0,0,27,United-States,<=50K
55,State-gov,240368,HS-grad,9,Married-civ-spouse,Handlers-cleaners,Other-relative,White,Female,0,873,22,United-States,<=50K
33,Private,152433,HS-grad,9,Never-married,Protective-serv,Unmarried,White,Male,0,0,35,Canada,<=50K
32,Private,207388,HS-grad,9,Divorced,Handlers-cleaners,Wife,White,Female,0,0,32,Mexico,<=50K
26,Private,260257,HS-grad,9,Never-married,Other-service,Other-relative,White,Male,0,0,30,United-States,<=50K
37,Private,109056,HS-grad,9,Never-married,Tech-support,Other-relative,White,Male,0,0,54,United-States,<=50K
53,Private,380403,Assoc-voc,11,Married-civ-spouse,Handlers-cleaners,Husband,Amer-Indian-Eskimo,Male,0,0,29,United-States,<=50K
39,Local-gov,143944,Masters,14,Never-married,Protective-serv,Unmarried,White,Male,5327,0,30,United-States,<=50K
19,Local-gov,480830,HS-grad,9,Married-civ-spouse,Protective-serv,Wife,Black,Male,0,0,36,United-States,<=50K
31,Private,184965,Masters,14,Married-civ-spouse,Other-service,Other-relative,White,Male,0,0,55,United-States,<=50K
26,Private,76399,Some-college,10,Never-married,Sales,Unmarried,White,Male,0,0,28,United-States,<=50K
38,Private,278560,Masters,14,Married-civ-spouse,Protective-serv,Not-in-family,White,Male,0,0,44,United-States,<=50K
64,Private,440979,Some-college,10,Married-civ-spouse,Exec-managerial,Wife,White,Male,0,0,58,United-States,>50K
68,Private,280667,Bachelors,13,Married-civ-spouse,Tech-support,Unmarried,Black,Male,0,0,54,United-States,>50K
69,Private,185390,Some-college,10,Never-married,Other-service,Own-child,White,Male,0,0,43,India,<=50K
23,State-gov,435178,HS-grad,9,Married-civ-spouse,Sales,Other-relative,White,Male,0,0,50,United-States,<=50K
43,Private,268967,Bachelors,13,Married-civ-spouse,Transportation,Other-relative,White,Female,0,0,21,Canada,<=50K
20,Federal-gov,241279,Masters,14,Never-married,Sales,Wife,Other,Male,0,0,48,Philippines,<=50K
43,Federal-gov,75544,Masters,14,Never-married,Exec-managerial,Not-in-family,White,Female,0,0,29,United-States,<=50K
47,Private,339821,Some-college,10,Never-married,Prof-specialty,Wife,White,Male,0,0,31,United-States,<=50K
58,Private,85863,Some-college,10,Never-married,Craft-repair,Husband,White,Male,0,0,38,United-States,<=50K
35,Private,375294,Masters,14,Never-married,Prof-specialty,Other-relative,White,Male,0,153,53,Canada,<=50K
19,Local-gov,411390,HS-grad,9,Widowed,Other-service,Wife,White,Male,0,0,37,United-States,<=50K
41,Private,299531,HS-grad,9,Married-civ-spouse,Transportation,Not-in-family,White,Female,0,0,28,United-States,<=50K
40,Federal-gov,266616,Some-college,10,Married-civ-spouse,Other-service,Husband,White,Male,0,0,48,United-States,<=50K
50,Private,454930,HS-grad,9,Never-married,Sales,Not-in-family,White,Male,0,0,44,Germany,<=50K
23,Private,135848,Some-college,10,Never-married,Exec-managerial,Wife,White,Female,0,0,51,Philippines,<=50K
49,Local-gov,64708,HS-grad,9,Married-civ-spouse,Sales,Wife,White,Female,7389,0,40,United-States,<=50K
38,Private,463226,Bachelors,13,Married-civ-spouse,Prof-specialty,Husband,White,Male,0,0,43,United-States,<=50K
56,Self-emp-not-inc,145562,Bachelors,13,Widowed,Machine-op-inspct,Unmarried,White,Male,0,0,23,United-States,<=50K
69,Private,434065,Doctorate,16,Never-married,Handlers-cleaners,Not-in-family,Black,Female,0,0,34,United-States,>50K
29,Private,93306,Bachelors,13,Never-married,Transportation,Not-in-family,White,Male,0,0,21,United-States,<=50K
57,Private,201782,Some-college,10,Married-civ-spouse,Other-service,Own-child,White,Male,0,0,27,India,<=50K
24,Private,406298,11th,7,Married-civ-spouse,Protective-serv,Unmarried,White,Female,0,0,53,United-States,<=50K
69,Self-emp-not-inc,117040,Masters,14,Never-married,Sales,Husband,White,Female,0,0,21,United-States,<=50K
43,Private,116078,Some-college,10,Never-married,Transportation,Own-child,White,Female,0,0,31,United-States,<=50K
56,Private,190323,HS-grad,9,Never-married,Tech-support,Husband,White,Male,0,0,22,United-States,<=50K
58,Private,353502,Bachelors,13,Divorced,Handlers-cleaners,Other-relative,Amer-Indian-Eskimo,Female,0,1822,37,United-States,<=50K
49,Private,352605,Bachelors,13,Divorced,Sales,Unmarried,White,Male,0,0,36,United-States,<=50K
37,Federal-gov,359714,Bachelors,13,Married-civ-spouse,Machine-op-inspct,Other-relative,White,Female,0,0,50,United-States,<=50K
57,Private,176791,Masters,14,Married-civ-spouse,Protective-serv,Husband,Asian-Pac-Islander,Female,0,0,20,United-States,<=50K
42,State-gov,382047,11th,7,Married-civ-spouse,Sales,Other-relative,White,Male,0,0,25,Philippines,<=50K
52,Private,248218,11th,7,Married-civ-spouse,Handlers-cleaners,Wife,White,Male,0,0,33,United-States,<=50K
49,Private,200119,Bachelors,13,Divorced,Other-service,Own-child,White,Female,0,0,22,United-States,<=50K
42,Private,475718,10th,6,Married-civ-spouse,Machine-op-inspct,Not-in-family,White,Male,0,0,20,United-States,<=50K
24,Private,498032,11th,7,Widowed,Handlers-cleaners,Own-child,White,Female,0,0,43,Germany,<=50K
33,Self-emp-not-inc,472427,HS-grad,9,Never-married,Craft-repair,Wife,White,Female,0,0,55,United-States,<=50K
66,Self-emp-inc,276785,Bachelors,13,Married-civ-spouse,Handlers-cleaners,Not-in-family,Asian-Pac-Islander,Female,0,0,22,United-States,<=50K
45,Private,237759,HS-grad,9,Divorced,Transportation,Wife,Amer-Indian-Eskimo,Male,0,0,28,United-States,<=50K
51,Local-gov,68454,HS-grad,9,Separated,Sales,Other-relative,White,Female,0,0,56,United-States,<=50K
31,Private,451798,HS-grad,9,Widowed,Transportation,Husband,Asian-Pac-Islander,Female,0,0,47,United-States,<=50K
54,Self-emp-not-inc,152833,Some-college,10,Married-civ-spouse,Tech-support,Other-relative,White,Male,0,0,31,United-States,<=50K
43,Private,205106,HS-grad,9,Married-civ-spouse,Craft-repair,Unmarried,Amer-Indian-Eskimo,Male,0,0,56,United-States,<=50K
29,Private,186007,HS-grad,9,Never-married,Machine-op-inspct,Other-relative,White,Female,0,0,42,United-States,<=50K
25,Private,251311,HS-grad,9,Married-civ-spouse,Handlers-cleaners,Not-in-family,White,Male,1959,0,56,United-States,<=50K
38,State-gov,198832,Bachelors,13,Never-married,Craft-repair,Own-child,White,Male,0,0,38,United-States,<=50K
47,State-gov,121989,Assoc-voc,11,Married-civ-spouse,Machine-op-inspct,Not-in-family,White,Male,0,0,53,United-States,<=50K
32,Private,184595,10th,6,Separated,Craft-repair,Not-in-family,Black,Male,0,0,34,United-States,<=50K
30,Private,138537,Some-college,10,Divorced,Machine-op-inspct,Unmarried,White,Male,0,0,45,United-States,<=50K
32,Private,384243,HS-grad,9,Married-civ-spouse,Transportation,Husband,White,Male,0,0,29,United-States,<=50K
33,Private,353699,Assoc-voc,11,Never-married,Exec-managerial,Not-in-family,Asian-Pac-Islander,Male,0,0,29,United-States,<=50K
56,Private,20501,HS-grad,9,Married-civ-spouse,Craft-repair,Not-in-family,White,Female,0,0,24,United-States,<=50K
43,Private,393989,10th,6,Never-married,Other-service,Wife,White,Male,0,0,37,United-States,<=50K
42,Local-gov,320192,Masters,14,Never-married,Prof-specialty,Own-child,Other,Male,1287,0,27,United-States,<=50K
26,Private,293940,Some-college,10,Separated,Machine-op-inspct,Own-child,White,Male,0,0,36,United-States,<=50K
46,Private,254444,HS-grad,9,Married-civ-spouse,Prof-specialty,Husband,White,Male,0,0,38,United-States,<=50K
68,Local-gov,327269,HS-grad,9,Never-married,Exec-managerial,Own-child,White,Male,0,0,44,United-States,<=50K
56,Private,48188,Bachelors,13,Married-civ-spouse,Protective-serv,Wife,White,Female,0,0,24,United-States,>50K
41,Private,169371,Some-college,10,Never-married,Handlers-cleaners,Own-child,White,Female,0,0,35,United-States,<=50K
33,State-gov,301542,Assoc-voc,11,Married-civ-spouse,Machine-op-inspct,Wife,White,Male,0,0,57,United-States,<=50K
36,Private,452535,Bachelors,13,Never-married,Craft-repair,Other-relative,White,Male,4693,2438,23,Mexico,<=50K
19,Private,130240,Some-college,10,Never-married,Craft-repair,Unmarried,White,Female,0,1350,57,United-States,<=50K
19,Private,352212,HS-grad,9,Married-civ-spouse,Sales,Husband,White,Female,0,0,21,United-States,<=50K
58,Federal-gov,465812,Some-college,10,Married-civ-spouse,Other-service,Wife,White,Female,0,0,59,United-States,<=50K
61,Private,437529,HS-grad,9,Married-civ-spouse,Machine-op-inspct,Husband,White,Female,0,0,36,India,<=50K
68,Private,377755,Bachelors,13,Divorced,Handlers-cleaners,Own-child,White,Male,0,0,48,United-States,<=50K
50,Private,390701,Bachelors,13,Separated,Prof-specialty,Own-child,White,Female,0,0,55,Canada,<=50K
66,Private,325535,Assoc-voc,11,Divorced,Transportation,Own-child,White,Male,0,0,51,United-States,>50K
39,Private,244939,Some-college,10,Widowed,Exec-managerial,Husband,Black,Male,0,0,48,United-States,<=50K
31,Private,445606,HS-grad,9,Separated,Protective-serv,Unmarried,White,Female,0,0,22,United-States,<=50K
30,State-gov,343188,Assoc-voc,11,Divorced,Machine-op-inspct,Unmarried,White,Male,0,0,32,Germany,<=50K
30,Private,459052,Bachelors,13,Never-married,Other-service,Unmarried,White,Male,0,0,55,United-States,>50K
56,Federal-gov,86929,Bachelors,13,Never-married,Machine-op-inspct,Own-child,White,Male,0,0,58,United-States,<=50K
18,Local-gov,63498,Some-college,10,Married-civ-spouse,Prof-specialty,Other-relative,White,Male,0,0,31,United-States,<=50K
67,State-gov,195430,Assoc-voc,11,Divorced,Prof-specialty,Husband,White,Male,0,0,46,United-States,<=50K
58,Self-emp-not-inc,86365,HS-grad,9,Divorced,Other-service,Not-in-family,White,Male,0,0,38,United-States,<=50K
37,Private,307595,Some-college,10,Married-civ-spouse,Sales,Not-in-family,Black,Male,0,0,54,United-States,<=50K
54,Federal-gov,439897,Doctorate,16,Divorced,Transportation,Other-relative,White,Male,0,0,55,United-States,>50K
25,Private,103167,HS-grad,9,Married-civ-spouse,Protective-serv,Other-relative,Asian-Pac-Islander,Male,0,0,53,United-States,<=50K
40,Private,433912,Doctorate,16,Married-civ-spouse,Craft-repair,Husband,Asian-Pac-Islander,Male,0,0,51,Canada,<=50K
23,Private,414184,Some-college,10,Never-married,Prof-specialty,Own-child,White,Female,0,0,45,United-States,<=50K
23,Private,49048,HS-grad,9,Married-civ-spouse,Protective-serv,Own-child,White,Male,7376,691,60,United-States,<=50K
18,Private,201478,HS-grad,9,Never-married,Machine-op-inspct,Own-child,White,Female,0,0,58,United-States,<=50K
59,Self-emp-inc,258221,Assoc-voc,11,Never-married,Transportation,Not-in-family,White,Female,0,0,36,Mexico,<=50K
56,Private,460457,Masters,14,Married-civ-spouse,Protective-serv,Other-relative,White,Female,0,0,38,Philippines,<=50K
64,Private,265054,HS-grad,9,Never-married,Tech-support,Not-in-family,White,Male,0,0,35,United-States,<=50K
69,Private,416767,HS-grad,9,Separated,Exec-managerial,Wife,White,Female,0,0,52,United-States,<=50K
68,Local-gov,225513,HS-grad,9,Married-civ-spouse,Other-service,Not-in-family,White,Male,0,0,56,Canada,<=50K
69,Private,149768,HS-grad,9,Married-civ-spouse,Tech-support,Not-in-family,Amer-Indian-Eskimo,Female,0,0,28,United-States,<=50K
18,Private,388696,Masters,14,Never-married,Handlers-cleaners,Wife,White,Male,0,0,40,United-States,<=50K
58,Self-emp-inc,24434,HS-grad,9,Divorced,Craft-repair,Not-in-family,White,Male,0,0,58,United-States,<=50K
55,Federal-gov,257434,HS-grad,9,Married-civ-spouse,Other-service,Not-in-family,White,Male,0,0,28,United-States,<=50K
26,Private,52099,HS-grad,9,Married-civ-spouse,Sales,Other-relative,Asian-Pac-Islander,Female,0,0,49,United-States,<=50K
25,Private,38868,Bachelors,13,Married-civ-spouse,Exec-managerial,Own-child,Black,Female,0,1390,53,United-States,<=50K
68,Private,58210,Bachelors,13,Married-civ-spouse,Protective-serv,Unmarried,White,Male,0,0,31,United-States,<=50K
63,State-gov,85418,Bachelors,13,Married-civ-spouse,Sales,Not-in-family,White,Male,0,0,28,United-States,<=50K
35,Private,160022,Bachelors,13,Married-civ-spouse,Machine-op-inspct,Unmarried,White,Female,0,0,44,United-States,<=50K
21,Self-emp-not-inc,478192,10th,6,Divorced,Craft-repair,Husband,White,Female,0,0,53,United-States,<=50K
35,Private,30058,Some-college,10,Never-married,Handlers-cleaners,Husband,White,Male,0,0,20,United-States,<=50K
18,Private,459588,Assoc-voc,11,Separated,Transportation,Wife,Black,Female,0,0,59,United-States,<=50K
53,Private,243766,Bachelors,13,Married-civ-spouse,Prof-specialty,Other-relative,White,Male,0,0,41,United-States,<=50K
37,Private,418924,HS-grad,9,Never-married,Tech-support,Not-in-family,White,Male,0,0,24,Philippines,<=50K
20,Self-emp-not-inc,299920,Assoc-voc,11,Never-married,Machine-op-inspct,Other-relative,White,Male,0,0,51,United-States,<=50K
68,Self-emp-inc,368496,Bachelors,13,Married-civ-spouse,Machine-op-inspct,Husband,Asian-Pac-Islander,Female,0,0,41,United-States,<=50K
60,Private,395930,Bachelors,13,Never-married,Protective-serv,Own-child,Other,Male,0,0,34,United-States,<=50K
65,Local-gov,345421,HS-grad,9,Divorced,Other-service,Own-child,White,Female,0,0,33,United-States,<=50K
69,Private,447534,Some-college,10,Married-civ-spouse,Exec-managerial,Unmarried,White,Male,0,0,50,Canada,<=50K
18,Private,483446,Assoc-voc,11,Widowed,Exec-managerial,Husband,White,Male,0,0,37,United-States,<=50K
58,Private,32830,HS-grad,9,Never-married,Protective-serv,Unmarried,Other,Male,0,0,49,United-States,<=50K
58,Private,126112,HS-grad,9,Married-civ-spouse,Sales,Own-child,White,Female,0,0,53,United-States,<=50K
58,Local-gov,492346,HS-grad,9,Never-married,Exec-managerial,Other-relative,White,Male,0,0,58,United-States,<=50K
31,Private,392406,Some-college,10,Married-civ-spouse,Handlers-cleaners,Wife,White,Male,1707,0,57,United-States,<=50K
38,Local-gov,294613,Assoc-voc,11,Married-civ-spouse,Exec-managerial,Husband,White,Male,0,0,59,United-States,<=50K
66,Private,255776,Bachelors,13,Married-civ-spouse,Prof-specialty,Other-relative,White,Male,0,0,47,Mexico,<=50K
21,Self-emp-not-inc,332892,11th,7,Married-civ-spouse,Handlers-cleaners,Wife,White,Male,0,0,28,United-States,<=50K
51,Private,371554,Some-college,10,Never-married,Handlers-cleaners,Husband,Black,Male,0,0,21,Philippines,<=50K
59,Private,127968,Some-college,10,Never-married,Prof-specialty,Unmarried,Black,Male,0,0,33,United-States,<=50K
59,Local-gov,429441,HS-grad,9,Married-civ-spouse,Other-service,Wife,White,Male,0,0,40,United-States,<=50K
49,Private,248007,HS-grad,9,Never-married,Craft-repair,Unmarried,White,Male,0,0,29,United-States,<=50K
57,Private,385031,Masters,14,Married-civ-spouse,Transportation,Own-child,White,Male,0,0,51,India,>50K
65,Self-emp-inc,185230,HS-grad,9,Married-civ-spouse,Prof-specialty,Wife,White,Male,0,0,35,United-States,<=50K
57,Self-emp-not-inc,422245,HS-grad,9,Divorced,Prof-specialty,Own-child,White,Male,0,0,58,United-States,<=50K
24,Private,213817,Assoc-voc,11,Widowed,Handlers-cleaners,Wife,White,Male,0,0,21,United-States,<=50K
30,Private,243271,Bachelors,13,Married-civ-spouse,Sales,Unmarried,White,Male,0,0,24,United-States,<=50K
33,Private,196009,HS-grad,9,Separated,Craft-repair,Not-in-family,Other,Female,0,0,39,United-States,<=50K
35,Self-emp-not-inc,272413,Bachelors,13,Divorced,Protective-serv,Other-relative,White,Female,0,0,31,United-States,<=50K
36,Private,98865,Some-college,10,Never-married,Handlers-cleaners,Husband,White,Male,0,0,56,United-States,<=50K
29,Private,111899,Assoc-voc,11,Divorced,Craft-repair,Wife,White,Male,0,0,40,Philippines,<=50K
53,State-gov,178074,Bachelors,13,Married-civ-spouse,Handlers-cleaners,Not-in-family,Black,Male,0,0,49,United-States,<=50K
23,Private,351486,HS-grad,9,Married-civ-spouse,Prof-specialty,Own-child,White,Male,0,0,48,United-States,<=50K
58,Private,374866,HS-grad,9,Married-civ-spouse,Prof-specialty,Unmarried,White,Male,0,0,43,Canada,<=50K
52,State-gov,328486,HS-grad,9,Divorced,Handlers-cleaners,Other-relative,White,Female,0,0,46,Philippines,<=50K
67,Private,150434,Bachelors,13,Married-civ-spouse,Sales,Wife,White,Male,0,0,30,United-States,<=50K
18,Private,85106,Some-college,10,Divorced,Machine-op-inspct,Own-child,White,Female,0,0,36,Germany,<=50K
33,Self-emp-not-inc,376338,Masters,14,Married-civ-spouse,Tech-support,Other-relative,White,Male,0,0,30,United-States,<=50K
64,Self-emp-not-inc,338064,Some-college,10,Widowed,Protective-serv,Own-child,White,Male,0,0,56,United-States,<=50K
43,State-gov,243272,Some-college,10,Married-civ-spouse,Tech-support,Not-in-family,White,Male,0,0,23,United-States,<=50K
47,Private,242630,HS-grad,9,Divorced,Tech-support,Other-relative,White,Male,0,0,55,United-States,<=50K
19,Private,486815,HS-grad,9,Divorced,Sales,Wife,White,Male,0,0,23,United-States,<=50K
57,Private,320488,Some-college,10,Never-married,Sales,Husband,Other,Female,0,0,38,United-States,<=50K
31,Private,193192,Bachelors,13,Married-civ-spouse,Machine-op-inspct,Own-child,White,Male,0,0,51,United-States,<=50K
68,Local-gov,177874,11th,7,Divorced,Transportation,Wife,Black,Female,0,0,38,United-States,<=50K
37,Private,482655,HS-grad,9,Separated,Handlers-cleaners,Not-in-family,White,Female,0,0,58,United-States,<=50K
27,Private,254469,Bachelors,13,Married-civ-spouse,Protective-serv,Unmarried,White,Female,0,0,55,United-States,>50K
48,Private,44131,HS-grad,9,Married-civ-spouse,Craft-repair,Other-relative,White,Female,0,0,54,United-States,<=50K
42,Private,105860,Masters,14,Never-married,Protective-serv,Other-relative,Other,Male,0,0,49,Germany,<=50K
42,Private,67209,HS-grad,9,Married-civ-spouse,Exec-managerial,Not-in-family,White,Female,0,1696,58,United-States,<=50K
67,Private,77806,Bachelors,13,Married-civ-spouse,Prof-specialty,Unmarried,White,Female,0,0,33,United-States,<=50K
36,Private,144731,HS-grad,9,Divorced,Prof-specialty,Unmarried,White,Male,0,0,23,United-States,<=50K
38,State-gov,204881,HS-grad,9,Married-civ-spouse,Transportation,Other-relative,White,Male,0,1245,41,United-States,<=50K
50,Local-gov,443273,Bachelors,13,Married-civ-spouse,Sales,Husband,White,Female,0,0,34,United-States,<=50K
26,Private,394903,Some-college,10,Married-civ-spouse,Handlers-cleaners,Wife,White,Female,0,0,22,Mexico,<=50K
61,Local-gov,371939,Some-college,10,Separated,Prof-specialty,Unmarried,White,Male,0,0,29,United-States,<=50K
29,Private,481209,HS-grad,9,Married-civ-spouse,Protective-serv,Husband,White,Male,0,0,22,United-States,<=50K
30,Private,151418,11th,7,Never-married,Handlers-cleaners,Not-in-family,White,Male,0,0,24,United-States,<=50K
18,Private,486726,HS-grad,9,Married-civ-spouse,Transportation,Not-in-family,White,Female,0,0,52,United-States,<=50K
35,Federal-gov,23588,Bachelors,13,Married-civ-spouse,Exec-managerial,Own-child,White,Male,0,0,29,United-States,<=50K
48,Private,21203,Assoc-voc,11,Never-married,Other-service,Other-relative,White,Male,0,0,42,United-States,<=50K
54,Private,413699,Bachelors,13,Married-civ-spouse,Craft-repair,Husband,White,Male,898,0,46,United-States,>50K
64,Self-emp-not-inc,228305,Some-college,10,Never-married,Sales,Wife,White,Female,7778,0,32,United-States,<=50K
58,Self-emp-not-inc,429581,Bachelors,13,Married-civ-spouse,Protective-serv,Wife,White,Female,0,0,39,United-States,<=50K
34,Self-emp-not-inc,82148,HS-grad,9,Married-civ-spouse,Machine-op-inspct,Wife,Other,Male,0,641,39,United-States,<=50K
60,Private,145052,Bachelors,13,Married-civ-spouse,Tech-support,Own-child,White,Male,0,0,57,Mexico,<=50K
28,Federal-gov,429465,Some-college,10,Married-civ-spouse,Exec-managerial,Own-child,White,Female,0,0,59,United-States,<=50K
28,Private,31415,Masters,14,Married-civ-spouse,Handlers-cleaners,Unmarried,White,Male,0,0,25,United-States,>50K
36,Private,462008,Assoc-voc,11,Never-married,Transportation,Own-child,White,Male,2606,0,49,United-States,<=50K
46,Federal-gov,486055,HS-grad,9,Never-married,Handlers-cleaners,Other-relative,White,Female,0,0,48,United-States,<=50K
28,Private,159696,HS-grad,9,Divorced,Handlers-cleaners,Husband,Black,Male,0,0,58,United-States,<=50K
64,Self-emp-not-inc,198646,Some-college,10,Separated,Tech-support,Husband,White,Female,0,0,44,United-States,<=50K
32,Private,123582,Bachelors,13,Never-married,Protective-serv,Own-child,White,Male,0,0,37,United-States,<=50K
38,Private,129237,Some-college,10,Never-married,Prof-specialty,Wife,Amer-Indian-Eskimo,Male,0,0,50,United-States,<=50K
49,Private,417484,Bachelors,13,Separated,Exec-managerial,Unmarried,White,Female,0,0,48,United-States,<=50K
40,Self-emp-not-inc,484248,Some-college,10,Never-married,Machine-op-inspct,Own-child,White,Female,0,0,39,United-States,<=50K
39,Federal-gov,343890,11th,7,Widowed,Handlers-cleaners,Own-child,White,Female,0,0,49,United-States,<=50K
69,Federal-gov,376389,Some-college,10,Divorced,Exec-managerial,Unmarried,White,Female,0,0,21,United-States,<=50K
40,Private,20797,HS-grad,9,Never-married,Protective-serv,Unmarried,White,Male,0,0,58,Canada,<=50K
23,Private,100455,HS-grad,9,Never-married,Exec-managerial,Other-relative,White,Male,4456,0,36,United-States,<=50K
55,Private,143602,Bachelors,13,Widowed,Protective-serv,Own-child,White,Female,0,0,32,United-States,<=50K
54,Self-emp-not-inc,239726,HS-grad,9,Never-married,Handlers-cleaners,Wife,Black,Female,0,0,28,United-States,<=50K
29,Private,133618,HS-grad,9,Married-civ-spouse,Transportation,Husband,White,Female,0,0,25,United-States,<=50K
62,Self-emp-not-inc,222373,Some-college,10,Never-married,Other-service,Husband,White,Male,0,0,32,India,<=50K
38,Private,275452,Masters,14,Married-civ-spouse,Transportation,Other-relative,White,Male,0,0,20,United-States,<=50K
25,Private,207953,11th,7,Divorced,Prof-specialty,Husband,White,Male,0,0,29,United-States,<=50K
26,Private,360915,Some-college,10,Married-civ-spouse,Prof-specialty,Own-child,White,Male,0,0,48,United-States,<=50K
55,Private,343683,HS-grad,9,Never-married,Craft-repair,Not-in-family,White,Male,0,0,45,United-States,<=50K
29,Private,211524,Some-college,10,Married-civ-spouse,Exec-managerial,Not-in-family,White,Female,0,0,40,United-States,<=50K
42,Private,82156,Some-college,10,Married-civ-spouse,Sales,Husband,White,Male,0,0,57,United-States,<=50K
56,Federal-gov,493501,10th,6,Never-married,Tech-support,Not-in-family,White,Male,0,0,51,United-States,<=50K
62,Private,231626,Some-college,10,Married-civ-spouse,Transportation,Wife,White,Male,1739,0,26,United-States,<=50K
43,Self-emp-inc,210566,Bachelors,13,Married-civ-spouse,Craft-repair,Own-child,Black,Male,0,0,42,United-States,<=50K
65,Private,278855,11th,7,Never-married,Machine-op-inspct,Other-relative,White,Female,0,0,35,United-States,<=50K
33,Private,361403,Bachelors,13,Widowed,Machine-op-inspct,Own-child,Black,Female,0,0,39,United-States,>50K
63,Private,318919,HS-grad,9,Married-civ-spouse,Protective-serv,Own-child,White,Female,0,0,31,United-States,<=50K
31,Private,435207,Bachelors,13,Never-married,Transportation,Husband,White,Female,0,0,60,India,<=50K
21,Private,92144,Some-college,10,Never-married,Craft-repair,Unmarried,White,Female,0,0,24,United-States,<=50K
55,Private,345765,Some-college,10,Married-civ-spouse,Tech-support,Not-in-family,White,Male,0,0,24,United-States,<=50K
57,Private,419118,10th,6,Never-married,Transportation,Other-relative,White,Male,0,0,36,United-States,<=50K
66,Local-gov,359467,HS-grad,9,Never-married,Craft-repair,Own-child,White,Male,0,0,55,Mexico,<=50K
65,Private,287149,Some-college,10,Divorced,Other-service,Wife,White,Male,4946,0,52,United-States,<=50K
23,Private,177749,HS-grad,9,Married-civ-spouse,Protective-serv,Wife,White,Male,0,0,34,United-States,<=50K
50,Self-emp-inc,480125,HS-grad,9,Never-married,Prof-specialty,Husband,White,Female,0,0,31,United-States,<=50K
54,Private,377525,Bachelors,13,Married-civ-spouse,Other-service,Unmarried,White,Male,0,0,33,Mexico,<=50K
49,State-gov,196304,Masters,14,Married-civ-spouse,Other-service,Not-in-family,White,Male,0,0,30,United-States,<=50K
18,Private,490854,Bachelors,13,Married-civ-spouse,Transportation,Own-child,White,Male,0,0,44,United-States,<=50K
20,Private,459199,Some-college,10,Widowed,Prof-specialty,Other-relative,White,Female,0,0,58,United-States,<=50K
52,Private,216566,HS-grad,9,Never-married,Handlers-cleaners,Husband,White,Male,2908,0,44,United-States,<=50K
62,Private,66558,Some-college,10,Never-married,Prof-specialty,Own-child,White,Female,0,0,46,United-States,<=50K
27,Private,122415,Some-college,10,Never-married,Protective-serv,Own-child,White,Male,0,0,33,United-States,<=50K
20,Private,486095,Masters,14,Married-civ-spouse,Sales,Unmarried,White,Male,0,0,31,United-States,>50K
39,Private,480040,Bachelors,13,Married-civ-spouse,Tech-support,Other-relative,Black,Male,0,0,24,United-States,<=50K
34,Private,392989,Assoc-voc,11,Never-married,Prof-specialty,Other-relative,White,Male,0,0,21,Philippines,<=50K
69,Private,84118,Masters,14,Married-civ-spouse,Machine-op-inspct,Wife,White,Male,0,0,38,United-States,<=50K
66,Private,228541,Some-college,10,Separated,Exec-managerial,Not-in-family,White,Male,0,0,60,United-States,<=50K
47,Private,309110,Bachelors,13,Divorced,Transportation,Unmarried,Black,Male,0,0,51,United-States,>50K
67,Private,56401,Masters,14,Married-civ-spouse,Protective-serv,Husband,White,Male,0,0,60,United-States,>50K
29,Private,303532,11th,7,Married-civ-spouse,Prof-specialty,Not-in-family,White,Male,0,0,32,United-States,<=50K
69,Private,406498,Some-college,10,Married-civ-spouse,Prof-specialty,Own-child,Amer-Indian-Eskimo,Male,0,0,47,United-States,<=50K
41,Private,408669,Bachelors,13,Married-civ-spouse,Other-service,Other-relative,White,Female,0,0,44,United-States,<=50K
42,Private,222461,Some-college,10,Married-civ-spouse,Transportation,Own-child,Amer-Indian-Eskimo,Male,0,0,25,United-States,<=50K
20,Local-gov,369172,Masters,14,Never-married,Tech-support,Other-relative,White,Male,0,0,20,United-States,<=50K
27,Private,323922,11th,7,Never-married,Tech-support,Wife,White,Female,0,0,49,United-States,<=50K
28,Private,221594,11th,7,Married-civ-spouse,Machine-op-inspct,Unmarried,White,Male,0,0,30,United-States,<=50K
43,Private,230549,HS-grad,9,Married-civ-spouse,Tech-support,Unmarried,White,Male,2644,0,38,United-States,>50K
27,Private,393848,HS-grad,9,Never-married,Prof-specialty,Not-in-family,White,Male,0,1957,52,United-States,<=50K
23,Private,128806,Masters,14,Never-married,Craft-repair,Own-child,White,Female,3704,0,21,Mexico,<=50K
49,Self-emp-inc,428862,Bachelors,13,Divorced,Protective-serv,Husband,White,Female,0,2720,26,United-States,<=50K
63,Self-emp-not-inc,57823,Assoc-voc,11,Never-married,Craft-repair,Wife,White,Male,0,0,25,United-States,<=50K
21,State-gov,127886,Some-college,10,Married-civ-spouse,Other-service,Own-child,Other,Male,4481,0,44,United-States,<=50K
47,State-gov,494212,Assoc-voc,11,Never-married,Prof-specialty,Other-relative,Other,Male,0,0,21,United-States,<=50K
67,Private,325862,Bachelors,13,Never-married,Sales,Unmarried,White,Male,0,0,47,United-States,<=50K
39,Self-emp-not-inc,142243,HS-grad,9,Married-civ-spouse,Other-service,Not-in-family,White,Female,0,0,24,United-States,<=50K
27,Private,57006,HS-grad,9,Never-married,Tech-support,Unmarried,White,Male,0,0,42,United-States,<=50K
22,Local-gov,236505,Bachelors,13,Never-married,Tech-support,Wife,White,Male,0,0,42,United-States,<=50K
66,Private,448861,HS-grad,9,Widowed,Craft-repair,Other-relative,Other,Male,0,0,51,Germany,<=50K
39,Private,294090,Doctorate,16,Married-civ-spouse,Other-service,Not-in-family,Black,Female,0,0,50,United-States,>50K
23,Private,51306,Bachelors,13,Married-civ-spouse,Craft-repair,Husband,White,Male,0,0,38,United-States,<=50K
63,Private,394610,Some-college,10,Married-civ-spouse,Prof-specialty,Other-relative,White,Male,0,0,60,United-States,<=50K
59,Private,259462,HS-grad,9,Never-married,Transportation,Unmarried,Black,Male,0,0,30,United-States,<=50K
54,Federal-gov,151478,10th,6,Married-civ-spouse,Machine-op-inspct,Own-child,Other,Male,6585,0,60,United-States,<=50K
22,Private,266668,Masters,14,Married-civ-spouse,Sales,Wife,Other,Male,0,0,60,United-States,<=50K
22,Federal-gov,388183,Masters,14,Never-married,Exec-managerial,Wife,White,Female,0,0,53,United-States,>50K
29,Private,380969,Masters,14,Never-married,Machine-op-inspct,Not-in-family,White,Female,0,0,42,United-States,<=50K
26,Private,80084,Bachelors,13,Married-civ-spouse,Handlers-cleaners,Other-relative,Other,Male,0,2934,22,Mexico,<=50K
45,Private,119141,11th,7,Never-married,Prof-specialty,Wife,White,Male,0,0,38,Germany,<=50K
38,Private,412375,Bachelors,13,Never-married,Craft-repair,Other-relative,White,Male,0,0,38,Philippines,<=50K
57,Private,164312,Some-college,10,Married-civ-spouse,Transportation,Other-relative,White,Female,0,0,36,Canada,<=50K
23,Private,453851,HS-grad,9,Married-civ-spouse,Prof-specialty,Husband,White,Male,0,0,22,United-States,<=50K
55,Private,83851,HS-grad,9,Married-civ-spouse,Tech-support,Own-child,Black,Male,0,0,57,United-States,<=50K
66,Federal-gov,453556,Masters,14,Never-married,Other-service,Wife,Amer-Indian-Eskimo,Male,0,2302,46,United-States,<=50K
24,Private,258149,Some-college,10,Married-civ-spouse,Prof-specialty,Other-relative,Amer-Indian-Eskimo,Male,0,0,22,United-States,<=50K
51,Self-emp-not-inc,40512,Masters,14,Divorced,Transportation,Not-in-family,White,Male,0,0,26,Canada,>50K
44,Self-emp-not-inc,78290,11th,7,Married-civ-spouse,Transportation,Not-in-family,Other,Female,0,0,53,United-States,<=50K
22,Private,259056,Some-college,10,Divorced,Craft-repair,Wife,White,Female,0,191,46,United-States,<=50K
33,Local-gov,63176,HS-grad,9,Married-civ-spouse,Machine-op-inspct,Own-child,White,Male,0,0,27,Canada,<=50K
58,Self-emp-inc,447201,Bachelors,13,Never-married,Handlers-cleaners,Unmarried,White,Male,0,0,30,United-States,>50K
63,Self-emp-inc,28053,HS-grad,9,Married-civ-spouse,Machine-op-inspct,Unmarried,Black,Male,0,0,25,United-States,<=50K
37,Federal-gov,400502,Masters,14,Married-civ-spouse,Machine-op-inspct,Husband,Asian-Pac-Islander,Female,0,0,46,United-States,<=50K
23,Private,438623,Some-college,10,Divorced,Machine-op-inspct,Own-child,Black,Male,0,0,22,India,<=50K
30,State-gov,442797,Some-college,10,Married-civ-spouse,Prof-specialty,Other-relative,Amer-Indian-Eskimo,Female,0,0,49,United-States,<=50K
61,Private,114516,Bachelors,13,Never-married,Protective-serv,Wife,White,Female,0,0,35,United-States,<=50K
47,Private,363488,Some-college,10,Divorced,Prof-specialty,Unmarried,Black,Male,0,0,31,United-States,<=50K
40,Self-emp-not-inc,363460,Some-college,10,Never-married,Handlers-cleaners,Own-child,White,Male,0,0,35,United-States,<=50K
18,Private,428813,HS-grad,9,Married-civ-spouse,Sales,Own-child,Black,Male,0,0,60,United-States,<=50K
58,Private,386829,Some-college,10,Married-civ-spouse,Machine-op-inspct,Unmarried,White,Female,0,0,37,United-States,<=50K
42,Private,48822,Assoc-voc,11,Widowed,Tech-support,Not-in-family,White,Male,0,0,29,United-States,<=50K
46,Private,336210,HS-grad,9,Never-married,Exec-managerial,Husband,White,Female,0,0,59,United-States,<=50K
61,Local-gov,114916,Some-college,10,Married-civ-spouse,Handlers-cleaners,Husband,White,Female,0,0,23,United-States,<=50K
47,Private,53908,HS-grad,9,Married-civ-spouse,Other-service,Unmarried,Asian-Pac-Islander,Female,0,0,31,United-States,<=50K
66,Private,367438,Some-college,10,Widowed,Machine-op-inspct,Not-in-family,White,Male,0,0,43,United-States,<=50K
47,Private,220294,HS-grad,9,Widowed,Prof-specialty,Unmarried,White,Male,0,0,43,United-States,<=50K
35,Self-emp-inc,410660,Masters,14,Divorced,Craft-repair,Unmarried,Amer-Indian-Eskimo,Female,0,0,36,United-States,<=50K
65,Federal-gov,369954,HS-grad,9,Never-married,Craft-repair,Other-relative,White,Male,0,1062,34,United-States,<=50K
51,Private,107788,Bachelors,13,Married-civ-spouse,Craft-repair,Unmarried,White,Female,0,0,54,United-States,<=50K
57,Local-gov,186084,HS-grad,9,Divorced,Exec-managerial,Unmarried,Black,Male,0,0,22,India,<=50K
29,Private,406237,Some-college,10,Married-civ-spouse,Sales,Own-child,White,Male,9218,0,41,United-States,<=50K
52,Federal-gov,280417,HS-grad,9,Divorced,Transportation,Not-in-family,White,Male,0,0,48,Canada,<=50K
47,Private,129649,Masters,14,Divorced,Machine-op-inspct,Other-relative,White,Male,0,0,30,United-States,>50K
23,Private,368537,11th,7,Never-married,Craft-repair,Unmarried,White,Male,0,2058,52,United-States,<=50K
31,Private,338878,HS-grad,9,Never-married,Prof-specialty,Other-relative,White,Female,0,0,41,United-States,<=50K
65,Private,449727,11th,7,Married-civ-spouse,Machine-op-inspct,Other-relative,White,Male,0,0,37,United-States,<=50K
47,Private,268511,Some-college,10,Married-civ-spouse,Protective-serv,Wife,Black,Male,0,0,55,United-States,<=50K
58,Private,408945,Bachelors,13,Married-civ-spouse,Tech-support,Own-child,White,Female,0,0,24,United-States,<=50K
26,Private,389271,Bachelors,13,Never-married,Tech-support,Other-relative,Black,Female,0,0,29,United-States,<=50K
29,Private,129210,HS-grad,9,Married-civ-spouse,Prof-specialty,Husband,White,Female,0,0,53,United-States,<=50K
66,Private,227784,Some-college,10,Never-married,Handlers-cleaners,Husband,White,Male,0,0,24,United-States,<=50K
39,Private,245151,HS-grad,9,Married-civ-spouse,Tech-support,Other-relative,White,Male,0,0,21,United-States,<=50K
64,Local-gov,117487,Bachelors,13,Married-civ-spouse,Craft-repair,Unmarried,White,Male,0,0,55,United-States,<=50K
60,Private,300623,Some-college,10,Married-civ-spouse,Craft-repair,Own-child,White,Female,0,0,20,India,<=50K
35,Private,414745,Assoc-voc,11,Never-married,Sales,Unmarried,White,Female,0,0,55,Philippines,<=50K
67,State-gov,53487,HS-grad,9,Married-civ-spouse,Transportation,Own-child,White,Male,0,0,52,United-States,<=50K
58,Private,464823,11th,7,Divorced,Handlers-cleaners,Not-in-family,White,Male,0,0,54,United-States,<=50K
24,Private,417485,HS-grad,9,Married-civ-spouse,Sales,Unmarried,White,Female,0,0,22,United-States,<=50K
22,Private,319618,Bachelors,13,Widowed,Machine-op-inspct,Own-child,Asian-Pac-Islander,Male,0,0,31,United-States,>50K
24,State-gov,439965,HS-grad,9,Never-married,Tech-support,Unmarried,White,Male,0,0,27,United-States,<=50K
56,Private,435047,HS-grad,9,Never-married,Prof-specialty,Unmarried,White,Male,0,0,52,United-States,<=50K
25,Private,479331,HS-grad,9,Never-married,Protective-serv,Other-relative,White,Female,0,0,31,United-States,<=50K
32,Private,30566,Bachelors,13,Married-civ-spouse,Transportation,Husband,White,Male,0,0,30,United-States,<=50K
40,Federal-gov,453939,HS-grad,9,Never-married,Transportation,Unmarried,White,Male,0,0,44,United-States,<=50K
25,Private,281765,Bachelors,13,Separated,Tech-support,Own-child,White,Female,0,0,45,United-States,<=50K
35,State-gov,405929,10th,6,Married-civ-spouse,Exec-managerial,Wife,Black,Male,4964,0,40,United-States,<=50K
53,Private,205024,Some-college,10,Divorced,Tech-support,Own-child,White,Male,0,0,24,United-States,<=50K
68,Private,237053,HS-grad,9,Married-civ-spouse,Tech-support,Own-child,White,Male,0,0,37,United-States,<=50K
42,Private,361506,HS-grad,9,Married-civ-spouse,Craft-repair,Own-child,White,Female,0,0,37,Philippines,<=50K
56,Local-gov,219936,HS-grad,9,Married-civ-spouse,Handlers-cleaners,Other-relative,Asian-Pac-Islander,Male,0,0,41,United-States,<=50K
45,Private,177785,Some-college,10,Married-civ-spouse,Other-service,Husband,Amer-Indian-Eskimo,Male,0,0,57,India,<=50K
42,Private,82561,Masters,14,Divorced,Machine-op-inspct,Not-in-family,White,Female,0,0,34,United-States,<=50K
45,Self-emp-not-inc,26519,HS-grad,9,Never-married,Machine-op-inspct,Wife,White,Male,0,0,20,United-States,<=50K
67,Private,443044,HS-grad,9,Divorced,Transportation,Other-relative,Asian-Pac-Islander,Male,0,0,24,United-States,<=50K
21,Private,246847,Bachelors,13,Married-civ-spouse,Prof-specialty,Unmarried,White,Male,0,0,26,Germany,<=50K
44,Private,156953,HS-grad,9,Married-civ-spouse,Handlers-cleaners,Own-child,White,Female,0,0,55,United-States,<=50K
20,Private,305338,Bachelors,13,Never-married,Exec-managerial,Other-relative,Amer-Indian-Eskimo,Male,0,0,46,United-States,<=50K
63,Private,489831,11th,7,Never-married,Machine-op-inspct,Wife,White,Male,0,0,32,United-States,<=50K
49,Private,345364,HS-grad,9,Never-married,Machine-op-inspct,Unmarried,Amer-Indian-Eskimo,Female,0,0,52,United-States,<=50K
20,Private,270987,Some-college,10,Married-civ-spouse,Prof-specialty,Not-in-family,White,Male,0,0,60,United-States,<=50K
50,Federal-gov,419804,Doctorate,16,Never-married,Sales,Not-in-family,White,Male,0,0,37,United-States,<=50K
40,Private,32245,Bachelors,13,Widowed,Craft-repair,Husband,White,Male,0,0,52,United-States,>50K
20,Private,499918,Masters,14,Widowed,Tech-support,Not-in-family,White,Female,0,0,51,Canada,>50K
68,Private,362098,Masters,14,Never-married,Exec-managerial,Other-relative,Asian-Pac-Islander,Female,5920,0,30,United-States,<=50K
37,Private,385996,Bachelors,13,Married-civ-spouse,Sales,Not-in-family,White,Female,0,0,59,United-States,<=50K
19,Private,133124,Bachelors,13,Never-married,Other-service,Husband,Amer-Indian-Eskimo,Male,0,0,58,United-States,<=50K
49,Self-emp-not-inc,166634,Masters,14,Married-civ-spouse,Machine-op-inspct,Other-relative,White,Male,0,0,48,United-States,>50K
37,State-gov,320063,Bachelors,13,Never-married,Craft-repair,Not-in-family,Other,Female,0,0,59,Germany,<=50K
52,Private,471321,Bachelors,13,Divorced,Exec-managerial,Unmarried,White,Male,0,0,38,United-States,<=50K
26,Private,139693,Some-college,10,Separated,Exec-managerial,Unmarried,White,Female,0,0,48,United-States,<=50K
61,Private,345522,Assoc-voc,11,Never-married,Handlers-cleaners,Wife,White,Male,0,0,45,United-States,<=50K
39,Private,167183,HS-grad,9,Never-married,Craft-repair,Wife,White,Male,0,0,44,United-States,<=50K
39,Private,449448,HS-grad,9,Married-civ-spouse,Transportation,Unmarried,White,Female,3040,0,32,Germany,<=50K
59,Local-gov,299088,Some-college,10,Married-civ-spouse,Protective-serv,Husband,Asian-Pac-Islander,Female,0,0,34,United-States,<=50K
46,Self-emp-inc,219534,HS-grad,9,Never-married,Machine-op-inspct,Unmarried,Amer-Indian-Eskimo,Male,0,0,23,United-States,<=50K
18,Private,497274,Bachelors,13,Divorced,Machine-op-inspct,Husband,White,Male,0,0,40,United-States,<=50K
48,Private,88158,HS-grad,9,Separated,Machine-op-inspct,Own-child,White,Male,0,0,25,United-States,<=50K
51,Private,214306,Bachelors,13,Married-civ-spouse,Exec-managerial,Husband,White,Male,0,0,40,United-States,>50K
34,Private,347241,Some-college,10,Divorced,Prof-specialty,Unmarried,Black,Male,0,558,37,United-States,<=50K
27,Private,213825,HS-grad,9,Married-civ-spouse,Sales,Not-in-family,White,Female,0,0,25,Mexico,<=50K
20,Local-gov,85114,HS-grad,9,Married-civ-spouse,Handlers-cleaners,Unmarried,White,Male,0,0,31,United-States,<=50K
62,Private,161335,Some-college,10,Divorced,Other-service,Husband,White,Female,0,0,56,Germany,<=50K
18,Private,437637,Masters,14,Married-civ-spouse,Prof-specialty,Husband,Amer-Indian-Eskimo,Male,0,0,21,United-States,<=50K
48,Private,105844,Some-college,10,Married-civ-spouse,Other-service,Not-in-family,White,Female,0,0,28,United-States,>50K
61,Private,328056,HS-grad,9,Never-married,Sales,Husband,White,Male,0,0,35,United-States,<=50K
36,State-gov,85709,HS-grad,9,Married-civ-spouse,Handlers-cleaners,Not-in-family,White,Male,0,0,50,United-States,<=50K
28,Self-emp-inc,232456,HS-grad,9,Never-married,Craft-repair,Other-relative,Other,Male,0,0,54,United-States,<=50K
55,Federal-gov,213912,HS-grad,9,Never-married,Transportation,Own-child,White,Male,0,0,51,United-States,<=50K
50,Federal-gov,81708,10th,6,Married-civ-spouse,Transportation,Other-relative,Asian-Pac-Islander,Male,0,0,23,United-States,<=50K
18,Private,396254,HS-grad,9,Married-civ-spouse,Sales,Husband,Asian-Pac-Islander,Male,0,0,35,United-States,<=50K
48,Self-emp-not-inc,154985,HS-grad,9,Never-married,Sales,Wife,White,Male,0,0,56,Mexico,<=50K
18,Self-emp-not-inc,297240,Assoc-voc,11,Never-married,Tech-support,Husband,White,Female,0,0,50,United-States,<=50K
38,Private,155685,Bachelors,13,Divorced,Machine-op-inspct,Own-child,Black,Male,0,0,26,United-States,<=50K
33,Private,218816,Some-college,10,Married-civ-spouse,Protective-serv,Own-child,White,Male,0,393,36,United-States,<=50K
61,Private,42148,Bachelors,13,Married-civ-spouse,Handlers-cleaners,Not-in-family,White,Male,0,0,38,United-States,<=50K
68,Local-gov,137974,11th,7,Divorced,Other-service,Husband,White,Female,0,0,28,United-States,<=50K
54,Private,90152,HS-grad,9,Divorced,Sales,Own-child,Black,Male,0,0,56,United-States,>50K
56,Local-gov,334325,HS-grad,9,Never-married,Protective-serv,Other-relative,White,Male,0,2746,50,India,<=50K
19,Local-gov,312096,Assoc-voc,11,Married-civ-spouse,Sales,Husband,White,Female,0,429,23,United-States,<=50K
21,Local-gov,131240,Masters,14,Never-married,Sales,Other-relative,White,Male,0,0,29,Philippines,<=50K
58,Private,38325,10th,6,Married-civ-spouse,Craft-repair,Wife,White,Female,8553,0,43,United-States,<=50K
40,Private,182806,Some-college,10,Married-civ-spouse,Handlers-cleaners,Unmarried,White,Male,0,0,49,United-States,<=50K
44,Self-emp-not-inc,247492,11th,7,Never-married,Exec-managerial,Other-relative,White,Male,0,0,50,United-States,<=50K
53,Private,50286,Some-college,10,Married-civ-spouse,Machine-op-inspct,Own-child,Asian-Pac-Islander,Male,0,0,58,United-States,<=50K
36,Private,305867,Masters,14,Never-married,Protective-serv,Husband,Other,Male,0,0,43,United-States,>50K
53,Self-emp-inc,238214,Assoc-voc,11,Married-civ-spouse,Prof-specialty,Own-child,White,Male,0,0,27,United-States,<=50K
55,Private,138363,HS-grad,9,Never-married,Sales,Not-in-family,White,Male,0,0,21,United-States,<=50K
30,Private,215343,HS-grad,9,Divorced,Sales,Own-child,White,Male,0,0,22,United-States,<=50K
53,State-gov,497658,Bachelors,13,Married-civ-spouse,Exec-managerial,Not-in-family,White,Female,0,0,42,United-States,>50K
26,Private,481868,Assoc-voc,11,Never-married,Craft-repair,Other-relative,White,Female,0,0,45,United-States,<=50K
34,Local-gov,239667,HS-grad,9,Married-civ-spouse,Prof-specialty,Unmarried,White,Male,0,0,26,Philippines,<=50K
58,Private,450585,Assoc-voc,11,Never-married,Tech-support,Own-child,White,Male,4783,0,36,United-States,<=50K
69,Private,381910,Some-college,10,Married-civ-spouse,Other-service,Unmarried,White,Female,0,0,36,United-States,<=50K
21,Private,156193,Some-college,10,Married-civ-spouse,Protective-serv,Wife,White,Male,0,0,33,United-States,<=50K
51,Private,126794,Some-college,10,Never-married,Tech-support,Unmarried,White,Male,0,0,29,United-States,<=50K
47,Private,59663,11th,7,Never-married,Tech-support,Husband,White,Female,0,0,32,United-States,<=50K
49,Federal-gov,36384,HS-grad,9,Never-married,Other-service,Not-in-family,White,Male,0,0,51,United-States,<=50K
58,Local-gov,228283,Bachelors,13,Married-civ-spouse,Machine-op-inspct,Other-relative,White,Male,0,0,48,United-States,<=50K
21,Private,55132,HS-grad,9,Married-civ-spouse,Transportation,Husband,White,Female,0,0,53,United-States,<=50K
56,Private,356986,11th,7,Never-married,Tech-support,Own-child,White,Male,9608,0,56,United-States,<=50K
32,Private,160381,Doctorate,16,Never-married,Other-service,Wife,White,Female,0,0,28,United-States,<=50K
26,Private,130186,HS-grad,9,Divorced,Tech-support,Other-relative,White,Female,0,0,35,United-States,<=50K
41,Private,165934,HS-grad,9,Never-married,Tech-support,Own-child,White,Male,0,0,46,United-States,<=50K
19,Private,263770,Some-college,10,Never-married,Handlers-cleaners,Husband,White,Female,0,0,42,United-States,<=50K
50,Private,112052,Some-college,10,Married-civ-spouse,Exec-managerial,Husband,White,Male,0,0,53,United-States,<=50K
47,Private,170217,Assoc-voc,11,Never-married,Machine-op-inspct,Husband,White,Female,0,0,58,Mexico,<=50K
44,Private,180668,Bachelors,13,Widowed,Protective-serv,Husband,White,Male,0,0,37,United-States,<=50K
19,Self-emp-not-inc,481867,Some-college,10,Never-married,Exec-managerial,Own-child,White,Male,0,0,46,United-States,<=50K
57,Private,78378,Masters,14,Divorced,Machine-op-inspct,Wife,White,Female,0,0,57,United-States,<=50K
19,Private,91055,Some-college,10,Married-civ-spouse,Other-service,Wife,White,Female,0,0,41,United-States,<=50K
31,Private,445442,HS-grad,9,Never-married,Exec-managerial,Own-child,White,Female,0,0,28,United-States,<=50K
38,Private,367539,HS-grad,9,Married-civ-spouse,Sales,Own-child,White,Female,0,1307,52,Canada,<=50K
54,Local-gov,166102,Some-college,10,Widowed,Prof-specialty,Not-in-family,Black,Female,0,0,25,United-States,<=50K
39,Self-emp-not-inc,59797,Bachelors,13,Married-civ-spouse,Other-service,Own-child,White,Male,0,0,48,United-States,<=50K
60,Local-gov,370994,HS-grad,9,Never-married,Machine-op-inspct,Unmarried,White,Female,0,0,26,United-States,<=50K
66,Private,320934,Bachelors,13,Widowed,Transportation,Own-child,White,Male,0,0,30,United-States,<=50K
57,Private,458857,HS-grad,9,Never-married,Transportation,Own-child,White,Male,1686,0,57,United-States,<=50K
20,Private,45552,Bachelors,13,Never-married,Transportation,Own-child,Black,Male,0,0,28,India,<=50K
58,Private,469248,HS-grad,9,Never-married,Protective-serv,Husband,White,Female,0,0,45,United-States,<=50K
28,Private,283101,Some-college,10,Divorced,Machine-op-inspct,Other-relative,White,Male,0,0,40,United-States,<=50K
64,Private,291700,HS-grad,9,Never-married,Protective-serv,Not-in-family,White,Male,0,0,24,United-States,<=50K
68,Private,393282,Some-college,10,Never-married,Handlers-cleaners,Own-child,Other,Male,0,0,44,United-States,<=50K
22,Private,176624,HS-grad,9,Widowed,Tech-support,Own-child,Asian-Pac-Islander,Male,9082,0,35,Philippines,<=50K
23,Private,283929,Some-college,10,Married-civ-spouse,Craft-repair,Not-in-family,White,Male,0,0,59,United-States,<=50K
54,Private,454983,Masters,14,Never-married,Exec-managerial,Unmarried,White,Male,0,0,32,United-States,<=50K
25,Private,285904,HS-grad,9,Married-civ-spouse,Protective-serv,Own-child,White,Female,0,0,44,United-States,<=50K
68,State-gov,486751,Masters,14,Never-married,Transportation,Own-child,Black,Female,0,0,55,United-States,>50K
46,Private,52980,Bachelors,13,Married-civ-spouse,Tech-support,Husband,White,Male,0,0,39,United-States,<=50K
47,Private,381270,Some-college,10,Married-civ-spouse,Craft-repair,Wife,White,Male,0,0,34,United-States,<=50K
62,Private,483520,Bachelors,13,Married-civ-spouse,Transportation,Other-relative,Black,Female,0,0,35,United-States,>50K
29,Private,297721,Some-college,10,Married-civ-spouse,Sales,Other-relative,White,Male,0,0,23,United-States,<=50K
46,Self-emp-not-inc,22988,Masters,14,Married-civ-spouse,Tech-support,Other-relative,Black,Male,0,0,50,United-States,>50K
69,Private,99810,Masters,14,Never-married,Protective-serv,Own-child,Black,Male,0,0,20,United-States,<=50K
19,State-gov,154282,Masters,14,Married-civ-spouse,Transportation,Unmarried,Black,Male,0,0,52,United-States,>50K
27,Local-gov,320872,HS-grad,9,Married-civ-spouse,Handlers-cleaners,Not-in-family,White,Male,0,0,43,United-States,<=50K
25,Private,411143,Bachelors,13,Divorced,Transportation,Husband,White,Male,2275,0,20,United-States,<=50K
35,Local-gov,132884,HS-grad,9,Divorced,Tech-support,Husband,White,Female,0,0,26,United-States,<=50K
24,Private,88029,Some-college,10,Widowed,Craft-repair,Own-child,Black,Male,0,0,23,United-States,<=50K
26,State-gov,105605,HS-grad,9,Divorced,Transportation,Own-child,White,Male,0,0,60,United-States,<=50K
62,Private,137485,HS-grad,9,Widowed,Protective-serv,Husband,Black,Male,0,0,23,United-States,<=50K
42,State-gov,212285,Bachelors,13,Married-civ-spouse,Other-service,Husband,Other,Female,0,0,57,United-States,<=50K
36,Private,388379,Assoc-voc,11,Never-married,Sales,Not-in-family,White,Male,0,0,20,United-States,<=50K
39,Private,211903,HS-grad,9,Married-civ-spouse,Transportation,Other-relative,Asian-Pac-Islander,Male,0,0,41,United-States,<=50K
68,State-gov,401903,Bachelors,13,Never-married,Handlers-cleaners,Wife,White,Female,0,0,43,Canada,>50K
43,Private,263807,Bachelors,13,Never-married,Transportation,Wife,Other,Male,0,0,48,United-States,<=50K
42,Private,352900,11th,7,Never-married,Exec-managerial,Not-in-family,Asian-Pac-Islander,Male,0,0,38,United-States,<=50K
66,Private,204774,Bachelors,13,Married-civ-spouse,Machine-op-inspct,Husband,White,Male,3614,0,28,United-States,<=50K
19,Private,417645,HS-grad,9,Married-civ-spouse,Tech-support,Unmarried,White,Male,0,0,31,United-States,<=50K
42,Private,38247,HS-grad,9,Married-civ-spouse,Handlers-cleaners,Not-in-family,White,Male,0,0,20,United-States,<=50K
56,Private,202307,Bachelors,13,Never-married,Other-service,Own-child,Black,Female,1761,0,54,United-States,>50K
44,Private,251173,HS-grad,9,Separated,Handlers-cleaners,Not-in-family,White,Male,0,0,21,United-States,<=50K
63,Federal-gov,407476,11th,7,Married-civ-spouse,Tech-support,Husband,White,Male,0,0,45,India,<=50K
64,Private,164427,11th,7,Never-married,Handlers-cleaners,Wife,White,Female,0,0,43,United-States,<=50K
35,Federal-gov,119557,11th,7,Never-married,Prof-specialty,Not-in-family,White,Male,0,0,32,United-States,<=50K
60,Private,303661,HS-grad,9,Never-married,Prof-specialty,Unmarried,Other,Female,0,0,26,United-States,<=50K
30,Self-emp-not-inc,273716,Masters,14,Separated,Protective-serv,Unmarried,White,Male,0,0,44,United-States,<=50K
30,Self-emp-not-inc,221176,Bachelors,13,Never-married,Exec-managerial,Not-in-family,White,Male,8380,0,49,United-States,<=50K
68,Local-gov,289648,HS-grad,9,Widowed,Handlers-cleaners,Own-child,Black,Male,7869,0,39,United-States,<=50K
18,Private,214247,HS-grad,9,Never-married,Craft-repair,Unmarried,White,Female,0,0,48,United-States,<=50K
36,Private,84299,HS-grad,9,Divorced,Protective-serv,Husband,White,Female,0,0,45,United-States,<=50K
50,Local-gov,430825,Some-college,10,Never-married,Other-service,Wife,White,Male,0,0,59,United-States,<=50K
39,Self-emp-not-inc,99296,11th,7,Married-civ-spouse,Tech-support,Own-child,Amer-Indian-Eskimo,Female,0,0,31,India,<=50K
61,Private,375750,Assoc-voc,11,Married-civ-spouse,Protective-serv,Not-in-family,Asian-Pac-Islander,Male,0,0,51,India,<=50K
31,Private,114984,HS-grad,9,Married-civ-spouse,Protective-serv,Other-relative,White,Female,0,0,35,Canada,<=50K
46,Self-emp-inc,400054,Bachelors,13,Widowed,Craft-repair,Own-child,White,Male,0,0,43,Mexico,<=50K
24,Private,122520,HS-grad,9,Married-civ-spouse,Machine-op-inspct,Unmarried,White,Male,0,0,39,United-States,<=50K
28,Private,324490,HS-grad,9,Never-married,Handlers-cleaners,Own-child,White,Male,0,0,34,United-States,<=50K
27,Federal-gov,484706,HS-grad,9,Married-civ-spouse,Protective-serv,Not-in-family,White,Male,0,0,48,United-States,<=50K
56,Private,442425,Bachelors,13,Never-married,Other-service,Husband,White,Male,0,0,59,United-States,>50K
28,Private,124442,Bachelors,13,Separated,Tech-support,Husband,White,Male,0,0,37,United-States,<=50K
52,Private,323134,Assoc-voc,11,Married-civ-spouse,Tech-support,Wife,Asian-Pac-Islander,Male,0,0,27,Philippines,<=50K
35,Private,173326,Assoc-voc,11,Never-married,Protective-serv,Husband,White,Female,0,600,38,United-States,<=50K
47,Private,33841,HS-grad,9,Never-married,Other-service,Unmarried,White,Male,6116,0,28,United-States,<=50K
63,Private,483671,Masters,14,Never-married,Sales,Not-in-family,Other,Male,0,0,41,India,<=50K
62,Private,261222,HS-grad,9,Separated,Tech-support,Unmarried,White,Female,0,0,45,United-States,<=50K
18,Local-gov,229933,Some-college,10,Never-married,Exec-managerial,Wife,White,Male,0,0,39,United-States,<=50K
58,Self-emp-inc,295782,Some-college,10,Never-married,Craft-repair,Husband,White,Male,0,0,60,United-States,<=50K
67,Federal-gov,101271,HS-grad,9,Divorced,Exec-managerial,Wife,Amer-Indian-Eskimo,Female,0,895,30,Philippines,<=50K
52,Private,447811,HS-grad,9,Never-married,Prof-specialty,Husband,White,Female,0,0,23,United-States,<=50K
27,Private,224849,HS-grad,9,Never-married,Handlers-cleaners,Wife,Amer-Indian-Eskimo,Male,0,0,48,United-States,<=50K
52,Self-emp-not-inc,267578,HS-grad,9,Married-civ-spouse,Other-service,Husband,White,Male,0,0,60,United-States,<=50K
51,Private,471849,11th,7,Never-married,Sales,Wife,White,Male,0,0,22,United-States,<=50K
52,Private,133447,HS-grad,9,Divorced,Transportation,Not-in-family,White,Male,0,0,36,United-States,<=50K
40,Private,443318,Some-college,10,Married-civ-spouse,Handlers-cleaners,Unmarried,Black,Male,0,0,42,United-States,<=50K
45,Private,236204,10th,6,Never-married,Exec-managerial,Wife,White,Male,0,0,46,United-States,<=50K
51,Self-emp-not-inc,70584,Bachelors,13,Married-civ-spouse,Sales,Unmarried,White,Female,0,0,55,United-States,<=50K
42,Private,222937,Some-college,10,Never-married,Machine-op-inspct,Other-relative,White,Female,0,0,48,Philippines,<=50K
58,Private,243222,11th,7,Married-civ-spouse,Machine-op-inspct,Husband,White,Male,0,0,57,United-States,<=50K
54,Private,287296,HS-grad,9,Married-civ-spouse,Machine-op-inspct,Husband,White,Female,0,0,42,United-States,<=50K
33,Private,289830,HS-grad,9,Divorced,Protective-serv,Husband,White,Female,0,2582,28,United-States,<=50K
49,Private,147103,Bachelors,13,Married-civ-spouse,Craft-repair,Other-relative,White,Male,0,0,57,United-States,<=50K
57,Local-gov,450670,Some-college,10,Divorced,Other-service,Other-relative,White,Female,2469,0,35,United-States,<=50K
43,Local-gov,178373,Doctorate,16,Never-married,Tech-support,Unmarried,White,Male,0,0,33,United-States,>50K
55,State-gov,341746,HS-grad,9,Separated,Sales,Not-in-family,Other,Female,0,0,47,United-States,<=50K
24,Private,481224,Bachelors,13,Never-married,Transportation,Husband,White,Male,0,1747,50,United-States,>50K
38,Private,86214,Masters,14,Divorced,Other-service,Unmarried,White,Male,0,0,48,United-States,<=50K
54,Private,254402,10th,6,Married-civ-spouse,Machine-op-inspct,Unmarried,White,Male,0,0,42,Philippines,<=50K
64,Private,70288,HS-grad,9,Never-married,Exec-managerial,Other-relative,Black,Male,0,0,48,Canada,<=50K
51,Self-emp-not-inc,427125,HS-grad,9,Married-civ-spouse,Craft-repair,Unmarried,White,Male,0,0,51,United-States,<=50K
52,Self-emp-inc,415300,11th,7,Separated,Other-service,Wife,White,Female,0,0,28,Canada,<=50K
35,Private,481529,Bachelors,13,Divorced,Protective-serv,Not-in-family,White,Female,0,0,55,United-States,<=50K
54,Private,456097,HS-grad,9,Married-civ-spouse,Machine-op-inspct,Not-in-family,White,Male,0,0,42,India,<=50K
36,State-gov,408793,HS-grad,9,Married-civ-spouse,Sales,Wife,White,Male,0,0,36,United-States,<=50K
20,Private,186882,Masters,14,Married-civ-spouse,Handlers-cleaners,Unmarried,White,Male,0,0,34,United-States,<=50K
30,Federal-gov,209810,Bachelors,13,Never-married,Tech-support,Not-in-family,White,Male,0,0,20,United-States,<=50K
49,Self-emp-not-inc,43636,Bachelors,13,Married-civ-spouse,Prof-specialty,Unmarried,White,Male,0,0,39,United-States,<=50K
68,Private,115177,Assoc-voc,11,Never-married,Other-service,Wife,White,Male,0,1702,52,United-States,>50K
43,Local-gov,235558,HS-grad,9,Divorced,Transportation,Own-child,White,Male,0,0,58,United-States,<=50K
62,Local-gov,406039,HS-grad,9,Married-civ-spouse,Machine-op-inspct,Unmarried,White,Male,0,0,25,United-States,<=50K
58,Self-emp-inc,438273,Bachelors,13,Married-civ-spouse,Tech-support,Wife,Other,Male,0,0,49,United-States,<=50K
47,Private,315544,Assoc-voc,11,Married-civ-spouse,Sales,Not-in-family,White,Female,0,0,31,India,<=50K
59,Private,109060,HS-grad,9,Married-civ-spouse,Machine-op-inspct,Other-relative,White,Female,0,0,24,United-States,<=50K
38,Self-emp-not-inc,172688,Bachelors,13,Never-married,Prof-specialty,Other-relative,White,Female,0,0,43,United-States,<=50K
41,Private,116018,HS-grad,9,Never-married,Exec-managerial,Other-relative,Black,Male,0,0,21,United-States,<=50K
56,Private,408164,HS-grad,9,Never-married,Craft-repair,Not-in-family,Black,Male,0,0,27,Philippines,<=50K
51,Private,428830,Assoc-voc,11,Never-married,Prof-specialty,Husband,White,Male,0,0,30,Mexico,<=50K
45,Private,296298,HS-grad,9,Married-civ-spouse,Tech-support,Wife,White,Female,0,0,55,United-States,<=50K
40,Self-emp-not-inc,197524,HS-grad,9,Married-civ-spouse,Sales,Other-relative,White,Male,0,1515,26,Canada,<=50K
68,Private,394829,Masters,14,Married-civ-spouse,Other-service,Not-in-family,White,Female,0,0,31,United-States,<=50K
21,Private,412824,Some-college,10,Widowed,Protective-serv,Own-child,White,Male,0,0,59,United-States,<=50K
20,Private,263432,Some-college,10,Separated,Exec-managerial,Unmarried,White,Female,0,0,33,India,<=50K
42,Private,391298,Doctorate,16,Never-married,Exec-managerial,Own-child,White,Female,0,0,31,United-States,<=50K
19,Private,314006,HS-grad,9,Married-civ-spouse,Transportation,Own-child,White,Male,2770,2026,49,United-States,<=50K
35,Private,460209,Bachelors,13,Separated,Sales,Own-child,White,Male,0,0,21,United-States,<=50K
47,Private,195238,Some-college,10,Never-married,Machine-op-inspct,Own-child,White,Male,0,0,24,Mexico,<=50K
39,Private,106379,HS-grad,9,Married-civ-spouse,Transportation,Not-in-family,White,Male,0,0,35,United-States,<=50K
28,Private,186032,Bachelors,13,Widowed,Craft-repair,Unmarried,Other,Male,0,0,47,United-States,<=50K
32,Private,120518,Some-college,10,Divorced,Machine-op-inspct,Unmarried,White,Male,0,0,20,United-States,<=50K
49,Private,365920,Assoc-voc,11,Divorced,Tech-support,Own-child,White,Male,0,0,21,United-States,<=50K
67,Private,97756,11th,7,Divorced,Protective-serv,Own-child,Asian-Pac-Islander,Female,0,0,21,United-States,<=50K
58,Self-emp-not-inc,203607,Assoc-voc,11,Never-married,Other-service,Unmarried,Other,Male,0,0,48,United-States,<=50K
46,Private,20236,Some-college,10,Married-civ-spouse,Other-service,Not-in-family,Black,Female,0,0,49,Mexico,<=50K
25,Private,214687,HS-grad,9,Divorced,Transportation,Wife,White,Male,0,0,36,United-States,<=50K
30,Self-emp-not-inc,356688,Assoc-voc,11,Never-married,Craft-repair,Not-in-family,White,Female,0,0,24,United-States,<=50K
40,Self-emp-inc,163097,Some-college,10,Never-married,Prof-specialty,Other-relative,White,Male,0,0,51,United-States,<=50K
30,Private,427410,Bachelors,13,Never-married,Machine-op-inspct,Own-child,Black,Male,0,0,49,United-States,<=50K
53,Private,402384,Assoc-voc,11,Married-civ-spouse,Transportation,Not-in-family,White,Female,0,0,22,United-States,<=50K
37,Self-emp-inc,63715,HS-grad,9,Married-civ-spouse,Other-service,Other-relative,White,Male,0,0,49,United-States,<=50K
61,Private,417403,HS-grad,9,Separated,Sales,Husband,White,Female,0,0,57,United-States,<=50K
31,Local-gov,231049,Bachelors,13,Never-married,Prof-specialty,Unmarried,White,Male,6758,0,47,United-States,>50K
43,Private,95477,Bachelors,13,Married-civ-spouse,Prof-specialty,Husband,White,Male,0,0,34,Philippines,<=50K
55,Self-emp-not-inc,368903,HS-grad,9,Never-married,Craft-repair,Husband,White,Male,0,0,29,United-States,<=50K
28,Local-gov,349419,Bachelors,13,Separated,Prof-specialty,Wife,White,Male,0,0,35,Philippines,>50K
57,State-gov,98615,Doctorate,16,Married-civ-spouse,Tech-support,Husband,Black,Male,0,0,33,United-States,>50K
48,Private,137886,Some-college,10,Married-civ-spouse,Protective-serv,Not-in-family,Asian-Pac-Islander,Male,0,0,27,United-States,<=50K
51,Self-emp-not-inc,242785,HS-grad,9,Never-married,Machine-op-inspct,Not-in-family,White,Female,0,0,58,United-States,<=50K
41,Private,137007,Masters,14,Never-married,Exec-managerial,Own-child,White,Male,9023,0,25,United-States,<=50K
66,Private,286107,Masters,14,Never-married,Other-service,Unmarried,Asian-Pac-Islander,Male,0,0,31,United-States,<=50K
58,Local-gov,111448,11th,7,Divorced,Other-service,Wife,White,Male,0,0,22,United-States,<=50K
27,Private,381100,HS-grad,9,Never-married,Protective-serv,Unmarried,White,Male,0,0,43,United-States,<=50K
46,Federal-gov,126595,Assoc-voc,11,Divorced,Exec-managerial,Not-in-family,White,Male,0,0,24,United-States,<=50K
64,Private,54961,Masters,14,Never-married,Handlers-cleaners,Other-relative,White,Male,0,0,50,United-States,>50K
32,Private,209893,Bachelors,13,Married-civ-spouse,Handlers-cleaners,Unmarried,White,Female,0,0,42,United-States,<=50K
45,Private,129825,Some-college,10,Never-married,Exec-managerial,Wife,White,Male,0,0,40,United-States,<=50K
57,Private,160577,HS-grad,9,Never-married,Other-service,Husband,White,Male,647,0,49,United-States,<=50K
32,Private,217537,Some-college,10,Married-civ-spouse,Transportation,Other-relative,White,Female,0,0,57,United-States,<=50K
44,Private,119096,HS-grad,9,Married-civ-spouse,Machine-op-inspct,Not-in-family,White,Female,0,2937,24,United-States,<=50K
46,State-gov,66264,HS-grad,9,Married-civ-spouse,Craft-repair,Wife,White,Male,0,0,47,United-States,<=50K
27,Self-emp-inc,321410,11th,7,Married-civ-spouse,Handlers-cleaners,Unmarried,White,Female,0,0,25,United-States,<=50K
27,Self-emp-inc,331062,HS-grad,9,Never-married,Other-service,Other-relative,Black,Male,0,0,24,United-States,<=50K
47,Private,401543,11th,7,Married-civ-spouse,Prof-specialty,Not-in-family,White,Female,0,0,23,United-States,<=50K
27,Private,273056,Some-college,10,Married-civ-spouse,Craft-repair,Husband,White,Male,0,0,30,Mexico,<=50K
67,Self-emp-not-inc,227791,Assoc-voc,11,Never-married,Exec-managerial,Unmarried,White,Male,0,0,40,United-States,<=50K
45,Private,81178,HS-grad,9,Married-civ-spouse,Protective-serv,Not-in-family,White,Male,0,0,28,United-States,<=50K
54,Private,23711,Bachelors,13,Never-married,Craft-repair,Not-in-family,Black,Male,0,0,29,United-States,>50K
38,Local-gov,54304,Bachelors,13,Never-married,Other-service,Husband,White,Male,0,0,59,United-States,>50K
33,Private,307411,11th,7,Never-married,Machine-op-inspct,Other-relative,Black,Male,0,0,25,United-States,<=50K
43,Local-gov,246309,HS-grad,9,Married-civ-spouse,Handlers-cleaners,Unmarried,White,Female,3294,1862,23,India,<=50K
54,Private,417977,HS-grad,9,Never-married,Handlers-cleaners,Other-relative,Asian-Pac-Islander,Male,0,0,37,United-States,<=50K
38,Private,458224,11th,7,Divorced,Machine-op-inspct,Own-child,White,Female,0,886,47,United-States,<=50K
32,Private,314465,HS-grad,9,Married-civ-spouse,Handlers-cleaners,Wife,White,Male,0,0,44,United-States,<=50K
25,State-gov,119913,Bachelors,13,Never-married,Craft-repair,Own-child,White,Female,0,0,46,United-States,<=50K
46,Private,425774,HS-grad,9,Married-civ-spouse,Other-service,Not-in-family,White,Male,0,0,27,United-States,<=50K
53,Self-emp-not-inc,425813,HS-grad,9,Never-married,Exec-managerial,Wife,White,Male,0,0,36,United-States,<=50K
45,Private,25562,Bachelors,13,Never-married,Handlers-cleaners,Not-in-family,Asian-Pac-Islander,Male,0,0,51,United-States,<=50K
31,Local-gov,390675,Bachelors,13,Widowed,Machine-op-inspct,Unmarried,Asian-Pac-Islander,Male,0,2984,34,United-States,<=50K
30,Private,127288,Bachelors,13,Married-civ-spouse,Sales,Husband,White,Male,0,0,44,United-States,<=50K
37,Private,142996,Some-college,10,Never-married,Tech-support,Wife,Black,Male,0,0,25,United-States,<=50K
36,Self-emp-not-inc,332647,Masters,14,Divorced,Protective-serv,Own-child,Black,Male,0,0,51,Philippines,<=50K
28,Self-emp-inc,230228,10th,6,Separated,Sales,Wife,Amer-Indian-Eskimo,Male,802,0,60,United-States,<=50K
66,Self-emp-not-inc,200480,HS-grad,9,Married-civ-spouse,Other-service,Other-relative,White,Female,0,0,33,India,<=50K
35,Private,223804,Some-college,10,Married-civ-spouse,Other-service,Husband,White,Male,0,0,23,United-States,<=50K
31,Local-gov,114798,Some-college,10,Divorced,Other-service,Husband,Amer-Indian-Eskimo,Male,0,0,36,United-States,<=50K
49,Private,128879,Masters,14,Married-civ-spouse,Sales,Own-child,White,Male,0,0,55,United-States,>50K
59,State-gov,459263,Some-college,10,Married-civ-spouse,Protective-serv,Own-child,White,Male,4948,0,60,United-States,<=50K
42,Private,443143,Bachelors,13,Divorced,Craft-repair,Other-relative,White,Male,0,0,42,United-States,>50K
52,Private,213715,Some-college,10,Married-civ-spouse,Exec-managerial,Husband,White,Male,4160,0,44,United-States,<=50K
22,Private,466039,Bachelors,13,Never-married,Handlers-cleaners,Other-relative,White,Male,3445,0,46,United-States,<=50K
45,Private,425206,Assoc-voc,11,Never-married,Handlers-cleaners,Wife,White,Female,0,0,26,United-States,<=50K
21,Private,481073,Some-college,10,Married-civ-spouse,Transportation,Unmarried,White,Male,0,0,28,United-States,<=50K
25,Federal-gov,483537,Some-college,10,Never-married,Other-service,Not-in-family,White,Male,0,0,49,United-States,<=50K
48,Self-emp-not-inc,352029,HS-grad,9,Never-married,Craft-repair,Other-relative,White,Male,0,0,38,United-States,<=50K
28,Private,33026,Some-college,10,Married-civ-spouse,Transportation,Husband,White,Male,0,0,50,United-States,<=50K
19,Private,418749,HS-grad,9,Widowed,Exec-managerial,Other-relative,White,Male,0,0,36,United-States,<=50K
27,Self-emp-inc,474980,Assoc-voc,11,Never-married,Exec-managerial,Own-child,White,Female,0,0,59,United-States,<=50K
58,Local-gov,499386,Some-college,10,Never-married,Exec-managerial,Not-in-family,White,Female,0,0,51,United-States,>50K
48,Private,365752,HS-grad,9,Divorced,Craft-repair,Husband,Asian-Pac-Islander,Male,0,0,42,India,<=50K
37,Local-gov,497137,HS-grad,9,Married-civ-spouse,Machine-op-inspct,Not-in-family,White,Male,0,0,53,United-States,<=50K
68,Private,392853,Bachelors,13,Married-civ-spouse,Other-service,Unmarried,White,Female,0,0,44,Germany,>50K
38,Private,156751,11th,7,Married-civ-spouse,Other-service,Unmarried,White,Male,0,1920,29,United-States,<=50K
63,Self-emp-inc,108935,HS-grad,9,Married-civ-spouse,Machine-op-inspct,Unmarried,White,Female,8335,0,32,United-States,<=50K
35,Private,299342,HS-grad,9,Never-married,Machine-op-inspct,Other-relative,White,Male,0,1419,27,India,<=50K
19,Private,104730,Some-college,10,Married-civ-spouse,Transportation,Wife,White,Male,0,0,42,United-States,<=50K
23,Self-emp-not-inc,342415,10th,6,Married-civ-spouse,Machine-op-inspct,Own-child,White,Male,0,0,46,United-States,<=50K
32,Private,247170,Assoc-voc,11,Never-married,Tech-support,Husband,White,Male,0,0,21,United-States,<=50K
27,Private,280462,HS-grad,9,Never-married,Exec-managerial,Wife,White,Female,0,0,38,United-States,<=50K
26,Private,93307,Bachelors,13,Married-civ-spouse,Exec-managerial,Wife,White,Male,0,0,53,United-States,<=50K
37,Self-emp-inc,176166,Doctorate,16,Married-civ-spouse,Sales,Other-relative,White,Male,0,0,51,United-States,<=50K
68,Private,364175,Masters,14,Married-civ-spouse,Exec-managerial,Husband,Black,Female,0,0,48,United-States,<=50K
28,Private,346364,Some-college,10,Married-civ-spouse,Exec-managerial,Unmarried,White,Female,0,0,32,United-States,<=50K
30,State-gov,453278,Masters,14,Married-civ-spouse,Protective-serv,Other-relative,White,Male,0,0,47,United-States,<=50K
69,Self-emp-not-inc,409262,Bachelors,13,Never-married,Handlers-cleaners,Other-relative,White,Male,0,0,29,United-States,>50K
28,Private,476612,HS-grad,9,Separated,Protective-serv,Not-in-family,White,Male,0,0,47,United-States,<=50K
61,Private,126834,HS-grad,9,Divorced,Handlers-cleaners,Wife,White,Female,0,0,53,United-States,<=50K
50,Private,165576,Some-college,10,Never-married,Transportation,Not-in-family,White,Male,0,0,28,United-States,<=50K
66,Private,266442,HS-grad,9,Married-civ-spouse,Machine-op-inspct,Not-in-family,White,Male,0,0,50,India,<=50K
46,Private,268171,Some-college,10,Never-married,Other-service,Unmarried,White,Male,0,0,21,Canada,<=50K
48,Private,254796,Assoc-voc,11,Separated,Prof-specialty,Other-relative,White,Female,0,0,46,United-States,<=50K
29,Private,110963,Assoc-voc,11,Married-civ-spouse,Craft-repair,Other-relative,Black,Male,0,0,41,India,<=50K
47,Private,133505,HS-grad,9,Married-civ-spouse,Handlers-cleaners,Own-child,White,Male,0,0,59,United-States,<=50K
52,Private,181455,HS-grad,9,Separated,Craft-repair,Own-child,White,Female,0,0,42,United-States,<=50K
69,Private,470945,Bachelors,13,Married-civ-spouse,Other-service,Other-relative,White,Male,6347,0,21,United-States,>50K
23,Local-gov,152747,Some-college,10,Never-married,Handlers-cleaners,Not-in-family,White,Male,0,0,54,United-States,<=50K
26,Private,293484,HS-grad,9,Married-civ-spouse,Craft-repair,Own-child,White,Male,0,0,30,United-States,<=50K
19,Self-emp-not-inc,267714,Doctorate,16,Divorced,Prof-specialty,Own-child,White,Female,0,0,47,United-States,<=50K
59,Private,212339,HS-grad,9,Married-civ-spouse,Prof-specialty,Not-in-family,White,Male,0,0,51,United-States,<=50K
22,Private,146956,HS-grad,9,Married-civ-spouse,Other-service,Not-in-family,White,Female,0,0,33,Mexico,<=50K
65,Private,267840,Masters,14,Married-civ-spouse,Sales,Own-child,White,Male,0,0,21,United-States,<=50K
36,Private,28653,Bachelors,13,Married-civ-spouse,Machine-op-inspct,Husband,White,Male,0,0,41,United-States,<=50K
32,Federal-gov,467772,Some-college,10,Widowed,Machine-op-inspct,Unmarried,White,Male,0,1359,36,Canada,<=50K
68,Private,147372,Bachelors,13,Married-civ-spouse,Prof-specialty,Wife,Black,Male,0,0,41,United-States,>50K
55,Private,396963,11th,7,Married-civ-spouse,Prof-specialty,Husband,White,Male,0,2890,57,Mexico,<=50K
46,Private,84856,HS-grad,9,Divorced,Sales,Wife,Asian-Pac-Islander,Female,0,0,48,United-States,<=50K
64,Private,401401,Bachelors,13,Never-married,Protective-serv,Unmarried,Black,Male,5701,0,29,Germany,<=50K
57,Private,38929,HS-grad,9,Never-married,Tech-support,Wife,Asian-Pac-Islander,Male,0,0,50,United-States,<=50K
51,Private,217111,Some-college,10,Widowed,Tech-support,Other-relative,White,Male,9985,0,31,United-States,<=50K
34,Private,246627,Some-college,10,Married-civ-spouse,Machine-op-inspct,Own-child,Black,Male,0,0,45,India,<=50K
69,Private,478805,Some-college,10,Married-civ-spouse,Craft-repair,Not-in-family,White,Female,7238,0,30,United-States,<=50K
55,Federal-gov,327820,HS-grad,9,Never-married,Machine-op-inspct,Other-relative,White,Female,0,0,55,United-States,<=50K
67,Private,328408,Doctorate,16,Never-married,Tech-support,Wife,White,Female,0,0,39,United-States,<=50K
68,Local-gov,454451,Some-college,10,Never-married,Other-service,Own-child,White,Female,0,0,33,United-States,<=50K
46,Private,440644,Assoc-voc,11,Married-civ-spouse,Handlers-cleaners,Other-relative,Amer-Indian-Eskimo,Male,0,0,60,United-States,<=50K
36,Private,118920,Some-college,10,Married-civ-spouse,Other-service,Unmarried,White,Female,9403,0,53,United-States,<=50K
67,Private,210135,Assoc-voc,11,Never-married,Handlers-cleaners,Unmarried,White,Female,0,0,27,United-States,>50K
69,Private,56438,Bachelors,13,Married-civ-spouse,Other-service,Wife,White,Male,7122,0,21,United-States,<=50K
24,Private,380470,Some-college,10,Widowed,Protective-serv,Wife,White,Male,1528,0,55,United-States,<=50K
51,State-gov,369501,Bachelors,13,Widowed,Protective-serv,Unmarried,Black,Female,0,0,54,United-States,<=50K
49,State-gov,41153,Masters,14,Divorced,Protective-serv,Other-relative,Asian-Pac-Islander,Female,0,1663,30,United-States,>50K
56,Private,268362,Some-college,10,Married-civ-spouse,Other-service,Wife,White,Male,0,2418,32,United-States,<=50K
68,Private,431957,Some-college,10,Married-civ-spouse,Machine-op-inspct,Not-in-family,White,Male,0,0,47,United-States,<=50K
31,Self-emp-inc,459171,Bachelors,13,Married-civ-spouse,Sales,Wife,White,Male,0,0,48,United-States,<=50K
68,Local-gov,181549,Bachelors,13,Never-married,Transportation,Husband,White,Male,0,0,38,United-States,>50K
51,Private,244009,Some-college,10,Divorced,Sales,Husband,White,Female,0,0,49,United-States,<=50K
22,Private,171251,Masters,14,Married-civ-spouse,Transportation,Own-child,White,Male,0,0,32,United-States,<=50K
44,Self-emp-not-inc,436578,Some-college,10,Married-civ-spouse,Handlers-cleaners,Wife,White,Male,0,0,35,United-States,<=50K
24,Private,160919,Some-college,10,Never-married,Machine-op-inspct,Other-relative,White,Male,0,0,39,United-States,<=50K
67,Private,51221,Bachelors,13,Never-married,Exec-managerial,Husband,White,Male,1979,0,29,Philippines,>50K
57,Private,407409,10th,6,Divorced,Exec-managerial,Wife,White,Female,0,2018,53,United-States,<=50K
65,Private,497128,HS-grad,9,Never-married,Sales,Not-in-family,White,Female,0,0,50,United-States,<=50K
49,Private,96368,HS-grad,9,Never-married,Sales,Own-child,White,Male,0,0,41,United-States,<=50K
38,Private,217860,HS-grad,9,Married-civ-spouse,Exec-managerial,Wife,Amer-Indian-Eskimo,Male,0,0,32,United-States,<=50K
40,Private,386974,Bachelors,13,Married-civ-spouse,Exec-managerial,Husband,White,Male,0,0,40,United-States,>50K
67,Private,436187,Some-college,10,Never-married,Machine-op-inspct,Husband,Amer-Indian-Eskimo,Female,0,0,33,United-States,<=50K
25,Private,37813,Some-college,10,Never-married,Transportation,Wife,White,Female,0,0,29,United-States,<=50K
64,Private,37531,HS-grad,9,Divorced,Transportation,Wife,White,Male,0,0,46,United-States,>50K
39,Local-gov,464716,Assoc-voc,11,Separated,Protective-serv,Not-in-family,White,Male,0,0,28,United-States,<=50K
48,Private,109963,Some-college,10,Married-civ-spouse,Handlers-cleaners,Other-relative,White,Female,0,0,48,United-States,<=50K
52,Private,42955,Bachelors,13,Divorced,Transportation,Husband,White,Female,0,1940,47,United-States,<=50K
22,Private,302281,HS-grad,9,Never-married,Exec-managerial,Own-child,White,Female,0,0,20,United-States,<=50K
25,Federal-gov,165392,HS-grad,9,Married-civ-spouse,Exec-managerial,Own-child,White,Male,7906,0,27,United-States,<=50K
26,Private,27301,HS-grad,9,Married-civ-spouse,Exec-managerial,Husband,Black,Female,0,2625,40,United-States,<=50K
58,Private,240393,Some-college,10,Divorced,Tech-support,Own-child,White,Male,0,0,21,Philippines,<=50K
21,Private,288456,Some-college,10,Divorced,Sales,Husband,Black,Male,0,0,53,United-States,<=50K
49,Private,327398,HS-grad,9,Never-married,Sales,Wife,White,Male,4996,0,43,United-States,<=50K
23,Federal-gov,150010,Some-college,10,Never-married,Machine-op-inspct,Other-relative,Other,Male,2818,0,36,United-States,<=50K
57,Private,493575,HS-grad,9,Divorced,Other-service,Wife,White,Male,0,0,37,United-States,<=50K
68,Self-emp-not-inc,274488,Some-college,10,Never-married,Protective-serv,Other-relative,Other,Male,0,0,34,India,<=50K
39,Self-emp-not-inc,56467,HS-grad,9,Married-civ-spouse,Sales,Husband,White,Female,0,0,47,United-States,<=50K
29,Federal-gov,379395,HS-grad,9,Married-civ-spouse,Sales,Own-child,White,Female,0,0,45,Mexico,<=50K
41,State-gov,208557,HS-grad,9,Never-married,Tech-support,Unmarried,White,Female,0,0,22,United-States,<=50K
53,Private,320850,Bachelors,13,Married-civ-spouse,Prof-specialty,Not-in-family,White,Female,0,0,27,United-States,<=50K
55,Private,344630,11th,7,Married-civ-spouse,Tech-support,Other-relative,White,Male,0,0,53,Mexico,<=50K
51,Private,377648,Bachelors,13,Divorced,Other-service,Wife,White,Female,0,0,57,United-States,>50K
48,Private,102947,HS-grad,9,Never-married,Prof-specialty,Wife,Black,Male,0,0,54,United-States,<=50K
50,Self-emp-inc,186648,10th,6,Never-married,Protective-serv,Own-child,Black,Female,9822,0,29,United-States,<=50K
29,Private,486108,10th,6,Never-married,Exec-managerial,Wife,White,Male,7702,0,54,United-States,<=50K
28,Private,363958,Some-college,10,Never-married,Other-service,Other-relative,White,Male,0,0,48,United-States,<=50K
66,Self-emp-not-inc,37697,HS-grad,9,Married-civ-spouse,Transportation,Own-child,White,Female,7002,0,28,United-States,<=50K
48,Private,277760,Masters,14,Married-civ-spouse,Sales,Other-relative,White,Female,0,0,47,United-States,>50K
62,Private,391406,10th,6,Never-married,Sales,Husband,White,Male,0,0,51,United-States,<=50K
50,Federal-gov,263971,Masters,14,Widowed,Tech-support,Own-child,White,Male,0,0,49,United-States,<=50K
41,Private,378960,Bachelors,13,Never-married,Sales,Wife,White,Male,0,0,59,United-States,<=50K
47,Private,320563,Bachelors,13,Married-civ-spouse,Other-service,Other-relative,White,Female,0,0,54,United-States,<=50K
53,Private,412490,10th,6,Divorced,Sales,Wife,White,Male,0,0,49,United-States,<=50K
27,Private,261817,HS-grad,9,Married-civ-spouse,Craft-repair,Own-child,White,Female,0,0,41,United-States,<=50K
42,Private,482034,HS-grad,9,Never-married,Craft-repair,Own-child,White,Male,0,2827,45,India,<=50K
55,Private,234246,Assoc-voc,11,Widowed,Machine-op-inspct,Other-relative,White,Male,6199,0,57,United-States,<=50K
22,Private,339726,HS-grad,9,Married-civ-spouse,Exec-managerial,Own-child,White,Male,0,0,36,United-States,<=50K
21,Self-emp-not-inc,171705,Some-college,10,Never-married,Protective-serv,Other-relative,Asian-Pac-Islander,Male,1586,0,45,United-States,<=50K
26,Private,400234,HS-grad,9,Never-married,Prof-specialty,Husband,White,Male,0,0,34,Germany,<=50K
48,Private,308799,HS-grad,9,Widowed,Prof-specialty,Other-relative,White,Female,0,0,59,United-States,<=50K
30,Private,77471,HS-grad,9,Never-married,Exec-managerial,Not-in-family,White,Male,0,0,56,United-States,<=50K
40,Private,162231,Bachelors,13,Divorced,Sales,Husband,Other,Male,0,0,23,United-States,<=50K
24,Private,305308,Some-college,10,Never-married,Other-service,Husband,White,Female,5156,0,26,Mexico,<=50K
31,Private,20194,Bachelors,13,Never-married,Transportation,Wife,Black,Male,0,0,54,Mexico,<=50K
18,Private,466037,HS-grad,9,Divorced,Exec-managerial,Unmarried,Black,Male,0,0,45,United-States,<=50K
59,Federal-gov,50006,11th,7,Widowed,Transportation,Wife,Other,Female,0,0,45,United-States,<=50K
42,Private,70476,Bachelors,13,Never-married,Machine-op-inspct,Own-child,Black,Male,0,0,26,United-States,>50K
27,State-gov,442112,10th,6,Never-married,Protective-serv,Own-child,White,Male,0,278,56,India,<=50K
45,Private,113726,Some-college,10,Married-civ-spouse,Transportation,Wife,White,Male,0,0,51,United-States,<=50K
66,Self-emp-not-inc,426245,HS-grad,9,Married-civ-spouse,Protective-serv,Own-child,Other,Male,0,0,34,United-States,<=50K
60,Private,184005,Masters,14,Married-civ-spouse,Transportation,Wife,White,Male,0,0,56,United-States,>50K
63,Self-emp-inc,479605,Assoc-voc,11,Never-married,Machine-op-inspct,Other-relative,Black,Female,4188,0,46,United-States,>50K
39,Local-gov,163543,HS-grad,9,Widowed,Protective-serv,Husband,Asian-Pac-Islander,Male,0,0,55,United-States,<=50K
36,Private,234558,Bachelors,13,Never-married,Machine-op-inspct,Not-in-family,White,Female,1509,0,41,United-States,<=50K
34,Private,446139,Bachelors,13,Never-married,Transportation,Wife,White,Female,0,0,36,Philippines,<=50K
33,State-gov,150195,HS-grad,9,Married-civ-spouse,Other-service,Not-in-family,White,Male,7945,0,51,United-States,<=50K
65,State-gov,152411,Bachelors,13,Never-married,Transportation,Not-in-family,White,Male,0,0,22,Philippines,<=50K
25,State-gov,499361,HS-grad,9,Married-civ-spouse,Prof-specialty,Not-in-family,White,Male,0,0,46,United-States,<=50K
62,Private,92311,HS-grad,9,Married-civ-spouse,Craft-repair,Not-in-family,White,Male,724,0,58,United-States,<=50K
65,Private,311994,Assoc-voc,11,Married-civ-spouse,Craft-repair,Wife,Other,Female,0,0,56,United-States,<=50K
61,Private,201648,Some-college,10,Married-civ-spouse,Machine-op-inspct,Not-in-family,Asian-Pac-Islander,Male,0,0,32,United-States,<=50K
50,Self-emp-not-inc,455888,Masters,14,Never-married,Transportation,Wife,White,Male,0,0,37,United-States,<=50K
62,Private,275963,Masters,14,Divorced,Protective-serv,Own-child,Black,Male,7260,0,29,United-States,<=50K
19,Private,191505,10th,6,Married-civ-spouse,Protective-serv,Wife,White,Female,0,0,43,United-States,<=50K
60,Private,183981,Some-college,10,Married-civ-spouse,Transportation,Not-in-family,White,Male,0,0,47,United-States,<=50K
44,Private,390838,Some-college,10,Never-married,Handlers-cleaners,Other-relative,Amer-Indian-Eskimo,Male,0,0,54,United-States,<=50K
67,Self-emp-not-inc,69719,HS-grad,9,Married-civ-spouse,Transportation,Not-in-family,Amer-Indian-Eskimo,Male,0,0,54,Mexico,<=50K
22,Private,394250,Bachelors,13,Divorced,Craft-repair,Husband,White,Female,0,0,42,United-States,>50K
66,Federal-gov,65413,Some-college,10,Married-civ-spouse,Transportation,Husband,White,Male,0,0,31,United-States,<=50K
47,Private,335841,Masters,14,Divorced,Prof-specialty,Wife,White,Male,0,0,37,United-States,>50K
23,Private,197375,Some-college,10,Never-married,Machine-op-inspct,Not-in-family,White,Female,0,0,35,United-States,<=50K
44,Private,136492,HS-grad,9,Widowed,Machine-op-inspct,Wife,White,Female,0,0,39,United-States,<=50K
19,Private,145103,Assoc-voc,11,Never-married,Protective-serv,Unmarried,White,Male,0,0,31,United-States,<=50K
22,Private,419257,Assoc-voc,11,Never-married,Transportation,Not-in-family,Black,Female,0,0,51,United-States,<=50K
45,Federal-gov,440339,Some-college,10,Married-civ-spouse,Craft-repair,Unmarried,White,Male,0,0,47,United-States,<=50K
60,Private,245280,Bachelors,13,Never-married,Transportation,Unmarried,White,Female,0,0,58,Germany,>50K
23,Private,23563,Some-college,10,Married-civ-spouse,Sales,Husband,White,Female,0,0,22,United-States,<=50K
31,Self-emp-not-inc,381958,Masters,14,Never-married,Other-service,Unmarried,White,Male,0,0,28,United-States,<=50K
38,Private,76316,Some-college,10,Married-civ-spouse,Machine-op-inspct,Husband,White,Male,0,0,20,Germany,<=50K
46,Private,280290,Bachelors,13,Married-civ-spouse,Handlers-cleaners,Husband,White,Male,0,0,30,United-States,<=50K
18,Private,442018,HS-grad,9,Married-civ-spouse,Tech-support,Not-in-family,White,Male,0,0,24,United-States,<=50K
51,Private,71100,HS-grad,9,Married-civ-spouse,Handlers-cleaners,Not-in-family,White,Male,4495,0,27,United-States,<=50K
43,Private,182669,Masters,14,Never-married,Sales,Not-in-family,White,Female,0,0,43,United-States,>50K
68,Private,229924,Some-college,10,Divorced,Handlers-cleaners,Husband,White,Male,0,0,27,United-States,<=50K
33,Private,101138,HS-grad,9,Married-civ-spouse,Tech-support,Husband,Black,Male,0,0,43,United-States,<=50K
43,Private,201896,HS-grad,9,Married-civ-spouse,Protective-serv,Other-relative,White,Male,6868,0,22,Canada,<=50K
22,Private,195621,Some-college,10,Never-married,Prof-specialty,Not-in-family,White,Male,0,0,47,United-States,<=50K
65,Private,464835,Masters,14,Never-married,Transportation,Own-child,White,Male,0,0,52,United-States,<=50K
61,Private,50353,Some-college,10,Married-civ-spouse,Exec-managerial,Wife,White,Female,0,0,53,India,<=50K
36,Private,421746,Masters,14,Married-civ-spouse,Tech-support,Wife,White,Male,0,0,33,United-States,>50K
41,Private,423076,Assoc-voc,11,Divorced,Craft-repair,Wife,White,Male,9004,0,33,United-States,<=50K
62,Private,172223,Some-college,10,Widowed,Other-service,Own-child,White,Male,0,0,37,United-States,>50K
33,Federal-gov,415632,Doctorate,16,Married-civ-spouse,Transportation,Other-relative,White,Male,0,0,56,United-States,<=50K
30,Private,312934,HS-grad,9,Married-civ-spouse,Tech-support,Own-child,White,Male,0,0,55,United-States,<=50K
30,Private,474830,Some-college,10,Married-civ-spouse,Transportation,Own-child,Amer-Indian-Eskimo,Male,0,0,41,Philippines,<=50K
54,Private,231872,HS-grad,9,Married-civ-spouse,Prof-specialty,Unmarried,White,Male,0,0,57,United-States,<=50K
28,Private,148849,HS-grad,9,Married-civ-spouse,Prof-specialty,Husband,White,Male,0,0,31,United-States,<=50K
22,Private,334976,HS-grad,9,Married-civ-spouse,Handlers-cleaners,Husband,White,Male,0,0,42,United-States,<=50K
26,Private,228931,HS-grad,9,Never-married,Machine-op-inspct,Unmarried,Black,Female,0,0,27,United-States,<=50K
69,Private,228205,Assoc-voc,11,Never-married,Protective-serv,Unmarried,White,Female,0,0,23,United-States,<=50K
63,Private,113921,Bachelors,13,Married-civ-spouse,Transportation,Own-child,White,Male,0,0,48,United-States,<=50K
67,Private,215529,11th,7,Married-civ-spouse,Exec-managerial,Wife,White,Male,0,0,38,United-States,<=50K
32,Private,252258,Bachelors,13,Never-married,Handlers-cleaners,Husband,White,Male,0,0,43,United-States,<=50K
40,Private,393218,Bachelors,13,Never-married,Machine-op-inspct,Husband,Black,Male,0,0,57,United-States,<=50K
43,Private,437322,HS-grad,9,Never-married,Handlers-cleaners,Unmarried,Black,Male,0,0,40,United-States,<=50K
45,Private,475938,Bachelors,13,Divorced,Prof-specialty,Other-relative,White,Female,0,0,56,United-States,>50K
19,State-gov,132350,Some-college,10,Divorced,Protective-serv,Unmarried,White,Male,0,0,43,United-States,<=50K
49,Private,41772,11th,7,Separated,Exec-managerial,Not-in-family,White,Male,0,0,33,United-States,<=50K
20,Private,174442,11th,7,Divorced,Handlers-cleaners,Not-in-family,White,Male,0,0,23,United-States,<=50K
32,Federal-gov,30355,HS-grad,9,Never-married,Protective-serv,Unmarried,Asian-Pac-Islander,Male,9159,0,59,United-States,<=50K
33,Private,471104,Bachelors,13,Never-married,Craft-repair,Own-child,White,Male,0,0,52,United-States,>50K
53,Private,270687,Bachelors,13,Married-civ-spouse,Prof-specialty,Not-in-family,Asian-Pac-Islander,Female,0,0,33,United-States,>50K
64,Private,346506,Bachelors,13,Married-civ-spouse,Craft-repair,Wife,Asian-Pac-Islander,Male,0,0,49,United-States,<=50K
54,Self-emp-not-inc,366771,HS-grad,9,Married-civ-spouse,Protective-serv,Not-in-family,White,Female,0,0,53,United-States,<=50K
40,Private,89600,Bachelors,13,Never-married,Protective-serv,Wife,White,Female,0,2984,20,United-States,<=50K
45,Federal-gov,459711,Doctorate,16,Separated,Transportation,Wife,White,Male,0,0,58,United-States,>50K
44,Self-emp-not-inc,463852,Some-college,10,Never-married,Craft-repair,Own-child,White,Male,0,0,25,United-States,<=50K
25,Private,159791,Some-college,10,Married-civ-spouse,Exec-managerial,Unmarried,White,Male,0,0,25,United-States,<=50K
67,Private,299894,HS-grad,9,Divorced,Sales,Wife,White,Male,0,0,38,United-States,<=50K
65,Self-emp-inc,248911,11th,7,Married-civ-spouse,Exec-managerial,Not-in-family,White,Female,0,0,31,United-States,<=50K
30,Local-gov,141176,HS-grad,9,Married-civ-spouse,Handlers-cleaners,Not-in-family,White,Female,0,0,35,United-States,<=50K
23,Federal-gov,416924,HS-grad,9,Married-civ-spouse,Prof-specialty,Not-in-family,Amer-Indian-Eskimo,Male,0,0,42,Mexico,<=50K
26,Private,393616,HS-grad,9,Divorced,Exec-managerial,Husband,White,Female,0,0,37,United-States,<=50K
50,Self-emp-not-inc,183848,Assoc-voc,11,Divorced,Handlers-cleaners,Other-relative,White,Male,0,0,35,United-States,<=50K
19,Self-emp-not-inc,438368,Bachelors,13,Married-civ-spouse,Prof-specialty,Other-relative,White,Female,0,0,42,Mexico,<=50K
23,State-gov,51525,HS-grad,9,Married-civ-spouse,Exec-managerial,Husband,White,Female,0,0,60,United-States,<=50K
51,Private,153645,HS-grad,9,Divorced,Prof-specialty,Own-child,Asian-Pac-Islander,Female,0,0,48,Philippines,<=50K
25,Self-emp-inc,426829,Masters,14,Married-civ-spouse,Transportation,Unmarried,White,Male,0,0,36,United-States,>50K
21,Self-emp-not-inc,274949,Some-college,10,Married-civ-spouse,Exec-managerial,Wife,White,Male,0,0,48,United-States,<=50K
19,Local-gov,148032,HS-grad,9,Married-civ-spouse,Protective-serv,Not-in-family,White,Female,0,0,54,India,<=50K
54,Self-emp-not-inc,337624,10th,6,Never-married,Craft-repair,Other-relative,Other,Male,0,0,21,Germany,<=50K
36,Local-gov,494372,HS-grad,9,Married-civ-spouse,Tech-support,Other-relative,White,Male,0,0,28,United-States,<=50K
32,Private,176962,Some-college,10,Widowed,Tech-support,Own-child,Amer-Indian-Eskimo,Male,0,0,60,United-States,<=50K
51,Private,141524,HS-grad,9,Never-married,Exec-managerial,Other-relative,White,Female,0,0,60,United-States,<=50K
26,Private,85018,Masters,14,Never-married,Machine-op-inspct,Unmarried,Amer-Indian-Eskimo,Female,0,0,48,United-States,<=50K
45,Federal-gov,321198,Masters,14,Never-married,Other-service,Own-child,White,Male,0,0,49,United-States,>50K
43,Private,238960,Some-college,10,Married-civ-spouse,Handlers-cleaners,Unmarried,Black,Female,0,0,57,United-States,<=50K
53,Private,466056,Bachelors,13,Never-married,Craft-repair,Other-relative,White,Female,0,1535,20,United-States,<=50K
50,State-gov,91420,Assoc-voc,11,Married-civ-spouse,Protective-serv,Not-in-family,White,Male,0,0,41,United-States,<=50K
53,Local-gov,145610,Assoc-voc,11,Never-married,Other-service,Other-relative,White,Male,0,0,27,India,<=50K
29,Private,416621,Some-college,10,Never-married,Tech-support,Wife,White,Male,0,0,59,United-States,<=50K
25,Self-emp-inc,224622,Some-college,10,Never-married,Machine-op-inspct,Husband,White,Male,0,0,24,India,<=50K
45,Private,242069,Assoc-voc,11,Never-married,Prof-specialty,Other-relative,White,Male,9186,0,24,United-States,<=50K
20,Private,226347,HS-grad,9,Divorced,Protective-serv,Other-relative,Asian-Pac-Islander,Male,0,0,44,United-States,<=50K
41,Private,358528,HS-grad,9,Separated,Handlers-cleaners,Unmarried,White,Female,0,0,33,United-States,<=50K
50,Self-emp-inc,275221,HS-grad,9,Married-civ-spouse,Prof-specialty,Not-in-family,White,Male,0,0,54,United-States,<=50K
60,Private,68727,Assoc-voc,11,Divorced,Transportation,Own-child,White,Male,0,0,32,United-States,<=50K
51,Private,197264,HS-grad,9,Never-married,Exec-managerial,Unmarried,White,Male,0,0,52,United-States,<=50K
69,Self-emp-not-inc,333013,HS-grad,9,Separated,Sales,Unmarried,White,Male,0,0,36,United-States,<=50K
46,Private,275997,Bachelors,13,Married-civ-spouse,Sales,Other-relative,White,Male,0,586,43,Germany,<=50K
41,Federal-gov,314697,HS-grad,9,Married-civ-spouse,Sales,Other-relative,White,Male,0,0,59,United-States,<=50K
30,Private,321458,HS-grad,9,Married-civ-spouse,Transportation,Wife,Black,Male,0,0,45,Germany,<=50K
53,Federal-gov,83085,Some-college,10,Married-civ-spouse,Prof-specialty,Unmarried,White,Male,3578,0,27,United-States,<=50K
60,Private,165545,HS-grad,9,Never-married,Handlers-cleaners,Husband,White,Male,1996,2595,58,United-States,>50K
34,Self-emp-inc,57846,10th,6,Never-married,Other-service,Other-relative,White,Male,0,0,58,United-States,<=50K
21,Self-emp-not-inc,318970,HS-grad,9,Married-civ-spouse,Machine-op-inspct,Wife,White,Male,0,0,38,United-States,<=50K
18,Private,176089,Assoc-voc,11,Married-civ-spouse,Craft-repair,Husband,Asian-Pac-Islander,Male,0,0,35,United-States,<=50K
50,Private,119457,Some-college,10,Widowed,Other-service,Other-relative,Black,Male,0,0,50,Canada,<=50K
52,Local-gov,358056,HS-grad,9,Never-married,Tech-support,Own-child,Asian-Pac-Islander,Male,0,0,42,United-States,<=50K
24,Private,145081,HS-grad,9,Married-civ-spouse,Handlers-cleaners,Unmarried,White,Male,0,0,23,United-States,<=50K
19,Self-emp-not-inc,100168,Some-college,10,Married-civ-spouse,Other-service,Wife,White,Male,0,0,33,United-States,<=50K
52,Private,57586,Some-college,10,Never-married,Transportation,Other-relative,White,Male,0,0,23,United-States,<=50K
38,Self-emp-not-inc,169888,HS-grad,9,Married-civ-spouse,Exec-managerial,Not-in-family,White,Female,0,0,32,United-States,<=50K
39,Private,432898,11th,7,Married-civ-spouse,Craft-repair,Other-relative,White,Male,0,0,27,United-States,<=50K
31,Private,146567,Some-college,10,Married-civ-spouse,Sales,Unmarried,White,Female,0,0,60,United-States,<=50K
55,Private,225699,11th,7,Never-married,Sales,Not-in-family,White,Male,0,0,59,United-States,<=50K
56,Private,259397,HS-grad,9,Never-married,Prof-specialty,Own-child,White,Male,0,0,20,United-States,<=50K
20,Private,160023,HS-grad,9,Never-married,Sales,Not-in-family,White,Male,0,0,51,United-States,<=50K
22,Local-gov,375079,Bachelors,13,Divorced,Protective-serv,Not-in-family,White,Male,0,0,53,United-States,<=50K
46,Self-emp-not-inc,342064,HS-grad,9,Divorced,Machine-op-inspct,Unmarried,White,Male,0,0,57,United-States,<=50K
49,State-gov,30741,HS-grad,9,Never-married,Craft-repair,Wife,White,Male,0,0,56,United-States,<=50K
25,Self-emp-inc,194200,HS-grad,9,Married-civ-spouse,Prof-specialty,Husband,White,Female,0,0,33,United-States,<=50K
26,Private,405369,HS-grad,9,Separated,Prof-specialty,Own-child,White,Male,0,0,39,United-States,<=50K
53,Private,257746,Masters,14,Never-married,Other-service,Own-child,White,Female,6787,0,26,United-States,>50K
41,State-gov,72701,HS-grad,9,Never-married,Machine-op-inspct,Unmarried,Asian-Pac-Islander,Male,0,0,55,United-States,<=50K
24,Private,196161,10th,6,Never-married,Other-service,Wife,Amer-Indian-Eskimo,Male,0,0,22,United-States,<=50K
49,Private,201031,HS-grad,9,Never-married,Transportation,Husband,White,Female,0,0,40,United-States,<=50K
21,Federal-gov,150328,Some-college,10,Divorced,Exec-managerial,Husband,White,Male,0,0,37,United-States,<=50K
29,State-gov,135855,Some-college,10,Divorced,Sales,Unmarried,Black,Male,0,0,33,United-States,<=50K
55,Private,485504,Some-college,10,Married-civ-spouse,Protective-serv,Not-in-family,Black,Male,0,0,59,United-States,<=50K
29,Private,379839,Assoc-voc,11,Married-civ-spouse,Protective-serv,Unmarried,White,Female,0,0,39,United-States,<=50K
21,Private,24558,Assoc-voc,11,Divorced,Prof-specialty,Wife,Other,Male,0,0,21,Mexico,<=50K
67,Self-emp-not-inc,443838,HS-grad,9,Never-married,Protective-serv,Husband,Black,Male,0,0,54,United-States,<=50K
29,Private,175173,Some-college,10,Never-married,Other-service,Own-child,Asian-Pac-Islander,Female,0,254,58,United-States,<=50K
44,Self-emp-not-inc,140480,Assoc-voc,11,Never-married,Transportation,Wife,White,Female,0,0,34,India,<=50K
60,Private,339234,HS-grad,9,Divorced,Protective-serv,Husband,White,Male,0,0,31,United-States,<=50K
69,Private,471239,Bachelors,13,Married-civ-spouse,Other-service,Unmarried,White,Male,0,0,48,Philippines,<=50K
60,Private,241737,HS-grad,9,Married-civ-spouse,Handlers-cleaners,Own-child,White,Female,0,0,22,United-States,<=50K
35,Private,464924,Some-college,10,Married-civ-spouse,Transportation,Husband,White,Male,0,0,46,United-States,<=50K
62,Self-emp-inc,258259,Some-college,10,Never-married,Craft-repair,Wife,White,Female,0,0,27,United-States,<=50K
18,Private,260117,Some-college,10,Married-civ-spouse,Machine-op-inspct,Own-child,Black,Female,0,0,28,India,<=50K
34,Federal-gov,299545,Assoc-voc,11,Divorced,Prof-specialty,Unmarried,White,Male,0,0,24,Mexico,<=50K
28,Private,474440,Bachelors,13,Separated,Machine-op-inspct,Not-in-family,White,Male,0,0,46,United-States,<=50K
45,State-gov,385934,Assoc-voc,11,Married-civ-spouse,Sales,Not-in-family,White,Male,0,0,47,United-States,<=50K
64,Self-emp-not-inc,334365,Masters,14,Never-married,Other-service,Not-in-family,Amer-Indian-Eskimo,Male,0,0,39,United-States,>50K
58,Private,69170,Some-college,10,Widowed,Other-service,Other-relative,Amer-Indian-Eskimo,Female,0,0,59,United-States,<=50K
69,State-gov,119099,Some-college,10,Married-civ-spouse,Tech-support,Wife,White,Female,0,0,23,United-States,>50K
25,Private,48857,Some-college,10,Never-married,Transportation,Own-child,White,Female,5174,0,60,Philippines,<=50K
57,Private,213575,Assoc-voc,11,Never-married,Sales,Own-child,White,Female,0,0,53,United-States,<=50K
55,Local-gov,180202,HS-grad,9,Never-married,Handlers-cleaners,Husband,White,Male,0,0,22,United-States,<=50K
41,Local-gov,33114,11th,7,Married-civ-spouse,Other-service,Not-in-family,Black,Male,0,0,37,United-States,<=50K
23,Self-emp-not-inc,239377,Bachelors,13,Married-civ-spouse,Sales,Other-relative,Other,Male,0,0,42,United-States,<=50K
23,State-gov,126029,Bachelors,13,Never-married,Transportation,Not-in-family,White,Male,0,0,44,United-States,<=50K
65,Private,412489,Some-college,10,Never-married,Sales,Husband,White,Female,0,0,37,United-States,<=50K
33,Private,227537,Bachelors,13,Married-civ-spouse,Machine-op-inspct,Own-child,White,Male,0,0,32,United-States,<=50K
51,Private,25655,Bachelors,13,Married-civ-spouse,Tech-support,Own-child,White,Female,0,0,31,United-States,>50K
67,Private,366378,Bachelors,13,Never-married,Handlers-cleaners,Husband,White,Male,0,0,44,India,>50K
43,Private,322885,HS-grad,9,Never-married,Protective-serv,Not-in-family,White,Male,0,0,42,United-States,<=50K
28,Private,374566,Bachelors,13,Divorced,Machine-op-inspct,Not-in-family,Asian-Pac-Islander,Male,0,0,35,United-States,<=50K
43,Private,181379,Some-college,10,Widowed,Tech-support,Other-relative,White,Male,0,0,30,United-States,<=50K
29,Private,473098,Bachelors,13,Married-civ-spouse,Handlers-cleaners,Other-relative,White,Male,0,0,40,United-States,<=50K
27,Private,235547,Bachelors,13,Married-civ-spouse,Exec-managerial,Unmarried,White,Male,4696,0,29,United-States,<=50K
60,Self-emp-not-inc,314499,HS-grad,9,Divorced,Other-service,Own-child,Black,Male,0,0,37,United-States,<=50K
35,Private,292920,Masters,14,Never-married,Craft-repair,Wife,Black,Male,0,0,59,United-States,>50K
53,Self-emp-not-inc,296029,Some-college,10,Separated,Tech-support,Not-in-family,Black,Male,0,0,50,United-States,<=50K
55,Self-emp-inc,124676,Bachelors,13,Married-civ-spouse,Protective-serv,Not-in-family,White,Female,3838,0,50,United-States,<=50K
46,Private,243695,Bachelors,13,Married-civ-spouse,Other-service,Wife,White,Male,0,0,22,India,<=50K
46,Local-gov,118822,Bachelors,13,Married-civ-spouse,Handlers-cleaners,Own-child,White,Male,0,0,51,Canada,<=50K
27,State-gov,132620,Masters,14,Never-married,Other-service,Unmarried,Amer-Indian-Eskimo,Female,0,0,45,Germany,<=50K
45,Private,389487,HS-grad,9,Divorced,Tech-support,Other-relative,White,Male,0,2860,40,United-States,<=50K
57,Private,396844,HS-grad,9,Married-civ-spouse,Transportation,Not-in-family,White,Female,0,0,31,United-States,<=50K
28,Private,419352,Bachelors,13,Never-married,Machine-op-inspct,Unmarried,White,Female,0,0,37,United-States,<=50K
30,Private,307407,HS-grad,9,Married-civ-spouse,Prof-specialty,Husband,White,Female,0,0,34,United-States,<=50K
53,Private,145617,HS-grad,9,Widowed,Transportation,Not-in-family,White,Male,0,2247,35,United-States,<=50K
69,Self-emp-not-inc,73238,HS-grad,9,Divorced,Machine-op-inspct,Wife,White,Female,5123,0,53,Canada,>50K
38,Federal-gov,322118,Some-college,10,Married-civ-spouse,Craft-repair,Wife,White,Male,0,0,25,United-States,<=50K
61,Self-emp-not-inc,442005,10th,6,Never-married,Exec-managerial,Other-relative,White,Male,0,0,45,United-States,<=50K
27,Self-emp-inc,267741,HS-grad,9,Married-civ-spouse,Handlers-cleaners,Other-relative,White,Male,2036,0,59,United-States,<=50K
47,Private,153878,HS-grad,9,Never-married,Protective-serv,Own-child,White,Male,0,0,27,United-States,<=50K
67,Private,306089,11th,7,Divorced,Protective-serv,Not-in-family,White,Male,0,0,47,United-States,<=50K
40,Private,99520,10th,6,Divorced,Craft-repair,Not-in-family,White,Female,0,0,24,United-States,<=50K
44,Private,434622,HS-grad,9,Separated,Prof-specialty,Unmarried,White,Male,0,0,40,Germany,<=50K
26,Self-emp-not-inc,204914,Assoc-voc,11,Never-married,Craft-repair,Husband,White,Male,0,0,33,Philippines,<=50K
45,Private,306996,HS-grad,9,Widowed,Protective-serv,Not-in-family,White,Male,0,2199,45,United-States,<=50K
48,Private,344744,Masters,14,Widowed,Other-service,Husband,White,Male,3765,0,50,United-States,<=50K
69,Private,432323,HS-grad,9,Married-civ-spouse,Other-service,Unmarried,White,Female,0,0,60,India,<=50K
28,Private,182790,Some-college,10,Divorced,Prof-specialty,Wife,White,Female,0,0,23,Mexico,<=50K
37,Private,246649,HS-grad,9,Married-civ-spouse,Tech-support,Husband,White,Male,0,0,30,United-States,<=50K
51,Private,198741,Bachelors,13,Never-married,Protective-serv,Other-relative,Black,Female,0,0,48,United-States,<=50K
67,Private,50336,HS-grad,9,Never-married,Exec-managerial,Other-relative,White,Female,2335,0,56,Germany,<=50K
30,Private,167845,Some-college,10,Never-married,Prof-specialty,Unmarried,White,Male,0,0,35,United-States,<=50K
54,Private,96357,Bachelors,13,Never-married,Machine-op-inspct,Own-child,White,Male,0,0,24,United-States,<=50K
63,Local-gov,378579,HS-grad,9,Married-civ-spouse,Machine-op-inspct,Wife,Asian-Pac-Islander,Male,4575,0,23,India,<=50K
50,Private,330061,Assoc-voc,11,Married-civ-spouse,Handlers-cleaners,Other-relative,White,Male,0,0,20,United-States,<=50K
40,Private,72396,Some-college,10,Never-married,Craft-repair,Unmarried,White,Female,0,0,23,United-States,<=50K
30,Private,202031,HS-grad,9,Never-married,Exec-managerial,Unmarried,White,Female,0,0,57,United-States,<=50K
32,Private,30490,HS-grad,9,Married-civ-spouse,Tech-support,Own-child,White,Male,0,0,60,United-States,<=50K
20,Private,246117,Some-college,10,Separated,Other-service,Not-in-family,White,Male,0,0,23,Philippines,<=50K
25,Private,134837,HS-grad,9,Married-civ-spouse,Prof-specialty,Other-relative,White,Female,0,0,60,United-States,<=50K
40,Local-gov,376313,Some-college,10,Divorced,Craft-repair,Other-relative,White,Female,0,0,48,United-States,<=50K
25,State-gov,469188,Bachelors,13,Widowed,Exec-managerial,Not-in-family,White,Female,3726,0,42,United-States,<=50K
18,Private,319727,Some-college,10,Married-civ-spouse,Handlers-cleaners,Husband,White,Female,0,935,39,United-States,<=50K
54,Private,85870,Some-college,10,Married-civ-spouse,Tech-support,Not-in-family,Black,Male,0,0,30,United-States,<=50K
21,Private,372319,Masters,14,Married-civ-spouse,Other-service,Wife,White,Male,0,0,36,United-States,<=50K
25,Private,267353,HS-grad,9,Widowed,Other-service,Own-child,White,Male,0,0,59,United-States,<=50K
48,Private,37798,Bachelors,13,Never-married,Handlers-cleaners,Not-in-family,White,Male,0,0,60,United-States,<=50K
65,Self-emp-not-inc,58058,Assoc-voc,11,Divorced,Machine-op-inspct,Husband,White,Male,0,0,46,United-States,>50K
55,Private,466176,HS-grad,9,Married-civ-spouse,Craft-repair,Own-child,Black,Female,0,0,33,India,<=50K
19,Private,378809,Bachelors,13,Never-married,Machine-op-inspct,Wife,White,Female,0,0,34,United-States,<=50K
26,Private,195042,11th,7,Married-civ-spouse,Tech-support,Husband,White,Male,0,0,23,United-States,<=50K
56,Private,22046,Some-college,10,Divorced,Machine-op-inspct,Not-in-family,Black,Male,0,2693,30,United-States,<=50K
56,Private,361223,10th,6,Divorced,Other-service,Other-relative,Black,Male,0,0,30,United-States,<=50K
38,Private,239158,Some-college,10,Separated,Machine-op-inspct,Unmarried,White,Male,0,0,59,India,<=50K
67,Private,219406,Bachelors,13,Married-civ-spouse,Exec-managerial,Other-relative,White,Female,0,0,59,United-States,<=50K
64,Private,32474,Some-college,10,Married-civ-spouse,Machine-op-inspct,Wife,White,Female,0,0,45,United-States,<=50K
56,Private,120809,HS-grad,9,Separated,Sales,Husband,Other,Female,0,0,58,United-States,<=50K
56,Self-emp-not-inc,137011,10th,6,Never-married,Prof-specialty,Other-relative,White,Male,0,0,43,Philippines,<=50K
58,Private,283872,HS-grad,9,Never-married,Handlers-cleaners,Husband,Amer-Indian-Eskimo,Male,0,0,31,United-States,<=50K
25,Private,318385,10th,6,Married-civ-spouse,Transportation,Own-child,White,Female,0,0,41,Philippines,<=50K
54,Local-gov,61544,Bachelors,13,Married-civ-spouse,Prof-specialty,Own-child,Black,Female,0,0,42,Philippines,>50K
66,Self-emp-not-inc,476076,Assoc-voc,11,Married-civ-spouse,Handlers-cleaners,Wife,White,Male,0,0,32,United-States,<=50K
29,Private,42959,10th,6,Divorced,Craft-repair,Not-in-family,Asian-Pac-Islander,Male,0,0,44,United-States,<=50K
18,Private,343022,Bachelors,13,Never-married,Machine-op-inspct,Other-relative,Black,Male,0,0,56,United-States,<=50K
36,Private,153652,10th,6,Divorced,Protective-serv,Unmarried,Black,Male,0,0,60,United-States,<=50K
32,Private,495244,Masters,14,Married-civ-spouse,Other-service,Own-child,Amer-Indian-Eskimo,Male,1686,0,58,United-States,>50K
67,Local-gov,225305,Some-college,10,Widowed,Sales,Own-child,Black,Female,9405,0,45,United-States,<=50K
41,Private,305955,Bachelors,13,Married-civ-spouse,Exec-managerial,Wife,White,Male,0,0,45,United-States,<=50K
52,Private,137854,HS-grad,9,Married-civ-spouse,Protective-serv,Husband,White,Male,0,0,54,United-States,<=50K
69,Private,180572,HS-grad,9,Married-civ-spouse,Protective-serv,Unmarried,Black,Male,0,0,32,United-States,<=50K
59,Private,495234,HS-grad,9,Married-civ-spouse,Machine-op-inspct,Unmarried,White,Female,0,0,25,United-States,<=50K
56,Private,424826,Some-college,10,Never-married,Protective-serv,Unmarried,White,Male,5974,0,20,United-States,<=50K
68,Private,33505,HS-grad,9,Never-married,Handlers-cleaners,Husband,White,Male,0,0,40,Mexico,>50K
53,Private,345168,Some-college,10,Never-married,Transportation,Own-child,Asian-Pac-Islander,Male,0,0,25,United-States,<=50K
30,Local-gov,436768,Bachelors,13,Married-civ-spouse,Prof-specialty,Not-in-family,White,Male,0,0,51,United-States,>50K
55,Self-emp-not-inc,330323,Bachelors,13,Married-civ-spouse,Tech-support,Unmarried,White,Male,0,0,28,United-States,<=50K
34,Local-gov,223372,Assoc-voc,11,Married-civ-spouse,Sales,Own-child,White,Female,0,0,21,Mexico,<=50K
35,Local-gov,222398,10th,6,Married-civ-spouse,Craft-repair,Husband,Black,Male,0,0,35,United-States,<=50K
51,Local-gov,382672,Assoc-voc,11,Never-married,Exec-managerial,Unmarried,White,Male,0,0,37,United-States,<=50K
34,State-gov,458423,Bachelors,13,Never-married,Handlers-cleaners,Husband,White,Female,0,0,42,United-States,<=50K
19,Private,456331,HS-grad,9,Married-civ-spouse,Exec-managerial,Other-relative,White,Male,0,0,58,United-States,<=50K
69,Private,296044,11th,7,Divorced,Transportation,Own-child,White,Male,0,0,40,Philippines,<=50K
47,Private,302178,HS-grad,9,Married-civ-spouse,Exec-managerial,Husband,Black,Male,0,2525,51,United-States,<=50K
52,Private,368566,HS-grad,9,Married-civ-spouse,Prof-specialty,Not-in-family,White,Male,0,0,50,India,<=50K
60,Self-emp-not-inc,259225,Some-college,10,Widowed,Tech-support,Own-child,White,Male,0,2385,25,United-States,<=50K
50,Private,43556,Bachelors,13,Widowed,Protective-serv,Own-child,White,Male,0,0,29,United-States,>50K
49,Federal-gov,322494,Bachelors,13,Married-civ-spouse,Other-service,Wife,White,Male,0,0,40,United-States,<=50K
59,Self-emp-inc,406662,HS-grad,9,Never-married,Exec-managerial,Other-relative,Asian-Pac-Islander,Female,0,0,32,United-States,<=50K
33,Private,487077,Masters,14,Never-married,Handlers-cleaners,Wife,White,Male,0,0,38,United-States,<=50K
61,Private,158248,HS-grad,9,Married-civ-spouse,Other-service,Husband,White,Female,0,0,28,United-States,<=50K
55,Private,58865,HS-grad,9,Married-civ-spouse,Handlers-cleaners,Own-child,White,Male,0,0,24,United-States,<=50K
27,Private,303026,Some-college,10,Never-married,Transportation,Wife,White,Male,0,0,36,United-States,<=50K
25,Private,291580,Some-college,10,Never-married,Tech-support,Not-in-family,White,Male,0,0,32,United-States,<=50K
63,Private,358939,Masters,14,Separated,Sales,Not-in-family,White,Male,0,0,43,India,>50K
64,Private,251564,HS-grad,9,Never-married,Handlers-cleaners,Other-relative,Asian-Pac-Islander,Male,0,0,27,United-States,<=50K
69,Private,343489,HS-grad,9,Divorced,Exec-managerial,Unmarried,Black,Male,0,0,45,United-States,<=50K
23,Private,413297,HS-grad,9,Separated,Machine-op-inspct,Husband,White,Female,0,0,60,United-States,<=50K
64,Private,129288,Masters,14,Married-civ-spouse,Handlers-cleaners,Husband,White,Male,0,0,38,United-States,<=50K
62,Private,70671,10th,6,Never-married,Tech-support,Own-child,White,Male,0,0,40,United-States,<=50K
57,State-gov,396926,Bachelors,13,Divorced,Machine-op-inspct,Husband,Black,Female,0,0,23,United-States,<=50K
43,Private,327710,Bachelors,13,Married-civ-spouse,Handlers-cleaners,Unmarried,White,Male,0,0,26,United-States,<=50K
44,Local-gov,93818,Assoc-voc,11,Never-married,Prof-specialty,Other-relative,White,Female,5161,0,21,United-States,<=50K
40,Private,164256,HS-grad,9,Married-civ-spouse,Handlers-cleaners,Own-child,White,Female,0,0,39,United-States,<=50K
19,Private,285741,HS-grad,9,Never-married,Protective-serv,Unmarried,White,Male,0,1441,40,United-States,<=50K
44,State-gov,385268,Some-college,10,Married-civ-spouse,Protective-serv,Not-in-family,White,Male,0,0,23,United-States,<=50K
30,Self-emp-not-inc,277226,HS-grad,9,Separated,Craft-repair,Not-in-family,Amer-Indian-Eskimo,Female,0,0,37,United-States,<=50K
28,Private,51682,Some-college,10,Married-civ-spouse,Machine-op-inspct,Other-relative,White,Female,0,0,54,United-States,<=50K
20,Self-emp-not-inc,391856,Some-college,10,Widowed,Transportation,Not-in-family,White,Female,0,0,55,United-States,<=50K
41,Private,422889,Some-college,10,Married-civ-spouse,Sales,Other-relative,White,Male,9305,0,46,United-States,<=50K
20,Self-emp-inc,39985,Some-college,10,Divorced,Craft-repair,Wife,White,Male,0,0,51,United-States,<=50K
62,Private,20211,Some-college,10,Divorced,Prof-specialty,Not-in-family,White,Male,0,0,41,Canada,<=50K
64,Self-emp-inc,82642,HS-grad,9,Never-married,Handlers-cleaners,Other-relative,White,Male,0,0,33,United-States,<=50K
59,State-gov,444572,Assoc-voc,11,Separated,Machine-op-inspct,Unmarried,White,Male,0,0,49,India,<=50K
33,Local-gov,468080,Bachelors,13,Separated,Transportation,Wife,White,Female,0,0,54,United-States,<=50K
26,Self-emp-not-inc,251694,HS-grad,9,Married-civ-spouse,Prof-specialty,Husband,White,Male,0,0,32,United-States,<=50K
44,Private,223520,HS-grad,9,Divorced,Exec-managerial,Not-in-family,White,Female,0,0,36,United-States,<=50K
53,Private,464046,HS-grad,9,Never-married,Sales,Husband,Other,Male,0,0,36,United-States,<=50K
19,Private,138338,HS-grad,9,Never-married,Transportation,Other-relative,Other,Female,0,0,49,Philippines,<=50K
62,Local-gov,24390,HS-grad,9,Never-married,Protective-serv,Own-child,White,Male,0,0,23,United-States,<=50K
40,Private,427367,HS-grad,9,Married-civ-spouse,Machine-op-inspct,Other-relative,White,Female,0,0,50,United-States,<=50K
60,Private,462277,Assoc-voc,11,Never-married,Transportation,Husband,White,Female,0,0,29,United-States,>50K
22,Self-emp-inc,408611,Assoc-voc,11,Never-married,Handlers-cleaners,Husband,White,Male,0,0,38,United-States,<=50K
40,Private,280772,Masters,14,Widowed,Transportation,Wife,Black,Female,0,0,21,India,<=50K
41,Federal-gov,498515,Bachelors,13,Married-civ-spouse,Exec-managerial,Husband,White,Male,0,0,53,United-States,>50K
20,Federal-gov,51830,Masters,14,Divorced,Craft-repair,Husband,White,Male,4187,0,24,United-States,>50K
54,Private,443083,Masters,14,Never-married,Prof-specialty,Other-relative,White,Male,0,0,29,United-States,>50K
66,Private,492896,Assoc-voc,11,Never-married,Exec-managerial,Other-relative,Black,Female,0,0,46,United-States,<=50K
46,Self-emp-not-inc,280083,Masters,14,Divorced,Handlers-cleaners,Not-in-family,White,Female,0,0,33,United-States,<=50K
38,Private,154884,Masters,14,Married-civ-spouse,Tech-support,Own-child,White,Male,0,2785,29,Germany,<=50K
51,State-gov,118038,Doctorate,16,Married-civ-spouse,Transportation,Wife,White,Male,0,0,42,United-States,>50K
36,Private,108388,Bachelors,13,Widowed,Protective-serv,Unmarried,White,Male,0,0,20,United-States,<=50K
36,Private,69879,HS-grad,9,Never-married,Tech-support,Unmarried,White,Male,0,0,34,Germany,<=50K
57,Private,52339,HS-grad,9,Married-civ-spouse,Other-service,Wife,White,Male,5472,0,28,Canada,<=50K
48,Self-emp-inc,275472,Some-college,10,Married-civ-spouse,Tech-support,Unmarried,White,Male,0,0,42,United-States,<=50K
31,Private,268328,HS-grad,9,Never-married,Handlers-cleaners,Not-in-family,White,Male,0,2130,32,United-States,<=50K
39,Federal-gov,71879,HS-grad,9,Married-civ-spouse,Protective-serv,Own-child,White,Female,0,0,47,United-States,<=50K
61,State-gov,344414,HS-grad,9,Married-civ-spouse,Protective-serv,Wife,Asian-Pac-Islander,Female,0,0,25,United-States,<=50K
45,Private,275364,HS-grad,9,Never-married,Prof-specialty,Not-in-family,White,Male,0,0,23,United-States,<=50K
21,Private,164178,10th,6,Married-civ-spouse,Exec-managerial,Husband,White,Male,0,0,28,United-States,<=50K
62,Private,450929,Some-college,10,Married-civ-spouse,Craft-repair,Wife,Black,Male,0,0,55,United-States,<=50K
56,Local-gov,353548,HS-grad,9,Married-civ-spouse,Machine-op-inspct,Other-relative,White,Male,0,0,60,United-States,<=50K
31,Private,202187,Some-college,10,Separated,Craft-repair,Own-child,White,Male,0,0,22,United-States,<=50K
68,Local-gov,425521,HS-grad,9,Married-civ-spouse,Other-service,Husband,White,Male,0,0,20,United-States,<=50K
67,Local-gov,489695,Bachelors,13,Married-civ-spouse,Handlers-cleaners,Husband,White,Male,0,0,26,United-States,<=50K
69,Private,237991,Bachelors,13,Widowed,Tech-support,Other-relative,White,Female,9346,0,43,United-States,>50K
37,Private,316573,HS-grad,9,Divorced,Handlers-cleaners,Unmarried,White,Male,0,0,58,United-States,<=50K
66,State-gov,483019,Some-college,10,Never-married,Tech-support,Other-relative,White,Female,0,0,52,Philippines,<=50K
59,Self-emp-not-inc,238184,HS-grad,9,Never-married,Exec-managerial,Husband,White,Male,0,922,30,United-States,<=50K
63,Self-emp-not-inc,71200,Bachelors,13,Never-married,Prof-specialty,Other-relative,Black,Female,0,0,60,Germany,>50K
46,Private,217788,11th,7,Never-married,Craft-repair,Wife,Other,Male,0,0,31,United-States,<=50K
32,Private,369928,Assoc-voc,11,Married-civ-spouse,Transportation,Not-in-family,White,Female,0,0,34,United-States,<=50K
29,Private,490190,HS-grad,9,Married-civ-spouse,Handlers-cleaners,Not-in-family,White,Male,0,0,53,United-States,<=50K
68,State-gov,373568,Masters,14,Widowed,Other-service,Unmarried,White,Male,0,0,32,United-States,<=50K
44,Private,481515,Doctorate,16,Married-civ-spouse,Other-service,Other-relative,Black,Female,0,0,50,United-States,>50K
66,Self-emp-inc,287500,Assoc-voc,11,Never-married,Machine-op-inspct,Husband,White,Male,0,0,37,India,>50K
46,Private,374579,HS-grad,9,Widowed,Sales,Husband,Black,Male,0,0,54,United-States,<=50K
45,Local-gov,86987,Some-college,10,Married-civ-spouse,Tech-support,Unmarried,Black,Male,0,0,45,Canada,<=50K
21,Private,427470,HS-grad,9,Never-married,Machine-op-inspct,Wife,White,Female,0,0,58,United-States,<=50K
38,Self-emp-not-inc,281003,HS-grad,9,Never-married,Sales,Husband,Black,Male,0,0,38,United-States,<=50K
46,Private,33283,Bachelors,13,Married-civ-spouse,Exec-managerial,Wife,White,Male,0,0,35,United-States,>50K
23,Local-gov,99313,Some-college,10,Married-civ-spouse,Protective-serv,Own-child,White,Female,0,0,33,United-States,<=50K
26,Private,371739,HS-grad,9,Married-civ-spouse,Prof-specialty,Unmarried,Asian-Pac-Islander,Male,0,0,42,United-States,<=50K
48,Private,60839,Assoc-voc,11,Divorced,Transportation,Unmarried,White,Male,0,0,57,United-States,<=50K
30,Private,325667,Some-college,10,Married-civ-spouse,Machine-op-inspct,Not-in-family,White,Male,0,0,26,India,<=50K
54,Private,279610,10th,6,Divorced,Handlers-cleaners,Wife,White,Male,0,1953,36,United-States,<=50K
41,Private,241427,Doctorate,16,Married-civ-spouse,Handlers-cleaners,Other-relative,White,Male,0,0,30,India,>50K
39,Private,311487,Assoc-voc,11,Married-civ-spouse,Protective-serv,Unmarried,White,Male,0,0,27,Philippines,<=50K
24,Private,342067,Masters,14,Never-married,Prof-specialty,Own-child,White,Male,0,0,47,United-States,<=50K
39,Private,405433,HS-grad,9,Married-civ-spouse,Exec-managerial,Not-in-family,White,Male,0,0,60,United-States,<=50K
46,Private,278372,HS-grad,9,Married-civ-spouse,Protective-serv,Own-child,White,Male,0,0,60,India,<=50K
47,Self-emp-not-inc,118179,11th,7,Married-civ-spouse,Tech-support,Unmarried,White,Male,0,0,43,United-States,<=50K
32,Private,442601,HS-grad,9,Married-civ-spouse,Exec-managerial,Not-in-family,White,Female,0,0,20,India,<=50K
19,Private,467391,Some-college,10,Married-civ-spouse,Other-service,Husband,White,Male,0,0,54,United-States,<=50K
66,Local-gov,111836,Bachelors,13,Married-civ-spouse,Prof-specialty,Unmarried,Black,Female,0,0,48,United-States,<=50K
67,Private,294082,HS-grad,9,Married-civ-spouse,Handlers-cleaners,Not-in-family,White,Female,0,0,33,United-States,<=50K
65,Private,249509,HS-grad,9,Married-civ-spouse,Exec-managerial,Own-child,White,Male,0,1612,55,United-States,<=50K
33,Local-gov,329593,Some-college,10,Separated,Prof-specialty,Wife,Black,Male,0,1152,29,United-States,<=50K
49,Self-emp-inc,49173,Some-college,10,Married-civ-spouse,Exec-managerial,Other-relative,White,Female,0,0,44,United-States,<=50K
25,Private,100238,Bachelors,13,Married-civ-spouse,Sales,Husband,White,Female,0,0,27,United-States,<=50K
65,Private,97522,HS-grad,9,Married-civ-spouse,Protective-serv,Wife,White,Female,0,0,40,United-States,<=50K
18,Federal-gov,404358,Some-college,10,Married-civ-spouse,Other-service,Other-relative,White,Male,0,0,50,United-States,<=50K
42,Federal-gov,316550,HS-grad,9,Divorced,Transportation,Wife,White,Female,0,0,49,United-States,<=50K
62,Private,335603,Bachelors,13,Separated,Craft-repair,Other-relative,Black,Male,0,0,59,United-States,>50K
55,Private,171223,HS-grad,9,Married-civ-spouse,Other-service,Wife,White,Male,0,0,50,United-States,<=50K
62,Local-gov,108760,HS-grad,9,Widowed,Machine-op-inspct,Other-relative,Black,Female,0,0,58,United-States,<=50K
43,Federal-gov,66882,Doctorate,16,Married-civ-spouse,Tech-support,Other-relative,Black,Male,0,0,56,United-States,>50K
22,Private,260684,HS-grad,9,Separated,Exec-managerial,Other-relative,White,Male,0,0,48,United-States,<=50K
18,Private,383191,Masters,14,Divorced,Sales,Other-relative,White,Female,0,0,34,United-States,<=50K
25,Private,205318,HS-grad,9,Married-civ-spouse,Handlers-cleaners,Other-relative,White,Female,0,0,49,United-States,<=50K
20,Private,487253,HS-grad,9,Divorced,Craft-repair,Own-child,Other,Male,0,0,21,India,<=50K
41,Private,499065,HS-grad,9,Married-civ-spouse,Exec-managerial,Own-child,White,Male,0,0,30,United-States,<=50K
20,Private,52613,Assoc-voc,11,Married-civ-spouse,Exec-managerial,Husband,White,Male,0,0,39,United-States,<=50K
27,Private,492483,Some-college,10,Married-civ-spouse,Transportation,Own-child,White,Male,0,0,35,United-States,<=50K
39,Private,388796,HS-grad,9,Married-civ-spouse,Prof-specialty,Own-child,White,Male,0,1974,31,United-States,<=50K
56,Local-gov,303767,Bachelors,13,Married-civ-spouse,Craft-repair,Other-relative,White,Male,0,0,22,United-States,<=50K
53,Local-gov,113514,Some-college,10,Married-civ-spouse,Transportation,Unmarried,White,Male,0,0,57,United-States,<=50K
21,Federal-gov,205114,Doctorate,16,Married-civ-spouse,Craft-repair,Not-in-family,Black,Male,0,0,43,United-States,<=50K
64,Local-gov,416874,10th,6,Married-civ-spouse,Protective-serv,Husband,White,Male,0,1350,38,United-States,<=50K
46,State-gov,248808,Some-college,10,Married-civ-spouse,Other-service,Wife,Other,Male,9262,0,59,United-States,<=50K
36,Private,455930,Some-college,10,Never-married,Craft-repair,Not-in-family,White,Female,0,0,51,United-States,<=50K
37,Private,147369,Some-college,10,Never-married,Craft-repair,Own-child,White,Male,8876,0,47,United-States,<=50K
62,Federal-gov,168992,10th,6,Married-civ-spouse,Handlers-cleaners,Unmarried,White,Male,0,0,36,Canada,<=50K
42,Private,391239,Some-college,10,Married-civ-spouse,Handlers-cleaners,Wife,Asian-Pac-Islander,Female,0,0,37,United-States,<=50K
30,Private,78179,HS-grad,9,Never-married,Protective-serv,Not-in-family,Black,Female,0,0,37,United-States,<=50K
40,State-gov,261574,10th,6,Married-civ-spouse,Transportation,Other-relative,White,Female,0,0,32,United-States,<=50K
21,Private,182487,10th,6,Married-civ-spouse,Handlers-cleaners,Own-child,Asian-Pac-Islander,Male,0,0,58,United-States,<=50K
25,Local-gov,287172,Some-college,10,Never-married,Sales,Wife,White,Male,0,0,40,United-States,<=50K
34,Private,98834,Some-college,10,Never-married,Machine-op-inspct,Husband,White,Male,2001,0,39,United-States,<=50K
29,Private,41702,Bachelors,13,Married-civ-spouse,Prof-specialty,Not-in-family,White,Female,3729,0,34,United-States,<=50K
36,Local-gov,389557,Assoc-voc,11,Married-civ-spouse,Craft-repair,Not-in-family,White,Male,0,0,35,United-States,<=50K
21,Self-emp-inc,60861,Some-college,10,Widowed,Prof-specialty,Other-relative,White,Male,0,0,57,United-States,<=50K
49,Private,204800,Some-college,10,Never-married,Tech-support,Unmarried,White,Male,0,0,52,United-States,<=50K
23,Private,123016,HS-grad,9,Never-married,Protective-serv,Unmarried,White,Male,0,0,49,Germany,<=50K
29,Private,355790,Some-college,10,Never-married,Other-service,Wife,White,Male,0,0,46,United-States,<=50K
68,Private,230328,HS-grad,9,Married-civ-spouse,Craft-repair,Own-child,White,Male,0,0,30,Canada,<=50K
18,Private,499969,Masters,14,Never-married,Machine-op-inspct,Wife,White,Male,0,0,25,Philippines,<=50K
32,Private,230184,HS-grad,9,Never-married,Sales,Unmarried,White,Male,0,2509,37,United-States,<=50K
44,Private,147298,Some-college,10,Married-civ-spouse,Exec-managerial,Husband,White,Male,0,0,46,Canada,<=50K
33,Private,427728,Assoc-voc,11,Married-civ-spouse,Tech-support,Not-in-family,White,Male,0,0,20,United-States,<=50K
34,Private,415799,Some-college,10,Married-civ-spouse,Tech-support,Wife,White,Male,0,0,20,United-States,<=50K
24,Private,394169,HS-grad,9,Married-civ-spouse,Handlers-cleaners,Husband,Black,Male,0,0,20,United-States,<=50K
40,Private,238931,11th,7,Divorced,Prof-specialty,Not-in-family,White,Male,0,0,20,United-States,<=50K
57,Private,324518,HS-grad,9,Married-civ-spouse,Exec-managerial,Own-child,White,Male,0,0,38,United-States,<=50K
48,State-gov,151735,Assoc-voc,11,Never-married,Protective-serv,Other-relative,Other,Male,1851,0,40,United-States,<=50K
66,State-gov,35106,HS-grad,9,Married-civ-spouse,Machine-op-inspct,Own-child,Black,Male,0,0,37,United-States,<=50K
54,Federal-gov,63184,Some-college,10,Never-married,Craft-repair,Wife,White,Male,0,0,23,United-States,<=50K
59,Private,284658,Bachelors,13,Never-married,Handlers-cleaners,Husband,Black,Female,0,311,20,Germany,<=50K
40,Self-emp-not-inc,134216,Some-college,10,Married-civ-spouse,Protective-serv,Wife,White,Male,0,0,45,India,<=50K
49,Private,492745,Bachelors,13,Never-married,Sales,Own-child,White,Male,0,0,35,United-States,<=50K
48,Private,50693,HS-grad,9,Never-married,Other-service,Wife,White,Male,0,0,25,United-States,<=50K
60,Local-gov,259404,Bachelors,13,Married-civ-spouse,Tech-support,Husband,White,Female,0,0,31,Canada,<=50K
44,Private,289689,HS-grad,9,Divorced,Other-service,Wife,Asian-Pac-Islander,Male,0,0,30,United-States,<=50K
39,Local-gov,284851,Doctorate,16,Never-married,Sales,Unmarried,White,Female,0,0,31,United-States,>50K
21,Self-emp-not-inc,263964,Bachelors,13,Married-civ-spouse,Other-service,Unmarried,White,Male,0,0,26,United-States,<=50K
62,Private,42622,Some-college,10,Widowed,Protective-serv,Own-child,White,Male,0,0,33,Mexico,<=50K
40,Private,339348,HS-grad,9,Never-married,Other-service,Not-in-family,White,Female,0,0,26,United-States,>50K
59,Federal-gov,145848,Some-college,10,Married-civ-spouse,Exec-managerial,Wife,White,Male,0,0,44,United-States,<=50K
53,Private,145086,Bachelors,13,Never-married,Prof-specialty,Own-child,White,Male,0,0,36,United-States,<=50K
18,Private,310699,HS-grad,9,Separated,Tech-support,Not-in-family,Asian-Pac-Islander,Female,0,0,49,United-States,<=50K
51,Private,396237,Bachelors,13,Never-married,Craft-repair,Husband,White,Female,0,0,51,United-States,<=50K
43,State-gov,435122,HS-grad,9,Never-married,Tech-support,Unmarried,White,Male,0,0,36,United-States,<=50K
30,Private,431203,HS-grad,9,Widowed,Protective-serv,Unmarried,White,Male,0,0,56,United-States,<=50K
31,State-gov,385383,Masters,14,Married-civ-spouse,Protective-serv,Unmarried,White,Male,0,0,60,United-States,<=50K
51,Self-emp-not-inc,225851,HS-grad,9,Never-married,Craft-repair,Wife,White,Male,0,0,38,India,<=50K
22,Private,421470,HS-grad,9,Divorced,Machine-op-inspct,Unmarried,White,Female,0,0,43,United-States,<=50K
49,Private,454749,Bachelors,13,Separated,Transportation,Husband,White,Male,5138,0,38,United-States,<=50K
62,Self-emp-inc,399974,Masters,14,Married-civ-spouse,Craft-repair,Unmarried,White,Male,0,0,48,United-States,>50K
22,Private,21687,HS-grad,9,Never-married,Craft-repair,Husband,Black,Male,0,0,24,United-States,<=50K
18,Private,320473,HS-grad,9,Never-married,Machine-op-inspct,Own-child,White,Male,0,0,38,Canada,<=50K
21,Private,459294,Some-college,10,Widowed,Sales,Unmarried,White,Male,0,0,40,United-States,<=50K
55,Local-gov,275302,Bachelors,13,Never-married,Sales,Not-in-family,White,Male,0,0,58,United-States,<=50K
62,Self-emp-not-inc,59065,Some-college,10,Never-married,Prof-specialty,Wife,Amer-Indian-Eskimo,Male,0,0,54,Philippines,<=50K
69,Private,192000,Bachelors,13,Never-married,Tech-support,Own-child,Black,Male,0,0,42,United-States,>50K
19,Private,355814,Masters,14,Never-married,Exec-managerial,Wife,White,Female,0,0,43,United-States,<=50K
43,Private,408249,11th,7,Married-civ-spouse,Sales,Unmarried,White,Male,0,0,50,United-States,<=50K
20,Self-emp-inc,316817,Some-college,10,Married-civ-spouse,Transportation,Own-child,White,Female,0,0,22,United-States,<=50K
37,Private,228644,HS-grad,9,Never-married,Machine-op-inspct,Husband,White,Male,4093,2731,41,United-States,<=50K
34,State-gov,266892,HS-grad,9,Never-married,Other-service,Husband,White,Female,0,0,39,United-States,<=50K
49,Local-gov,279212,HS-grad,9,Never-married,Protective-serv,Not-in-family,White,Male,0,0,55,United-States,<=50K
65,Private,494798,Some-college,10,Never-married,Exec-managerial,Husband,White,Male,0,0,49,United-States,<=50K
59,Local-gov,499471,Assoc-voc,11,Never-married,Exec-managerial,Wife,White,Female,0,0,51,United-States,>50K
21,Self-emp-not-inc,234487,Some-college,10,Married-civ-spouse,Machine-op-inspct,Not-in-family,White,Male,0,0,23,United-States,<=50K
30,Private,155816,HS-grad,9,Never-married,Other-service,Unmarried,Asian-Pac-Islander,Male,0,0,53,United-States,<=50K
32,Private,130109,Some-college,10,Never-married,Prof-specialty,Husband,Asian-Pac-Islander,Female,0,0,47,United-States,<=50K
31,Local-gov,223499,10th,6,Married-civ-spouse,Exec-managerial,Own-child,White,Male,5335,0,22,United-States,<=50K
36,Private,97269,HS-grad,9,Married-civ-spouse,Protective-serv,Own-child,White,Female,0,0,46,United-States,<=50K
49,Federal-gov,58934,Masters,14,Married-civ-spouse,Sales,Unmarried,White,Male,0,0,43,United-States,<=50K
56,Private,173096,Assoc-voc,11,Widowed,Handlers-cleaners,Other-relative,White,Female,7355,0,25,United-States,<=50K
66,Private,181381,Some-college,10,Never-married,Sales,Unmarried,White,Female,0,0,41,United-States,<=50K
54,State-gov,379006,Bachelors,13,Never-married,Craft-repair,Not-in-family,White,Male,0,0,54,United-States,>50K
33,Private,449733,Some-college,10,Never-married,Exec-managerial,Wife,Asian-Pac-Islander,Male,0,0,35,Mexico,<=50K
27,Private,178658,HS-grad,9,Never-married,Other-service,Unmarried,White,Male,0,0,30,United-States,<=50K
37,Federal-gov,149183,Some-college,10,Widowed,Exec-managerial,Other-relative,White,Male,0,0,31,United-States,<=50K
59,Private,205833,HS-grad,9,Married-civ-spouse,Handlers-cleaners,Not-in-family,White,Male,0,1736,49,United-States,<=50K
69,Local-gov,421371,Bachelors,13,Divorced,Craft-repair,Own-child,Black,Male,0,0,53,United-States,>50K
38,Local-gov,172535,Assoc-voc,11,Widowed,Tech-support,Other-relative,White,Male,0,0,52,United-States,<=50K
27,Private,277674,HS-grad,9,Divorced,Other-service,Own-child,White,Female,0,0,31,United-States,<=50K
18,Private,241234,Bachelors,13,Married-civ-spouse,Exec-managerial,Wife,White,Female,0,0,37,United-States,<=50K
22,State-gov,280242,HS-grad,9,Divorced,Craft-repair,Wife,White,Male,0,301,43,United-States,<=50K
51,State-gov,260018,HS-grad,9,Married-civ-spouse,Protective-serv,Not-in-family,White,Male,1043,0,48,United-States,<=50K
48,Private,491658,Bachelors,13,Never-married,Protective-serv,Not-in-family,Other,Female,0,0,40,United-States,<=50K
51,Self-emp-not-inc,85574,HS-grad,9,Married-civ-spouse,Machine-op-inspct,Wife,White,Male,0,0,47,United-States,<=50K
19,Private,244163,Masters,14,Separated,Exec-managerial,Own-child,White,Female,0,0,40,United-States,<=50K
40,Private,332616,HS-grad,9,Divorced,Handlers-cleaners,Wife,White,Male,0,0,21,United-States,<=50K
27,Private,165963,Assoc-voc,11,Married-civ-spouse,Protective-serv,Other-relative,White,Male,0,0,58,United-States,>50K
35,Private,256743,Some-college,10,Divorced,Handlers-cleaners,Own-child,Black,Male,0,0,31,United-States,<=50K
50,Private,329168,Some-college,10,Married-civ-spouse,Tech-support,Other-relative,White,Male,0,0,56,United-States,<=50K
32,Private,403696,Masters,14,Married-civ-spouse,Protective-serv,Wife,Other,Male,0,0,39,United-States,<=50K
52,Local-gov,260903,Some-college,10,Married-civ-spouse,Sales,Own-child,White,Male,0,0,44,United-States,<=50K
33,Private,362251,HS-grad,9,Never-married,Craft-repair,Husband,Black,Male,0,0,56,Canada,<=50K
44,Private,247917,Assoc-voc,11,Never-married,Craft-repair,Husband,White,Male,506,0,28,United-States,<=50K
41,Private,226722,Some-college,10,Divorced,Craft-repair,Husband,Asian-Pac-Islander,Male,0,0,24,United-States,<=50K
37,Private,448388,HS-grad,9,Widowed,Tech-support,Husband,White,Male,0,0,27,United-States,<=50K
24,State-gov,200885,Some-college,10,Never-married,Exec-managerial,Unmarried,White,Male,0,0,54,United-States,<=50K
47,Private,374016,Bachelors,13,Never-married,Machine-op-inspct,Wife,White,Male,0,0,24,United-States,<=50K
69,Private,123733,Bachelors,13,Never-married,Exec-managerial,Not-in-family,White,Female,0,994,46,India,>50K
51,State-gov,220397,Assoc-voc,11,Married-civ-spouse,Craft-repair,Unmarried,Black,Male,0,1665,38,United-States,<=50K
56,Private,101193,Bachelors,13,Married-civ-spouse,Machine-op-inspct,Own-child,White,Male,0,905,23,United-States,<=50K
59,Private,107311,HS-grad,9,Married-civ-spouse,Craft-repair,Own-child,Black,Female,0,0,27,United-States,<=50K
19,Federal-gov,171821,HS-grad,9,Never-married,Transportation,Other-relative,White,Female,0,0,53,United-States,<=50K
59,Self-emp-inc,54922,HS-grad,9,Never-married,Sales,Other-relative,White,Male,0,0,38,United-States,<=50K
30,Private,318321,Masters,14,Separated,Tech-support,Husband,White,Female,0,0,44,United-States,<=50K
52,Self-emp-not-inc,138985,HS-grad,9,Married-civ-spouse,Other-service,Unmarried,White,Female,0,0,34,United-States,<=50K
69,Private,326448,Bachelors,13,Never-married,Transportation,Husband,White,Female,0,0,41,United-States,>50K
64,Private,488498,Bachelors,13,Never-married,Handlers-cleaners,Own-child,Asian-Pac-Islander,Male,0,0,21,United-States,<=50K
39,Private,465048,Masters,14,Never-married,Exec-managerial,Unmarried,White,Male,0,0,60,United-States,>50K
61,Federal-gov,75474,HS-grad,9,Never-married,Handlers-cleaners,Not-in-family,White,Female,0,0,52,United-States,<=50K
50,Private,315414,HS-grad,9,Never-married,Other-service,Not-in-family,White,Male,1245,0,44,United-States,<=50K
24,Self-emp-not-inc,498820,Assoc-voc,11,Married-civ-spouse,Exec-managerial,Unmarried,White,Female,0,0,58,United-States,<=50K
30,State-gov,354832,Bachelors,13,Never-married,Exec-managerial,Own-child,White,Male,0,0,59,United-States,>50K
67,Local-gov,324566,Some-college,10,Married-civ-spouse,Other-service,Not-in-family,Asian-Pac-Islander,Female,0,0,36,United-States,<=50K
65,Self-emp-inc,404175,Masters,14,Married-civ-spouse,Sales,Not-in-family,White,Female,0,0,59,United-States,<=50K
64,Private,255810,Assoc-voc,11,Married-civ-spouse,Exec-managerial,Husband,White,Male,0,0,32,United-States,<=50K
37,Private,357792,HS-grad,9,Married-civ-spouse,Protective-serv,Wife,White,Male,0,0,54,United-States,<=50K
34,Private,427298,Assoc-voc,11,Divorced,Exec-managerial,Other-relative,White,Female,0,0,22,United-States,<=50K
59,Private,301320,HS-grad,9,Never-married,Craft-repair,Wife,White,Female,0,0,34,United-States,<=50K
19,Self-emp-not-inc,165186,10th,6,Divorced,Exec-managerial,Unmarried,Asian-Pac-Islander,Female,0,0,20,United-States,<=50K
64,Self-emp-not-inc,387919,HS-grad,9,Never-married,Transportation,Unmarried,White,Female,0,0,53,United-States,>50K
49,Private,46372,HS-grad,9,Never-married,Tech-support,Other-relative,Black,Male,0,0,46,United-States,<=50K
50,Private,344156,HS-grad,9,Never-married,Handlers-cleaners,Husband,White,Female,0,0,22,United-States,<=50K
40,Local-gov,104993,Doctorate,16,Married-civ-spouse,Craft-repair,Other-relative,Black,Male,0,0,42,United-States,>50K
68,Private,27574,10th,6,Married-civ-spouse,Tech-support,Unmarried,Black,Male,9611,0,29,United-States,<=50K
56,Private,404037,HS-grad,9,Divorced,Craft-repair,Other-relative,Black,Male,0,0,52,United-States,<=50K
20,Private,404189,Some-college,10,Never-married,Other-service,Not-in-family,White,Male,0,0,28,United-States,<=50K
45,Private,298548,HS-grad,9,Married-civ-spouse,Sales,Not-in-family,White,Male,0,0,42,United-States,<=50K
62,Self-emp-not-inc,28452,HS-grad,9,Never-married,Transportation,Own-child,White,Male,0,0,47,United-States,<=50K
21,Private,245150,Masters,14,Never-married,Prof-specialty,Wife,White,Male,0,0,27,United-States,<=50K
56,Private,233903,HS-grad,9,Married-civ-spouse,Protective-serv,Own-child,White,Female,0,0,22,India,<=50K
30,Private,383930,10th,6,Never-married,Transportation,Unmarried,Other,Male,0,0,55,United-States,<=50K
44,Private,433762,11th,7,Married-civ-spouse,Craft-repair,Husband,White,Male,0,0,24,United-States,<=50K
63,Private,250574,HS-grad,9,Married-civ-spouse,Other-service,Husband,White,Male,0,0,56,United-States,<=50K
43,Private,354248,Some-college,10,Married-civ-spouse,Handlers-cleaners,Unmarried,White,Male,0,0,30,United-States,<=50K
19,Local-gov,246517,10th,6,Married-civ-spouse,Machine-op-inspct,Other-relative,White,Female,0,0,52,United-States,<=50K
19,Federal-gov,461198,Assoc-voc,11,Never-married,Tech-support,Not-in-family,White,Male,0,0,45,United-States,<=50K
56,Private,459911,Masters,14,Never-married,Other-service,Own-child,White,Female,0,0,59,Philippines,<=50K
66,Private,370125,HS-grad,9,Married-civ-spouse,Sales,Husband,White,Female,7978,2826,37,United-States,<=50K
33,Self-emp-inc,294395,HS-grad,9,Never-married,Tech-support,Other-relative,Black,Male,0,0,55,United-States,>50K
66,Private,259879,Doctorate,16,Never-married,Prof-specialty,Not-in-family,White,Male,0,0,39,Mexico,<=50K
41,Private,331627,Some-college,10,Married-civ-spouse,Protective-serv,Other-relative,Amer-Indian-Eskimo,Female,0,0,39,United-States,<=50K
21,Private,193279,Bachelors,13,Married-civ-spouse,Sales,Own-child,White,Male,0,0,54,United-States,<=50K
45,Private,325192,Masters,14,Married-civ-spouse,Other-service,Other-relative,White,Female,0,0,54,United-States,>50K
68,State-gov,30324,Some-college,10,Never-married,Exec-managerial,Unmarried,Black,Male,0,0,21,United-States,<=50K
31,Private,152088,HS-grad,9,Never-married,Handlers-cleaners,Husband,Black,Male,0,0,49,Philippines,<=50K
67,State-gov,366012,Some-college,10,Never-married,Machine-op-inspct,Other-relative,White,Female,0,0,55,United-States,<=50K
51,Local-gov,499231,Assoc-voc,11,Never-married,Handlers-cleaners,Not-in-family,White,Male,0,0,40,United-States,<=50K
38,State-gov,112127,Some-college,10,Divorced,Prof-specialty,Own-child,White,Male,0,695,45,Philippines,<=50K
54,Self-emp-inc,39641,HS-grad,9,Never-married,Craft-repair,Wife,White,Male,0,0,36,United-States,<=50K
38,Local-gov,188845,11th,7,Never-married,Tech-support,Husband,White,Female,0,0,56,United-States,<=50K
22,Private,172718,Bachelors,13,Divorced,Craft-repair,Husband,White,Male,0,0,48,United-States,<=50K
63,Local-gov,497948,Bachelors,13,Married-civ-spouse,Prof-specialty,Wife,White,Female,0,0,52,United-States,>50K
37,Private,185199,Assoc-voc,11,Never-married,Other-service,Not-in-family,Other,Male,0,0,22,United-States,<=50K
47,Self-emp-not-inc,462943,Some-college,10,Married-civ-spouse,Sales,Not-in-family,Black,Male,0,0,25,Philippines,<=50K
56,Private,490031,10th,6,Married-civ-spouse,Handlers-cleaners,Unmarried,White,Male,0,0,47,United-States,<=50K
22,Private,23629,Assoc-voc,11,Widowed,Tech-support,Other-relative,White,Male,0,0,23,United-States,<=50K
55,Private,307774,HS-grad,9,Divorced,Tech-support,Unmarried,White,Male,0,0,37,United-States,<=50K
36,Private,150834,Some-college,10,Married-civ-spouse,Sales,Other-relative,White,Male,0,0,57,United-States,<=50K
46,Private,199876,HS-grad,9,Never-married,Machine-op-inspct,Not-in-family,White,Male,0,0,35,United-States,<=50K
41,Private,224993,Bachelors,13,Married-civ-spouse,Transportation,Other-relative,Asian-Pac-Islander,Male,0,0,22,United-States,<=50K
58,Private,173456,Bachelors,13,Never-married,Other-service,Other-relative,White,Male,0,0,39,United-States,>50K
27,Private,103116,Some-college,10,Married-civ-spouse,Other-service,Other-relative,White,Male,0,0,25,United-States,<=50K
23,Private,62366,10th,6,Separated,Prof-specialty,Wife,Black,Male,0,0,58,United-States,<=50K
39,Private,91739,Some-college,10,Never-married,Transportation,Other-relative,White,Male,0,0,50,United-States,<=50K
24,Private,35680,Masters,14,Divorced,Craft-repair,Wife,Asian-Pac-Islander,Female,0,0,60,United-States,>50K
30,Private,213555,Bachelors,13,Married-civ-spouse,Transportation,Wife,Amer-Indian-Eskimo,Male,8733,0,37,United-States,<=50K
52,Private,95375,Some-college,10,Never-married,Transportation,Other-relative,White,Female,0,0,60,United-States,<=50K
60,Private,110720,HS-grad,9,Divorced,Other-service,Not-in-family,White,Male,0,0,51,United-States,<=50K
54,State-gov,240906,Bachelors,13,Married-civ-spouse,Protective-serv,Other-relative,White,Female,0,0,46,United-States,<=50K
34,Private,302562,Bachelors,13,Married-civ-spouse,Protective-serv,Other-relative,White,Male,0,0,35,United-States,<=50K
60,Private,158543,HS-grad,9,Married-civ-spouse,Tech-support,Other-relative,Asian-Pac-Islander,Male,0,0,53,Mexico,<=50K
39,Private,249482,Doctorate,16,Never-married,Exec-managerial,Husband,White,Male,0,0,60,United-States,>50K
27,Local-gov,492654,Some-college,10,Never-married,Other-service,Husband,Amer-Indian-Eskimo,Female,0,0,26,United-States,<=50K
57,Private,444235,Some-college,10,Married-civ-spouse,Tech-support,Wife,Other,Female,0,0,52,United-States,<=50K
44,Private,153441,Assoc-voc,11,Divorced,Exec-managerial,Own-child,White,Female,0,0,41,United-States,<=50K
37,Private,356557,Some-college,10,Married-civ-spouse,Machine-op-inspct,Other-relative,White,Male,0,0,35,United-States,<=50K
52,Private,420552,Bachelors,13,Divorced,Prof-specialty,Husband,White,Male,9498,0,32,Philippines,<=50K
55,Private,288233,Bachelors,13,Divorced,Tech-support,Not-in-family,White,Female,0,0,28,United-States,<=50K
29,State-gov,429395,HS-grad,9,Never-married,Transportation,Other-relative,White,Male,0,0,27,United-States,<=50K
24,State-gov,175596,Some-college,10,Divorced,Tech-support,Own-child,White,Male,0,1071,29,United-States,<=50K
44,Private,123531,HS-grad,9,Divorced,Sales,Wife,White,Female,0,0,48,United-States,<=50K
20,Private,224572,HS-grad,9,Married-civ-spouse,Prof-specialty,Wife,White,Male,0,0,32,United-States,<=50K
51,Private,128871,Bachelors,13,Married-civ-spouse,Handlers-cleaners,Own-child,White,Male,0,0,20,United-States,<=50K
40,State-gov,309225,HS-grad,9,Married-civ-spouse,Machine-op-inspct,Not-in-family,White,Female,0,0,27,United-States,<=50K
29,Local-gov,362005,10th,6,Widowed,Craft-repair,Not-in-family,White,Female,0,0,55,United-States,<=50K
49,Private,449350,Some-college,10,Widowed,Exec-managerial,Unmarried,White,Male,0,0,36,United-States,<=50K
37,Private,481818,HS-grad,9,Married-civ-spouse,Transportation,Husband,White,Female,0,0,60,United-States,<=50K
38,Private,256005,11th,7,Divorced,Other-service,Wife,White,Female,0,0,32,United-States,<=50K
29,Federal-gov,274793,Some-college,10,Married-civ-spouse,Handlers-cleaners,Own-child,White,Male,0,0,33,India,<=50K
53,Private,23936,Bachelors,13,Divorced,Prof-specialty,Own-child,White,Female,0,0,39,United-States,<=50K
64,Private,200536,Bachelors,13,Married-civ-spouse,Protective-serv,Other-relative,White,Female,0,0,25,United-States,>50K
50,Private,158832,Assoc-voc,11,Separated,Protective-serv,Husband,White,Female,0,0,26,India,<=50K
30,Private,34717,HS-grad,9,Widowed,Handlers-cleaners,Wife,White,Male,0,0,52,United-States,<=50K
61,Local-gov,43376,HS-grad,9,Married-civ-spouse,Protective-serv,Husband,White,Male,0,0,30,Germany,<=50K
24,Private,399064,10th,6,Widowed,Exec-managerial,Not-in-family,White,Male,0,0,52,United-States,<=50K
33,Private,75063,HS-grad,9,Married-civ-spouse,Prof-specialty,Unmarried,White,Male,0,0,31,United-States,<=50K
19,Self-emp-not-inc,142663,Bachelors,13,Never-married,Protective-serv,Unmarried,White,Male,0,0,52,Canada,<=50K
62,Private,319955,Bachelors,13,Never-married,Prof-specialty,Husband,Amer-Indian-Eskimo,Male,3118,0,28,United-States,<=50K
20,Self-emp-not-inc,115522,Bachelors,13,Married-civ-spouse,Tech-support,Husband,Black,Male,0,0,48,United-States,<=50K
46,Federal-gov,296658,Masters,14,Never-married,Handlers-cleaners,Not-in-family,White,Male,0,0,29,United-States,>50K
27,Private,122187,10th,6,Never-married,Other-service,Wife,White,Female,0,0,52,United-States,<=50K
29,Private,194952,HS-grad,9,Married-civ-spouse,Protective-serv,Wife,White,Male,0,0,31,United-States,<=50K
49,Private,342483,Bachelors,13,Never-married,Prof-specialty,Other-relative,White,Male,0,0,55,United-States,<=50K
59,Self-emp-not-inc,412917,Masters,14,Married-civ-spouse,Craft-repair,Wife,White,Male,0,1713,41,United-States,<=50K
18,State-gov,217705,HS-grad,9,Divorced,Transportation,Not-in-family,Other,Female,0,0,21,United-States,<=50K
26,Private,305511,Assoc-voc,11,Never-married,Tech-support,Husband,Amer-Indian-Eskimo,Male,0,0,49,United-States,>50K
32,Self-emp-inc,408226,Some-college,10,Married-civ-spouse,Handlers-cleaners,Unmarried,White,Male,0,0,60,United-States,<=50K
67,Self-emp-not-inc,408040,HS-grad,9,Never-married,Handlers-cleaners,Husband,Other,Male,0,0,28,United-States,<=50K
21,State-gov,63829,Assoc-voc,11,Divorced,Prof-specialty,Husband,White,Male,0,0,51,United-States,<=50K
27,Private,44252,11th,7,Married-civ-spouse,Handlers-cleaners,Own-child,White,Female,0,0,31,United-States,<=50K
38,Private,349587,HS-grad,9,Divorced,Transportation,Unmarried,Asian-Pac-Islander,Male,0,0,42,United-States,<=50K
34,Self-emp-inc,254237,Masters,14,Married-civ-spouse,Transportation,Not-in-family,White,Male,0,0,27,United-States,<=50K
20,Federal-gov,436801,HS-grad,9,Divorced,Machine-op-inspct,Own-child,White,Male,0,2072,36,United-States,<=50K
46,Self-emp-not-inc,305242,HS-grad,9,Married-civ-spouse,Handlers-cleaners,Wife,Black,Female,0,0,49,India,<=50K
49,Local-gov,429022,HS-grad,9,Married-civ-spouse,Machine-op-inspct,Wife,White,Male,0,0,60,United-States,<=50K
27,Private,390650,Assoc-voc,11,Never-married,Transportation,Not-in-family,White,Male,0,0,31,Philippines,<=50K
53,Self-emp-not-inc,100928,HS-grad,9,Married-civ-spouse,Craft-repair,Not-in-family,Black,Male,0,0,23,Philippines,<=50K
20,Private,443139,HS-grad,9,Married-civ-spouse,Exec-managerial,Not-in-family,Asian-Pac-Islander,Male,0,0,48,United-States,<=50K
56,Private,307112,Masters,14,Married-civ-spouse,Exec-managerial,Own-child,White,Male,0,0,51,Philippines,>50K
31,Private,65372,Some-college,10,Never-married,Handlers-cleaners,Wife,White,Male,0,0,34,United-States,<=50K
29,Private,478295,HS-grad,9,Married-civ-spouse,Exec-managerial,Wife,White,Female,0,0,25,United-States,<=50K
28,Private,131336,HS-grad,9,Married-civ-spouse,Exec-managerial,Wife,Black,Male,0,0,29,United-States,<=50K
63,Private,403437,Doctorate,16,Married-civ-spouse,Machine-op-inspct,Wife,White,Male,0,0,42,United-States,>50K
44,Local-gov,201426,Bachelors,13,Married-civ-spouse,Protective-serv,Own-child,White,Male,0,0,25,United-States,<=50K
53,Private,433566,Masters,14,Married-civ-spouse,Prof-specialty,Wife,Black,Female,0,0,39,Germany,>50K
28,Private,67037,HS-grad,9,Married-civ-spouse,Handlers-cleaners,Other-relative,White,Male,0,0,32,United-States,<=50K
20,Private,465613,Some-college,10,Married-civ-spouse,Transportation,Not-in-family,White,Male,0,0,24,United-States,<=50K
19,Private,259913,Doctorate,16,Married-civ-spouse,Machine-op-inspct,Wife,White,Female,0,0,22,United-States,<=50K
40,Private,73988,HS-grad,9,Divorced,Handlers-cleaners,Husband,White,Male,0,0,27,United-States,<=50K
34,Private,236709,HS-grad,9,Never-married,Tech-support,Husband,White,Female,0,0,50,United-States,<=50K
57,Local-gov,108357,Some-college,10,Never-married,Prof-specialty,Husband,Black,Female,0,0,34,Mexico,<=50K
58,Private,271239,Some-college,10,Married-civ-spouse,Tech-support,Wife,White,Female,0,0,32,United-States,<=50K
34,Private,401812,HS-grad,9,Divorced,Machine-op-inspct,Wife,White,Male,0,0,33,Philippines,<=50K
40,Self-emp-not-inc,74292,11th,7,Never-married,Craft-repair,Husband,White,Male,0,0,20,United-States,<=50K
37,Private,400865,Some-college,10,Married-civ-spouse,Prof-specialty,Other-relative,White,Female,0,0,29,United-States,<=50K
53,Private,410124,Bachelors,13,Never-married,Machine-op-inspct,Not-in-family,White,Male,0,0,53,United-States,>50K
50,Private,68766,HS-grad,9,Married-civ-spouse,Protective-serv,Unmarried,White,Male,0,0,39,United-States,<=50K
51,Private,421940,Bachelors,13,Never-married,Tech-support,Unmarried,White,Male,0,0,49,United-States,<=50K
20,Local-gov,431980,Bachelors,13,Divorced,Exec-managerial,Husband,White,Male,0,0,44,United-States,<=50K
35,Private,322162,11th,7,Married-civ-spouse,Machine-op-inspct,Other-relative,White,Male,0,0,21,United-States,<=50K
68,Private,168306,Some-college,10,Divorced,Handlers-cleaners,Unmarried,White,Male,0,0,49,India,<=50K
35,Private,102483,Masters,14,Widowed,Transportation,Other-relative,White,Male,0,762,40,United-States,<=50K
27,Private,463590,HS-grad,9,Married-civ-spouse,Transportation,Other-relative,White,Female,0,0,33,United-States,<=50K
28,State-gov,401895,Bachelors,13,Married-civ-spouse,Sales,Husband,White,Male,0,0,23,United-States,<=50K
19,Private,49751,11th,7,Married-civ-spouse,Machine-op-inspct,Unmarried,White,Male,0,0,46,United-States,<=50K
58,Self-emp-not-inc,142586,Bachelors,13,Divorced,Craft-repair,Other-relative,White,Male,0,2999,43,United-States,<=50K
18,Private,311132,Masters,14,Married-civ-spouse,Sales,Not-in-family,White,Female,2093,0,44,United-States,<=50K
48,Private,308189,Assoc-voc,11,Never-married,Other-service,Unmarried,White,Female,0,0,44,United-States,<=50K
38,Private,492454,11th,7,Widowed,Exec-managerial,Own-child,White,Male,0,0,48,United-States,<=50K
22,Local-gov,348298,HS-grad,9,Never-married,Transportation,Not-in-family,White,Female,0,2962,52,United-States,<=50K
63,Private,302568,HS-grad,9,Widowed,Transportation,Other-relative,Black,Male,0,0,59,United-States,<=50K
56,Self-emp-not-inc,180056,Bachelors,13,Never-married,Transportation,Other-relative,White,Male,0,0,59,United-States,<=50K
60,Private,75128,10th,6,Married-civ-spouse,Handlers-cleaners,Not-in-family,White,Male,0,0,56,United-States,<=50K
66,Private,154808,Some-college,10,Widowed,Tech-support,Other-relative,White,Female,5963,0,60,United-States,<=50K
65,Private,63098,Some-college,10,Married-civ-spouse,Handlers-cleaners,Unmarried,White,Female,0,2488,54,United-States,<=50K
54,Private,478255,Bachelors,13,Married-civ-spouse,Transportation,Not-in-family,White,Male,0,0,36,United-States,<=50K
45,Private,294811,HS-grad,9,Married-civ-spouse,Machine-op-inspct,Unmarried,White,Male,0,0,49,United-States,<=50K
54,Private,221071,HS-grad,9,Never-married,Tech-support,Own-child,White,Male,0,0,43,United-States,<=50K
41,Local-gov,368973,HS-grad,9,Never-married,Machine-op-inspct,Not-in-family,Black,Male,0,0,31,United-States,<=50K
27,Private,327412,HS-grad,9,Married-civ-spouse,Protective-serv,Not-in-family,White,Male,0,0,20,United-States,<=50K
38,Private,404110,Masters,14,Married-civ-spouse,Tech-support,Not-in-family,White,Female,0,0,26,United-States,<=50K
42,Private,41976,Some-college,10,Never-married,Other-service,Wife,White,Female,0,0,59,United-States,<=50K
20,Private,299478,HS-grad,9,Married-civ-spouse,Machine-op-inspct,Own-child,White,Male,0,0,48,United-States,<=50K
62,Private,21387,Some-college,10,Widowed,Craft-repair,Husband,White,Female,0,0,55,United-States,<=50K
65,Private,166249,Some-college,10,Divorced,Sales,Other-relative,White,Male,0,0,44,Philippines,<=50K
39,Private,181088,Some-college,10,Married-civ-spouse,Protective-serv,Other-relative,White,Male,0,0,26,United-States,<=50K
43,Private,68621,Some-college,10,Widowed,Transportation,Other-relative,Asian-Pac-Islander,Male,0,0,43,United-States,<=50K
61,Private,472642,HS-grad,9,Married-civ-spouse,Other-service,Unmarried,White,Female,0,0,57,United-States,<=50K
41,Local-gov,335712,Bachelors,13,Married-civ-spouse,Tech-support,Not-in-family,White,Male,0,0,49,United-States,>50K
53,Self-emp-not-inc,410517,HS-grad,9,Married-civ-spouse,Transportation,Own-child,White,Male,1778,0,32,United-States,<=50K
44,Private,286694,HS-grad,9,Divorced,Handlers-cleaners,Husband,Black,Male,0,0,45,United-States,<=50K
32,Self-emp-inc,255615,HS-grad,9,Never-married,Transportation,Husband,Black,Female,0,0,45,United-States,<=50K
59,Private,143959,Some-college,10,Never-married,Exec-managerial,Unmarried,White,Male,0,0,29,United-States,<=50K
28,Private,128216,HS-grad,9,Widowed,Machine-op-inspct,Other-relative,White,Female,0,0,40,United-States,<=50K
29,Private,476233,Some-college,10,Married-civ-spouse,Craft-repair,Own-child,Amer-Indian-Eskimo,Female,0,0,57,United-States,<=50K
53,Private,460588,HS-grad,9,Married-civ-spouse,Protective-serv,Unmarried,White,Female,0,0,43,United-States,<=50K
54,Private,291927,HS-grad,9,Married-civ-spouse,Protective-serv,Wife,White,Male,0,0,56,United-States,<=50K
67,Private,434351,Assoc-voc,11,Married-civ-spouse,Protective-serv,Other-relative,Black,Male,6699,0,48,United-States,<=50K
54,Self-emp-not-inc,395433,HS-grad,9,Never-married,Protective-serv,Wife,White,Male,6521,0,25,United-States,<=50K
19,Private,378342,HS-grad,9,Married-civ-spouse,Transportation,Other-relative,White,Female,0,0,42,United-States,<=50K
62,Private,311271,Some-college,10,Never-married,Machine-op-inspct,Husband,Black,Female,0,0,44,Mexico,<=50K
39,Private,198235,HS-grad,9,Never-married,Tech-support,Other-relative,Other,Male,0,0,47,United-States,<=50K
18,Private,94375,Masters,14,Widowed,Machine-op-inspct,Own-child,White,Male,0,0,57,United-States,>50K
48,Self-emp-not-inc,241921,HS-grad,9,Never-married,Machine-op-inspct,Not-in-family,White,Male,0,0,35,United-States,<=50K
26,Federal-gov,466820,Some-college,10,Never-married,Prof-specialty,Husband,White,Male,0,0,47,United-States,<=50K
39,Private,71545,11th,7,Never-married,Protective-serv,Own-child,Asian-Pac-Islander,Male,0,0,54,Philippines,<=50K
42,Federal-gov,296380,HS-grad,9,Divorced,Tech-support,Husband,Black,Female,0,0,41,United-States,<=50K
21,Private,251900,HS-grad,9,Widowed,Other-service,Not-in-family,Asian-Pac-Islander,Male,9857,0,21,United-States,<=50K
62,Private,331273,Bachelors,13,Never-married,Transportation,Husband,White,Male,0,0,57,United-States,<=50K
44,Private,361334,10th,6,Married-civ-spouse,Tech-support,Unmarried,White,Male,825,0,28,United-States,<=50K
68,Private,268065,Some-college,10,Married-civ-spouse,Handlers-cleaners,Wife,White,Female,0,0,51,United-States,<=50K
42,Private,305508,Bachelors,13,Married-civ-spouse,Other-service,Not-in-family,White,Male,0,0,50,United-States,<=50K
48,Private,390108,HS-grad,9,Never-married,Machine-op-inspct,Unmarried,White,Female,0,0,46,Mexico,<=50K
60,Federal-gov,116760,Bachelors,13,Married-civ-spouse,Other-service,Own-child,White,Male,0,0,51,United-States,<=50K
29,Local-gov,472976,HS-grad,9,Married-civ-spouse,Tech-support,Not-in-family,White,Male,0,0,37,Canada,<=50K
65,State-gov,266261,Bachelors,13,Never-married,Protective-serv,Unmarried,White,Male,0,177,24,United-States,<=50K
27,Private,178370,HS-grad,9,Married-civ-spouse,Machine-op-inspct,Husband,Black,Female,0,0,51,United-States,<=50K
69,Private,448274,Some-college,10,Never-married,Tech-support,Not-in-family,White,Male,0,0,42,United-States,<=50K
51,Federal-gov,428340,HS-grad,9,Divorced,Other-service,Not-in-family,Black,Male,0,0,55,Philippines,<=50K
44,Private,102164,Bachelors,13,Married-civ-spouse,Sales,Other-relative,White,Female,0,0,32,United-States,<=50K
28,Private,76462,Masters,14,Married-civ-spouse,Handlers-cleaners,Not-in-family,White,Male,0,0,26,United-States,<=50K
47,Private,427371,Assoc-voc,11,Married-civ-spouse,Sales,Own-child,White,Male,0,0,27,United-States,<=50K
46,Private,224473,10th,6,Never-married,Tech-support,Not-in-family,Black,Male,0,0,48,United-States,<=50K
69,Private,492911,Some-college,10,Never-married,Handlers-cleaners,Wife,White,Male,0,0,23,United-States,<=50K
61,Private,450364,Bachelors,13,Married-civ-spouse,Tech-support,Own-child,Black,Female,0,0,48,United-States,<=50K
43,Private,73658,HS-grad,9,Divorced,Exec-managerial,Unmarried,White,Male,0,1428,29,United-States,<=50K
38,Self-emp-not-inc,299894,Assoc-voc,11,Divorced,Craft-repair,Not-in-family,White,Male,0,0,26,United-States,<=50K
38,Private,284897,Bachelors,13,Married-civ-spouse,Other-service,Other-relative,Black,Male,0,0,34,United-States,<=50K
37,Private,38588,Some-college,10,Divorced,Machine-op-inspct,Husband,White,Female,0,0,54,United-States,<=50K
18,Private,178966,Some-college,10,Never-married,Craft-repair,Own-child,White,Male,0,0,22,United-States,<=50K
19,State-gov,196172,Masters,14,Never-married,Protective-serv,Wife,White,Male,0,0,55,United-States,>50K
57,Private,306396,Assoc-voc,11,Never-married,Prof-specialty,Unmarried,White,Female,0,0,57,Philippines,<=50K
31,Private,365277,Doctorate,16,Separated,Machine-op-inspct,Unmarried,Black,Female,0,0,25,United-States,<=50K
39,Private,90632,Some-college,10,Married-civ-spouse,Craft-repair,Own-child,Other,Male,0,0,34,United-States,<=50K
54,State-gov,175874,Some-college,10,Married-civ-spouse,Sales,Own-child,White,Male,0,0,50,United-States,>50K
49,Private,212965,11th,7,Married-civ-spouse,Tech-support,Other-relative,Black,Female,0,0,38,United-States,<=50K
36,Private,135688,Bachelors,13,Never-married,Transportation,Husband,White,Male,0,0,29,United-States,<=50K
57,Private,432495,Bachelors,13,Never-married,Handlers-cleaners,Not-in-family,Black,Female,0,0,41,United-States,>50K
26,Federal-gov,404768,Bachelors,13,Never-married,Exec-managerial,Wife,White,Male,0,0,29,Germany,<=50K
42,Private,72141,Bachelors,13,Never-married,Prof-specialty,Not-in-family,White,Male,0,0,20,United-States,>50K
23,Private,138419,Masters,14,Married-civ-spouse,Craft-repair,Other-relative,White,Male,0,0,25,Philippines,>50K
45,Private,156024,Bachelors,13,Never-married,Transportation,Other-relative,White,Male,0,0,57,United-States,<=50K
22,Private,117808,Assoc-voc,11,Divorced,Machine-op-inspct,Husband,White,Male,0,0,48,United-States,<=50K
66,Private,94539,Assoc-voc,11,Divorced,Craft-repair,Wife,Other,Male,0,0,53,United-States,<=50K
52,Private,353203,Some-college,10,Separated,Prof-specialty,Own-child,Black,Female,0,0,57,India,<=50K
30,Private,429540,HS-grad,9,Never-married,Craft-repair,Other-relative,Black,Male,2159,0,27,United-States,<=50K
49,Self-emp-not-inc,352381,Bachelors,13,Married-civ-spouse,Prof-specialty,Wife,Black,Male,0,0,43,United-States,>50K
36,Private,354626,Bachelors,13,Never-married,Protective-serv,Own-child,Black,Male,0,0,34,United-States,<=50K
44,Self-emp-not-inc,20744,Some-college,10,Never-married,Sales,Wife,White,Male,0,0,30,Canada,<=50K
26,Private,64768,Assoc-voc,11,Married-civ-spouse,Exec-managerial,Own-child,White,Male,0,0,34,Mexico,<=50K
44,Local-gov,289793,HS-grad,9,Married-civ-spouse,Machine-op-inspct,Own-child,Black,Male,0,0,27,United-States,<=50K
23,Private,326689,HS-grad,9,Married-civ-spouse,Craft-repair,Wife,White,Male,0,0,43,United-States,<=50K
25,Private,50391,Assoc-voc,11,Divorced,Tech-support,Husband,White,Female,0,0,26,United-States,<=50K
48,Private,369474,11th,7,Never-married,Exec-managerial,Husband,White,Male,0,0,24,United-States,<=50K
44,Private,456673,Some-college,10,Separated,Exec-managerial,Own-child,White,Female,0,0,28,United-States,<=50K
33,Self-emp-not-inc,330528,HS-grad,9,Never-married,Other-service,Husband,White,Male,0,0,45,United-States,<=50K
21,Private,374386,Some-college,10,Widowed,Exec-managerial,Husband,White,Male,0,0,42,United-States,<=50K
40,Self-emp-inc,379146,Some-college,10,Married-civ-spouse,Craft-repair,Unmarried,Black,Male,0,0,53,United-States,<=50K
66,Private,372649,Some-college,10,Never-married,Machine-op-inspct,Unmarried,White,Male,0,0,60,Canada,<=50K
54,Private,273996,HS-grad,9,Married-civ-spouse,Machine-op-inspct,Not-in-family,White,Female,0,0,29,Philippines,<=50K
21,Local-gov,375305,Some-college,10,Never-married,Other-service,Not-in-family,Asian-Pac-Islander,Female,4803,0,58,United-States,<=50K
66,Private,22171,Bachelors,13,Divorced,Protective-serv,Husband,White,Female,0,0,31,United-States,<=50K
40,Local-gov,108997,Bachelors,13,Never-married,Other-service,Husband,White,Female,0,0,23,United-States,<=50K
47,Private,247530,Bachelors,13,Divorced,Sales,Husband,Black,Female,9851,0,53,United-States,<=50K
18,Private,70915,Some-college,10,Never-married,Sales,Wife,White,Male,0,0,28,United-States,<=50K
34,Self-emp-inc,237673,Some-college,10,Widowed,Handlers-cleaners,Husband,White,Male,0,0,31,United-States,<=50K
58,Private,235396,Some-college,10,Never-married,Exec-managerial,Other-relative,White,Male,0,2883,47,United-States,<=50K
35,Private,251301,11th,7,Married-civ-spouse,Protective-serv,Other-relative,Other,Female,0,0,53,India,<=50K
26,Private,355722,Some-college,10,Divorced,Other-service,Other-relative,White,Female,0,0,48,United-States,<=50K
22,Private,189095,Bachelors,13,Never-married,Handlers-cleaners,Wife,White,Female,0,0,25,Mexico,<=50K
66,Private,496602,Some-college,10,Never-married,Protective-serv,Own-child,White,Female,4091,0,28,United-States,<=50K
60,Private,38680,Assoc-voc,11,Married-civ-spouse,Craft-repair,Own-child,Other,Female,0,0,41,United-States,<=50K
20,Private,153685,Some-college,10,Married-civ-spouse,Sales,Husband,White,Male,5451,0,59,United-States,<=50K
66,Private,439496,Some-college,10,Divorced,Prof-specialty,Own-child,White,Male,0,0,26,Germany,<=50K
60,Private,456098,Assoc-voc,11,Never-married,Exec-managerial,Not-in-family,White,Female,0,0,44,United-States,<=50K
36,Private,449081,HS-grad,9,Divorced,Transportation,Wife,Amer-Indian-Eskimo,Male,0,0,60,United-States,<=50K
52,Private,56897,Bachelors,13,Separated,Prof-specialty,Wife,White,Male,0,0,41,United-States,>50K
31,Federal-gov,246959,Some-college,10,Divorced,Prof-specialty,Own-child,White,Male,0,0,30,United-States,<=50K
30,Self-emp-not-inc,164424,10th,6,Never-married,Sales,Husband,White,Male,0,0,53,Canada,<=50K
55,Private,55625,Masters,14,Never-married,Transportation,Not-in-family,Black,Female,0,0,27,United-States,>50K
28,Private,217165,HS-grad,9,Widowed,Machine-op-inspct,Own-child,White,Female,0,0,35,United-States,<=50K
36,Private,35232,Assoc-voc,11,Married-civ-spouse,Machine-op-inspct,Other-relative,White,Male,0,0,27,United-States,<=50K
36,Private,189800,Bachelors,13,Married-civ-spouse,Protective-serv,Other-relative,White,Male,0,0,49,United-States,>50K
25,Private,297635,Bachelors,13,Separated,Protective-serv,Own-child,Black,Male,0,0,60,United-States,>50K
61,Local-gov,420009,HS-grad,9,Never-married,Machine-op-inspct,Own-child,White,Male,0,0,57,Canada,<=50K
53,Self-emp-not-inc,63715,HS-grad,9,Married-civ-spouse,Other-service,Not-in-family,Black,Male,0,0,23,Philippines,<=50K
62,Private,229597,Bachelors,13,Married-civ-spouse,Prof-specialty,Husband,White,Male,0,0,58,United-States,<=50K
45,Private,218491,Some-college,10,Divorced,Craft-repair,Wife,White,Male,0,2533,44,United-States,<=50K
27,Private,388889,Assoc-voc,11,Divorced,Sales,Husband,White,Male,0,0,21,United-States,<=50K
32,State-gov,142430,HS-grad,9,Married-civ-spouse,Other-service,Wife,White,Male,9881,0,25,United-States,<=50K
36,Private,444176,Bachelors,13,Never-married,Other-service,Not-in-family,White,Female,0,0,22,United-States,<=50K
66,Federal-gov,148971,HS-grad,9,Separated,Prof-specialty,Wife,White,Male,0,0,38,United-States,<=50K
30,Private,262962,Bachelors,13,Married-civ-spouse,Exec-managerial,Not-in-family,Asian-Pac-Islander,Male,0,0,49,Philippines,>50K
54,Self-emp-not-inc,410100,HS-grad,9,Married-civ-spouse,Exec-managerial,Other-relative,Asian-Pac-Islander,Female,0,0,38,United-States,<=50K
24,Private,204378,Some-college,10,Widowed,Transportation,Other-relative,White,Male,0,0,20,Philippines,<=50K
67,Private,382193,HS-grad,9,Never-married,Sales,Not-in-family,White,Female,0,0,32,Canada,<=50K
51,Private,21115,Bachelors,13,Married-civ-spouse,Craft-repair,Not-in-family,White,Male,0,0,47,India,<=50K
40,Private,482731,Some-college,10,Widowed,Machine-op-inspct,Own-child,Amer-Indian-Eskimo,Male,0,0,39,United-States,<=50K
35,Private,370003,Masters,14,Married-civ-spouse,Other-service,Own-child,White,Male,0,0,53,United-States,<=50K
36,Private,90449,HS-grad,9,Divorced,Handlers-cleaners,Other-relative,White,Female,0,1160,51,United-States,<=50K
29,Self-emp-not-inc,481917,Bachelors,13,Divorced,Protective-serv,Own-child,White,Female,1117,0,23,United-States,>50K
49,Private,431111,Bachelors,13,Married-civ-spouse,Other-service,Own-child,White,Male,0,0,49,United-States,>50K
63,Self-emp-not-inc,134370,HS-grad,9,Never-married,Prof-specialty,Unmarried,White,Female,0,0,20,United-States,<=50K
30,Private,194961,HS-grad,9,Divorced,Handlers-cleaners,Unmarried,White,Male,0,0,21,Germany,<=50K
56,Private,469372,HS-grad,9,Married-civ-spouse,Handlers-cleaners,Unmarried,White,Male,0,1537,40,United-States,<=50K
47,Private,197459,Bachelors,13,Married-civ-spouse,Sales,Other-relative,Black,Male,0,0,60,United-States,<=50K
58,Private,490897,10th,6,Married-civ-spouse,Tech-support,Own-child,White,Male,0,0,60,United-States,<=50K
58,Private,151407,HS-grad,9,Never-married,Tech-support,Unmarried,White,Male,0,0,51,United-States,>50K
20,State-gov,338075,Bachelors,13,Never-married,Transportation,Not-in-family,White,Male,0,0,41,United-States,<=50K
19,Private,116086,Bachelors,13,Married-civ-spouse,Protective-serv,Unmarried,White,Male,0,0,50,United-States,<=50K
65,Private,325612,Bachelors,13,Divorced,Machine-op-inspct,Husband,White,Male,0,0,59,United-States,>50K
26,Self-emp-not-inc,415306,Some-college,10,Married-civ-spouse,Machine-op-inspct,Husband,Other,Male,0,0,60,United-States,<=50K
47,Private,423185,10th,6,Never-married,Machine-op-inspct,Husband,White,Male,0,0,48,United-States,<=50K
57,Private,218192,Some-college,10,Married-civ-spouse,Prof-specialty,Unmarried,White,Male,5804,0,28,United-States,<=50K
44,Private,487397,Assoc-voc,11,Married-civ-spouse,Sales,Wife,White,Male,0,0,32,United-States,<=50K
18,Self-emp-inc,222822,HS-grad,9,Never-married,Other-service,Husband,White,Male,0,0,33,United-States,<=50K
18,State-gov,319479,Doctorate,16,Married-civ-spouse,Sales,Other-relative,White,Male,0,0,29,United-States,<=50K
52,Local-gov,443098,10th,6,Married-civ-spouse,Machine-op-inspct,Other-relative,Asian-Pac-Islander,Male,0,0,59,United-States,<=50K
64,Private,30815,11th,7,Married-civ-spouse,Tech-support,Unmarried,White,Male,0,0,44,United-States,<=50K
35,Private,355353,HS-grad,9,Married-civ-spouse,Craft-repair,Not-in-family,White,Male,0,0,36,United-States,<=50K
46,Federal-gov,384862,Assoc-voc,11,Divorced,Machine-op-inspct,Other-relative,Black,Male,0,0,33,United-States,<=50K
66,Private,221746,HS-grad,9,Never-married,Protective-serv,Not-in-family,Black,Male,0,0,53,United-States,<=50K
60,Private,163538,Bachelors,13,Never-married,Craft-repair,Other-relative,White,Male,0,0,29,United-States,<=50K
46,State-gov,371445,Some-college,10,Never-married,Tech-support,Not-in-family,White,Male,0,0,49,United-States,<=50K
52,Private,264430,Bachelors,13,Married-civ-spouse,Other-service,Husband,White,Female,0,0,36,United-States,>50K
67,Private,77715,Some-college,10,Separated,Craft-repair,Wife,White,Male,0,0,22,United-States,<=50K
59,Local-gov,319443,HS-grad,9,Married-civ-spouse,Other-service,Unmarried,White,Male,0,0,41,Canada,<=50K
39,Private,476802,HS-grad,9,Widowed,Transportation,Husband,White,Female,0,0,24,United-States,<=50K
54,State-gov,197374,HS-grad,9,Married-civ-spouse,Transportation,Husband,Black,Male,0,0,57,United-States,<=50K
35,Private,397731,Some-college,10,Never-married,Other-service,Other-relative,White,Male,0,0,28,United-States,<=50K
65,Private,76955,Assoc-voc,11,Never-married,Other-service,Unmarried,White,Male,0,0,59,United-States,>50K
22,Federal-gov,45789,Masters,14,Married-civ-spouse,Transportation,Own-child,White,Female,0,0,47,United-States,<=50K
29,Self-emp-not-inc,280221,Masters,14,Married-civ-spouse,Exec-managerial,Husband,Black,Male,0,0,49,United-States,<=50K
35,State-gov,142115,Doctorate,16,Married-civ-spouse,Other-service,Not-in-family,White,Male,0,0,24,United-States,<=50K
28,Private,248992,Some-college,10,Married-civ-spouse,Machine-op-inspct,Husband,White,Male,2788,0,29,United-States,<=50K
48,Private,204014,Some-college,10,Married-civ-spouse,Exec-managerial,Own-child,Black,Male,0,0,20,United-States,<=50K
55,Private,488838,Some-college,10,Married-civ-spouse,Transportation,Not-in-family,White,Male,0,1276,38,United-States,>50K
64,Private,192363,HS-grad,9,Married-civ-spouse,Transportation,Unmarried,White,Female,0,0,31,United-States,>50K
44,State-gov,57687,Bachelors,13,Married-civ-spouse,Machine-op-inspct,Husband,White,Male,0,0,24,United-States,<=50K
50,State-gov,136660,Masters,14,Divorced,Handlers-cleaners,Not-in-family,White,Female,0,0,32,United-States,>50K
49,Private,436894,Bachelors,13,Never-married,Prof-specialty,Husband,White,Female,0,0,43,United-States,<=50K
18,State-gov,253476,Masters,14,Divorced,Prof-specialty,Own-child,White,Male,0,0,42,Philippines,<=50K
54,Private,257260,HS-grad,9,Never-married,Tech-support,Other-relative,White,Male,0,0,46,Canada,<=50K
19,Federal-gov,416164,Masters,14,Never-married,Craft-repair,Husband,Asian-Pac-Islander,Male,0,0,54,Canada,<=50K
46,Private,120913,HS-grad,9,Divorced,Craft-repair,Other-relative,White,Female,0,0,36,United-States,>50K
69,Self-emp-not-inc,420789,Assoc-voc,11,Widowed,Handlers-cleaners,Unmarried,Black,Male,0,0,56,United-States,<=50K
58,Self-emp-not-inc,161430,HS-grad,9,Separated,Other-service,Wife,White,Male,0,0,28,United-States,<=50K
44,Private,389251,Some-college,10,Never-married,Protective-serv,Other-relative,Black,Male,0,0,41,United-States,<=50K
34,Local-gov,24132,Some-college,10,Never-married,Exec-managerial,Not-in-family,White,Male,0,0,60,United-States,<=50K
61,Private,208668,HS-grad,9,Married-civ-spouse,Machine-op-inspct,Unmarried,White,Male,0,0,20,United-States,<=50K
62,Federal-gov,279963,Some-college,10,Divorced,Sales,Not-in-family,White,Male,0,0,21,United-States,<=50K
37,Private,259104,HS-grad,9,Married-civ-spouse,Handlers-cleaners,Other-relative,White,Female,0,0,42,United-States,<=50K
23,Private,463252,Bachelors,13,Never-married,Prof-specialty,Husband,Asian-Pac-Islander,Female,4326,0,49,United-States,<=50K
48,Self-emp-not-inc,184567,11th,7,Married-civ-spouse,Other-service,Wife,Asian-Pac-Islander,Female,0,0,25,United-States,<=50K
50,Self-emp-not-inc,380925,Some-college,10,Never-married,Exec-managerial,Own-child,White,Male,0,0,48,United-States,<=50K
66,Local-gov,449467,Some-college,10,Never-married,Sales,Unmarried,Asian-Pac-Islander,Male,0,0,21,Mexico,>50K
64,Private,159543,Assoc-voc,11,Married-civ-spouse,Machine-op-inspct,Not-in-family,White,Male,816,0,42,United-States,<=50K
29,Private,376155,Some-college,10,Never-married,Sales,Wife,White,Male,0,2199,28,United-States,<=50K
31,Private,189807,Assoc-voc,11,Married-civ-spouse,Tech-support,Unmarried,Black,Female,0,0,27,United-States,<=50K
69,Local-gov,234532,Some-college,10,Married-civ-spouse,Machine-op-inspct,Not-in-family,White,Female,0,0,60,United-States,<=50K
34,State-gov,162497,Some-college,10,Married-civ-spouse,Handlers-cleaners,Own-child,White,Male,0,0,55,United-States,<=50K
41,Local-gov,181191,HS-grad,9,Married-civ-spouse,Other-service,Own-child,White,Female,0,0,34,United-States,<=50K
33,Private,80483,HS-grad,9,Separated,Transportation,Other-relative,White,Male,7895,0,45,United-States,<=50K
38,Local-gov,389525,Bachelors,13,Married-civ-spouse,Tech-support,Unmarried,White,Female,0,0,60,United-States,<=50K
47,Private,96093,Assoc-voc,11,Divorced,Sales,Not-in-family,Black,Male,0,0,47,Mexico,<=50K
33,Local-gov,373080,HS-grad,9,Married-civ-spouse,Tech-support,Unmarried,White,Female,0,0,49,United-States,<=50K
39,Private,363923,11th,7,Married-civ-spouse,Sales,Other-relative,White,Female,0,0,49,United-States,<=50K
36,Private,441778,Some-college,10,Widowed,Protective-serv,Husband,Amer-Indian-Eskimo,Male,0,0,40,United-States,<=50K
23,Private,299612,Some-college,10,Never-married,Handlers-cleaners,Other-relative,White,Male,0,0,24,United-States,<=50K
58,Self-emp-inc,89377,Assoc-voc,11,Never-married,Transportation,Not-in-family,White,Male,0,0,20,United-States,<=50K
64,Private,158450,Assoc-voc,11,Separated,Handlers-cleaners,Not-in-family,White,Female,0,0,39,Philippines,<=50K
43,Private,394294,Some-college,10,Married-civ-spouse,Protective-serv,Not-in-family,Other,Male,0,0,43,United-States,<=50K
28,Self-emp-not-inc,146108,HS-grad,9,Never-married,Sales,Husband,White,Female,0,0,52,United-States,<=50K
51,State-gov,408346,HS-grad,9,Widowed,Handlers-cleaners,Unmarried,White,Female,0,0,21,United-States,<=50K
45,Private,367493,HS-grad,9,Never-married,Tech-support,Unmarried,White,Male,4475,0,36,United-States,<=50K
46,Private,323817,Masters,14,Married-civ-spouse,Transportation,Unmarried,White,Male,0,0,34,United-States,<=50K
48,Private,65722,Some-college,10,Divorced,Handlers-cleaners,Not-in-family,White,Male,0,0,49,United-States,<=50K
55,Private,288314,Bachelors,13,Divorced,Tech-support,Wife,White,Male,0,0,43,United-States,<=50K
20,Private,124066,HS-grad,9,Married-civ-spouse,Protective-serv,Not-in-family,White,Male,0,0,35,United-States,<=50K
23,Private,496458,Some-college,10,Never-married,Transportation,Wife,White,Male,5525,0,49,Canada,<=50K
22,Private,189408,Some-college,10,Divorced,Protective-serv,Not-in-family,White,Male,0,0,52,United-States,<=50K
26,Private,229751,Some-college,10,Divorced,Handlers-cleaners,Other-relative,White,Male,0,0,45,United-States,<=50K
68,Private,440098,Bachelors,13,Never-married,Other-service,Wife,White,Male,0,0,54,United-States,<=50K
55,Private,35998,10th,6,Married-civ-spouse,Protective-serv,Own-child,White,Male,0,0,42,United-States,<=50K
52,Private,412627,Assoc-voc,11,Married-civ-spouse,Transportation,Own-child,White,Male,0,0,54,United-States,>50K
54,Private,156257,Bachelors,13,Never-married,Tech-support,Unmarried,Other,Female,0,0,50,United-States,>50K
19,Private,59665,HS-grad,9,Divorced,Prof-specialty,Not-in-family,White,Male,0,0,46,Germany,<=50K
29,Private,110681,11th,7,Separated,Handlers-cleaners,Own-child,White,Male,0,0,39,United-States,<=50K
59,Self-emp-not-inc,286856,Assoc-voc,11,Never-married,Exec-managerial,Own-child,White,Female,0,0,40,United-States,<=50K
42,Federal-gov,128818,Assoc-voc,11,Separated,Transportation,Wife,White,Female,0,0,47,India,>50K
44,Private,421509,Some-college,10,Divorced,Machine-op-inspct,Husband,White,Male,0,0,55,Philippines,<=50K
57,Self-emp-not-inc,54669,HS-grad,9,Married-civ-spouse,Other-service,Other-relative,White,Female,0,0,49,United-States,<=50K
21,Federal-gov,281436,Masters,14,Widowed,Sales,Other-relative,White,Male,0,0,35,United-States,<=50K
59,Private,34904,Some-college,10,Married-civ-spouse,Exec-managerial,Wife,Asian-Pac-Islander,Female,0,0,21,United-States,<=50K
53,Private,242054,Some-college,10,Separated,Exec-managerial,Own-child,White,Male,0,0,59,United-States,<=50K
38,Private,373722,Some-college,10,Never-married,Prof-specialty,Other-relative,White,Male,0,0,30,Canada,<=50K
43,Private,448290,Bachelors,13,Married-civ-spouse,Protective-serv,Other-relative,White,Female,0,0,54,United-States,<=50K
21,Private,427742,Some-college,10,Married-civ-spouse,Exec-managerial,Husband,White,Male,0,0,24,United-States,>50K
28,Private,372443,Bachelors,13,Never-married,Protective-serv,Husband,Black,Male,0,2912,31,United-States,<=50K
30,State-gov,431044,Bachelors,13,Married-civ-spouse,Protective-serv,Husband,White,Female,0,0,21,United-States,>50K
63,Private,264298,Some-college,10,Married-civ-spouse,Handlers-cleaners,Not-in-family,Black,Male,0,0,35,United-States,<=50K
23,Private,448248,HS-grad,9,Married-civ-spouse,Transportation,Unmarried,White,Male,6923,0,23,United-States,<=50K
33,State-gov,104243,11th,7,Married-civ-spouse,Prof-specialty,Husband,White,Male,0,0,56,United-States,<=50K
24,Private,241163,Some-college,10,Never-married,Craft-repair,Other-relative,White,Female,0,0,36,United-States,<=50K
32,Private,105458,Some-college,10,Never-married,Sales,Other-relative,White,Male,0,0,30,United-States,<=50K
18,State-gov,89927,Some-college,10,Never-married,Sales,Unmarried,White,Male,0,0,32,United-States,<=50K
32,Private,133648,Some-college,10,Widowed,Other-service,Not-in-family,White,Male,0,0,23,United-States,<=50K
55,Private,374650,Bachelors,13,Divorced,Handlers-cleaners,Unmarried,Other,Male,0,0,28,United-States,<=50K
57,Private,301432,HS-grad,9,Married-civ-spouse,Prof-specialty,Own-child,White,Male,0,0,23,United-States,<=50K
37,Private,290328,Assoc-voc,11,Married-civ-spouse,Handlers-cleaners,Wife,White,Male,0,0,20,United-States,<=50K
54,Federal-gov,282623,HS-grad,9,Married-civ-spouse,Craft-repair,Unmarried,Black,Male,0,0,55,United-States,<=50K
50,Private,225561,10th,6,Never-married,Machine-op-inspct,Not-in-family,White,Female,0,0,47,United-States,<=50K
64,Federal-gov,323907,Bachelors,13,Never-married,Prof-specialty,Wife,Black,Female,0,0,35,United-States,<=50K
59,Private,100169,HS-grad,9,Married-civ-spouse,Machine-op-inspct,Not-in-family,Amer-Indian-Eskimo,Male,0,0,30,United-States,<=50K
29,Local-gov,114712,Bachelors,13,Never-married,Sales,Own-child,White,Male,0,2666,28,United-States,>50K
48,Private,165279,Some-college,10,Divorced,Prof-specialty,Other-relative,Other,Male,0,0,35,United-States,<=50K
58,State-gov,268978,11th,7,Never-married,Sales,Other-relative,White,Male,0,0,30,United-States,<=50K
33,Private,326605,Masters,14,Married-civ-spouse,Protective-serv,Husband,White,Male,0,0,53,United-States,<=50K
47,Local-gov,312924,Some-college,10,Married-civ-spouse,Craft-repair,Not-in-family,White,Male,0,0,44,United-States,<=50K
38,Federal-gov,84267,Some-college,10,Married-civ-spouse,Protective-serv,Unmarried,White,Male,0,0,23,United-States,<=50K
34,Private,431662,10th,6,Widowed,Exec-managerial,Not-in-family,White,Male,0,0,37,United-States,<=50K
28,Private,369729,Bachelors,13,Married-civ-spouse,Machine-op-inspct,Other-relative,White,Female,0,0,25,United-States,<=50K
19,Private,152260,Some-college,10,Never-married,Tech-support,Unmarried,White,Male,0,0,25,United-States,<=50K
56,Private,96760,Some-college,10,Married-civ-spouse,Craft-repair,Own-child,White,Male,0,0,46,United-States,<=50K
60,Private,153500,Some-college,10,Never-married,Protective-serv,Other-relative,White,Male,0,1381,40,Germany,<=50K
51,Private,487432,Bachelors,13,Never-married,Sales,Husband,White,Female,3730,0,27,United-States,<=50K
30,State-gov,496538,Bachelors,13,Married-civ-spouse,Other-service,Husband,Other,Female,0,0,46,United-States,<=50K
18,State-gov,221712,Assoc-voc,11,Never-married,Handlers-cleaners,Other-relative,Black,Male,0,0,38,United-States,<=50K
50,Private,49920,Bachelors,13,Never-married,Handlers-cleaners,Wife,Other,Male,0,0,36,United-States,<=50K
28,Private,186204,Bachelors,13,Married-civ-spouse,Tech-support,Other-relative,White,Male,0,0,21,United-States,<=50K
46,Private,254337,Some-college,10,Married-civ-spouse,Prof-specialty,Unmarried,White,Male,0,0,45,Philippines,<=50K
68,Self-emp-not-inc,482271,Masters,14,Separated,Protective-serv,Unmarried,White,Male,0,0,31,United-States,<=50K
18,State-gov,465685,Some-college,10,Never-married,Machine-op-inspct,Husband,White,Male,0,0,48,United-States,<=50K
48,Private,354407,Assoc-voc,11,Married-civ-spouse,Other-service,Wife,White,Male,0,0,33,United-States,<=50K
69,Private,283772,Some-college,10,Married-civ-spouse,Transportation,Not-in-family,White,Male,4999,0,46,United-States,<=50K
35,Private,263541,Bachelors,13,Divorced,Protective-serv,Husband,Black,Female,0,0,45,United-States,<=50K
60,Private,298489,Assoc-voc,11,Married-civ-spouse,Transportation,Unmarried,White,Male,0,0,25,United-States,<=50K
61,State-gov,67283,Masters,14,Married-civ-spouse,Protective-serv,Unmarried,White,Female,0,0,23,United-States,<=50K
43,Self-emp-not-inc,148775,Some-college,10,Married-civ-spouse,Transportation,Other-relative,White,Female,0,0,37,United-States,>50K
33,Private,297369,Bachelors,13,Never-married,Tech-support,Wife,White,Male,0,0,31,United-States,<=50K
53,Private,372553,HS-grad,9,Never-married,Other-service,Husband,White,Male,0,0,57,United-States,<=50K
50,Private,224750,HS-grad,9,Married-civ-spouse,Prof-specialty,Other-relative,Other,Female,0,0,24,Canada,<=50K
42,Private,481665,Doctorate,16,Never-married,Sales,Other-relative,White,Male,0,0,26,Mexico,<=50K
28,Private,379859,Doctorate,16,Never-married,Craft-repair,Unmarried,White,Female,0,0,39,United-States,<=50K
56,Private,243537,HS-grad,9,Married-civ-spouse,Machine-op-inspct,Own-child,White,Male,0,0,55,Philippines,<=50K
28,Private,490130,11th,7,Never-married,Handlers-cleaners,Wife,White,Female,8582,0,37,United-States,<=50K
24,Local-gov,435523,Some-college,10,Never-married,Prof-specialty,Unmarried,Asian-Pac-Islander,Male,0,0,38,United-States,<=50K
21,Federal-gov,265971,Assoc-voc,11,Married-civ-spouse,Protective-serv,Husband,Black,Female,0,1285,57,United-States,<=50K
41,Private,36663,Masters,14,Divorced,Protective-serv,Not-in-family,White,Male,9332,0,44,United-States,>50K
24,Private,300229,Assoc-voc,11,Divorced,Exec-managerial,Own-child,Amer-Indian-Eskimo,Male,5746,0,55,United-States,>50K
35,State-gov,423903,Assoc-voc,11,Never-married,Protective-serv,Not-in-family,White,Male,0,0,32,United-States,<=50K
30,Self-emp-not-inc,450619,10th,6,Never-married,Transportation,Own-child,Black,Male,0,0,27,Germany,<=50K
41,State-gov,479729,Bachelors,13,Widowed,Craft-repair,Husband,White,Male,0,1566,49,United-States,<=50K
58,Private,54932,HS-grad,9,Married-civ-spouse,Other-service,Not-in-family,Black,Male,0,0,30,United-States,<=50K
41,Private,428059,Some-college,10,Married-civ-spouse,Craft-repair,Wife,Asian-Pac-Islander,Male,0,0,27,United-States,<=50K
46,Private,214590,Masters,14,Never-married,Machine-op-inspct,Husband,White,Male,1713,0,45,United-States,<=50K
25,Local-gov,62027,HS-grad,9,Never-married,Protective-serv,Own-child,White,Male,0,0,51,United-States,<=50K
23,Self-emp-not-inc,228244,11th,7,Never-married,Protective-serv,Wife,White,Male,0,0,57,United-States,<=50K
68,Private,325418,HS-grad,9,Divorced,Protective-serv,Other-relative,White,Female,0,0,25,United-States,<=50K
50,State-gov,315682,Assoc-voc,11,Separated,Prof-specialty,Own-child,White,Female,0,0,56,United-States,>50K
18,State-gov,55753,Some-college,10,Never-married,Transportation,Not-in-family,White,Male,4592,0,27,United-States,<=50K
47,Private,71775,Assoc-voc,11,Married-civ-spouse,Craft-repair,Own-child,White,Female,6765,0,48,United-States,<=50K
18,Private,52517,11th,7,Divorced,Protective-serv,Unmarried,White,Female,0,0,20,United-States,<=50K
22,Private,57219,Some-college,10,Divorced,Transportation,Husband,Asian-Pac-Islander,Male,0,0,41,United-States,<=50K
37,Private,57116,Bachelors,13,Married-civ-spouse,Other-service,Husband,White,Male,0,0,55,United-States,<=50K
52,Self-emp-not-inc,112525,HS-grad,9,Never-married,Machine-op-inspct,Unmarried,White,Male,0,0,26,United-States,<=50K
50,Private,88597,Doctorate,16,Widowed,Tech-support,Wife,White,Male,0,0,54,United-States,>50K
59,Local-gov,383445,Assoc-voc,11,Never-married,Craft-repair,Other-relative,Other,Female,0,0,23,Germany,<=50K
27,Federal-gov,277287,HS-grad,9,Never-married,Sales,Not-in-family,White,Male,3587,0,36,Canada,<=50K
27,Local-gov,292496,HS-grad,9,Never-married,Handlers-cleaners,Other-relative,White,Male,0,0,27,United-States,<=50K
45,Self-emp-not-inc,378381,Some-college,10,Married-civ-spouse,Sales,Not-in-family,White,Male,0,0,20,United-States,<=50K
63,Private,306556,HS-grad,9,Never-married,Exec-managerial,Wife,White,Male,0,977,31,United-States,<=50K
55,Private,98202,Assoc-voc,11,Married-civ-spouse,Machine-op-inspct,Not-in-family,Other,Female,0,0,58,United-States,>50K
52,Self-emp-not-inc,447834,HS-grad,9,Widowed,Machine-op-inspct,Wife,White,Female,0,0,56,United-States,>50K
22,Private,23182,11th,7,Married-civ-spouse,Protective-serv,Own-child,White,Female,0,0,27,United-States,<=50K
63,Self-emp-not-inc,166398,10th,6,Widowed,Tech-support,Not-in-family,White,Male,0,0,42,Philippines,<=50K
69,Private,224700,Assoc-voc,11,Separated,Transportation,Husband,White,Male,9621,0,26,United-States,<=50K
48,Private,122556,Bachelors,13,Divorced,Other-service,Husband,White,Female,0,2916,57,India,<=50K
35,Private,224200,HS-grad,9,Married-civ-spouse,Prof-specialty,Other-relative,White,Female,0,0,28,Canada,<=50K
52,Self-emp-not-inc,100269,Doctorate,16,Divorced,Machine-op-inspct,Husband,White,Female,0,0,56,United-States,>50K
51,Private,230306,Bachelors,13,Married-civ-spouse,Other-service,Unmarried,White,Male,0,0,30,Mexico,<=50K
66,Private,74528,10th,6,Never-married,Protective-serv,Not-in-family,White,Male,0,0,25,United-States,<=50K
23,Private,287495,Some-college,10,Separated,Prof-specialty,Other-relative,White,Male,0,0,58,United-States,<=50K
44,Self-emp-inc,288897,HS-grad,9,Married-civ-spouse,Craft-repair,Own-child,White,Female,0,0,25,United-States,<=50K
54,Private,486412,10th,6,Separated,Other-service,Other-relative,White,Male,0,0,45,United-States,<=50K
36,Private,101433,Assoc-voc,11,Married-civ-spouse,Machine-op-inspct,Wife,Black,Female,1557,0,45,United-States,<=50K
61,Private,155723,HS-grad,9,Married-civ-spouse,Tech-support,Not-in-family,Black,Male,0,0,33,United-States,<=50K
21,Private,319369,Masters,14,Married-civ-spouse,Sales,Wife,Asian-Pac-Islander,Female,0,0,49,United-States,<=50K
23,Private,293681,HS-grad,9,Married-civ-spouse,Exec-managerial,Other-relative,White,Female,0,0,51,United-States,<=50K
59,Private,306217,Bachelors,13,Married-civ-spouse,Sales,Own-child,Asian-Pac-Islander,Male,0,0,45,United-States,<=50K
24,Private,424706,Some-college,10,Divorced,Exec-managerial,Other-relative,White,Male,0,0,51,United-States,<=50K
39,Local-gov,255943,Some-college,10,Married-civ-spouse,Handlers-cleaners,Unmarried,White,Male,0,0,31,United-States,<=50K
32,Federal-gov,228784,HS-grad,9,Never-married,Tech-support,Husband,White,Female,0,0,30,United-States,<=50K
53,Private,185057,HS-grad,9,Married-civ-spouse,Handlers-cleaners,Husband,White,Male,0,0,40,Germany,<=50K
18,Federal-gov,27145,Some-college,10,Never-married,Machine-op-inspct,Own-child,White,Male,0,0,27,United-States,<=50K
36,Private,211057,HS-grad,9,Married-civ-spouse,Handlers-cleaners,Not-in-family,Black,Female,0,0,24,United-States,<=50K
69,Private,188863,Some-college,10,Never-married,Protective-serv,Unmarried,Other,Male,0,0,26,United-States,<=50K
37,Self-emp-not-inc,367212,Bachelors,13,Never-married,Handlers-cleaners,Own-child,White,Male,0,2405,21,United-States,<=50K
49,State-gov,357692,Masters,14,Widowed,Tech-support,Unmarried,Other,Female,0,0,34,United-States,>50K
69,Private,149863,Bachelors,13,Never-married,Machine-op-inspct,Other-relative,White,Female,0,0,31,Mexico,<=50K
49,Private,109657,HS-grad,9,Married-civ-spouse,Machine-op-inspct,Other-relative,Amer-Indian-Eskimo,Male,0,0,21,United-States,<=50K
57,Private,345331,HS-grad,9,Married-civ-spouse,Handlers-cleaners,Unmarried,White,Female,0,0,47,Philippines,<=50K
67,Private,339917,Assoc-voc,11,Never-married,Tech-support,Wife,White,Female,0,0,38,Mexico,<=50K
50,Private,158003,Assoc-voc,11,Separated,Prof-specialty,Other-relative,White,Male,0,0,32,Germany,<=50K
61,Private,44978,10th,6,Never-married,Prof-specialty,Other-relative,Other,Male,0,0,28,United-States,<=50K
44,Self-emp-inc,253811,11th,7,Married-civ-spouse,Tech-support,Unmarried,White,Female,0,0,39,Philippines,<=50K
60,Private,342160,Bachelors,13,Divorced,Protective-serv,Wife,White,Male,577,0,51,United-States,<=50K
51,Private,118627,Assoc-voc,11,Married-civ-spouse,Exec-managerial,Other-relative,Black,Male,0,397,21,United-States,<=50K
35,Local-gov,260014,Some-college,10,Never-married,Exec-managerial,Wife,White,Male,0,432,33,United-States,<=50K
47,Private,457996,Masters,14,Divorced,Protective-serv,Unmarried,White,Male,0,0,36,Canada,<=50K
35,Private,357251,11th,7,Widowed,Machine-op-inspct,Not-in-family,White,Male,0,0,46,United-States,<=50K
38,Private,429242,Doctorate,16,Married-civ-spouse,Protective-serv,Unmarried,Black,Male,0,0,54,United-States,>50K
33,Private,33344,Some-college,10,Married-civ-spouse,Sales,Not-in-family,Asian-Pac-Islander,Female,0,0,47,United-States,<=50K
43,Private,470190,Some-college,10,Married-civ-spouse,Handlers-cleaners,Husband,White,Male,0,0,45,United-States,<=50K
36,Private,476991,HS-grad,9,Married-civ-spouse,Other-service,Own-child,White,Male,0,0,52,United-States,<=50K
50,Self-emp-not-inc,335814,Some-college,10,Married-civ-spouse,Sales,Not-in-family,White,Male,0,0,45,Philippines,<=50K
37,Private,298496,Assoc-voc,11,Never-married,Exec-managerial,Not-in-family,White,Female,0,0,39,United-States,<=50K
43,Local-gov,102522,Bachelors,13,Married-civ-spouse,Sales,Not-in-family,White,Male,0,0,47,United-States,<=50K
25,Local-gov,340938,HS-grad,9,Never-married,Sales,Other-relative,White,Male,0,0,36,United-States,<=50K
38,Private,321524,Masters,14,Never-married,Handlers-cleaners,Not-in-family,White,Male,0,0,56,United-States,<=50K
36,Private,411385,Some-college,10,Married-civ-spouse,Craft-repair,Wife,White,Male,0,0,30,United-States,<=50K
67,Local-gov,112747,Bachelors,13,Never-married,Prof-specialty,Husband,White,Female,0,0,46,United-States,<=50K
41,Private,43667,Some-college,10,Married-civ-spouse,Exec-managerial,Wife,White,Male,5890,0,20,United-States,<=50K
19,Private,245054,Some-college,10,Married-civ-spouse,Tech-support,Husband,Amer-Indian-Eskimo,Male,0,0,49,United-States,<=50K
34,Private,96775,Masters,14,Never-married,Other-service,Other-relative,Black,Female,0,0,26,India,<=50K
55,Self-emp-not-inc,439345,Masters,14,Never-married,Other-service,Unmarried,White,Male,0,0,43,United-States,<=50K
26,Private,95699,Masters,14,Never-married,Exec-managerial,Unmarried,Asian-Pac-Islander,Male,0,0,29,United-States,<=50K
26,Private,109666,Some-college,10,Married-civ-spouse,Exec-managerial,Not-in-family,Other,Male,0,0,21,United-States,<=50K
37,Private,95555,Bachelors,13,Never-married,Prof-specialty,Unmarried,Black,Female,0,0,46,United-States,<=50K
36,Self-emp-not-inc,441821,HS-grad,9,Married-civ-spouse,Sales,Not-in-family,White,Female,0,0,48,United-States,<=50K
43,Private,61880,Some-college,10,Married-civ-spouse,Machine-op-inspct,Husband,White,Male,0,0,52,United-States,<=50K
19,Self-emp-not-inc,251527,Bachelors,13,Married-civ-spouse,Sales,Not-in-family,Black,Male,0,0,51,Philippines,<=50K
55,Private,461608,Bachelors,13,Never-married,Transportation,Not-in-family,White,Male,0,0,38,United-States,<=50K
29,Private,170268,11th,7,Married-civ-spouse,Handlers-cleaners,Not-in-family,White,Male,2151,0,58,United-States,<=50K
54,Private,187248,HS-grad,9,Married-civ-spouse,Protective-serv,Other-relative,White,Male,0,0,53,United-States,<=50K
47,Private,343795,Assoc-voc,11,Married-civ-spouse,Craft-repair,Unmarried,White,Male,0,0,22,United-States,<=50K
28,Private,74563,Some-college,10,Widowed,Transportation,Wife,Black,Male,0,0,35,United-States,<=50K
42,Local-gov,291102,Bachelors,13,Never-married,Transportation,Husband,Black,Male,0,0,47,United-States,<=50K
19,Private,361904,Assoc-voc,11,Never-married,Prof-specialty,Not-in-family,White,Male,0,0,46,United-States,<=50K
54,State-gov,216144,Masters,14,Divorced,Sales,Husband,White,Female,0,0,55,United-States,>50K
33,Private,195992,Assoc-voc,11,Separated,Machine-op-inspct,Own-child,Other,Male,0,0,42,United-States,<=50K
37,Private,92973,Assoc-voc,11,Married-civ-spouse,Protective-serv,Unmarried,White,Female,0,0,36,Mexico,<=50K
26,Private,118659,HS-grad,9,Married-civ-spouse,Machine-op-inspct,Not-in-family,White,Male,0,2526,26,United-States,<=50K
36,Federal-gov,163420,10th,6,Never-married,Protective-serv,Unmarried,White,Male,0,0,59,United-States,<=50K
38,Private,465780,11th,7,Divorced,Transportation,Husband,White,Male,0,0,38,United-States,<=50K
29,Private,94161,Some-college,10,Married-civ-spouse,Handlers-cleaners,Other-relative,White,Female,0,0,53,United-States,<=50K
68,Private,426817,HS-grad,9,Married-civ-spouse,Machine-op-inspct,Wife,White,Female,0,0,59,Germany,<=50K
32,Private,177978,HS-grad,9,Never-married,Sales,Husband,White,Male,0,0,47,United-States,<=50K
27,Private,304083,Assoc-voc,11,Married-civ-spouse,Handlers-cleaners,Wife,White,Male,0,0,26,United-States,<=50K
46,Federal-gov,401265,11th,7,Married-civ-spouse,Transportation,Unmarried,Black,Male,0,0,41,United-States,<=50K
34,Private,258815,Assoc-voc,11,Never-married,Exec-managerial,Own-child,Other,Male,0,0,36,United-States,<=50K
41,Federal-gov,483684,Some-college,10,Married-civ-spouse,Tech-support,Unmarried,Black,Male,0,0,45,United-States,<=50K
55,Private,69134,HS-grad,9,Never-married,Handlers-cleaners,Husband,White,Female,0,0,33,United-States,<=50K
22,Local-gov,329933,Some-college,10,Divorced,Prof-specialty,Not-in-family,White,Male,0,0,25,United-States,<=50K
44,State-gov,250905,Some-college,10,Never-married,Exec-managerial,Own-child,White,Female,0,0,50,United-States,<=50K
19,Private,270309,HS-grad,9,Separated,Protective-serv,Wife,White,Male,0,0,56,United-States,<=50K
20,State-gov,218171,HS-grad,9,Married-civ-spouse,Tech-support,Not-in-family,White,Male,0,0,21,United-States,<=50K
22,Federal-gov,422696,HS-grad,9,Married-civ-spouse,Transportation,Not-in-family,Black,Male,0,0,28,United-States,<=50K
26,Private,261776,HS-grad,9,Married-civ-spouse,Craft-repair,Husband,White,Female,4317,0,38,United-States,<=50K
36,Private,422819,Masters,14,Married-civ-spouse,Other-service,Not-in-family,White,Male,4903,0,49,United-States,<=50K
66,Private,214385,Some-college,10,Married-civ-spouse,Prof-specialty,Wife,White,Male,7481,2888,30,United-States,<=50K
65,Private,40098,Some-college,10,Married-civ-spouse,Protective-serv,Other-relative,White,Male,0,0,43,United-States,<=50K
23,Private,275299,Bachelors,13,Never-married,Tech-support,Wife,Black,Male,0,0,32,Canada,<=50K
69,Private,497610,10th,6,Married-civ-spouse,Prof-specialty,Wife,White,Male,0,0,34,United-States,<=50K
51,Private,293698,Masters,14,Divorced,Craft-repair,Unmarried,White,Male,0,2445,36,United-States,<=50K
46,Private,473402,Bachelors,13,Never-married,Handlers-cleaners,Wife,White,Female,0,0,35,United-States,>50K
59,Private,60574,Masters,14,Divorced,Sales,Husband,Asian-Pac-Islander,Female,846,0,31,United-States,<=50K
43,Private,340641,Masters,14,Divorced,Exec-managerial,Not-in-family,White,Female,8255,0,26,United-States,<=50K
31,State-gov,120623,Bachelors,13,Married-civ-spouse,Protective-serv,Not-in-family,Black,Female,0,0,43,United-States,<=50K
45,Private,44204,Some-college,10,Never-married,Craft-repair,Not-in-family,White,Male,0,0,51,United-States,<=50K
55,Private,239509,Bachelors,13,Married-civ-spouse,Craft-repair,Own-child,Amer-Indian-Eskimo,Male,0,0,31,United-States,>50K
53,Private,332529,Some-college,10,Divorced,Handlers-cleaners,Husband,White,Male,6715,0,32,United-States,<=50K
26,State-gov,453520,Some-college,10,Married-civ-spouse,Prof-specialty,Wife,White,Male,0,0,57,United-States,<=50K
66,Private,285138,HS-grad,9,Never-married,Other-service,Husband,White,Female,0,0,32,Canada,<=50K
32,Private,470897,Some-college,10,Married-civ-spouse,Protective-serv,Unmarried,White,Female,0,0,38,United-States,<=50K
60,Private,298653,Some-college,10,Married-civ-spouse,Transportation,Wife,Black,Male,0,0,34,United-States,<=50K
34,Private,292358,Bachelors,13,Never-married,Machine-op-inspct,Not-in-family,Black,Male,7396,0,26,United-States,>50K
21,Self-emp-not-inc,116438,Some-college,10,Never-married,Exec-managerial,Wife,White,Male,0,0,35,United-States,<=50K
69,Private,294981,HS-grad,9,Married-civ-spouse,Protective-serv,Not-in-family,White,Male,0,0,31,United-States,<=50K
48,Self-emp-not-inc,491148,Some-college,10,Married-civ-spouse,Transportation,Husband,Black,Male,0,0,33,United-States,<=50K
29,Private,275528,Some-college,10,Never-married,Other-service,Husband,Black,Female,0,0,52,United-States,<=50K
18,State-gov,320644,Bachelors,13,Separated,Machine-op-inspct,Wife,White,Male,0,0,56,Canada,<=50K
24,Private,159693,Some-college,10,Never-married,Handlers-cleaners,Wife,White,Female,0,0,24,United-States,<=50K
26,State-gov,457473,HS-grad,9,Never-married,Sales,Wife,White,Male,0,0,27,United-States,<=50K
66,Private,238877,HS-grad,9,Never-married,Transportation,Wife,White,Male,0,0,35,United-States,<=50K
27,Private,208978,Some-college,10,Never-married,Tech-support,Other-relative,Amer-Indian-Eskimo,Male,0,829,42,United-States,<=50K
26,Private,293551,HS-grad,9,Married-civ-spouse,Sales,Own-child,White,Male,0,0,58,United-States,<=50K
61,Self-emp-not-inc,346183,Some-college,10,Never-married,Other-service,Husband,White,Male,0,0,53,United-States,<=50K
63,Self-emp-not-inc,435777,Bachelors,13,Divorced,Tech-support,Unmarried,White,Male,0,0,20,United-States,>50K
28,Private,283182,11th,7,Divorced,Protective-serv,Not-in-family,White,Male,0,0,48,United-States,<=50K
51,Private,185442,Bachelors,13,Never-married,Prof-specialty,Own-child,White,Male,0,0,59,United-States,<=50K
45,Private,168092,HS-grad,9,Divorced,Sales,Not-in-family,Other,Male,0,0,27,United-States,<=50K
47,Private,120184,Some-college,10,Married-civ-spouse,Transportation,Wife,White,Male,4719,0,34,United-States,<=50K
34,Federal-gov,148821,Doctorate,16,Divorced,Other-service,Own-child,White,Female,0,0,30,Philippines,<=50K
57,Private,91323,HS-grad,9,Never-married,Transportation,Husband,Black,Male,0,0,28,Mexico,<=50K
63,Private,391910,11th,7,Married-civ-spouse,Protective-serv,Other-relative,White,Male,0,0,36,United-States,<=50K
55,Private,172094,Some-college,10,Never-married,Transportation,Own-child,White,Female,0,0,53,United-States,<=50K
64,Private,484488,HS-grad,9,Never-married,Tech-support,Other-relative,White,Male,0,0,23,United-States,<=50K
23,State-gov,262647,HS-grad,9,Divorced,Handlers-cleaners,Husband,White,Female,0,0,39,Philippines,<=50K
52,Private,68879,Assoc-voc,11,Never-married,Tech-support,Husband,White,Male,0,0,57,United-States,<=50K
69,State-gov,492680,10th,6,Married-civ-spouse,Machine-op-inspct,Own-child,White,Female,0,0,24,United-States,<=50K
45,Self-emp-not-inc,342212,Assoc-voc,11,Never-married,Machine-op-inspct,Husband,Amer-Indian-Eskimo,Male,0,0,51,United-States,<=50K
66,Private,113884,Some-college,10,Divorced,Craft-repair,Unmarried,Black,Female,0,0,47,United-States,<=50K
36,Private,382816,Masters,14,Married-civ-spouse,Tech-support,Husband,White,Female,0,0,28,India,>50K
64,Self-emp-not-inc,43454,HS-grad,9,Never-married,Tech-support,Not-in-family,White,Male,0,765,51,United-States,<=50K
66,Self-emp-not-inc,60960,Some-college,10,Married-civ-spouse,Craft-repair,Own-child,White,Male,0,0,29,United-States,<=50K
50,Private,150086,Bachelors,13,Never-married,Craft-repair,Wife,White,Female,0,0,38,United-States,>50K
54,Local-gov,354231,10th,6,Never-married,Handlers-cleaners,Husband,White,Male,0,0,56,United-States,<=50K
45,Private,312825,Some-college,10,Married-civ-spouse,Other-service,Wife,White,Male,0,0,49,United-States,>50K
34,Private,173732,Some-college,10,Widowed,Transportation,Husband,White,Male,0,0,40,United-States,<=50K
45,Private,478076,HS-grad,9,Married-civ-spouse,Tech-support,Not-in-family,Asian-Pac-Islander,Male,0,0,24,United-States,<=50K
68,Self-emp-not-inc,369678,Some-college,10,Never-married,Protective-serv,Wife,White,Female,0,0,24,United-States,<=50K
18,Private,344467,HS-grad,9,Never-married,Exec-managerial,Husband,White,Male,0,0,21,United-States,<=50K
28,Private,38708,Assoc-voc,11,Divorced,Prof-specialty,Husband,Asian-Pac-Islander,Male,0,0,22,United-States,<=50K
43,Private,397524,HS-grad,9,Never-married,Machine-op-inspct,Unmarried,Asian-Pac-Islander,Male,0,0,28,Mexico,<=50K
35,Private,86167,Bachelors,13,Married-civ-spouse,Other-service,Wife,White,Female,0,0,40,United-States,<=50K
50,Private,316691,HS-grad,9,Married-civ-spouse,Tech-support,Not-in-family,White,Male,0,0,60,United-States,<=50K
36,Local-gov,152293,Some-college,10,Divorced,Other-service,Own-child,Black,Male,0,0,54,United-States,<=50K
52,Private,482430,HS-grad,9,Married-civ-spouse,Transportation,Own-child,White,Male,0,0,27,United-States,>50K
23,State-gov,485442,Some-college,10,Separated,Prof-specialty,Unmarried,White,Male,0,0,55,United-States,<=50K
35,Self-emp-not-inc,301997,Bachelors,13,Married-civ-spouse,Handlers-cleaners,Other-relative,White,Male,0,0,57,United-States,<=50K
54,Self-emp-not-inc,259867,Bachelors,13,Married-civ-spouse,Transportation,Not-in-family,White,Male,0,0,43,Germany,<=50K
42,State-gov,345444,11th,7,Never-married,Craft-repair,Wife,Amer-Indian-Eskimo,Male,0,0,32,United-States,<=50K
55,Private,443275,Some-college,10,Married-civ-spouse,Tech-support,Unmarried,Other,Female,0,0,34,United-States,<=50K
51,Private,492160,Bachelors,13,Never-married,Tech-support,Husband,White,Female,0,0,40,India,<=50K
35,Private,464669,Assoc-voc,11,Never-married,Craft-repair,Not-in-family,White,Female,0,0,29,United-States,<=50K
40,Private,287733,HS-grad,9,Married-civ-spouse,Exec-managerial,Not-in-family,Asian-Pac-Islander,Female,0,0,48,United-States,<=50K
68,Private,74893,Assoc-voc,11,Never-married,Tech-support,Unmarried,White,Male,0,0,47,United-States,<=50K
68,Self-emp-not-inc,133697,11th,7,Widowed,Transportation,Husband,White,Female,0,0,26,United-States,<=50K
19,Federal-gov,203797,Assoc-voc,11,Divorced,Exec-managerial,Wife,White,Male,0,0,21,United-States,<=50K
54,Private,475761,Bachelors,13,Married-civ-spouse,Machine-op-inspct,Husband,White,Female,0,0,28,United-States,<=50K
43,Self-emp-not-inc,184526,Masters,14,Married-civ-spouse,Transportation,Wife,White,Female,0,0,35,United-States,<=50K
18,Private,284549,Some-college,10,Never-married,Tech-support,Unmarried,White,Male,0,0,30,United-States,<=50K
50,Private,376800,Bachelors,13,Married-civ-spouse,Exec-managerial,Husband,Black,Male,0,0,43,Philippines,>50K
19,Private,407748,10th,6,Never-married,Protective-serv,Other-relative,Other,Male,0,0,39,United-States,<=50K
34,Private,133351,HS-grad,9,Married-civ-spouse,Handlers-cleaners,Unmarried,White,Female,0,0,36,United-States,<=50K
53,Private,213235,Doctorate,16,Divorced,Transportation,Husband,White,Male,0,0,34,United-States,<=50K
60,Private,446730,Some-college,10,Never-married,Other-service,Own-child,White,Male,0,0,49,United-States,<=50K
39,Private,481108,HS-grad,9,Never-married,Other-service,Unmarried,White,Female,0,0,23,United-States,<=50K
60,Private,299926,Bachelors,13,Never-married,Machine-op-inspct,Other-relative,White,Male,0,0,34,Mexico,<=50K
61,Federal-gov,398249,Doctorate,16,Married-civ-spouse,Protective-serv,Husband,White,Male,0,0,30,Canada,>50K
41,Private,263254,Bachelors,13,Never-married,Other-service,Unmarried,White,Male,0,0,51,United-States,<=50K
26,Self-emp-not-inc,324314,Assoc-voc,11,Married-civ-spouse,Exec-managerial,Other-relative,Black,Male,0,0,53,Mexico,<=50K
52,Private,493072,Some-college,10,Never-married,Handlers-cleaners,Wife,Black,Male,0,0,54,United-States,<=50K
18,Private,387485,11th,7,Never-married,Other-service,Own-child,Black,Male,0,0,41,United-States,<=50K
64,Private,389673,Bachelors,13,Married-civ-spouse,Sales,Wife,White,Male,0,0,57,Mexico,>50K
38,Local-gov,413225,Doctorate,16,Widowed,Handlers-cleaners,Not-in-family,White,Male,0,0,58,United-States,>50K
57,Private,26514,HS-grad,9,Never-married,Protective-serv,Other-relative,White,Female,0,0,57,United-States,>50K
56,Private,430163,Some-college,10,Never-married,Other-service,Other-relative,White,Female,0,0,31,United-States,<=50K
42,Local-gov,312065,Assoc-voc,11,Never-married,Other-service,Unmarried,White,Male,0,0,34,United-States,<=50K
68,Federal-gov,286595,HS-grad,9,Divorced,Transportation,Husband,Black,Male,0,0,30,United-States,<=50K
59,Self-emp-not-inc,471440,Some-college,10,Married-civ-spouse,Other-service,Unmarried,Black,Female,0,0,46,United-States,<=50K
63,Federal-gov,357360,Masters,14,Married-civ-spouse,Machine-op-inspct,Unmarried,White,Male,0,0,37,Canada,>50K
22,Private,302534,Masters,14,Married-civ-spouse,Exec-managerial,Own-child,White,Female,0,0,46,United-States,<=50K
43,Self-emp-inc,485035,Assoc-voc,11,Separated,Other-service,Husband,White,Female,0,0,23,Philippines,<=50K
67,Private,293082,Masters,14,Never-married,Sales,Wife,White,Female,0,0,25,United-States,<=50K
60,Local-gov,294747,11th,7,Never-married,Machine-op-inspct,Unmarried,White,Male,0,0,32,Germany,<=50K
41,Private,71833,Some-college,10,Married-civ-spouse,Transportation,Husband,Black,Male,0,0,60,United-States,<=50K
21,Private,24139,Bachelors,13,Married-civ-spouse,Tech-support,Husband,Amer-Indian-Eskimo,Male,0,0,34,United-States,<=50K
32,Private,205806,Assoc-voc,11,Never-married,Handlers-cleaners,Husband,White,Male,0,0,31,Mexico,<=50K
47,Self-emp-not-inc,25557,Bachelors,13,Separated,Other-service,Wife,Black,Male,0,0,45,United-States,<=50K
51,Private,292175,HS-grad,9,Married-civ-spouse,Protective-serv,Other-relative,White,Male,0,0,60,United-States,<=50K
66,Self-emp-inc,389677,Some-college,10,Separated,Other-service,Husband,White,Female,4153,0,25,United-States,<=50K
22,Private,177909,Bachelors,13,Widowed,Other-service,Unmarried,White,Male,2147,0,35,United-States,<=50K
38,Private,42100,Masters,14,Married-civ-spouse,Transportation,Own-child,White,Male,6738,0,56,United-States,>50K
32,Private,442648,Bachelors,13,Divorced,Machine-op-inspct,Not-in-family,White,Male,0,0,59,United-States,<=50K
67,Private,347687,Masters,14,Married-civ-spouse,Handlers-cleaners,Not-in-family,White,Male,0,0,55,United-States,<=50K
26,Self-emp-not-inc,60296,Assoc-voc,11,Married-civ-spouse,Tech-support,Other-relative,White,Female,0,0,34,United-States,<=50K
29,State-gov,447661,HS-grad,9,Married-civ-spouse,Other-service,Not-in-family,White,Female,0,0,41,United-States,<=50K
33,Private,238353,Bachelors,13,Widowed,Tech-support,Husband,White,Female,0,0,55,United-States,<=50K
23,Private,289179,Bachelors,13,Married-civ-spouse,Exec-managerial,Other-relative,Asian-Pac-Islander,Female,0,0,37,Mexico,>50K
51,Private,407754,HS-grad,9,Married-civ-spouse,Exec-managerial,Husband,White,Male,1830,0,56,United-States,<=50K
45,Local-gov,131809,Some-college,10,Never-married,Handlers-cleaners,Not-in-family,White,Female,0,0,48,United-States,<=50K
46,Private,113252,Bachelors,13,Divorced,Other-service,Unmarried,White,Male,0,0,27,United-States,<=50K
65,Federal-gov,465750,Assoc-voc,11,Married-civ-spouse,Protective-serv,Not-in-family,White,Female,0,0,28,India,<=50K
40,Private,72907,Some-college,10,Married-civ-spouse,Handlers-cleaners,Own-child,Black,Male,0,0,43,United-States,<=50K
34,Self-emp-not-inc,262799,HS-grad,9,Married-civ-spouse,Tech-support,Wife,White,Female,0,0,43,Canada,<=50K
37,Private,144348,Some-college,10,Married-civ-spouse,Exec-managerial,Other-relative,White,Male,0,0,56,United-States,>50K
59,Self-emp-not-inc,105826,Assoc-voc,11,Never-married,Sales,Not-in-family,Amer-Indian-Eskimo,Male,0,0,31,United-States,<=50K
45,Local-gov,451393,Bachelors,13,Married-civ-spouse,Tech-support,Other-relative,White,Male,0,0,49,United-States,<=50K
26,Local-gov,218043,Some-college,10,Never-married,Exec-managerial,Unmarried,White,Male,0,0,57,United-States,<=50K
53,Private,491381,11th,7,Never-married,Other-service,Not-in-family,White,Male,0,0,49,United-States,<=50K
56,Federal-gov,388170,HS-grad,9,Never-married,Sales,Own-child,White,Female,0,0,39,United-States,<=50K
30,Private,331150,Some-college,10,Married-civ-spouse,Other-service,Not-in-family,Black,Male,0,0,58,United-States,<=50K
46,Private,296206,Some-college,10,Never-married,Prof-specialty,Own-child,White,Female,0,0,40,United-States,<=50K
47,Self-emp-not-inc,90823,Masters,14,Married-civ-spouse,Sales,Wife,White,Female,0,0,37,United-States,<=50K
27,Private,289374,Assoc-voc,11,Divorced,Machine-op-inspct,Own-child,Black,Male,0,0,51,United-States,<=50K
18,Private,480129,HS-grad,9,Married-civ-spouse,Sales,Own-child,White,Female,0,0,26,Germany,<=50K
55,Self-emp-not-inc,39880,Doctorate,16,Separated,Protective-serv,Wife,White,Male,0,0,52,United-States,<=50K
50,Private,424324,Masters,14,Married-civ-spouse,Prof-specialty,Wife,White,Male,0,1738,29,United-States,>50K
55,Private,221524,Assoc-voc,11,Never-married,Sales,Not-in-family,Asian-Pac-Islander,Male,0,0,29,United-States,<=50K
37,Private,231814,Assoc-voc,11,Married-civ-spouse,Transportation,Husband,White,Female,0,0,24,United-States,<=50K
44,Self-emp-not-inc,349805,Masters,14,Married-civ-spouse,Machine-op-inspct,Husband,White,Male,0,0,44,United-States,>50K
69,Private,390116,HS-grad,9,Widowed,Prof-specialty,Other-relative,White,Male,0,0,25,United-States,<=50K
29,Private,101788,Some-college,10,Never-married,Prof-specialty,Unmarried,White,Male,0,0,55,United-States,<=50K
51,Private,362036,11th,7,Divorced,Machine-op-inspct,Wife,Black,Female,0,0,22,United-States,<=50K
24,Self-emp-not-inc,491191,Bachelors,13,Married-civ-spouse,Machine-op-inspct,Husband,Asian-Pac-Islander,Female,0,0,36,Philippines,<=50K
21,Private,132290,Bachelors,13,Divorced,Machine-op-inspct,Own-child,White,Male,0,0,37,United-States,<=50K
67,Private,32912,11th,7,Never-married,Craft-repair,Wife,Black,Male,0,0,24,United-States,<=50K
24,Local-gov,142048,Assoc-voc,11,Married-civ-spouse,Other-service,Unmarried,White,Female,0,0,56,United-States,<=50K
52,Local-gov,146068,Masters,14,Never-married,Exec-managerial,Husband,White,Female,0,0,55,United-States,<=50K
44,Private,246859,Assoc-voc,11,Divorced,Prof-specialty,Not-in-family,White,Male,0,0,59,United-States,>50K
60,Self-emp-inc,36911,HS-grad,9,Never-married,Sales,Own-child,White,Female,0,0,56,United-States,<=50K
46,State-gov,295529,Masters,14,Married-civ-spouse,Transportation,Own-child,White,Male,0,0,24,United-States,<=50K
54,Private,142814,10th,6,Married-civ-spouse,Sales,Other-relative,White,Male,0,0,26,United-States,<=50K
64,Private,288376,HS-grad,9,Married-civ-spouse,Prof-specialty,Wife,White,Male,0,0,58,India,<=50K
61,Private,169114,HS-grad,9,Divorced,Protective-serv,Unmarried,Black,Female,0,0,28,India,<=50K
55,Local-gov,455250,Doctorate,16,Married-civ-spouse,Sales,Unmarried,White,Female,0,0,46,United-States,<=50K
26,Self-emp-not-inc,250463,Some-college,10,Never-married,Prof-specialty,Own-child,White,Male,0,0,29,United-States,<=50K
26,Private,492503,HS-grad,9,Divorced,Machine-op-inspct,Own-child,White,Female,1162,0,50,United-States,<=50K
43,Local-gov,434476,HS-grad,9,Married-civ-spouse,Sales,Wife,White,Male,0,0,54,United-States,<=50K
52,Self-emp-not-inc,375299,Some-college,10,Married-civ-spouse,Handlers-cleaners,Other-relative,White,Male,0,0,25,United-States,<=50K
52,Private,164132,Some-college,10,Never-married,Prof-specialty,Other-relative,White,Female,0,0,59,United-States,<=50K
58,State-gov,423723,Assoc-voc,11,Married-civ-spouse,Machine-op-inspct,Own-child,White,Male,0,0,34,United-States,<=50K
23,Self-emp-not-inc,116997,Bachelors,13,Divorced,Machine-op-inspct,Other-relative,White,Female,0,0,36,United-States,<=50K
27,Federal-gov,407519,Masters,14,Separated,Transportation,Own-child,White,Female,0,0,60,United-States,<=50K
25,State-gov,117917,HS-grad,9,Separated,Protective-serv,Other-relative,White,Female,0,0,58,United-States,<=50K
46,Private,272607,Some-college,10,Married-civ-spouse,Prof-specialty,Other-relative,Amer-Indian-Eskimo,Male,0,0,47,United-States,<=50K
50,Self-emp-inc,60750,Some-college,10,Never-married,Machine-op-inspct,Own-child,White,Female,0,0,20,United-States,<=50K
24,Private,292096,Assoc-voc,11,Married-civ-spouse,Exec-managerial,Not-in-family,White,Male,0,0,33,United-States,<=50K
63,Local-gov,91286,11th,7,Never-married,Transportation,Not-in-family,White,Male,0,0,36,United-States,<=50K
33,Local-gov,428872,Some-college,10,Married-civ-spouse,Prof-specialty,Husband,White,Male,0,0,57,United-States,>50K
52,Federal-gov,162530,10th,6,Never-married,Machine-op-inspct,Husband,White,Male,0,0,24,United-States,<=50K
57,Self-emp-inc,494505,HS-grad,9,Widowed,Other-service,Wife,White,Female,0,0,56,United-States,<=50K
19,Self-emp-inc,130675,Some-college,10,Never-married,Craft-repair,Wife,White,Male,0,0,60,United-States,<=50K
62,Private,381410,Masters,14,Never-married,Prof-specialty,Wife,Black,Male,0,0,29,United-States,>50K
68,Private,57403,Some-college,10,Divorced,Transportation,Unmarried,White,Male,0,0,28,United-States,<=50K
67,Private,289317,11th,7,Never-married,Machine-op-inspct,Not-in-family,White,Female,0,2077,60,United-States,<=50K
25,Federal-gov,480296,HS-grad,9,Never-married,Sales,Husband,White,Male,0,0,58,United-States,<=50K
38,Private,126802,Doctorate,16,Married-civ-spouse,Transportation,Unmarried,Black,Male,0,0,37,United-States,<=50K
30,Private,57149,HS-grad,9,Widowed,Protective-serv,Wife,Black,Female,0,0,51,United-States,<=50K
41,Private,309163,HS-grad,9,Never-married,Prof-specialty,Unmarried,White,Female,0,0,59,United-States,<=50K
68,Private,374004,Some-college,10,Married-civ-spouse,Handlers-cleaners,Wife,White,Female,0,2814,56,United-States,<=50K
57,Private,149728,11th,7,Never-married,Machine-op-inspct,Husband,Other,Male,0,0,33,United-States,<=50K
58,State-gov,147642,Bachelors,13,Married-civ-spouse,Other-service,Husband,White,Male,0,0,40,United-States,<=50K
39,Local-gov,302967,Bachelors,13,Married-civ-spouse,Tech-support,Own-child,White,Male,0,0,23,United-States,<=50K
66,Private,285405,HS-grad,9,Married-civ-spouse,Other-service,Unmarried,White,Female,0,0,40,Philippines,<=50K
65,Federal-gov,148148,HS-grad,9,Married-civ-spouse,Craft-repair,Not-in-family,Black,Male,0,0,21,United-States,<=50K
59,Private,20681,HS-grad,9,Separated,Craft-repair,Husband,White,Female,0,0,26,India,<=50K
60,Private,206829,Assoc-voc,11,Married-civ-spouse,Prof-specialty,Wife,White,Female,0,0,36,United-States,<=50K
51,Private,23480,HS-grad,9,Married-civ-spouse,Handlers-cleaners,Own-child,White,Male,0,0,25,United-States,<=50K
22,Self-emp-not-inc,407965,Some-college,10,Married-civ-spouse,Protective-serv,Not-in-family,White,Male,0,0,31,United-States,<=50K
32,Private,181744,Bachelors,13,Never-married,Exec-managerial,Unmarried,White,Male,0,0,47,United-States,<=50K
57,Private,56482,Bachelors,13,Never-married,Other-service,Husband,White,Female,0,0,59,United-States,<=50K
34,Private,357905,Some-college,10,Married-civ-spouse,Machine-op-inspct,Husband,Black,Male,0,0,31,United-States,<=50K
26,Private,370922,HS-grad,9,Never-married,Prof-specialty,Other-relative,White,Male,0,0,46,United-States,<=50K
67,Private,486779,Some-college,10,Never-married,Tech-support,Husband,White,Male,0,0,39,United-States,<=50K
43,Private,385417,Masters,14,Married-civ-spouse,Exec-managerial,Other-relative,Black,Male,0,0,46,United-States,<=50K
62,Local-gov,236967,HS-grad,9,Never-married,Craft-repair,Own-child,White,Male,0,0,25,Mexico,<=50K
32,Private,195029,Bachelors,13,Never-married,Exec-managerial,Own-child,White,Male,0,0,49,United-States,<=50K
36,Private,346429,HS-grad,9,Married-civ-spouse,Tech-support,Husband,White,Male,0,0,44,United-States,<=50K
35,Private,107959,Assoc-voc,11,Divorced,Other-service,Other-relative,Asian-Pac-Islander,Male,0,0,43,United-States,<=50K
37,Private,292109,11th,7,Never-married,Transportation,Wife,White,Male,0,0,23,United-States,<=50K
40,Self-emp-not-inc,176687,HS-grad,9,Divorced,Craft-repair,Husband,White,Female,0,0,59,United-States,<=50K
33,Private,470915,Some-college,10,Never-married,Craft-repair,Not-in-family,White,Male,0,0,27,United-States,<=50K
60,Private,105623,Some-college,10,Widowed,Other-service,Husband,White,Male,0,0,20,United-States,<=50K
34,State-gov,289477,Assoc-voc,11,Married-civ-spouse,Handlers-cleaners,Wife,White,Male,0,0,26,Canada,<=50K
40,Self-emp-inc,156252,Bachelors,13,Married-civ-spouse,Handlers-cleaners,Wife,White,Male,0,0,47,United-States,<=50K
62,Private,151754,Bachelors,13,Married-civ-spouse,Protective-serv,Not-in-family,White,Male,0,0,25,United-States,>50K
40,Private,354895,HS-grad,9,Married-civ-spouse,Machine-op-inspct,Other-relative,White,Male,9281,0,58,United-States,<=50K
18,Federal-gov,358500,HS-grad,9,Married-civ-spouse,Handlers-cleaners,Unmarried,White,Male,0,0,45,United-States,<=50K
18,Self-emp-not-inc,421961,Bachelors,13,Married-civ-spouse,Other-service,Unmarried,White,Female,0,0,33,United-States,<=50K
40,State-gov,432744,Bachelors,13,Widowed,Exec-managerial,Wife,White,Female,0,2524,21,United-States,<=50K
51,Private,445117,Assoc-voc,11,Divorced,Tech-support,Wife,White,Male,0,0,23,United-States,<=50K
67,Self-emp-inc,427235,Assoc-voc,11,Married-civ-spouse,Prof-specialty,Wife,White,Male,0,0,47,United-States,>50K
24,Private,79148,Bachelors,13,Divorced,Handlers-cleaners,Wife,White,Male,0,0,39,United-States,<=50K
46,Private,404859,Bachelors,13,Never-married,Tech-support,Husband,White,Male,0,965,47,Canada,<=50K
33,Self-emp-not-inc,448594,11th,7,Married-civ-spouse,Machine-op-inspct,Not-in-family,White,Male,0,0,36,United-States,<=50K
41,Self-emp-not-inc,64227,Doctorate,16,Married-civ-spouse,Exec-managerial,Husband,Black,Female,0,0,28,United-States,>50K
41,Private,410293,Assoc-voc,11,Married-civ-spouse,Handlers-cleaners,Husband,White,Male,0,0,56,Canada,<=50K
34,Private,243234,10th,6,Separated,Prof-specialty,Own-child,Asian-Pac-Islander,Female,0,0,39,United-States,<=50K
18,Self-emp-inc,194422,Some-college,10,Divorced,Exec-managerial,Other-relative,Amer-Indian-Eskimo,Male,0,0,57,Canada,<=50K
21,Private,225861,Masters,14,Separated,Craft-repair,Own-child,Other,Female,0,0,27,United-States,>50K
45,Private,238038,Bachelors,13,Married-civ-spouse,Prof-specialty,Own-child,White,Male,0,0,44,United-States,<=50K
29,Private,492549,HS-grad,9,Married-civ-spouse,Handlers-cleaners,Wife,White,Male,0,0,32,United-States,<=50K
35,Private,440324,Bachelors,13,Married-civ-spouse,Tech-support,Other-relative,White,Male,1819,0,32,United-States,<=50K
22,Federal-gov,90755,Some-college,10,Never-married,Tech-support,Wife,White,Male,0,0,51,United-States,<=50K
20,Private,458221,Some-college,10,Divorced,Transportation,Unmarried,Black,Male,0,0,20,United-States,<=50K
24,Private,240353,HS-grad,9,Never-married,Other-service,Husband,White,Male,6171,0,40,Mexico,<=50K
37,Self-emp-not-inc,434882,Masters,14,Divorced,Protective-serv,Other-relative,Black,Female,0,0,39,United-States,<=50K
26,Private,370784,Bachelors,13,Married-civ-spouse,Protective-serv,Other-relative,White,Female,0,0,59,United-States,<=50K
30,Private,359585,Bachelors,13,Never-married,Exec-managerial,Own-child,Black,Male,0,0,21,United-States,<=50K
33,Private,50948,HS-grad,9,Never-married,Exec-managerial,Own-child,White,Male,0,0,58,Germany,<=50K
33,Federal-gov,210196,Bachelors,13,Married-civ-spouse,Protective-serv,Unmarried,White,Female,0,0,60,United-States,<=50K
18,Self-emp-inc,448761,HS-grad,9,Never-married,Other-service,Other-relative,White,Female,0,0,28,United-States,<=50K
24,Self-emp-inc,181258,Some-college,10,Divorced,Craft-repair,Husband,White,Male,0,0,45,United-States,<=50K
67,Private,359181,Some-college,10,Never-married,Handlers-cleaners,Not-in-family,Black,Male,0,0,53,United-States,<=50K
52,Federal-gov,192089,Assoc-voc,11,Married-civ-spouse,Tech-support,Other-relative,White,Male,0,0,60,Mexico,<=50K
24,Private,85550,Some-college,10,Never-married,Craft-repair,Own-child,White,Male,0,0,34,United-States,<=50K
32,Private,225414,Bachelors,13,Never-married,Machine-op-inspct,Other-relative,White,Female,0,0,31,United-States,<=50K
37,Private,348923,Assoc-voc,11,Never-married,Prof-specialty,Not-in-family,White,Male,0,0,35,United-States,<=50K
65,Private,464346,Some-college,10,Divorced,Sales,Wife,White,Female,0,0,32,United-States,<=50K
63,Private,325572,Assoc-voc,11,Married-civ-spouse,Craft-repair,Husband,Other,Male,0,0,44,Germany,<=50K
58,Private,242754,HS-grad,9,Separated,Sales,Husband,White,Male,0,2116,58,United-States,<=50K
23,Local-gov,78111,Some-college,10,Married-civ-spouse,Tech-support,Other-relative,Black,Male,0,0,40,Mexico,<=50K
43,State-gov,436567,HS-grad,9,Never-married,Prof-specialty,Other-relative,Black,Male,7109,0,53,United-States,<=50K
43,Private,483017,Bachelors,13,Never-married,Exec-managerial,Own-child,White,Male,0,0,58,Germany,<=50K
51,State-gov,268682,11th,7,Married-civ-spouse,Handlers-cleaners,Own-child,White,Male,0,0,59,United-States,<=50K
61,Self-emp-not-inc,263491,Bachelors,13,Never-married,Transportation,Not-in-family,White,Male,0,0,57,United-States,>50K
34,Private,412358,Bachelors,13,Never-married,Exec-managerial,Unmarried,White,Female,0,0,34,United-States,<=50K
46,State-gov,276984,HS-grad,9,Married-civ-spouse,Prof-specialty,Not-in-family,White,Female,0,0,38,United-States,<=50K
31,Self-emp-not-inc,84386,11th,7,Never-married,Protective-serv,Not-in-family,Black,Male,0,0,30,Canada,<=50K
28,Private,348249,Some-college,10,Married-civ-spouse,Other-service,Not-in-family,White,Female,0,0,53,Philippines,<=50K
34,Private,112077,HS-grad,9,Married-civ-spouse,Protective-serv,Husband,White,Male,0,0,44,United-States,<=50K
56,Private,116499,10th,6,Married-civ-spouse,Tech-support,Other-relative,White,Male,0,0,57,United-States,<=50K
40,Local-gov,137955,Some-college,10,Married-civ-spouse,Handlers-cleaners,Unmarried,White,Male,0,2998,56,United-States,<=50K
53,Private,305057,Some-college,10,Married-civ-spouse,Handlers-cleaners,Husband,White,Female,0,0,49,United-States,<=50K
53,Private,104227,HS-grad,9,Married-civ-spouse,Transportation,Husband,White,Male,0,0,60,United-States,<=50K
36,Private,176465,HS-grad,9,Never-married,Other-service,Own-child,Asian-Pac-Islander,Female,0,0,48,Philippines,<=50K
67,Private,417736,Doctorate,16,Never-married,Machine-op-inspct,Other-relative,White,Male,0,0,26,United-States,<=50K
20,Private,442365,Some-college,10,Never-married,Prof-specialty,Husband,White,Female,0,0,43,United-States,<=50K
64,State-gov,171067,11th,7,Married-civ-spouse,Handlers-cleaners,Other-relative,White,Female,0,0,49,United-States,<=50K
18,Private,450048,HS-grad,9,Married-civ-spouse,Tech-support,Wife,White,Female,0,0,48,United-States,<=50K
37,Local-gov,179123,Bachelors,13,Divorced,Sales,Wife,White,Female,0,0,36,United-States,<=50K
60,Private,383131,Masters,14,Never-married,Tech-support,Wife,White,Male,0,0,26,United-States,>50K
53,Private,33722,Bachelors,13,Never-married,Handlers-cleaners,Not-in-family,White,Male,0,0,38,Canada,<=50K
34,Private,101444,Some-college,10,Never-married,Craft-repair,Not-in-family,Black,Male,0,0,28,Philippines,<=50K
64,Private,172634,Bachelors,13,Widowed,Tech-support,Own-child,Black,Female,0,0,52,United-States,>50K
25,Local-gov,246199,Bachelors,13,Never-married,Craft-repair,Not-in-family,White,Male,0,0,35,United-States,<=50K
52,Self-emp-inc,283674,Assoc-voc,11,Married-civ-spouse,Handlers-cleaners,Other-relative,White,Male,0,0,60,Philippines,<=50K
44,Private,482049,Some-college,10,Never-married,Prof-specialty,Other-relative,White,Male,0,0,58,India,<=50K
28,Local-gov,46447,Some-college,10,Divorced,Craft-repair,Other-relative,White,Male,2465,0,53,United-States,<=50K
65,Federal-gov,193607,Bachelors,13,Married-civ-spouse,Sales,Not-in-family,White,Male,0,0,32,United-States,>50K
57,Private,215997,Some-college,10,Never-married,Exec-managerial,Wife,White,Male,0,0,34,United-States,<=50K
18,Private,175792,HS-grad,9,Married-civ-spouse,Transportation,Other-relative,White,Female,0,0,25,Mexico,<=50K
22,Self-emp-inc,256592,10th,6,Married-civ-spouse,Other-service,Other-relative,White,Male,0,0,23,United-States,<=50K
20,Federal-gov,124900,HS-grad,9,Married-civ-spouse,Craft-repair,Unmarried,White,Female,0,0,38,Mexico,<=50K
39,Private,228426,HS-grad,9,Widowed,Machine-op-inspct,Other-relative,White,Male,0,2445,33,United-States,<=50K
39,Private,54561,Bachelors,13,Divorced,Exec-managerial,Husband,White,Male,0,2799,33,United-States,<=50K
55,Private,94687,HS-grad,9,Married-civ-spouse,Craft-repair,Not-in-family,Black,Female,0,0,49,United-States,<=50K
53,Private,56423,HS-grad,9,Widowed,Exec-managerial,Other-relative,White,Female,0,0,60,United-States,<=50K
18,Private,311661,HS-grad,9,Divorced,Exec-managerial,Unmarried,Other,Male,0,0,20,Philippines,<=50K
42,Private,103920,HS-grad,9,Married-civ-spouse,Other-service,Wife,White,Female,0,0,35,United-States,<=50K
58,Private,434791,Some-college,10,Divorced,Other-service,Unmarried,Black,Male,0,0,29,United-States,<=50K
64,Private,217562,Assoc-voc,11,Married-civ-spouse,Tech-support,Wife,White,Male,0,0,43,Canada,<=50K
33,Private,142414,Some-college,10,Married-civ-spouse,Transportation,Own-child,Black,Female,0,0,27,United-States,<=50K
20,Private,289577,Some-college,10,Married-civ-spouse,Tech-support,Unmarried,White,Female,2039,0,59,United-States,<=50K
25,Private,46149,Bachelors,13,Divorced,Prof-specialty,Husband,White,Male,0,0,45,United-States,<=50K
35,Self-emp-inc,274370,HS-grad,9,Separated,Tech-support,Wife,White,Male,0,0,56,United-States,<=50K
41,Local-gov,283200,Some-college,10,Never-married,Transportation,Unmarried,White,Male,0,0,45,United-States,<=50K
36,Private,224698,Some-college,10,Married-civ-spouse,Sales,Unmarried,White,Male,0,0,57,United-States,<=50K
22,Local-gov,379166,Some-college,10,Married-civ-spouse,Handlers-cleaners,Husband,Other,Male,0,0,34,United-States,<=50K
35,Local-gov,437287,Some-college,10,Divorced,Tech-support,Other-relative,White,Male,0,0,52,United-States,<=50K
33,Private,367290,HS-grad,9,Married-civ-spouse,Sales,Not-in-family,White,Female,0,1435,35,United-States,<=50K
43,State-gov,417237,Assoc-voc,11,Never-married,Sales,Unmarried,White,Female,0,0,34,United-States,<=50K
22,Private,221445,10th,6,Never-married,Tech-support,Own-child,Black,Female,0,0,36,Mexico,<=50K
59,Private,208214,Assoc-voc,11,Never-married,Exec-managerial,Not-in-family,Black,Female,0,0,51,United-States,<=50K
39,Federal-gov,44044,HS-grad,9,Never-married,Exec-managerial,Wife,White,Male,0,0,52,United-States,<=50K
34,Private,264379,Masters,14,Never-married,Exec-managerial,Not-in-family,White,Male,0,0,44,United-States,<=50K
65,Private,474747,Bachelors,13,Never-married,Prof-specialty,Own-child,Black,Female,0,0,30,United-States,<=50K
56,Private,445094,HS-grad,9,Divorced,Craft-repair,Own-child,Asian-Pac-Islander,Male,3079,0,34,Mexico,<=50K
25,Private,75423,11th,7,Married-civ-spouse,Other-service,Wife,Black,Male,0,0,42,Mexico,<=50K
25,Private,109930,Masters,14,Married-civ-spouse,Exec-managerial,Own-child,White,Male,0,0,41,India,<=50K
18,Private,449966,HS-grad,9,Married-civ-spouse,Protective-serv,Wife,White,Male,0,0,39,United-States,<=50K
47,State-gov,189391,10th,6,Never-married,Sales,Unmarried,Amer-Indian-Eskimo,Female,4215,0,55,United-States,<=50K
36,Private,294779,HS-grad,9,Married-civ-spouse,Exec-managerial,Own-child,White,Male,0,0,20,United-States,<=50K
37,Federal-gov,307762,Some-college,10,Divorced,Handlers-cleaners,Own-child,White,Male,0,0,22,United-States,<=50K
44,Private,219169,HS-grad,9,Married-civ-spouse,Protective-serv,Unmarried,White,Male,3395,0,28,United-States,<=50K
46,Private,234329,HS-grad,9,Married-civ-spouse,Tech-support,Own-child,White,Female,0,0,56,United-States,<=50K
18,Local-gov,424544,10th,6,Married-civ-spouse,Sales,Other-relative,White,Male,0,2106,26,United-States,<=50K
23,Private,287770,Bachelors,13,Married-civ-spouse,Tech-support,Unmarried,White,Male,0,0,49,United-States,<=50K
59,Private,491120,HS-grad,9,Married-civ-spouse,Transportation,Unmarried,White,Female,0,0,59,India,<=50K
67,Federal-gov,39379,Masters,14,Married-civ-spouse,Transportation,Own-child,White,Female,0,0,33,Canada,<=50K
61,Private,79214,Assoc-voc,11,Married-civ-spouse,Exec-managerial,Not-in-family,Black,Male,0,0,55,United-States,<=50K
65,Private,255153,11th,7,Married-civ-spouse,Other-service,Other-relative,Black,Male,0,0,36,United-States,<=50K
42,State-gov,343498,11th,7,Never-married,Machine-op-inspct,Not-in-family,White,Female,0,0,40,United-States,<=50K
60,Private,479620,Assoc-voc,11,Never-married,Craft-repair,Wife,White,Female,0,1433,37,Canada,<=50K
63,Private,470320,Bachelors,13,Married-civ-spouse,Machine-op-inspct,Not-in-family,White,Male,0,0,32,United-States,<=50K
64,Private,471611,Some-college,10,Never-married,Transportation,Husband,White,Male,0,0,37,United-States,>50K
25,Private,236198,11th,7,Married-civ-spouse,Craft-repair,Unmarried,White,Male,0,0,26,United-States,<=50K
25,Private,353655,HS-grad,9,Separated,Prof-specialty,Not-in-family,White,Male,0,0,20,United-States,<=50K
38,Private,152135,HS-grad,9,Married-civ-spouse,Craft-repair,Wife,White,Male,0,0,32,United-States,<=50K
44,Private,468404,Some-college,10,Never-married,Protective-serv,Own-child,Black,Male,0,0,27,United-States,<=50K
67,Local-gov,430284,HS-grad,9,Married-civ-spouse,Protective-serv,Husband,Black,Female,0,0,36,United-States,<=50K
34,Self-emp-inc,383402,Bachelors,13,Married-civ-spouse,Tech-support,Other-relative,White,Male,0,0,37,United-States,<=50K
61,Private,343030,Assoc-voc,11,Married-civ-spouse,Handlers-cleaners,Not-in-family,White,Female,0,0,43,United-States,<=50K
64,Private,110456,Some-college,10,Widowed,Other-service,Husband,White,Male,0,0,23,Philippines,<=50K
68,Private,356607,Bachelors,13,Married-civ-spouse,Exec-managerial,Own-child,Asian-Pac-Islander,Male,0,0,49,United-States,>50K
27,Self-emp-not-inc,349632,Some-college,10,Never-married,Other-service,Husband,White,Female,0,0,25,Philippines,<=50K
30,Private,167296,Bachelors,13,Married-civ-spouse,Handlers-cleaners,Own-child,White,Male,0,0,29,India,<=50K
29,Local-gov,495265,HS-grad,9,Separated,Machine-op-inspct,Unmarried,White,Male,0,0,58,United-States,<=50K
56,Private,186784,HS-grad,9,Married-civ-spouse,Handlers-cleaners,Not-in-family,White,Male,0,0,54,United-States,<=50K
53,State-gov,334375,Bachelors,13,Divorced,Sales,Own-child,White,Male,0,0,43,United-States,<=50K
39,State-gov,488189,Bachelors,13,Married-civ-spouse,Prof-specialty,Not-in-family,White,Male,0,0,29,United-States,<=50K
22,Private,406727,Some-college,10,Widowed,Prof-specialty,Not-in-family,White,Female,0,0,57,United-States,<=50K
45,Private,392095,Some-college,10,Married-civ-spouse,Other-service,Husband,White,Female,0,0,60,United-States,<=50K
56,Private,353479,HS-grad,9,Widowed,Handlers-cleaners,Wife,White,Male,0,0,46,United-States,<=50K
42,Private,52087,Bachelors,13,Divorced,Transportation,Other-relative,Black,Male,0,0,30,United-States,<=50K
31,Federal-gov,37881,Some-college,10,Divorced,Handlers-cleaners,Unmarried,White,Male,0,0,34,United-States,<=50K
48,Private,368637,Some-college,10,Separated,Exec-managerial,Husband,White,Female,0,0,20,United-States,<=50K
52,Private,28876,Assoc-voc,11,Married-civ-spouse,Craft-repair,Unmarried,White,Male,0,0,53,United-States,<=50K
48,State-gov,343346,Masters,14,Married-civ-spouse,Craft-repair,Husband,White,Male,0,0,59,United-States,>50K
63,State-gov,378062,HS-grad,9,Married-civ-spouse,Prof-specialty,Not-in-family,White,Male,0,0,43,India,<=50K
34,Private,128867,Bachelors,13,Divorced,Transportation,Other-relative,White,Female,0,0,42,United-States,<=50K
49,State-gov,166894,HS-grad,9,Married-civ-spouse,Protective-serv,Wife,White,Male,0,0,41,United-States,<=50K
62,Private,426745,HS-grad,9,Married-civ-spouse,Machine-op-inspct,Unmarried,Black,Male,0,0,31,United-States,<=50K
29,Private,250753,Masters,14,Married-civ-spouse,Machine-op-inspct,Unmarried,White,Male,0,0,23,United-States,<=50K
32,Private,348495,HS-grad,9,Divorced,Transportation,Own-child,White,Male,0,0,32,United-States,<=50K
20,Private,178021,HS-grad,9,Divorced,Handlers-cleaners,Unmarried,White,Male,0,0,28,Philippines,<=50K
37,Private,93541,Assoc-voc,11,Married-civ-spouse,Sales,Husband,White,Male,0,0,51,Germany,<=50K
20,Private,115177,Masters,14,Married-civ-spouse,Machine-op-inspct,Not-in-family,White,Male,0,0,21,United-States,<=50K
56,Private,130614,11th,7,Divorced,Other-service,Wife,White,Male,0,0,55,United-States,<=50K
22,Local-gov,166440,Assoc-voc,11,Divorced,Protective-serv,Not-in-family,Black,Male,0,0,23,United-States,<=50K
54,Private,359229,Some-college,10,Married-civ-spouse,Tech-support,Wife,White,Female,0,0,41,United-States,<=50K
48,Self-emp-not-inc,230085,Bachelors,13,Married-civ-spouse,Tech-support,Own-child,White,Female,0,0,56,United-States,<=50K
69,Private,255848,Some-college,10,Married-civ-spouse,Craft-repair,Other-relative,Asian-Pac-Islander,Male,0,0,31,Mexico,<=50K
36,Private,160377,Bachelors,13,Married-civ-spouse,Prof-specialty,Wife,Black,Male,0,0,52,United-States,<=50K
35,Private,307791,Some-college,10,Never-married,Handlers-cleaners,Unmarried,White,Male,0,0,23,United-States,<=50K
30,Private,483547,HS-grad,9,Never-married,Prof-specialty,Other-relative,White,Male,6645,0,29,United-States,<=50K
45,Private,413396,HS-grad,9,Divorced,Prof-specialty,Wife,White,Female,0,1783,57,United-States,<=50K
29,State-gov,473273,Masters,14,Separated,Protective-serv,Other-relative,White,Male,0,0,29,United-States,<=50K
23,Private,229171,HS-grad,9,Married-civ-spouse,Transportation,Wife,White,Female,0,0,47,India,<=50K
67,Self-emp-not-inc,72330,Bachelors,13,Separated,Prof-specialty,Not-in-family,White,Male,0,0,40,United-States,<=50K
53,Federal-gov,144020,Assoc-voc,11,Married-civ-spouse,Machine-op-inspct,Not-in-family,White,Female,0,0,27,India,<=50K
24,Local-gov,133514,Masters,14,Never-married,Exec-managerial,Other-relative,White,Female,3354,0,33,Philippines,>50K
50,Private,271826,Some-college,10,Married-civ-spouse,Handlers-cleaners,Own-child,White,Male,0,0,44,United-States,<=50K
33,State-gov,78251,HS-grad,9,Never-married,Exec-managerial,Own-child,White,Male,7250,0,42,United-States,>50K
27,Private,224739,11th,7,Never-married,Transportation,Own-child,White,Male,0,0,53,United-States,<=50K
42,Private,304680,Bachelors,13,Widowed,Handlers-cleaners,Unmarried,White,Male,0,0,28,United-States,<=50K
58,Self-emp-inc,219171,Some-college,10,Married-civ-spouse,Transportation,Unmarried,Black,Male,0,0,39,Philippines,<=50K
18,Private,281612,11th,7,Never-married,Sales,Wife,Asian-Pac-Islander,Female,0,0,36,United-States,<=50K
36,Federal-gov,263867,HS-grad,9,Married-civ-spouse,Sales,Husband,White,Male,0,0,27,Canada,<=50K
65,Private,81448,Some-college,10,Married-civ-spouse,Machine-op-inspct,Unmarried,White,Female,0,0,57,United-States,<=50K
38,Self-emp-inc,109930,HS-grad,9,Married-civ-spouse,Handlers-cleaners,Wife,Asian-Pac-Islander,Male,3919,0,32,United-States,<=50K
23,Local-gov,331733,HS-grad,9,Married-civ-spouse,Protective-serv,Wife,Black,Male,0,0,38,United-States,<=50K
40,Private,237316,Some-college,10,Married-civ-spouse,Machine-op-inspct,Husband,Black,Male,3521,0,46,United-States,<=50K
53,Private,189318,Bachelors,13,Married-civ-spouse,Exec-managerial,Husband,White,Male,0,0,55,United-States,<=50K
69,Private,282748,Some-college,10,Married-civ-spouse,Transportation,Husband,White,Male,0,0,26,United-States,<=50K
50,Local-gov,245375,Bachelors,13,Separated,Exec-managerial,Not-in-family,Other,Female,0,0,41,United-States,<=50K
20,Private,320823,Doctorate,16,Married-civ-spouse,Protective-serv,Not-in-family,White,Male,0,0,22,United-States,<=50K
60,Local-gov,368222,Assoc-voc,11,Divorced,Prof-specialty,Husband,White,Male,0,0,37,Mexico,<=50K
58,Private,69672,HS-grad,9,Widowed,Transportation,Not-in-family,Black,Male,0,0,59,United-States,<=50K
51,Private,33348,Masters,14,Married-civ-spouse,Machine-op-inspct,Wife,White,Female,0,0,40,United-States,>50K
64,Local-gov,341980,HS-grad,9,Never-married,Transportation,Not-in-family,White,Male,0,0,59,Canada,<=50K
58,Self-emp-inc,445485,Bachelors,13,Married-civ-spouse,Craft-repair,Other-relative,Amer-Indian-Eskimo,Male,0,0,50,United-States,<=50K
30,Private,358432,Some-college,10,Separated,Other-service,Own-child,White,Female,0,0,31,United-States,<=50K
39,Private,74296,Bachelors,13,Never-married,Handlers-cleaners,Wife,White,Male,0,0,60,United-States,>50K
44,Local-gov,438021,HS-grad,9,Never-married,Craft-repair,Unmarried,White,Male,0,0,49,United-States,<=50K
43,Self-emp-inc,279959,Bachelors,13,Married-civ-spouse,Machine-op-inspct,Other-relative,White,Male,0,0,21,United-States,>50K
51,Private,20722,HS-grad,9,Divorced,Protective-serv,Unmarried,White,Male,0,0,52,United-States,<=50K
54,Private,472590,HS-grad,9,Never-married,Sales,Husband,White,Male,0,0,41,United-States,>50K
23,Private,35914,Bachelors,13,Married-civ-spouse,Tech-support,Wife,White,Male,0,0,59,United-States,>50K
47,Private,477718,Some-college,10,Never-married,Tech-support,Own-child,White,Female,0,0,47,United-States,<=50K
20,Private,382029,Bachelors,13,Widowed,Transportation,Wife,White,Male,0,0,25,United-States,<=50K
44,Private,379785,Bachelors,13,Married-civ-spouse,Craft-repair,Own-child,Other,Male,0,0,36,United-States,>50K
39,Federal-gov,451555,Bachelors,13,Married-civ-spouse,Machine-op-inspct,Wife,White,Male,0,0,51,United-States,<=50K
28,Private,325977,Masters,14,Divorced,Craft-repair,Own-child,Asian-Pac-Islander,Male,0,0,43,United-States,<=50K
69,Federal-gov,73579,Doctorate,16,Married-civ-spouse,Sales,Other-relative,White,Female,0,0,21,Canada,>50K
31,Private,262990,11th,7,Separated,Craft-repair,Own-child,White,Male,0,0,22,Mexico,<=50K
20,Private,96079,HS-grad,9,Never-married,Protective-serv,Other-relative,White,Male,0,0,31,United-States,<=50K
36,Private,96320,Bachelors,13,Never-married,Craft-repair,Own-child,Amer-Indian-Eskimo,Female,0,0,31,India,<=50K
57,Private,61380,Masters,14,Married-civ-spouse,Protective-serv,Own-child,White,Male,0,0,43,Philippines,>50K
18,Self-emp-not-inc,255061,HS-grad,9,Never-married,Handlers-cleaners,Wife,White,Male,0,0,35,United-States,<=50K
43,Local-gov,338413,HS-grad,9,Divorced,Machine-op-inspct,Husband,White,Female,0,0,31,Mexico,<=50K
39,Self-emp-inc,180276,HS-grad,9,Married-civ-spouse,Protective-serv,Husband,White,Female,0,0,36,Mexico,<=50K
63,Self-emp-inc,360405,Bachelors,13,Never-married,Handlers-cleaners,Wife,White,Male,0,0,27,United-States,>50K
18,Local-gov,455879,Some-college,10,Divorced,Transportation,Not-in-family,White,Male,0,0,47,United-States,<=50K
18,Self-emp-inc,171279,Bachelors,13,Married-civ-spouse,Machine-op-inspct,Husband,White,Male,0,0,21,United-States,<=50K
47,Private,26623,Bachelors,13,Married-civ-spouse,Prof-specialty,Own-child,Asian-Pac-Islander,Female,0,0,56,United-States,<=50K
27,Self-emp-not-inc,361810,Bachelors,13,Never-married,Sales,Husband,Asian-Pac-Islander,Male,0,0,51,United-States,>50K
54,Private,309656,HS-grad,9,Widowed,Protective-serv,Own-child,Other,Male,0,0,22,United-States,<=50K
32,Private,51589,Masters,14,Married-civ-spouse,Craft-repair,Wife,White,Female,0,0,46,United-States,<=50K
47,Self-emp-not-inc,422278,Bachelors,13,Divorced,Transportation,Wife,White,Male,0,0,38,United-States,<=50K
19,Self-emp-not-inc,314320,HS-grad,9,Married-civ-spouse,Transportation,Not-in-family,White,Male,0,0,43,United-States,<=50K
54,Private,41893,HS-grad,9,Married-civ-spouse,Other-service,Unmarried,Black,Female,0,0,36,United-States,<=50K
44,State-gov,339015,HS-grad,9,Never-married,Machine-op-inspct,Not-in-family,White,Male,0,0,32,United-States,<=50K
18,Private,296884,11th,7,Married-civ-spouse,Protective-serv,Wife,White,Male,0,0,59,United-States,<=50K
31,Self-emp-not-inc,28517,Some-college,10,Never-married,Transportation,Unmarried,White,Male,0,0,27,Philippines,<=50K
21,State-gov,280250,HS-grad,9,Widowed,Transportation,Unmarried,White,Male,0,0,48,United-States,<=50K
20,Private,260232,HS-grad,9,Never-married,Machine-op-inspct,Other-relative,White,Male,0,0,40,United-States,<=50K
54,Local-gov,46843,HS-grad,9,Married-civ-spouse,Handlers-cleaners,Wife,White,Female,0,0,59,United-States,<=50K
40,Federal-gov,196448,Some-college,10,Married-civ-spouse,Sales,Wife,White,Male,0,0,39,United-States,<=50K
59,Self-emp-not-inc,358143,Doctorate,16,Married-civ-spouse,Exec-managerial,Unmarried,White,Female,0,0,40,United-States,>50K
31,State-gov,298771,Some-college,10,Married-civ-spouse,Craft-repair,Unmarried,White,Male,0,0,56,United-States,<=50K
55,Private,219508,Assoc-voc,11,Divorced,Transportation,Own-child,White,Female,0,0,45,United-States,<=50K
49,Private,305686,HS-grad,9,Married-civ-spouse,Other-service,Own-child,Other,Male,0,0,38,United-States,<=50K
52,Private,232944,Some-college,10,Separated,Prof-specialty,Not-in-family,Other,Male,0,0,55,United-States,<=50K
61,Private,60681,Masters,14,Married-civ-spouse,Craft-repair,Unmarried,White,Female,0,0,54,Mexico,>50K
54,Private,45616,Bachelors,13,Married-civ-spouse,Other-service,Wife,Black,Male,0,0,21,Germany,<=50K
56,Private,322564,Assoc-voc,11,Divorced,Protective-serv,Other-relative,White,Male,0,0,29,United-States,<=50K
56,Private,208609,HS-grad,9,Never-married,Other-service,Unmarried,White,Male,5425,0,57,United-States,<=50K
41,Federal-gov,384413,Some-college,10,Never-married,Prof-specialty,Wife,White,Male,0,0,57,United-States,<=50K
55,State-gov,68567,Bachelors,13,Never-married,Exec-managerial,Wife,White,Female,0,0,39,Germany,<=50K
61,State-gov,411662,HS-grad,9,Married-civ-spouse,Protective-serv,Husband,White,Male,0,0,35,United-States,<=50K
56,Private,364582,Assoc-voc,11,Married-civ-spouse,Other-service,Other-relative,White,Male,0,0,59,United-States,<=50K
49,Private,417488,Some-college,10,Never-married,Exec-managerial,Wife,Amer-Indian-Eskimo,Male,0,0,21,India,<=50K
21,Private,395169,HS-grad,9,Never-married,Tech-support,Husband,White,Male,0,0,20,United-States,<=50K
40,Private,45431,Masters,14,Never-married,Prof-specialty,Not-in-family,White,Male,0,0,46,United-States,<=50K
21,Private,98719,Bachelors,13,Married-civ-spouse,Craft-repair,Not-in-family,Black,Female,0,0,23,United-States,<=50K
23,Private,104972,Assoc-voc,11,Never-married,Machine-op-inspct,Husband,Black,Male,0,2402,28,United-States,<=50K
36,State-gov,74680,Assoc-voc,11,Divorced,Transportation,Other-relative,White,Male,0,0,23,United-States,<=50K
42,Private,369800,HS-grad,9,Widowed,Exec-managerial,Not-in-family,White,Female,0,0,58,United-States,<=50K
45,Federal-gov,485370,Bachelors,13,Divorced,Transportation,Own-child,White,Male,0,0,22,Germany,<=50K
64,Local-gov,415071,10th,6,Divorced,Sales,Own-child,White,Male,0,0,57,United-States,<=50K
57,Self-emp-not-inc,235857,HS-grad,9,Widowed,Transportation,Not-in-family,White,Female,0,0,25,United-States,>50K
39,Private,455646,Some-college,10,Married-civ-spouse,Prof-specialty,Other-relative,White,Male,0,0,56,United-States,<=50K
35,Private,374200,11th,7,Married-civ-spouse,Prof-specialty,Other-relative,Black,Male,0,0,33,United-States,<=50K
55,State-gov,357149,HS-grad,9,Divorced,Exec-managerial,Own-child,White,Male,0,0,37,United-States,<=50K
32,Private,129553,11th,7,Married-civ-spouse,Handlers-cleaners,Not-in-family,Other,Male,0,0,25,United-States,<=50K
63,Private,404844,Some-college,10,Married-civ-spouse,Machine-op-inspct,Wife,White,Female,0,0,31,United-States,<=50K
58,State-gov,97730,Assoc-voc,11,Never-married,Exec-managerial,Wife,Black,Male,0,0,25,United-States,<=50K
53,Self-emp-inc,294710,Bachelors,13,Married-civ-spouse,Machine-op-inspct,Unmarried,White,Female,0,0,28,United-States,>50K
30,Self-emp-not-inc,168249,Bachelors,13,Separated,Exec-managerial,Own-child,White,Male,0,0,38,United-States,<=50K
50,Private,359139,Masters,14,Married-civ-spouse,Transportation,Wife,Black,Male,0,0,39,United-States,>50K
60,Private,378409,HS-grad,9,Married-civ-spouse,Exec-managerial,Other-relative,White,Male,0,0,45,United-States,<=50K
21,Federal-gov,298832,Bachelors,13,Married-civ-spouse,Transportation,Other-relative,White,Female,0,0,57,Mexico,<=50K
27,Private,273845,11th,7,Divorced,Other-service,Wife,Other,Male,0,0,21,United-States,<=50K
44,Private,20181,11th,7,Married-civ-spouse,Prof-specialty,Wife,Other,Male,0,0,31,United-States,<=50K
36,Private,420819,10th,6,Married-civ-spouse,Protective-serv,Not-in-family,White,Male,0,0,43,United-States,<=50K
54,Private,346983,Bachelors,13,Married-civ-spouse,Prof-specialty,Unmarried,White,Male,0,0,39,United-States,<=50K
38,Private,24990,Bachelors,13,Married-civ-spouse,Exec-managerial,Husband,White,Male,0,0,43,United-States,<=50K
69,Local-gov,274332,Bachelors,13,Separated,Tech-support,Wife,White,Female,0,0,32,United-States,<=50K
33,Private,283876,Bachelors,13,Never-married,Handlers-cleaners,Unmarried,White,Male,0,0,33,United-States,<=50K
36,Private,31350,Bachelors,13,Divorced,Other-service,Other-relative,White,Male,0,0,49,United-States,<=50K
18,State-gov,224968,HS-grad,9,Never-married,Craft-repair,Not-in-family,White,Male,0,0,27,United-States,<=50K
30,State-gov,53502,HS-grad,9,Widowed,Transportation,Own-child,Asian-Pac-Islander,Male,0,0,23,United-States,<=50K
30,Self-emp-not-inc,98018,Bachelors,13,Married-civ-spouse,Tech-support,Own-child,White,Female,2702,0,45,United-States,<=50K
57,Local-gov,424220,Some-college,10,Married-civ-spouse,Machine-op-inspct,Wife,White,Female,0,0,43,India,<=50K
35,Private,191589,HS-grad,9,Married-civ-spouse,Sales,Other-relative,Amer-Indian-Eskimo,Male,0,0,52,United-States,<=50K
28,Private,80217,HS-grad,9,Divorced,Machine-op-inspct,Not-in-family,White,Female,0,0,46,India,<=50K
34,Private,255468,Doctorate,16,Divorced,Other-service,Other-relative,White,Female,0,0,31,Canada,<=50K
47,Private,275357,10th,6,Never-married,Machine-op-inspct,Unmarried,Asian-Pac-Islander,Male,0,0,39,India,<=50K
58,Self-emp-inc,204989,Bachelors,13,Never-married,Handlers-cleaners,Husband,Other,Male,4775,0,40,United-States,<=50K
68,Federal-gov,73712,11th,7,Never-married,Prof-specialty,Unmarried,White,Male,0,0,24,United-States,<=50K
20,Private,456112,Assoc-voc,11,Married-civ-spouse,Prof-specialty,Wife,White,Female,0,0,24,Philippines,<=50K
61,Private,52246,HS-grad,9,Married-civ-spouse,Protective-serv,Wife,White,Female,0,0,59,United-States,<=50K
38,State-gov,197735,HS-grad,9,Never-married,Sales,Own-child,White,Male,3246,0,52,United-States,<=50K
60,Private,339532,HS-grad,9,Divorced,Prof-specialty,Wife,White,Male,0,0,53,United-States,<=50K
19,Private,439854,HS-grad,9,Never-married,Protective-serv,Own-child,White,Female,0,0,47,United-States,<=50K
50,Private,355139,Bachelors,13,Married-civ-spouse,Tech-support,Other-relative,White,Female,0,0,54,United-States,<=50K
66,Private,300328,HS-grad,9,Married-civ-spouse,Exec-managerial,Wife,White,Female,8686,0,37,United-States,<=50K
20,Private,231845,11th,7,Married-civ-spouse,Prof-specialty,Not-in-family,Asian-Pac-Islander,Female,4607,0,26,United-States,<=50K
59,Private,412293,Bachelors,13,Never-married,Other-service,Own-child,White,Male,0,0,44,United-States,<=50K
23,Private,242161,Some-college,10,Separated,Exec-managerial,Wife,White,Male,0,0,22,Mexico,<=50K
69,Private,303769,10th,6,Married-civ-spouse,Sales,Husband,Black,Male,0,0,59,Mexico,<=50K
56,Private,225552,11th,7,Married-civ-spouse,Prof-specialty,Unmarried,White,Male,0,0,45,United-States,<=50K
65,Private,393971,Masters,14,Never-married,Other-service,Husband,White,Male,0,0,43,United-States,<=50K
64,Private,43449,Doctorate,16,Divorced,Transportation,Not-in-family,Black,Female,0,1879,48,United-States,>50K
34,Private,124063,10th,6,Divorced,Protective-serv,Wife,Black,Female,0,0,37,United-States,<=50K
39,Local-gov,424738,Bachelors,13,Married-civ-spouse,Protective-serv,Unmarried,Black,Male,0,0,46,Philippines,>50K
53,Self-emp-inc,65292,Assoc-voc,11,Never-married,Transportation,Husband,White,Male,0,0,38,United-States,<=50K
27,Private,310953,HS-grad,9,Married-civ-spouse,Tech-support,Own-child,White,Male,0,0,29,Canada,<=50K
33,Private,314832,Bachelors,13,Married-civ-spouse,Other-service,Not-in-family,White,Female,0,0,27,United-States,<=50K
23,Private,85347,Some-college,10,Never-married,Craft-repair,Unmarried,White,Male,0,0,25,India,<=50K
64,Private,144098,HS-grad,9,Married-civ-spouse,Protective-serv,Husband,Other,Male,0,0,57,United-States,<=50K
30,Self-emp-not-inc,165638,HS-grad,9,Married-civ-spouse,Sales,Other-relative,White,Male,0,0,34,United-States,<=50K
39,State-gov,243901,HS-grad,9,Divorced,Machine-op-inspct,Husband,White,Female,0,0,42,India,<=50K
41,Private,277570,HS-grad,9,Married-civ-spouse,Handlers-cleaners,Wife,White,Male,0,0,28,United-States,>50K
37,Private,135850,HS-grad,9,Married-civ-spouse,Sales,Unmarried,White,Male,0,1167,36,United-States,<=50K
58,Private,173177,Some-college,10,Widowed,Sales,Own-child,White,Female,0,0,39,United-States,<=50K
65,Private,327600,Assoc-voc,11,Married-civ-spouse,Exec-managerial,Not-in-family,White,Male,6121,0,58,United-States,>50K
47,Private,446411,Bachelors,13,Never-married,Exec-managerial,Own-child,Amer-Indian-Eskimo,Male,0,0,56,United-States,>50K
61,Private,368161,Bachelors,13,Married-civ-spouse,Sales,Unmarried,White,Female,0,0,42,Canada,<=50K
23,Private,456173,HS-grad,9,Married-civ-spouse,Sales,Husband,Other,Male,0,2558,32,United-States,<=50K
68,Self-emp-not-inc,261885,Assoc-voc,11,Divorced,Sales,Unmarried,Black,Male,0,0,25,United-States,<=50K
24,Private,35820,HS-grad,9,Divorced,Exec-managerial,Wife,White,Female,0,0,58,United-States,<=50K
21,Private,195231,HS-grad,9,Married-civ-spouse,Exec-managerial,Not-in-family,White,Male,0,0,48,United-States,<=50K
19,State-gov,499157,Some-college,10,Widowed,Exec-managerial,Wife,Asian-Pac-Islander,Female,0,0,33,United-States,<=50K
30,Federal-gov,313178,11th,7,Never-married,Other-service,Other-relative,Black,Male,0,0,59,United-States,<=50K
61,Private,152202,10th,6,Never-married,Protective-serv,Other-relative,White,Male,0,0,48,United-States,<=50K
33,State-gov,425406,Masters,14,Never-married,Exec-managerial,Husband,White,Male,0,0,53,United-States,>50K
59,Federal-gov,202441,Masters,14,Married-civ-spouse,Other-service,Wife,White,Female,0,0,30,Mexico,>50K
40,Private,164389,Some-college,10,Never-married,Machine-op-inspct,Other-relative,White,Female,0,0,35,Mexico,<=50K
23,Private,21907,Bachelors,13,Never-married,Transportation,Not-in-family,White,Male,0,0,36,United-States,<=50K
42,Private,84237,HS-grad,9,Widowed,Sales,Not-in-family,White,Female,3886,0,53,United-States,<=50K
30,Private,228388,HS-grad,9,Never-married,Prof-specialty,Own-child,White,Female,0,0,55,United-States,<=50K
33,State-gov,295429,10th,6,Never-married,Handlers-cleaners,Other-relative,White,Female,6334,0,39,United-States,<=50K
44,Private,104305,10th,6,Married-civ-spouse,Sales,Unmarried,White,Female,0,0,44,United-States,<=50K
59,Private,230125,Some-college,10,Never-married,Other-service,Husband,White,Female,3783,0,36,United-States,<=50K
48,Private,214348,HS-grad,9,Never-married,Sales,Other-relative,Black,Female,0,0,36,United-States,<=50K
29,Self-emp-inc,280607,HS-grad,9,Never-married,Exec-managerial,Unmarried,White,Female,0,0,42,United-States,<=50K
55,Private,452066,Some-college,10,Married-civ-spouse,Exec-managerial,Wife,Asian-Pac-Islander,Female,0,0,56,United-States,<=50K
54,Private,239004,HS-grad,9,Divorced,Protective-serv,Own-child,Black,Male,0,0,23,United-States,<=50K
30,Private,361461,Bachelors,13,Married-civ-spouse,Other-service,Not-in-family,White,Male,0,0,31,United-States,<=50K
62,Self-emp-not-inc,311370,HS-grad,9,Married-civ-spouse,Prof-specialty,Other-relative,White,Male,0,0,30,United-States,<=50K
61,Private,421111,HS-grad,9,Married-civ-spouse,Craft-repair,Other-relative,White,Male,0,0,43,United-States,<=50K
49,Private,477163,HS-grad,9,Divorced,Handlers-cleaners,Unmarried,White,Male,0,0,43,India,<=50K
33,Private,401177,Masters,14,Separated,Other-service,Not-in-family,Other,Female,0,0,57,United-States,<=50K
36,Private,123770,Some-college,10,Married-civ-spouse,Sales,Unmarried,White,Male,0,0,24,United-States,<=50K
40,Private,143712,Some-college,10,Never-married,Craft-repair,Not-in-family,White,Female,0,0,49,Philippines,<=50K
27,Private,136454,Bachelors,13,Never-married,Sales,Wife,Black,Male,0,0,36,United-States,<=50K
33,Self-emp-not-inc,382451,Masters,14,Never-married,Handlers-cleaners,Other-relative,Asian-Pac-Islander,Male,0,0,22,United-States,>50K
24,Private,499070,HS-grad,9,Divorced,Prof-specialty,Own-child,White,Male,0,2321,53,United-States,<=50K
26,Private,47123,Masters,14,Married-civ-spouse,Protective-serv,Not-in-family,White,Female,0,0,20,United-States,<=50K
56,Private,490048,HS-grad,9,Never-married,Prof-specialty,Not-in-family,Black,Male,7481,0,56,Canada,<=50K
24,Private,326391,Bachelors,13,Never-married,Sales,Husband,White,Female,0,0,31,Canada,<=50K
42,Private,241479,Some-college,10,Separated,Machine-op-inspct,Not-in-family,Black,Male,0,0,27,United-States,<=50K
40,Private,382537,11th,7,Married-civ-spouse,Sales,Husband,Amer-Indian-Eskimo,Male,0,0,32,Philippines,<=50K
20,Private,251380,10th,6,Never-married,Machine-op-inspct,Own-child,White,Female,1974,0,58,United-States,<=50K
61,Private,190635,Masters,14,Separated,Handlers-cleaners,Not-in-family,White,Male,3062,0,52,United-States,<=50K
69,State-gov,291404,11th,7,Married-civ-spouse,Tech-support,Not-in-family,Amer-Indian-Eskimo,Male,0,0,39,United-States,<=50K
51,Private,244272,HS-grad,9,Married-civ-spouse,Craft-repair,Husband,White,Male,0,0,34,United-States,<=50K
52,Private,287077,Bachelors,13,Married-civ-spouse,Machine-op-inspct,Unmarried,White,Male,0,0,26,United-States,<=50K
30,Local-gov,414681,HS-grad,9,Married-civ-spouse,Craft-repair,Other-relative,White,Female,0,0,41,United-States,<=50K
61,Private,368439,HS-grad,9,Married-civ-spouse,Machine-op-inspct,Wife,White,Male,0,0,50,India,<=50K
58,Self-emp-inc,391749,Some-college,10,Widowed,Other-service,Own-child,White,Male,0,0,24,United-States,<=50K
40,Private,272067,Masters,14,Divorced,Prof-specialty,Husband,White,Male,0,0,23,India,>50K
54,Private,494937,Masters,14,Married-civ-spouse,Protective-serv,Own-child,White,Male,0,0,51,United-States,<=50K
67,State-gov,372816,Assoc-voc,11,Married-civ-spouse,Sales,Other-relative,White,Female,0,0,49,United-States,<=50K
49,Private,170724,Bachelors,13,Widowed,Transportation,Unmarried,White,Female,0,0,37,United-States,<=50K
28,Local-gov,388689,11th,7,Never-married,Handlers-cleaners,Not-in-family,White,Female,0,1865,48,United-States,<=50K
35,Private,194548,Assoc-voc,11,Never-married,Other-service,Wife,Black,Male,0,0,40,Philippines,<=50K
27,Private,185160,Assoc-voc,11,Divorced,Machine-op-inspct,Unmarried,White,Male,0,0,46,United-States,<=50K
35,Private,236656,HS-grad,9,Never-married,Protective-serv,Not-in-family,Black,Male,0,0,27,United-States,<=50K
64,Private,352396,Bachelors,13,Married-civ-spouse,Other-service,Other-relative,White,Female,0,0,53,United-States,<=50K
27,Private,154311,Masters,14,Married-civ-spouse,Transportation,Other-relative,White,Male,0,0,52,Philippines,<=50K
64,State-gov,280345,10th,6,Never-married,Sales,Own-child,White,Male,0,0,53,United-States,<=50K
32,Private,419807,HS-grad,9,Never-married,Other-service,Husband,Black,Male,0,0,26,United-States,<=50K
43,Local-gov,479037,Some-college,10,Divorced,Machine-op-inspct,Not-in-family,White,Female,0,0,38,Philippines,<=50K
45,Private,173132,Some-college,10,Never-married,Craft-repair,Unmarried,Black,Male,0,0,32,United-States,<=50K
24,Private,279987,HS-grad,9,Never-married,Handlers-cleaners,Unmarried,White,Male,0,0,41,United-States,<=50K
27,Private,450687,Assoc-voc,11,Married-civ-spouse,Sales,Unmarried,Amer-Indian-Eskimo,Male,6627,0,37,United-States,>50K
33,Private,394755,HS-grad,9,Never-married,Exec-managerial,Own-child,Black,Male,0,0,37,United-States,<=50K
21,Private,337174,Some-college,10,Married-civ-spouse,Protective-serv,Unmarried,Asian-Pac-Islander,Male,0,0,57,United-States,<=50K
57,State-gov,74381,Masters,14,Widowed,Transportation,Husband,White,Male,3107,0,45,United-States,>50K
46,Local-gov,409913,Some-college,10,Married-civ-spouse,Machine-op-inspct,Wife,White,Male,0,0,59,United-States,<=50K
61,Private,329238,HS-grad,9,Married-civ-spouse,Sales,Not-in-family,White,Male,0,0,41,United-States,<=50K
62,Private,256864,Bachelors,13,Married-civ-spouse,Machine-op-inspct,Wife,White,Male,0,0,50,United-States,<=50K
36,Private,74014,Some-college,10,Widowed,Sales,Husband,Black,Male,0,1791,32,United-States,<=50K
60,Private,356936,10th,6,Divorced,Prof-specialty,Wife,White,Female,0,0,39,United-States,<=50K
21,Self-emp-not-inc,341753,Masters,14,Divorced,Protective-serv,Unmarried,White,Male,9150,0,37,Canada,>50K
40,Private,144095,10th,6,Never-married,Prof-specialty,Own-child,White,Male,0,0,51,United-States,<=50K
52,Private,176758,HS-grad,9,Never-married,Tech-support,Wife,White,Male,0,0,43,United-States,<=50K
42,Private,481425,Masters,14,Never-married,Tech-support,Not-in-family,White,Male,0,0,33,United-States,<=50K
56,State-gov,324707,Bachelors,13,Never-married,Craft-repair,Own-child,Asian-Pac-Islander,Female,0,0,52,United-States,<=50K
62,Self-emp-not-inc,272701,Masters,14,Never-married,Tech-support,Own-child,White,Male,0,0,52,United-States,<=50K
40,State-gov,228417,Some-college,10,Divorced,Machine-op-inspct,Unmarried,White,Male,0,0,25,United-States,<=50K
32,Private,276920,HS-grad,9,Never-married,Craft-repair,Not-in-family,White,Female,0,247,36,United-States,<=50K
48,Private,413224,HS-grad,9,Never-married,Other-service,Husband,White,Female,0,0,43,United-States,<=50K
63,Private,47165,Assoc-voc,11,Divorced,Sales,Unmarried,White,Female,0,0,56,United-States,<=50K
69,Local-gov,78900,Assoc-voc,11,Widowed,Craft-repair,Husband,White,Male,0,0,58,Mexico,<=50K
60,Private,120227,HS-grad,9,Never-married,Transportation,Other-relative,White,Male,0,0,30,Philippines,<=50K
30,Self-emp-not-inc,136814,Bachelors,13,Never-married,Tech-support,Husband,White,Male,2359,0,36,Mexico,<=50K
28,Private,82983,Masters,14,Divorced,Craft-repair,Wife,White,Male,0,0,25,United-States,<=50K
47,Private,223681,Bachelors,13,Widowed,Other-service,Unmarried,Black,Male,0,1219,22,United-States,<=50K
38,Private,24299,Some-college,10,Married-civ-spouse,Tech-support,Wife,White,Female,1243,0,33,United-States,<=50K
49,Private,188065,Assoc-voc,11,Married-civ-spouse,Other-service,Unmarried,White,Male,0,858,54,United-States,<=50K
66,Federal-gov,33120,Bachelors,13,Married-civ-spouse,Craft-repair,Wife,White,Female,0,0,36,India,<=50K
46,State-gov,63800,Masters,14,Divorced,Sales,Own-child,White,Male,0,0,28,United-States,<=50K
36,Private,335622,Bachelors,13,Never-married,Craft-repair,Unmarried,White,Male,0,0,29,United-States,<=50K
63,Private,226907,Masters,14,Married-civ-spouse,Handlers-cleaners,Other-relative,Black,Male,0,0,48,United-States,>50K
40,Self-emp-inc,486671,HS-grad,9,Divorced,Machine-op-inspct,Wife,White,Female,0,0,42,United-States,<=50K
49,Private,295577,11th,7,Married-civ-spouse,Protective-serv,Other-relative,White,Male,8053,0,38,Philippines,<=50K
25,Federal-gov,205894,HS-grad,9,Never-married,Prof-specialty,Own-child,Black,Male,0,0,34,United-States,<=50K
44,Self-emp-not-inc,372161,Assoc-voc,11,Married-civ-spouse,Protective-serv,Husband,White,Female,0,0,58,India,<=50K
40,Private,420678,Assoc-voc,11,Married-civ-spouse,Handlers-cleaners,Wife,White,Male,0,0,25,United-States,<=50K
24,Private,115316,Bachelors,13,Never-married,Craft-repair,Wife,Amer-Indian-Eskimo,Male,0,0,51,United-States,<=50K
29,Private,281365,Bachelors,13,Married-civ-spouse,Prof-specialty,Own-child,White,Male,0,0,60,United-States,<=50K
54,Private,155981,HS-grad,9,Never-married,Craft-repair,Unmarried,Black,Female,0,0,52,United-States,<=50K
27,State-gov,496411,Some-college,10,Widowed,Exec-managerial,Not-in-family,White,Male,0,0,42,United-States,<=50K
24,Private,235479,Bachelors,13,Never-married,Transportation,Husband,Other,Female,0,0,44,Germany,<=50K
20,Private,58678,HS-grad,9,Divorced,Protective-serv,Not-in-family,Black,Male,0,0,55,United-States,<=50K
19,Private,422814,HS-grad,9,Married-civ-spouse,Protective-serv,Not-in-family,White,Male,0,0,25,United-States,<=50K
40,Self-emp-inc,448561,10th,6,Divorced,Tech-support,Own-child,Other,Male,0,0,53,United-States,<=50K
43,Private,200438,Some-college,10,Widowed,Transportation,Wife,White,Female,7453,2684,26,United-States,<=50K
50,Private,239469,Some-college,10,Widowed,Machine-op-inspct,Other-relative,Black,Male,0,0,25,United-States,<=50K
47,Private,368316,HS-grad,9,Divorced,Sales,Not-in-family,White,Female,0,0,21,India,<=50K
45,Private,35459,Bachelors,13,Married-civ-spouse,Sales,Own-child,White,Male,0,2363,24,United-States,<=50K
69,Private,444194,Some-college,10,Never-married,Prof-specialty,Wife,White,Male,0,0,45,United-States,<=50K
30,Private,20158,Doctorate,16,Never-married,Machine-op-inspct,Husband,White,Male,0,0,23,United-States,<=50K
55,Private,108452,Some-college,10,Married-civ-spouse,Prof-specialty,Wife,White,Male,0,0,48,Canada,<=50K
22,Local-gov,171253,HS-grad,9,Married-civ-spouse,Transportation,Not-in-family,White,Male,0,0,23,United-States,<=50K
62,Federal-gov,328489,Some-college,10,Married-civ-spouse,Other-service,Husband,White,Male,0,0,28,United-States,<=50K
36,State-gov,395790,HS-grad,9,Never-married,Protective-serv,Husband,Black,Female,0,0,34,United-States,<=50K
36,State-gov,104560,Assoc-voc,11,Divorced,Transportation,Unmarried,Amer-Indian-Eskimo,Female,0,0,55,United-States,<=50K
25,Private,179748,HS-grad,9,Never-married,Machine-op-inspct,Wife,White,Female,0,0,26,United-States,<=50K
44,Private,403766,HS-grad,9,Married-civ-spouse,Sales,Husband,White,Male,0,0,34,United-States,<=50K
38,Self-emp-not-inc,179574,Some-college,10,Married-civ-spouse,Exec-managerial,Unmarried,White,Female,0,0,24,United-States,<=50K
68,Private,193466,HS-grad,9,Married-civ-spouse,Exec-managerial,Own-child,Other,Male,0,0,28,Philippines,<=50K
27,State-gov,222094,Bachelors,13,Separated,Sales,Husband,Black,Male,0,0,41,United-States,<=50K
39,Private,317700,Some-college,10,Married-civ-spouse,Craft-repair,Own-child,Amer-Indian-Eskimo,Male,0,0,50,United-States,<=50K
64,Private,406271,11th,7,Divorced,Craft-repair,Husband,Black,Female,0,2207,41,United-States,<=50K
59,Private,464635,HS-grad,9,Never-married,Protective-serv,Wife,White,Male,0,0,45,United-States,<=50K
57,Local-gov,422333,Bachelors,13,Never-married,Other-service,Unmarried,White,Male,0,0,34,United-States,<=50K
45,Private,139632,Masters,14,Married-civ-spouse,Machine-op-inspct,Other-relative,White,Male,0,0,28,Philippines,<=50K
63,Private,200713,HS-grad,9,Never-married,Machine-op-inspct,Own-child,White,Male,0,0,47,Philippines,<=50K
29,Private,324989,Bachelors,13,Divorced,Exec-managerial,Own-child,White,Male,0,0,54,United-States,<=50K
60,Private,207199,Assoc-voc,11,Widowed,Sales,Not-in-family,White,Female,0,0,44,United-States,>50K
48,Self-emp-not-inc,280994,Masters,14,Never-married,Handlers-cleaners,Not-in-family,White,Male,0,0,24,United-States,<=50K
36,Private,184380,11th,7,Married-civ-spouse,Tech-support,Other-relative,White,Male,0,0,60,United-States,<=50K
29,Self-emp-inc,337366,Masters,14,Married-civ-spouse,Other-service,Not-in-family,White,Male,0,0,27,United-States,>50K
45,Private,314595,Some-college,10,Never-married,Protective-serv,Husband,White,Male,0,0,42,United-States,<=50K
18,Private,68893,11th,7,Married-civ-spouse,Transportation,Unmarried,White,Male,0,0,51,United-States,<=50K
55,State-gov,494955,HS-grad,9,Married-civ-spouse,Exec-managerial,Own-child,White,Male,0,0,60,United-States,<=50K
30,Private,69066,Bachelors,13,Widowed,Machine-op-inspct,Other-relative,White,Male,0,0,42,United-States,<=50K
38,Private,212738,Masters,14,Never-married,Other-service,Other-relative,White,Male,0,0,57,United-States,>50K
28,Private,425822,Assoc-voc,11,Married-civ-spouse,Handlers-cleaners,Wife,White,Male,0,0,37,United-States,<=50K
42,State-gov,33857,11th,7,Married-civ-spouse,Prof-specialty,Not-in-family,White,Male,0,0,23,United-States,<=50K
37,Private,157681,HS-grad,9,Never-married,Machine-op-inspct,Other-relative,White,Female,0,0,26,United-States,<=50K
27,Private,356805,Masters,14,Married-civ-spouse,Craft-repair,Own-child,White,Male,0,0,57,United-States,<=50K
64,Local-gov,346724,HS-grad,9,Married-civ-spouse,Exec-managerial,Other-relative,White,Male,0,1178,23,United-States,<=50K
57,Private,447144,Masters,14,Married-civ-spouse,Machine-op-inspct,Not-in-family,Black,Male,0,0,57,Canada,>50K
38,Private,352700,Bachelors,13,Widowed,Exec-managerial,Unmarried,White,Male,0,0,37,United-States,<=50K
20,Private,302476,HS-grad,9,Never-married,Handlers-cleaners,Unmarried,White,Female,0,0,59,United-States,<=50K
61,Private,109637,Assoc-voc,11,Married-civ-spouse,Transportation,Unmarried,White,Female,0,0,60,United-States,<=50K
54,State-gov,443627,Some-college,10,Never-married,Craft-repair,Wife,White,Male,0,0,23,United-States,<=50K
46,Private,213178,Bachelors,13,Divorced,Transportation,Other-relative,White,Male,0,0,45,United-States,<=50K
49,Local-gov,104491,10th,6,Never-married,Sales,Other-relative,White,Male,0,0,21,United-States,<=50K
18,State-gov,75880,Bachelors,13,Never-married,Prof-specialty,Own-child,White,Male,0,1125,33,United-States,<=50K
42,Private,486419,Bachelors,13,Divorced,Exec-managerial,Wife,Black,Male,0,0,58,United-States,>50K
27,Private,72126,HS-grad,9,Married-civ-spouse,Machine-op-inspct,Wife,Asian-Pac-Islander,Female,0,0,60,United-States,<=50K
51,Private,111024,HS-grad,9,Married-civ-spouse,Exec-managerial,Not-in-family,Asian-Pac-Islander,Female,0,0,25,United-States,<=50K
66,Federal-gov,445133,HS-grad,9,Widowed,Exec-managerial,Unmarried,White,Female,0,0,60,United-States,>50K
45,Private,346136,Some-college,10,Married-civ-spouse,Prof-specialty,Unmarried,White,Male,0,2492,27,United-States,<=50K
49,Private,331646,Some-college,10,Married-civ-spouse,Other-service,Unmarried,White,Female,0,0,33,United-States,<=50K
52,State-gov,68133,Bachelors,13,Widowed,Exec-managerial,Unmarried,White,Female,0,0,41,Philippines,>50K
66,Private,176891,Bachelors,13,Married-civ-spouse,Tech-support,Husband,White,Male,0,0,28,United-States,<=50K
19,Local-gov,391897,HS-grad,9,Never-married,Tech-support,Unmarried,White,Female,0,0,22,United-States,<=50K
34,Private,288319,Bachelors,13,Divorced,Protective-serv,Not-in-family,Other,Female,0,0,27,United-States,<=50K
31,Private,46419,11th,7,Married-civ-spouse,Other-service,Husband,White,Male,0,0,22,United-States,<=50K
55,Self-emp-not-inc,317257,HS-grad,9,Divorced,Protective-serv,Husband,Amer-Indian-Eskimo,Female,0,0,44,United-States,<=50K
41,Self-emp-inc,43560,Bachelors,13,Married-civ-spouse,Machine-op-inspct,Wife,Other,Female,0,0,46,United-States,<=50K
58,Private,29157,HS-grad,9,Never-married,Protective-serv,Wife,White,Male,0,0,32,United-States,<=50K
42,Private,131459,Bachelors,13,Divorced,Exec-managerial,Husband,White,Male,0,0,54,United-States,<=50K
68,Self-emp-inc,185159,Masters,14,Never-married,Prof-specialty,Own-child,White,Male,0,0,51,United-States,>50K
57,State-gov,285377,HS-grad,9,Divorced,Machine-op-inspct,Not-in-family,White,Female,0,0,33,United-States,<=50K
18,Private,294624,Some-college,10,Divorced,Sales,Wife,Asian-Pac-Islander,Male,0,0,34,United-States,<=50K
69,Private,444222,Assoc-voc,11,Widowed,Exec-managerial,Other-relative,Other,Male,0,0,36,United-States,<=50K
67,Private,189438,HS-grad,9,Never-married,Other-service,Other-relative,White,Male,1162,0,44,United-States,<=50K
20,Private,167222,Masters,14,Married-civ-spouse,Other-service,Own-child,White,Male,0,0,54,United-States,<=50K
38,Private,160563,Bachelors,13,Never-married,Tech-support,Husband,Black,Male,0,0,30,Philippines,<=50K
68,Private,236015,HS-grad,9,Married-civ-spouse,Tech-support,Wife,White,Male,0,0,33,Mexico,<=50K
61,Private,244457,Masters,14,Married-civ-spouse,Craft-repair,Not-in-family,White,Female,0,0,39,United-States,<=50K
42,Private,126641,Bachelors,13,Married-civ-spouse,Machine-op-inspct,Own-child,White,Male,8348,0,30,United-States,<=50K
46,Private,371562,HS-grad,9,Married-civ-spouse,Protective-serv,Not-in-family,White,Female,7337,0,46,United-States,<=50K
19,State-gov,274544,11th,7,Widowed,Tech-support,Unmarried,White,Female,0,465,23,United-States,<=50K
47,Private,374560,Some-college,10,Never-married,Machine-op-inspct,Other-relative,White,Male,0,0,60,United-States,<=50K
52,Self-emp-inc,32238,Masters,14,Married-civ-spouse,Machine-op-inspct,Not-in-family,White,Male,0,0,31,United-States,>50K
36,Private,304588,HS-grad,9,Married-civ-spouse,Handlers-cleaners,Husband,White,Male,0,0,32,United-States,<=50K
33,Federal-gov,440234,HS-grad,9,Never-married,Handlers-cleaners,Other-relative,White,Female,0,671,31,United-States,<=50K
61,Federal-gov,388962,Masters,14,Married-civ-spouse,Tech-support,Wife,Black,Male,0,0,50,Canada,>50K
41,Private,164344,Bachelors,13,Married-civ-spouse,Prof-specialty,Own-child,White,Female,0,0,26,United-States,<=50K
31,Private,88427,HS-grad,9,Married-civ-spouse,Transportation,Other-relative,Asian-Pac-Islander,Female,0,0,44,United-States,<=50K
37,Self-emp-not-inc,463107,Masters,14,Married-civ-spouse,Other-service,Other-relative,White,Male,0,0,47,United-States,<=50K
43,Private,95992,Some-college,10,Divorced,Prof-specialty,Other-relative,White,Female,0,0,50,United-States,<=50K
31,Self-emp-inc,232030,Some-college,10,Widowed,Tech-support,Wife,White,Female,0,0,41,United-States,<=50K
47,Private,385064,Masters,14,Never-married,Sales,Own-child,Black,Male,0,0,45,United-States,<=50K
62,Private,289112,Bachelors,13,Married-civ-spouse,Handlers-cleaners,Own-child,White,Female,0,0,38,United-States,>50K
56,State-gov,151209,Some-college,10,Divorced,Machine-op-inspct,Own-child,White,Male,0,0,24,Germany,<=50K
30,Private,423403,Masters,14,Never-married,Other-service,Other-relative,Other,Male,0,2781,20,United-States,<=50K
42,Private,115841,Bachelors,13,Married-civ-spouse,Handlers-cleaners,Unmarried,White,Male,0,0,29,United-States,>50K
46,Private,470337,11th,7,Married-civ-spouse,Other-service,Own-child,Black,Female,0,0,49,United-States,<=50K
53,State-gov,75228,Assoc-voc,11,Never-married,Sales,Wife,White,Female,0,0,49,United-States,<=50K
57,Private,29776,Some-college,10,Married-civ-spouse,Exec-managerial,Unmarried,White,Male,0,0,44,United-States,<=50K
43,Private,230262,Some-college,10,Divorced,Protective-serv,Husband,White,Male,0,0,50,Philippines,<=50K
34,Self-emp-not-inc,220115,11th,7,Never-married,Other-service,Own-child,Black,Male,0,0,52,United-States,<=50K
52,Self-emp-not-inc,280810,Assoc-voc,11,Never-married,Other-service,Unmarried,Asian-Pac-Islander,Male,0,0,45,United-States,<=50K
24,Private,264147,HS-grad,9,Divorced,Protective-serv,Unmarried,White,Male,0,0,39,United-States,<=50K
53,State-gov,155885,HS-grad,9,Divorced,Other-service,Other-relative,Black,Female,0,0,28,United-States,<=50K
64,Private,181087,Some-college,10,Married-civ-spouse,Craft-repair,Unmarried,Black,Male,5351,0,24,Germany,<=50K
54,Private,191619,Assoc-voc,11,Married-civ-spouse,Craft-repair,Wife,White,Male,0,0,24,Philippines,<=50K
40,Private,493862,11th,7,Never-married,Sales,Husband,Black,Male,0,2535,24,United-States,<=50K
60,Private,483950,Doctorate,16,Divorced,Tech-support,Unmarried,White,Female,0,0,50,United-States,>50K
45,Local-gov,283544,HS-grad,9,Never-married,Tech-support,Own-child,White,Male,0,0,47,United-States,>50K
46,Private,143696,Assoc-voc,11,Separated,Machine-op-inspct,Wife,Other,Male,0,0,46,Canada,<=50K
62,Private,268367,HS-grad,9,Divorced,Prof-specialty,Own-child,Black,Male,0,0,40,United-States,<=50K
28,Private,217469,Some-college,10,Never-married,Craft-repair,Other-relative,White,Male,0,0,42,United-States,<=50K
58,Private,27311,Some-college,10,Married-civ-spouse,Other-service,Own-child,White,Female,0,0,30,United-States,<=50K
53,Local-gov,195571,Bachelors,13,Separated,Protective-serv,Not-in-family,White,Male,0,0,20,United-States,<=50K
45,Private,188957,Bachelors,13,Divorced,Transportation,Not-in-family,White,Female,0,0,54,Germany,>50K
22,Local-gov,293288,HS-grad,9,Married-civ-spouse,Transportation,Own-child,White,Male,0,0,45,United-States,<=50K
57,Private,402216,HS-grad,9,Never-married,Other-service,Unmarried,White,Male,0,0,58,United-States,<=50K
29,State-gov,416155,Doctorate,16,Married-civ-spouse,Transportation,Unmarried,White,Male,0,0,51,United-States,<=50K
64,Federal-gov,498379,HS-grad,9,Married-civ-spouse,Exec-managerial,Own-child,White,Male,0,0,35,United-States,<=50K
59,Private,457718,Some-college,10,Married-civ-spouse,Other-service,Other-relative,Black,Male,0,0,39,United-States,>50K
36,Private,94357,HS-grad,9,Never-married,Prof-specialty,Other-relative,Asian-Pac-Islander,Male,0,0,35,United-States,<=50K
40,Federal-gov,214632,Some-college,10,Separated,Craft-repair,Husband,White,Female,0,784,22,United-States,<=50K
19,Private,91127,HS-grad,9,Married-civ-spouse,Exec-managerial,Unmarried,White,Male,0,0,28,India,<=50K
43,Private,220509,Bachelors,13,Never-married,Exec-managerial,Other-relative,Other,Male,0,0,31,United-States,<=50K
21,Federal-gov,398348,Some-college,10,Never-married,Prof-specialty,Unmarried,White,Male,0,0,56,United-States,>50K
69,Local-gov,295564,HS-grad,9,Never-married,Craft-repair,Other-relative,White,Male,0,0,27,United-States,<=50K
51,Self-emp-inc,367753,Assoc-voc,11,Married-civ-spouse,Tech-support,Unmarried,White,Female,0,0,21,United-States,<=50K
30,Local-gov,445077,HS-grad,9,Never-married,Sales,Not-in-family,Amer-Indian-Eskimo,Female,0,0,45,Mexico,<=50K
59,Private,471509,Masters,14,Married-civ-spouse,Handlers-cleaners,Husband,White,Male,0,0,32,United-States,<=50K
19,Self-emp-inc,58428,HS-grad,9,Never-married,Prof-specialty,Wife,Amer-Indian-Eskimo,Female,0,0,24,United-States,<=50K
46,Private,166107,11th,7,Never-married,Prof-specialty,Husband,Other,Male,0,0,35,United-States,<=50K
23,Self-emp-inc,486859,HS-grad,9,Never-married,Protective-serv,Wife,Amer-Indian-Eskimo,Male,0,0,21,United-States,<=50K
20,Private,214081,Bachelors,13,Married-civ-spouse,Prof-specialty,Not-in-family,Black,Male,0,0,38,United-States,<=50K
30,Private,388699,Bachelors,13,Married-civ-spouse,Other-service,Unmarried,White,Female,0,0,53,United-States,<=50K
33,State-gov,258590,Bachelors,13,Married-civ-spouse,Handlers-cleaners,Other-relative,Amer-Indian-Eskimo,Male,0,0,43,United-States,<=50K
55,Private,239703,Assoc-voc,11,Married-civ-spouse,Other-service,Own-child,White,Male,0,0,57,United-States,>50K
64,Private,162073,HS-grad,9,Married-civ-spouse,Protective-serv,Own-child,Black,Female,0,0,60,United-States,<=50K
58,Private,313770,Some-college,10,Married-civ-spouse,Transportation,Not-in-family,White,Female,0,0,54,Canada,<=50K
56,Private,46084,Assoc-voc,11,Never-married,Protective-serv,Own-child,White,Female,6844,0,51,United-States,<=50K
47,Private,482230,Assoc-voc,11,Married-civ-spouse,Handlers-cleaners,Not-in-family,White,Male,0,0,43,United-States,<=50K
37,State-gov,393938,Some-college,10,Never-married,Craft-repair,Unmarried,Other,Male,0,0,23,United-States,<=50K
31,Private,116219,Bachelors,13,Married-civ-spouse,Protective-serv,Husband,White,Male,0,0,34,United-States,<=50K
67,Private,311817,Masters,14,Married-civ-spouse,Tech-support,Own-child,White,Male,0,0,57,United-States,<=50K
45,Private,472060,Masters,14,Divorced,Prof-specialty,Husband,White,Male,0,0,23,United-States,<=50K
47,Local-gov,56152,Assoc-voc,11,Married-civ-spouse,Craft-repair,Unmarried,White,Female,0,0,51,Germany,<=50K
18,Self-emp-not-inc,109654,Assoc-voc,11,Married-civ-spouse,Protective-serv,Wife,White,Male,0,0,36,United-States,<=50K
41,Private,267335,Some-college,10,Never-married,Sales,Not-in-family,White,Male,0,0,58,United-States,<=50K
53,Private,482008,Bachelors,13,Widowed,Craft-repair,Husband,White,Male,0,0,27,Philippines,<=50K
43,Self-emp-not-inc,55509,Some-college,10,Never-married,Transportation,Own-child,Asian-Pac-Islander,Male,0,0,37,United-States,<=50K
49,Private,26846,HS-grad,9,Never-married,Transportation,Unmarried,Amer-Indian-Eskimo,Female,0,0,53,United-States,<=50K
60,Private,220181,Assoc-voc,11,Never-married,Craft-repair,Unmarried,White,Male,0,0,36,United-States,>50K
19,Private,360189,Bachelors,13,Widowed,Other-service,Husband,White,Female,0,0,54,United-States,<=50K
65,Private,337095,HS-grad,9,Separated,Tech-support,Not-in-family,White,Male,0,0,34,United-States,<=50K
60,State-gov,34667,Bachelors,13,Married-civ-spouse,Protective-serv,Wife,White,Male,0,0,39,United-States,>50K
39,Local-gov,230857,HS-grad,9,Never-married,Transportation,Other-relative,White,Male,0,0,49,United-States,<=50K
57,Self-emp-not-inc,241708,HS-grad,9,Married-civ-spouse,Other-service,Not-in-family,Black,Male,0,0,32,United-States,<=50K
21,Private,256765,Bachelors,13,Never-married,Exec-managerial,Other-relative,White,Female,0,0,53,United-States,<=50K
34,State-gov,23291,Masters,14,Never-married,Machine-op-inspct,Unmarried,Black,Female,9426,0,48,United-States,<=50K
23,Private,234724,Some-college,10,Married-civ-spouse,Exec-managerial,Own-child,White,Male,0,0,55,United-States,<=50K
51,State-gov,40479,HS-grad,9,Married-civ-spouse,Machine-op-inspct,Husband,Other,Female,0,434,45,United-States,<=50K
62,Private,241715,Bachelors,13,Married-civ-spouse,Machine-op-inspct,Wife,White,Female,0,0,55,United-States,>50K
49,Private,399703,HS-grad,9,Married-civ-spouse,Machine-op-inspct,Wife,Black,Male,0,2161,43,United-States,<=50K
55,Private,36771,11th,7,Married-civ-spouse,Machine-op-inspct,Husband,White,Female,0,0,38,United-States,<=50K
25,Local-gov,461612,HS-grad,9,Married-civ-spouse,Exec-managerial,Other-relative,White,Female,0,0,57,United-States,<=50K
66,Private,296891,Assoc-voc,11,Never-married,Sales,Unmarried,White,Female,0,0,37,United-States,<=50K
28,Private,361970,HS-grad,9,Never-married,Protective-serv,Not-in-family,White,Male,0,0,31,United-States,<=50K
45,Private,250665,HS-grad,9,Divorced,Craft-repair,Not-in-family,Amer-Indian-Eskimo,Male,0,0,53,United-States,<=50K
53,State-gov,423518,Some-college,10,Never-married,Prof-specialty,Not-in-family,Black,Female,0,0,33,Mexico,<=50K
62,Self-emp-inc,156590,Masters,14,Married-civ-spouse,Tech-support,Unmarried,White,Female,5104,268,21,United-States,>50K
66,Local-gov,94658,11th,7,Never-married,Machine-op-inspct,Husband,White,Female,0,0,22,United-States,<=50K
49,Private,247034,Some-college,10,Never-married,Protective-serv,Not-in-family,Other,Female,0,0,49,United-States,<=50K
47,Local-gov,307297,Some-college,10,Married-civ-spouse,Exec-managerial,Unmarried,White,Female,0,0,29,Mexico,<=50K
39,Private,424786,HS-grad,9,Never-married,Sales,Husband,White,Male,0,0,35,United-States,>50K
47,Private,258875,Bachelors,13,Married-civ-spouse,Prof-specialty,Not-in-family,White,Male,0,0,39,United-States,>50K
53,Self-emp-not-inc,64086,Some-college,10,Married-civ-spouse,Protective-serv,Husband,Black,Male,0,701,35,United-States,<=50K
51,Private,431169,Assoc-voc,11,Divorced,Protective-serv,Unmarried,White,Male,0,0,53,Mexico,<=50K
48,Private,415609,Some-college,10,Married-civ-spouse,Handlers-cleaners,Not-in-family,White,Male,0,0,54,Canada,<=50K
40,Private,286805,Masters,14,Never-married,Craft-repair,Unmarried,White,Male,0,0,27,United-States,>50K
28,Self-emp-inc,46770,Assoc-voc,11,Divorced,Tech-support,Wife,White,Male,0,0,22,United-States,<=50K
20,Federal-gov,459640,HS-grad,9,Separated,Protective-serv,Other-relative,White,Male,0,0,41,United-States,<=50K
39,Private,338419,Some-college,10,Never-married,Craft-repair,Other-relative,Asian-Pac-Islander,Male,0,0,54,Germany,<=50K
38,Local-gov,456441,Assoc-voc,11,Married-civ-spouse,Craft-repair,Husband,Black,Male,0,0,32,United-States,<=50K
49,Private,80920,Some-college,10,Married-civ-spouse,Other-service,Other-relative,Amer-Indian-Eskimo,Male,0,0,36,Germany,<=50K
64,Private,184861,Bachelors,13,Married-civ-spouse,Machine-op-inspct,Other-relative,White,Male,0,0,52,United-States,>50K
54,Private,130448,Assoc-voc,11,Never-married,Tech-support,Not-in-family,White,Female,0,0,37,United-States,<=50K
59,Private,377942,HS-grad,9,Never-married,Sales,Not-in-family,White,Male,6628,0,46,Germany,<=50K
48,Private,171128,Assoc-voc,11,Never-married,Craft-repair,Other-relative,Asian-Pac-Islander,Male,0,0,56,United-States,<=50K
66,Self-emp-not-inc,444667,Some-college,10,Never-married,Transportation,Husband,White,Male,0,0,22,United-States,<=50K
66,Self-emp-inc,221263,Bachelors,13,Married-civ-spouse,Machine-op-inspct,Own-child,White,Male,6622,0,22,United-States,<=50K
25,Private,195491,Some-college,10,Divorced,Tech-support,Wife,White,Female,0,0,26,United-States,<=50K
51,Local-gov,315178,Some-college,10,Married-civ-spouse,Other-service,Unmarried,White,Female,0,0,41,United-States,<=50K
44,State-gov,391786,HS-grad,9,Married-civ-spouse,Exec-managerial,Wife,Asian-Pac-Islander,Male,0,0,51,Philippines,<=50K
68,Private,207329,HS-grad,9,Never-married,Exec-managerial,Husband,White,Male,0,0,25,United-States,<=50K
48,Private,20256,Some-college,10,Married-civ-spouse,Craft-repair,Unmarried,White,Female,0,0,47,United-States,<=50K
18,Private,458010,Some-college,10,Divorced,Exec-managerial,Own-child,White,Female,0,0,23,Canada,<=50K
28,Private,224919,Bachelors,13,Divorced,Transportation,Other-relative,White,Male,0,0,24,India,<=50K
24,Private,73641,HS-grad,9,Married-civ-spouse,Other-service,Wife,Amer-Indian-Eskimo,Male,0,0,58,United-States,<=50K
28,Self-emp-not-inc,325807,HS-grad,9,Married-civ-spouse,Craft-repair,Other-relative,Black,Female,0,0,32,Mexico,<=50K
22,Private,365585,HS-grad,9,Never-married,Sales,Unmarried,Amer-Indian-Eskimo,Male,0,0,37,United-States,<=50K
58,Private,195004,Some-college,10,Widowed,Exec-managerial,Other-relative,White,Female,0,0,31,United-States,<=50K
43,Private,95986,HS-grad,9,Never-married,Other-service,Wife,White,Female,0,0,33,United-States,<=50K
52,Private,444106,HS-grad,9,Married-civ-spouse,Craft-repair,Not-in-family,White,Male,2328,0,39,United-States,<=50K
69,Private,434652,Bachelors,13,Married-civ-spouse,Tech-support,Other-relative,White,Female,0,0,28,United-States,>50K
51,Federal-gov,333090,Masters,14,Never-married,Machine-op-inspct,Unmarried,White,Female,0,1827,21,United-States,<=50K
42,Self-emp-not-inc,147437,Bachelors,13,Married-civ-spouse,Craft-repair,Wife,White,Female,5094,0,48,United-States,<=50K
31,Private,277400,HS-grad,9,Separated,Other-service,Wife,White,Male,0,0,41,United-States,<=50K
57,Private,311522,Assoc-voc,11,Never-married,Machine-op-inspct,Own-child,White,Male,0,0,42,United-States,<=50K
44,Private,435459,Bachelors,13,Never-married,Prof-specialty,Wife,Black,Male,0,0,26,United-States,<=50K
57,Private,450740,Bachelors,13,Never-married,Tech-support,Other-relative,White,Male,0,0,49,United-States,<=50K
19,Private,379894,HS-grad,9,Never-married,Craft-repair,Not-in-family,White,Male,0,0,50,United-States,<=50K
26,Private,337555,HS-grad,9,Widowed,Exec-managerial,Own-child,Black,Male,0,0,39,United-States,<=50K
24,Private,136873,Some-college,10,Married-civ-spouse,Sales,Other-relative,White,Male,0,0,42,United-States,<=50K
53,Private,78479,HS-grad,9,Separated,Handlers-cleaners,Wife,Asian-Pac-Islander,Female,0,0,35,United-States,<=50K
44,Self-emp-inc,404912,Bachelors,13,Divorced,Craft-repair,Unmarried,White,Female,0,0,52,United-States,<=50K
34,Private,69486,HS-grad,9,Married-civ-spouse,Tech-support,Not-in-family,White,Male,0,0,57,India,<=50K
34,Private,266512,HS-grad,9,Married-civ-spouse,Prof-specialty,Unmarried,White,Male,0,0,45,United-States,<=50K
49,Private,273227,HS-grad,9,Married-civ-spouse,Handlers-cleaners,Not-in-family,White,Male,1017,0,24,United-States,<=50K
68,Private,118553,HS-grad,9,Married-civ-spouse,Tech-support,Other-relative,White,Male,0,0,57,United-States,<=50K
69,Private,149034,Some-college,10,Married-civ-spouse,Transportation,Wife,White,Female,0,0,42,United-States,<=50K
42,Private,488769,HS-grad,9,Married-civ-spouse,Handlers-cleaners,Wife,White,Male,0,0,59,United-States,<=50K
52,Private,376206,Bachelors,13,Married-civ-spouse,Exec-managerial,Not-in-family,White,Male,0,0,49,United-States,<=50K
22,State-gov,212045,HS-grad,9,Married-civ-spouse,Exec-managerial,Wife,White,Male,0,0,45,Philippines,<=50K
67,Private,375803,Bachelors,13,Never-married,Handlers-cleaners,Husband,Asian-Pac-Islander,Female,0,0,32,United-States,<=50K
18,Private,37146,11th,7,Married-civ-spouse,Protective-serv,Own-child,White,Female,0,0,45,United-States,<=50K
35,Private,106775,Assoc-voc,11,Married-civ-spouse,Prof-specialty,Wife,White,Male,0,0,29,United-States,<=50K
55,Private,462144,Bachelors,13,Married-civ-spouse,Other-service,Not-in-family,White,Male,0,0,34,United-States,>50K
68,Private,402618,Some-college,10,Married-civ-spouse,Handlers-cleaners,Not-in-family,Black,Male,0,0,46,Mexico,<=50K
26,Private,80957,Bachelors,13,Married-civ-spouse,Other-service,Not-in-family,White,Male,0,0,58,Germany,<=50K
52,Local-gov,118989,11th,7,Married-civ-spouse,Sales,Other-relative,White,Male,0,0,42,United-States,<=50K
27,Local-gov,238815,Some-college,10,Married-civ-spouse,Transportation,Husband,Asian-Pac-Islander,Male,0,0,53,Canada,<=50K
20,Self-emp-not-inc,208364,HS-grad,9,Married-civ-spouse,Prof-specialty,Other-relative,White,Male,0,0,37,United-States,<=50K
40,Private,268623,Masters,14,Never-married,Machine-op-inspct,Own-child,White,Female,0,0,30,United-States,<=50K
47,Private,421247,HS-grad,9,Never-married,Handlers-cleaners,Other-relative,White,Female,0,0,23,India,<=50K
31,Private,384995,Masters,14,Never-married,Protective-serv,Other-relative,Amer-Indian-Eskimo,Female,0,1722,30,United-States,<=50K
68,Self-emp-inc,377757,HS-grad,9,Married-civ-spouse,Craft-repair,Wife,White,Female,0,0,24,United-States,<=50K
50,Private,57555,HS-grad,9,Divorced,Machine-op-inspct,Wife,White,Male,0,0,50,United-States,<=50K
40,Private,235919,Masters,14,Never-married,Prof-specialty,Other-relative,Amer-Indian-Eskimo,Male,0,0,24,United-States,<=50K
43,Private,379344,Bachelors,13,Divorced,Craft-repair,Not-in-family,Black,Female,0,0,34,Canada,<=50K
42,Private,356036,Bachelors,13,Married-civ-spouse,Craft-repair,Wife,White,Male,0,0,56,United-States,>50K
23,Private,356687,Assoc-voc,11,Divorced,Handlers-cleaners,Wife,White,Male,0,0,53,United-States,<=50K
49,Private,403005,Assoc-voc,11,Married-civ-spouse,Craft-repair,Unmarried,White,Male,0,0,54,United-States,<=50K
58,Private,166542,Some-college,10,Married-civ-spouse,Exec-managerial,Not-in-family,Black,Male,0,0,57,India,<=50K
39,Private,414038,10th,6,Married-civ-spouse,Handlers-cleaners,Unmarried,White,Male,0,0,40,United-States,<=50K
40,Private,400775,Some-college,10,Never-married,Transportation,Other-relative,White,Female,0,0,24,United-States,<=50K
65,Private,123021,HS-grad,9,Never-married,Transportation,Wife,Asian-Pac-Islander,Female,0,0,29,Mexico,<=50K
49,Local-gov,107277,Assoc-voc,11,Married-civ-spouse,Machine-op-inspct,Wife,Black,Male,0,0,41,United-States,>50K
33,Private,176819,Some-college,10,Separated,Exec-managerial,Unmarried,White,Male,0,0,28,United-States,<=50K
18,Private,483894,Assoc-voc,11,Married-civ-spouse,Other-service,Other-relative,Asian-Pac-Islander,Female,0,0,56,United-States,<=50K
60,Private,291256,HS-grad,9,Married-civ-spouse,Transportation,Not-in-family,White,Female,0,0,37,United-States,<=50K
50,Private,468122,HS-grad,9,Never-married,Prof-specialty,Other-relative,Amer-Indian-Eskimo,Male,0,0,42,United-States,<=50K
50,Private,202524,HS-grad,9,Married-civ-spouse,Sales,Own-child,White,Female,9761,0,24,United-States,<=50K
32,Private,337118,Bachelors,13,Divorced,Handlers-cleaners,Wife,White,Female,0,0,25,United-States,<=50K
27,Private,495138,Assoc-voc,11,Married-civ-spouse,Sales,Other-relative,White,Male,0,0,52,United-States,<=50K
43,Private,184205,Some-college,10,Married-civ-spouse,Tech-support,Unmarried,White,Male,0,0,52,United-States,<=50K
57,Private,371705,HS-grad,9,Never-married,Protective-serv,Unmarried,White,Female,0,0,44,United-States,<=50K
33,Self-emp-not-inc,223033,Some-college,10,Never-married,Exec-managerial,Other-relative,White,Female,0,0,28,United-States,<=50K
45,Private,453474,Some-college,10,Never-married,Protective-serv,Unmarried,White,Male,0,0,38,United-States,<=50K
69,Private,386100,Bachelors,13,Married-civ-spouse,Protective-serv,Not-in-family,White,Female,0,0,40,United-States,<=50K
29,Federal-gov,372020,Bachelors,13,Divorced,Protective-serv,Wife,White,Female,0,2201,30,United-States,<=50K
30,Local-gov,119714,HS-grad,9,Never-married,Sales,Husband,White,Male,0,0,59,Philippines,<=50K
30,Private,479283,Some-college,10,Separated,Other-service,Wife,White,Male,0,0,37,United-States,<=50K
65,Self-emp-not-inc,169653,Bachelors,13,Divorced,Sales,Own-child,White,Female,9384,0,56,United-States,<=50K
45,Private,213043,HS-grad,9,Married-civ-spouse,Handlers-cleaners,Husband,White,Male,0,0,41,India,<=50K
65,Self-emp-not-inc,232086,Some-college,10,Widowed,Machine-op-inspct,Wife,White,Male,0,0,44,United-States,<=50K
67,Private,358218,Bachelors,13,Divorced,Sales,Unmarried,Black,Female,0,0,59,United-States,<=50K
39,Self-emp-inc,395713,Some-college,10,Never-married,Handlers-cleaners,Wife,Black,Female,0,1116,26,United-States,<=50K
20,Private,465778,HS-grad,9,Widowed,Machine-op-inspct,Own-child,White,Male,0,0,43,United-States,<=50K
33,Private,89386,HS-grad,9,Married-civ-spouse,Prof-specialty,Not-in-family,White,Male,0,0,35,United-States,<=50K
46,Federal-gov,424072,Masters,14,Never-married,Transportation,Unmarried,White,Female,0,0,27,United-States,<=50K
37,Private,75576,HS-grad,9,Never-married,Handlers-cleaners,Unmarried,White,Male,0,0,29,United-States,<=50K
18,Private,277620,Assoc-voc,11,Married-civ-spouse,Prof-specialty,Other-relative,White,Male,0,0,27,India,<=50K
69,Private,453701,Some-college,10,Widowed,Craft-repair,Husband,White,Female,0,0,47,Mexico,<=50K
33,Private,386305,Some-college,10,Married-civ-spouse,Exec-managerial,Husband,White,Female,0,0,45,United-States,<=50K
50,Private,483755,Masters,14,Married-civ-spouse,Other-service,Other-relative,White,Male,0,0,51,Canada,>50K
67,Private,38582,Some-college,10,Never-married,Protective-serv,Unmarried,Amer-Indian-Eskimo,Male,0,0,53,United-States,<=50K
46,Private,277101,HS-grad,9,Divorced,Tech-support,Not-in-family,White,Male,0,0,45,United-States,<=50K
54,Private,55048,HS-grad,9,Never-married,Exec-managerial,Unmarried,Black,Male,0,0,33,Canada,<=50K
19,Local-gov,361342,Bachelors,13,Married-civ-spouse,Exec-managerial,Other-relative,White,Female,0,0,44,United-States,<=50K
54,Private,108026,Some-college,10,Married-civ-spouse,Sales,Own-child,Black,Male,0,238,45,United-States,<=50K
62,Private,112908,Doctorate,16,Never-married,Protective-serv,Unmarried,White,Male,2800,0,32,United-States,<=50K
65,Private,158640,Some-college,10,Widowed,Prof-specialty,Other-relative,White,Male,0,1180,56,Mexico,<=50K
22,Private,435858,Some-college,10,Widowed,Other-service,Own-child,White,Male,0,0,38,United-States,<=50K
29,Self-emp-inc,180243,HS-grad,9,Married-civ-spouse,Transportation,Not-in-family,White,Male,0,0,39,United-States,<=50K
20,Local-gov,436305,HS-grad,9,Married-civ-spouse,Exec-managerial,Not-in-family,White,Male,0,0,60,United-States,<=50K
65,Federal-gov,307092,Assoc-voc,11,Divorced,Craft-repair,Husband,White,Male,0,0,38,United-States,<=50K
32,State-gov,93647,HS-grad,9,Never-married,Protective-serv,Wife,White,Female,0,0,57,United-States,<=50K
45,Private,132754,Assoc-voc,11,Never-married,Sales,Wife,White,Female,0,0,34,India,<=50K
42,Private,375669,HS-grad,9,Married-civ-spouse,Protective-serv,Wife,Other,Male,0,0,49,India,<=50K
53,Private,425361,Some-college,10,Married-civ-spouse,Machine-op-inspct,Not-in-family,White,Male,0,0,58,United-States,<=50K
64,State-gov,119936,HS-grad,9,Married-civ-spouse,Protective-serv,Not-in-family,White,Male,0,0,55,United-States,<=50K
34,Private,253753,Masters,14,Married-civ-spouse,Handlers-cleaners,Unmarried,White,Male,0,0,27,Canada,<=50K
59,Private,236146,HS-grad,9,Married-civ-spouse,Protective-serv,Husband,Asian-Pac-Islander,Female,0,0,49,United-States,<=50K
33,Federal-gov,242774,Bachelors,13,Never-married,Sales,Other-relative,Amer-Indian-Eskimo,Female,0,0,28,United-States,<=50K
28,Private,178759,11th,7,Never-married,Handlers-cleaners,Wife,White,Male,0,0,46,United-States,<=50K
23,State-gov,440425,Bachelors,13,Never-married,Prof-specialty,Own-child,White,Female,0,0,50,Germany,<=50K
37,Self-emp-inc,437999,HS-grad,9,Married-civ-spouse,Machine-op-inspct,Husband,White,Male,0,0,51,United-States,<=50K
47,Local-gov,198229,Doctorate,16,Married-civ-spouse,Sales,Husband,White,Male,0,0,55,United-States,>50K
58,Private,243195,Some-college,10,Divorced,Handlers-cleaners,Husband,White,Male,0,0,30,United-States,<=50K
62,Private,451370,HS-grad,9,Married-civ-spouse,Handlers-cleaners,Wife,White,Male,0,0,26,United-States,<=50K
45,Self-emp-not-inc,414457,Some-college,10,Married-civ-spouse,Handlers-cleaners,Own-child,White,Male,0,0,59,United-States,<=50K
39,Private,265255,Assoc-voc,11,Never-married,Sales,Wife,White,Male,0,0,46,United-States,<=50K
27,Private,311600,Some-college,10,Married-civ-spouse,Transportation,Husband,White,Male,0,0,37,United-States,<=50K
65,State-gov,419495,Masters,14,Widowed,Protective-serv,Own-child,White,Male,0,0,37,United-States,>50K
38,Local-gov,253594,Bachelors,13,Never-married,Tech-support,Husband,White,Male,0,345,21,Canada,<=50K
57,State-gov,434633,Some-college,10,Divorced,Handlers-cleaners,Other-relative,White,Male,0,0,60,United-States,<=50K
50,Private,342410,Some-college,10,Never-married,Prof-specialty,Other-relative,Amer-Indian-Eskimo,Male,0,0,27,United-States,<=50K
66,Private,205992,Masters,14,Married-civ-spouse,Prof-specialty,Husband,White,Male,7036,0,48,United-States,<=50K
68,Local-gov,21540,Some-college,10,Married-civ-spouse,Sales,Not-in-family,White,Male,0,1742,47,United-States,>50K
54,Private,405168,HS-grad,9,Divorced,Transportation,Unmarried,White,Male,0,0,59,United-States,<=50K
52,Private,279928,Some-college,10,Married-civ-spouse,Tech-support,Unmarried,Black,Female,0,0,47,United-States,<=50K
25,Private,300631,Assoc-voc,11,Divorced,Sales,Husband,White,Male,0,0,57,Philippines,>50K
18,Local-gov,111471,HS-grad,9,Divorced,Prof-specialty,Unmarried,White,Female,0,0,42,United-States,<=50K
46,Private,434212,HS-grad,9,Married-civ-spouse,Craft-repair,Own-child,White,Male,0,1382,41,United-States,<=50K
54,Private,396182,HS-grad,9,Married-civ-spouse,Other-service,Unmarried,White,Female,0,0,40,Germany,<=50K
56,Private,55631,HS-grad,9,Married-civ-spouse,Protective-serv,Wife,Black,Male,0,2363,58,United-States,<=50K
31,Private,435804,10th,6,Married-civ-spouse,Prof-specialty,Other-relative,White,Female,0,0,45,United-States,<=50K
44,Self-emp-not-inc,222326,Bachelors,13,Married-civ-spouse,Transportation,Other-relative,White,Male,0,2392,57,United-States,<=50K
62,Private,378733,Masters,14,Married-civ-spouse,Transportation,Wife,White,Female,0,0,49,United-States,<=50K
22,Private,483736,Masters,14,Married-civ-spouse,Tech-support,Other-relative,White,Male,0,0,42,United-States,>50K
37,Private,470686,Some-college,10,Never-married,Sales,Wife,White,Female,0,2913,28,India,<=50K
67,Private,436131,Doctorate,16,Never-married,Transportation,Other-relative,White,Male,1703,0,46,United-States,>50K
28,Private,89000,10th,6,Married-civ-spouse,Handlers-cleaners,Unmarried,White,Male,0,0,28,United-States,<=50K
34,State-gov,288986,Masters,14,Divorced,Tech-support,Wife,Black,Male,1285,0,50,United-States,<=50K
42,Private,124588,Masters,14,Married-civ-spouse,Machine-op-inspct,Unmarried,Amer-Indian-Eskimo,Male,0,0,21,United-States,<=50K
53,Private,409202,Some-college,10,Widowed,Other-service,Other-relative,White,Male,0,0,37,United-States,<=50K
31,Private,361940,Assoc-voc,11,Married-civ-spouse,Transportation,Not-in-family,White,Male,0,0,44,United-States,<=50K
59,State-gov,192478,HS-grad,9,Never-married,Exec-managerial,Wife,White,Male,0,100,34,United-States,<=50K
30,Self-emp-inc,85761,Masters,14,Married-civ-spouse,Craft-repair,Not-in-family,Black,Male,0,0,35,United-States,<=50K
37,Private,447526,Some-college,10,Divorced,Other-service,Unmarried,White,Male,0,0,22,United-States,<=50K
47,Private,264940,Bachelors,13,Married-civ-spouse,Handlers-cleaners,Husband,White,Female,0,0,58,India,<=50K
18,Private,359642,Assoc-voc,11,Married-civ-spouse,Machine-op-inspct,Unmarried,White,Female,0,0,21,United-States,<=50K
57,Self-emp-inc,348179,Bachelors,13,Married-civ-spouse,Tech-support,Husband,White,Male,0,0,33,United-States,>50K
52,State-gov,329800,HS-grad,9,Never-married,Handlers-cleaners,Unmarried,White,Female,3654,0,56,Germany,<=50K
61,Self-emp-not-inc,120634,Masters,14,Never-married,Transportation,Not-in-family,White,Male,0,0,43,United-States,<=50K
32,Local-gov,97250,11th,7,Never-married,Prof-specialty,Unmarried,White,Male,0,0,40,United-States,<=50K
38,Private,212764,Bachelors,13,Married-civ-spouse,Tech-support,Wife,Other,Female,0,0,34,United-States,<=50K
64,Private,472141,Assoc-voc,11,Separated,Exec-managerial,Husband,White,Female,0,0,22,United-States,<=50K
21,Private,409157,Assoc-voc,11,Never-married,Craft-repair,Own-child,White,Male,0,0,34,United-States,<=50K
43,Self-emp-not-inc,457353,Assoc-voc,11,Never-married,Sales,Other-relative,Amer-Indian-Eskimo,Male,0,0,42,United-States,<=50K
43,Private,194108,Some-college,10,Divorced,Sales,Other-relative,Amer-Indian-Eskimo,Male,0,0,34,United-States,<=50K
41,Private,193637,Some-college,10,Divorced,Machine-op-inspct,Other-relative,White,Male,0,0,39,United-States,<=50K
40,Private,351581,Assoc-voc,11,Married-civ-spouse,Machine-op-inspct,Other-relative,White,Female,0,0,45,United-States,<=50K
56,Private,41799,11th,7,Married-civ-spouse,Craft-repair,Other-relative,White,Female,2344,0,38,Germany,<=50K
28,Local-gov,477306,HS-grad,9,Married-civ-spouse,Transportation,Unmarried,White,Male,0,0,35,United-States,<=50K
64,Private,410154,HS-grad,9,Married-civ-spouse,Protective-serv,Wife,White,Male,0,0,55,United-States,<=50K
64,Federal-gov,386487,Some-college,10,Divorced,Protective-serv,Wife,White,Male,0,0,26,United-States,<=50K
27,Private,390517,Masters,14,Never-married,Machine-op-inspct,Husband,Black,Female,0,0,41,United-States,>50K
68,Private,401277,Assoc-voc,11,Separated,Machine-op-inspct,Own-child,White,Male,0,0,26,United-States,<=50K
31,Local-gov,275280,Bachelors,13,Married-civ-spouse,Machine-op-inspct,Wife,Asian-Pac-Islander,Female,0,0,25,United-States,<=50K
20,Self-emp-inc,171005,HS-grad,9,Married-civ-spouse,Other-service,Not-in-family,White,Male,0,0,41,United-States,<=50K
38,Federal-gov,491963,HS-grad,9,Never-married,Protective-serv,Not-in-family,White,Male,0,0,21,United-States,<=50K
59,Private,100647,Assoc-voc,11,Separated,Handlers-cleaners,Not-in-family,White,Male,0,0,37,United-States,<=50K
61,Private,462897,Some-college,10,Married-civ-spouse,Machine-op-inspct,Not-in-family,Black,Female,0,0,31,United-States,<=50K
51,Self-emp-not-inc,375980,HS-grad,9,Married-civ-spouse,Exec-managerial,Unmarried,White,Female,0,0,55,United-States,<=50K
60,Self-emp-inc,415157,HS-grad,9,Married-civ-spouse,Protective-serv,Husband,White,Male,0,0,28,United-States,<=50K
31,Self-emp-inc,233839,Doctorate,16,Never-married,Handlers-cleaners,Wife,White,Male,0,0,21,United-States,<=50K
63,Self-emp-not-inc,373411,Some-college,10,Never-married,Protective-serv,Own-child,White,Male,9836,0,22,United-States,<=50K
51,Private,352910,HS-grad,9,Never-married,Machine-op-inspct,Husband,White,Male,0,0,30,United-States,<=50K
24,Private,425900,Some-college,10,Never-married,Transportation,Other-relative,Black,Male,0,0,20,India,<=50K
24,State-gov,166711,11th,7,Married-civ-spouse,Sales,Own-child,White,Male,0,0,48,United-States,<=50K
31,Private,375541,Some-college,10,Married-civ-spouse,Sales,Wife,White,Female,0,0,21,Philippines,<=50K
21,Self-emp-not-inc,120106,Some-college,10,Married-civ-spouse,Sales,Not-in-family,White,Male,1976,0,48,United-States,<=50K
32,Private,488870,HS-grad,9,Married-civ-spouse,Sales,Wife,White,Female,0,0,29,United-States,<=50K
69,Local-gov,260929,HS-grad,9,Never-married,Protective-serv,Own-child,Black,Female,0,0,23,Mexico,<=50K
30,Local-gov,454833,Assoc-voc,11,Married-civ-spouse,Exec-managerial,Not-in-family,White,Male,0,0,35,United-States,<=50K
51,Private,75448,Masters,14,Married-civ-spouse,Handlers-cleaners,Wife,White,Female,0,0,30,United-States,>50K
68,Local-gov,189073,Some-college,10,Married-civ-spouse,Protective-serv,Other-relative,White,Female,0,0,41,United-States,<=50K
31,Private,291183,Assoc-voc,11,Married-civ-spouse,Protective-serv,Wife,White,Female,0,0,29,United-States,<=50K
54,Private,487740,Some-college,10,Separated,Handlers-cleaners,Husband,White,Male,0,0,58,United-States,<=50K
41,Local-gov,137327,Assoc-voc,11,Divorced,Transportation,Own-child,White,Female,0,0,59,United-States,<=50K
32,Private,240714,HS-grad,9,Divorced,Tech-support,Wife,White,Male,0,0,34,Mexico,<=50K
67,Private,91818,Some-college,10,Married-civ-spouse,Handlers-cleaners,Other-relative,White,Male,1843,0,57,United-States,>50K
52,Private,396184,Assoc-voc,11,Married-civ-spouse,Transportation,Not-in-family,Black,Female,0,0,59,United-States,<=50K
40,State-gov,250450,Assoc-voc,11,Separated,Sales,Husband,White,Female,0,0,60,United-States,<=50K
60,Private,130450,Masters,14,Separated,Other-service,Own-child,Black,Male,7352,0,33,United-States,>50K
64,Self-emp-not-inc,303100,Bachelors,13,Divorced,Prof-specialty,Unmarried,Other,Male,0,0,26,United-States,<=50K
58,Private,355843,Assoc-voc,11,Separated,Handlers-cleaners,Other-relative,White,Female,0,0,46,Philippines,<=50K
63,Private,401224,Bachelors,13,Separated,Protective-serv,Not-in-family,White,Male,0,0,48,United-States,<=50K
34,Self-emp-not-inc,180593,HS-grad,9,Married-civ-spouse,Prof-specialty,Unmarried,White,Male,0,0,39,United-States,<=50K
35,Private,156695,Some-college,10,Never-married,Other-service,Husband,White,Male,0,0,41,United-States,<=50K
30,Self-emp-inc,349355,Bachelors,13,Married-civ-spouse,Transportation,Other-relative,Amer-Indian-Eskimo,Male,0,0,35,United-States,>50K
54,Self-emp-not-inc,295858,Bachelors,13,Married-civ-spouse,Machine-op-inspct,Husband,Amer-Indian-Eskimo,Male,7666,2234,50,United-States,>50K
59,State-gov,122057,Assoc-voc,11,Divorced,Tech-support,Not-in-family,White,Female,0,0,54,United-States,<=50K
52,Federal-gov,298992,Some-college,10,Married-civ-spouse,Other-service,Husband,White,Male,0,0,28,United-States,<=50K
49,Private,307206,HS-grad,9,Married-civ-spouse,Transportation,Own-child,White,Male,0,0,56,Mexico,<=50K
58,Self-emp-inc,99916,HS-grad,9,Widowed,Machine-op-inspct,Husband,White,Male,0,0,21,United-States,<=50K
27,Private,495405,Assoc-voc,11,Married-civ-spouse,Exec-managerial,Wife,Asian-Pac-Islander,Female,0,0,47,United-States,<=50K
37,Private,29554,HS-grad,9,Never-married,Prof-specialty,Not-in-family,White,Male,0,0,24,United-States,<=50K
54,Private,334773,Assoc-voc,11,Married-civ-spouse,Craft-repair,Other-relative,White,Male,2762,0,28,United-States,<=50K
20,Self-emp-not-inc,311083,HS-grad,9,Married-civ-spouse,Transportation,Unmarried,Black,Female,0,0,40,United-States,<=50K
65,Private,172356,Some-college,10,Never-married,Protective-serv,Unmarried,White,Female,0,0,30,United-States,<=50K
26,Private,278381,Doctorate,16,Married-civ-spouse,Prof-specialty,Husband,White,Male,0,243,60,United-States,<=50K
58,Private,158508,Some-college,10,Widowed,Protective-serv,Unmarried,White,Female,0,0,50,United-States,<=50K
50,Private,474557,Assoc-voc,11,Never-married,Prof-specialty,Wife,White,Male,0,0,21,India,<=50K
62,Local-gov,233096,HS-grad,9,Married-civ-spouse,Exec-managerial,Unmarried,White,Male,0,0,32,India,<=50K
58,Private,307185,Some-college,10,Married-civ-spouse,Craft-repair,Unmarried,White,Female,0,0,44,United-States,<=50K
44,Self-emp-inc,186062,Bachelors,13,Married-civ-spouse,Exec-managerial,Unmarried,White,Male,0,484,26,United-States,<=50K
57,Self-emp-inc,116077,Assoc-voc,11,Married-civ-spouse,Transportation,Not-in-family,White,Male,0,0,28,United-States,<=50K
36,Private,96184,HS-grad,9,Married-civ-spouse,Tech-support,Other-relative,Black,Female,0,0,21,United-States,<=50K
48,Private,376988,Some-college,10,Married-civ-spouse,Exec-managerial,Own-child,White,Male,0,0,22,United-States,<=50K
65,Private,480034,Bachelors,13,Widowed,Transportation,Husband,Amer-Indian-Eskimo,Female,0,0,59,United-States,<=50K
22,Private,30444,10th,6,Never-married,Prof-specialty,Own-child,White,Male,0,0,45,United-States,<=50K
36,Private,86444,Assoc-voc,11,Married-civ-spouse,Tech-support,Wife,White,Male,0,0,32,United-States,<=50K
18,Private,358032,Assoc-voc,11,Divorced,Transportation,Husband,White,Male,0,0,35,United-States,<=50K
45,Federal-gov,124945,Some-college,10,Never-married,Tech-support,Husband,White,Male,0,0,41,United-States,<=50K
58,Private,410056,Bachelors,13,Divorced,Exec-managerial,Wife,White,Female,0,0,50,United-States,<=50K
20,Private,389737,Assoc-voc,11,Married-civ-spouse,Craft-repair,Other-relative,White,Female,0,0,31,United-States,<=50K
46,Private,101721,Assoc-voc,11,Never-married,Other-service,Unmarried,White,Male,0,0,35,United-States,<=50K
39,Local-gov,62470,Doctorate,16,Never-married,Sales,Unmarried,White,Female,8223,0,40,United-States,>50K
58,Private,151821,Assoc-voc,11,Never-married,Other-service,Not-in-family,White,Male,0,1613,24,United-States,<=50K
29,Self-emp-not-inc,86723,Assoc-voc,11,Divorced,Transportation,Unmarried,White,Female,0,0,28,United-States,<=50K
26,Private,66227,HS-grad,9,Married-civ-spouse,Prof-specialty,Wife,White,Male,0,0,50,United-States,<=50K
22,State-gov,467519,HS-grad,9,Divorced,Sales,Unmarried,Black,Male,0,0,53,United-States,<=50K
39,Private,114576,10th,6,Married-civ-spouse,Other-service,Unmarried,White,Male,0,0,46,United-States,<=50K
43,Private,284670,Bachelors,13,Married-civ-spouse,Exec-managerial,Husband,White,Male,7588,0,57,United-States,>50K
65,Private,141036,HS-grad,9,Separated,Sales,Own-child,White,Male,0,0,57,United-States,<=50K
42,Private,111754,Some-college,10,Divorced,Transportation,Wife,Black,Male,0,0,46,United-States,<=50K
26,Self-emp-not-inc,154339,Bachelors,13,Married-civ-spouse,Other-service,Husband,White,Female,0,0,48,United-States,<=50K
54,Private,138051,Assoc-voc,11,Divorced,Protective-serv,Wife,White,Male,0,0,33,United-States,<=50K
21,Private,239360,Assoc-voc,11,Divorced,Exec-managerial,Unmarried,Black,Male,0,0,20,United-States,<=50K
35,Private,313008,HS-grad,9,Married-civ-spouse,Other-service,Wife,White,Male,0,0,31,United-States,<=50K
51,Private,473595,Some-college,10,Never-married,Exec-managerial,Not-in-family,White,Male,0,0,53,United-States,<=50K
31,Local-gov,357252,HS-grad,9,Married-civ-spouse,Craft-repair,Unmarried,White,Male,0,0,50,United-States,<=50K
48,Private,55218,Assoc-voc,11,Widowed,Prof-specialty,Other-relative,White,Female,1923,0,42,United-States,<=50K
41,Local-gov,102659,HS-grad,9,Married-civ-spouse,Machine-op-inspct,Own-child,White,Male,0,0,42,United-States,<=50K
67,Federal-gov,183635,Bachelors,13,Divorced,Prof-specialty,Husband,White,Female,0,0,20,United-States,<=50K
32,Private,307770,Bachelors,13,Separated,Tech-support,Own-child,White,Male,0,0,27,United-States,<=50K
65,Private,124948,Bachelors,13,Never-married,Prof-specialty,Wife,White,Female,0,0,52,United-States,<=50K
50,Private,287176,Bachelors,13,Widowed,Tech-support,Unmarried,White,Male,0,0,57,Philippines,>50K
56,Private,381755,Masters,14,Married-civ-spouse,Sales,Unmarried,White,Male,0,0,51,United-States,<=50K
26,Self-emp-not-inc,33695,Bachelors,13,Married-civ-spouse,Protective-serv,Wife,Black,Female,0,0,28,United-States,<=50K
18,Private,468661,HS-grad,9,Never-married,Handlers-cleaners,Husband,White,Male,0,0,60,United-States,<=50K
55,Private,356206,Some-college,10,Married-civ-spouse,Handlers-cleaners,Other-relative,White,Male,0,0,40,United-States,<=50K
42,Self-emp-not-inc,228088,Bachelors,13,Married-civ-spouse,Prof-specialty,Unmarried,White,Female,0,0,39,United-States,<=50K
34,Private,126944,Some-college,10,Married-civ-spouse,Other-service,Unmarried,White,Male,3219,0,37,Canada,<=50K
64,Local-gov,452398,Masters,14,Never-married,Transportation,Other-relative,White,Male,2784,0,51,United-States,>50K
34,Private,172938,Some-college,10,Never-married,Sales,Own-child,White,Female,0,0,48,United-States,<=50K
40,Private,431503,Assoc-voc,11,Married-civ-spouse,Prof-specialty,Own-child,Black,Male,0,0,49,United-States,<=50K
55,Private,446288,HS-grad,9,Separated,Craft-repair,Husband,Black,Female,9699,0,20,Mexico,<=50K
68,Private,191558,Masters,14,Never-married,Sales,Unmarried,White,Female,0,0,40,United-States,>50K
64,State-gov,36811,HS-grad,9,Never-married,Exec-managerial,Unmarried,White,Female,0,0,25,United-States,<=50K
51,Private,69099,Some-college,10,Married-civ-spouse,Machine-op-inspct,Unmarried,White,Male,0,0,27,United-States,<=50K
23,Local-gov,319057,Some-college,10,Married-civ-spouse,Transportation,Not-in-family,White,Male,0,0,49,United-States,<=50K
23,State-gov,485395,Bachelors,13,Married-civ-spouse,Craft-repair,Unmarried,White,Female,0,0,38,United-States,<=50K
54,Private,404449,HS-grad,9,Widowed,Prof-specialty,Husband,White,Female,0,2870,57,United-States,<=50K
44,Self-emp-not-inc,408620,Doctorate,16,Never-married,Handlers-cleaners,Own-child,Black,Female,0,0,26,United-States,<=50K
24,Private,449160,Bachelors,13,Married-civ-spouse,Tech-support,Husband,White,Female,0,0,58,United-States,>50K
54,Private,365015,11th,7,Separated,Prof-specialty,Not-in-family,White,Male,0,0,32,United-States,<=50K
66,State-gov,120796,Masters,14,Married-civ-spouse,Machine-op-inspct,Husband,White,Male,0,0,46,United-States,<=50K
21,Private,232170,Bachelors,13,Married-civ-spouse,Craft-repair,Wife,White,Male,0,2293,55,United-States,>50K
60,Local-gov,187544,Assoc-voc,11,Separated,Protective-serv,Own-child,Other,Male,0,0,25,United-States,<=50K
35,Private,121218,HS-grad,9,Married-civ-spouse,Exec-managerial,Husband,White,Male,0,0,30,United-States,<=50K
38,Private,262895,Bachelors,13,Never-married,Protective-serv,Husband,Asian-Pac-Islander,Male,0,0,32,India,<=50K
55,Private,181412,Some-college,10,Never-married,Machine-op-inspct,Unmarried,Amer-Indian-Eskimo,Male,0,0,53,United-States,<=50K
30,Private,417907,Masters,14,Divorced,Craft-repair,Wife,White,Male,9935,0,57,United-States,<=50K
26,Private,240593,HS-grad,9,Divorced,Tech-support,Unmarried,Black,Male,0,0,21,United-States,<=50K
68,Self-emp-not-inc,317615,Some-college,10,Never-married,Sales,Own-child,Asian-Pac-Islander,Male,0,0,52,United-States,<=50K
36,Private,321480,Bachelors,13,Married-civ-spouse,Other-service,Husband,White,Male,0,0,40,United-States,<=50K
26,State-gov,93384,Some-college,10,Married-civ-spouse,Other-service,Husband,White,Male,0,0,48,United-States,<=50K
53,Private,74276,HS-grad,9,Never-married,Handlers-cleaners,Other-relative,White,Male,0,0,50,United-States,<=50K
29,Private,251117,Some-college,10,Divorced,Protective-serv,Husband,White,Male,0,0,47,United-States,<=50K
58,Private,363423,Assoc-voc,11,Married-civ-spouse,Sales,Unmarried,Black,Male,0,0,55,United-States,<=50K
21,Private,327616,HS-grad,9,Divorced,Protective-serv,Wife,White,Female,0,1588,29,United-States,<=50K
44,Private,369162,Some-college,10,Married-civ-spouse,Craft-repair,Not-in-family,Black,Male,0,0,21,United-States,<=50K
38,Private,427054,10th,6,Never-married,Craft-repair,Own-child,White,Male,0,0,41,United-States,<=50K
67,Private,494861,11th,7,Married-civ-spouse,Tech-support,Husband,White,Female,0,0,52,United-States,<=50K
45,Private,398083,HS-grad,9,Married-civ-spouse,Exec-managerial,Other-relative,White,Male,0,0,28,United-States,<=50K
66,Private,393767,Bachelors,13,Never-married,Protective-serv,Husband,Black,Male,0,0,56,United-States,<=50K
30,Private,319488,HS-grad,9,Never-married,Prof-specialty,Other-relative,White,Female,0,0,25,Philippines,<=50K
42,Private,495122,11th,7,Divorced,Prof-specialty,Not-in-family,White,Male,0,0,26,United-States,<=50K
60,Private,410512,Some-college,10,Married-civ-spouse,Craft-repair,Wife,White,Female,0,2853,56,United-States,<=50K
26,Self-emp-inc,50623,Some-college,10,Married-civ-spouse,Protective-serv,Unmarried,White,Male,0,0,22,United-States,<=50K
66,Private,53368,HS-grad,9,Never-married,Prof-specialty,Wife,White,Female,0,0,59,United-States,<=50K
58,Private,465765,Bachelors,13,Married-civ-spouse,Handlers-cleaners,Wife,Black,Female,0,0,28,United-States,<=50K
53,Private,472525,HS-grad,9,Married-civ-spouse,Other-service,Not-in-family,White,Female,0,0,26,United-States,<=50K
30,Private,402933,Doctorate,16,Married-civ-spouse,Tech-support,Own-child,White,Male,0,0,29,United-States,<=50K
60,State-gov,391197,Some-college,10,Never-married,Exec-managerial,Own-child,Black,Male,0,0,53,United-States,<=50K
61,Federal-gov,291878,Bachelors,13,Married-civ-spouse,Craft-repair,Other-relative,White,Male,0,0,27,United-States,<=50K
33,Self-emp-not-inc,337435,Assoc-voc,11,Married-civ-spouse,Craft-repair,Unmarried,White,Male,0,0,45,United-States,<=50K
48,Private,189518,HS-grad,9,Never-married,Other-service,Other-relative,White,Female,0,0,44,Philippines,<=50K
21,Private,316122,HS-grad,9,Divorced,Protective-serv,Husband,White,Male,0,0,46,United-States,<=50K
38,Private,89381,Some-college,10,Never-married,Exec-managerial,Unmarried,White,Male,0,0,30,United-States,<=50K
25,Federal-gov,280814,Masters,14,Divorced,Transportation,Own-child,Asian-Pac-Islander,Male,0,0,52,United-States,>50K
46,Private,52967,HS-grad,9,Never-married,Craft-repair,Unmarried,White,Male,0,0,49,United-States,<=50K
46,Private,123143,Doctorate,16,Married-civ-spouse,Handlers-cleaners,Wife,White,Male,0,0,46,United-States,>50K
45,Private,192773,Some-college,10,Married-civ-spouse,Exec-managerial,Not-in-family,White,Male,0,0,41,India,<=50K
53,Self-emp-not-inc,321727,Bachelors,13,Married-civ-spouse,Prof-specialty,Unmarried,Asian-Pac-Islander,Male,0,480,39,United-States,<=50K
66,Private,216832,Bachelors,13,Widowed,Transportation,Unmarried,White,Male,0,0,38,United-States,<=50K
28,Private,219871,HS-grad,9,Never-married,Exec-managerial,Not-in-family,White,Female,0,0,55,United-States,<=50K
29,Local-gov,383635,HS-grad,9,Never-married,Craft-repair,Not-in-family,White,Male,0,0,55,United-States,<=50K
29,Private,374956,Masters,14,Never-married,Other-service,Husband,Other,Male,0,0,29,United-States,>50K
66,State-gov,142608,Some-college,10,Married-civ-spouse,Handlers-cleaners,Not-in-family,White,Male,0,0,44,United-States,<=50K
22,Private,120857,Bachelors,13,Divorced,Tech-support,Own-child,Black,Male,0,0,50,United-States,<=50K
19,State-gov,154010,11th,7,Never-married,Handlers-cleaners,Husband,White,Male,0,0,30,United-States,<=50K
26,Local-gov,91287,HS-grad,9,Divorced,Protective-serv,Unmarried,Black,Female,0,0,27,United-States,<=50K
57,Private,108557,Some-college,10,Married-civ-spouse,Prof-specialty,Own-child,Other,Male,0,1523,23,Philippines,<=50K
48,Federal-gov,466664,Some-college,10,Widowed,Sales,Other-relative,White,Female,0,0,26,United-States,<=50K
65,Private,476597,HS-grad,9,Married-civ-spouse,Transportation,Husband,White,Male,0,0,42,United-States,<=50K
28,Private,273288,11th,7,Widowed,Tech-support,Wife,White,Female,0,0,39,United-States,<=50K
38,Private,91709,10th,6,Married-civ-spouse,Machine-op-inspct,Unmarried,White,Female,0,0,50,United-States,<=50K
46,Private,491502,Some-college,10,Widowed,Other-service,Unmarried,White,Male,0,0,53,United-States,<=50K
21,Private,272028,11th,7,Married-civ-spouse,Sales,Husband,White,Male,0,0,47,United-States,<=50K
65,Private,136076,HS-grad,9,Married-civ-spouse,Tech-support,Unmarried,White,Male,0,0,38,Germany,<=50K
59,State-gov,192265,10th,6,Divorced,Prof-specialty,Wife,White,Male,0,0,52,India,<=50K
25,Local-gov,202114,Assoc-voc,11,Married-civ-spouse,Craft-repair,Wife,White,Male,0,0,56,United-States,<=50K
61,Private,292585,HS-grad,9,Never-married,Craft-repair,Unmarried,Amer-Indian-Eskimo,Male,0,0,51,Germany,<=50K
41,Private,189945,Bachelors,13,Married-civ-spouse,Sales,Not-in-family,White,Female,0,0,46,Germany,<=50K
35,Private,24402,Doctorate,16,Divorced,Exec-managerial,Other-relative,White,Female,0,2341,41,United-States,>50K
67,Private,153241,Some-college,10,Married-civ-spouse,Handlers-cleaners,Husband,White,Male,0,0,32,Mexico,<=50K
44,Local-gov,433176,Some-college,10,Never-married,Transportation,Other-relative,White,Female,0,0,30,United-States,<=50K
29,State-gov,441285,Bachelors,13,Divorced,Exec-managerial,Own-child,White,Male,3819,0,57,United-States,<=50K
60,Private,213520,HS-grad,9,Married-civ-spouse,Prof-specialty,Other-relative,White,Male,0,0,53,United-States,<=50K
55,Private,399987,HS-grad,9,Never-married,Machine-op-inspct,Not-in-family,Black,Male,0,0,55,United-States,<=50K
27,Private,145232,HS-grad,9,Never-married,Sales,Husband,Black,Male,0,0,38,United-States,<=50K
53,Private,159623,Masters,14,Never-married,Machine-op-inspct,Unmarried,Other,Male,0,1434,51,United-States,<=50K
50,Private,170177,Some-college,10,Married-civ-spouse,Protective-serv,Wife,Amer-Indian-Eskimo,Female,0,0,25,United-States,<=50K
32,Private,421654,Some-college,10,Never-married,Machine-op-inspct,Own-child,White,Male,0,0,56,India,<=50K
40,Private,484540,HS-grad,9,Never-married,Handlers-cleaners,Other-relative,White,Male,0,0,56,Germany,<=50K
61,Private,475902,HS-grad,9,Married-civ-spouse,Sales,Unmarried,White,Male,0,0,45,United-States,<=50K
27,Federal-gov,196985,Bachelors,13,Divorced,Tech-support,Unmarried,White,Male,0,0,28,Germany,<=50K
55,Self-emp-not-inc,362169,HS-grad,9,Married-civ-spouse,Prof-specialty,Own-child,White,Male,0,0,52,Philippines,<=50K
61,Private,245754,Bachelors,13,Married-civ-spouse,Sales,Own-child,White,Female,0,0,26,United-States,<=50K
66,Private,425831,Some-college,10,Married-civ-spouse,Tech-support,Other-relative,Asian-Pac-Islander,Male,0,0,22,United-States,<=50K
34,Federal-gov,434684,Bachelors,13,Never-married,Craft-repair,Wife,White,Male,0,0,27,United-States,>50K
31,Private,432040,Some-college,10,Divorced,Prof-specialty,Not-in-family,White,Male,0,0,38,Canada,<=50K
66,Local-gov,497811,Assoc-voc,11,Never-married,Handlers-cleaners,Wife,White,Male,8484,0,28,United-States,>50K
42,Private,136145,HS-grad,9,Never-married,Sales,Wife,White,Male,0,0,47,United-States,<=50K
47,Local-gov,487083,Assoc-voc,11,Married-civ-spouse,Prof-specialty,Not-in-family,Black,Male,0,0,31,Germany,<=50K
44,Private,124041,HS-grad,9,Never-married,Craft-repair,Unmarried,White,Female,0,0,51,United-States,<=50K
44,Federal-gov,84589,HS-grad,9,Never-married,Craft-repair,Wife,White,Female,0,0,43,Germany,<=50K
50,Private,388118,Bachelors,13,Married-civ-spouse,Machine-op-inspct,Other-relative,White,Male,0,0,45,United-States,<=50K
40,Federal-gov,287782,HS-grad,9,Married-civ-spouse,Protective-serv,Husband,White,Male,0,0,28,Philippines,<=50K
38,Private,387681,Some-college,10,Never-married,Craft-repair,Other-relative,White,Male,0,2036,44,Philippines,<=50K
38,Private,307405,Doctorate,16,Married-civ-spouse,Prof-specialty,Own-child,Black,Female,0,0,55,United-States,>50K
52,Self-emp-inc,220691,Doctorate,16,Married-civ-spouse,Prof-specialty,Husband,Black,Male,0,0,42,United-States,>50K
60,Private,395802,Bachelors,13,Separated,Tech-support,Not-in-family,White,Male,0,0,37,Mexico,<=50K
46,Private,322840,10th,6,Never-married,Sales,Wife,White,Female,0,0,44,United-States,<=50K
53,Private,252657,Some-college,10,Divorced,Transportation,Not-in-family,White,Male,0,0,39,United-States,<=50K
39,Self-emp-not-inc,270047,HS-grad,9,Married-civ-spouse,Sales,Husband,White,Female,0,0,20,United-States,<=50K
58,Local-gov,246251,Assoc-voc,11,Married-civ-spouse,Machine-op-inspct,Own-child,White,Male,0,0,48,United-States,<=50K
38,Private,107967,HS-grad,9,Never-married,Protective-serv,Wife,White,Male,0,0,40,Germany,<=50K
39,Self-emp-not-inc,192505,HS-grad,9,Married-civ-spouse,Tech-support,Wife,White,Male,0,0,22,United-States,<=50K
20,Local-gov,76933,HS-grad,9,Never-married,Handlers-cleaners,Husband,Black,Female,8895,0,55,United-States,<=50K
31,Self-emp-not-inc,370733,Some-college,10,Married-civ-spouse,Handlers-cleaners,Wife,Amer-Indian-Eskimo,Male,0,0,32,United-States,<=50K
56,Private,354945,Some-college,10,Married-civ-spouse,Protective-serv,Husband,White,Male,0,0,51,United-States,<=50K
22,Private,333946,HS-grad,9,Never-married,Craft-repair,Not-in-family,White,Male,0,0,48,Philippines,<=50K
29,Private,161654,Bachelors,13,Never-married,Transportation,Own-child,White,Male,0,0,42,United-States,<=50K
58,Private,492397,Masters,14,Separated,Tech-support,Wife,White,Female,0,0,35,United-States,>50K
63,Private,378340,11th,7,Married-civ-spouse,Prof-specialty,Not-in-family,White,Male,2468,0,56,United-States,<=50K
39,Federal-gov,301670,HS-grad,9,Married-civ-spouse,Exec-managerial,Unmarried,White,Male,0,0,23,United-States,<=50K
39,Private,319478,HS-grad,9,Widowed,Protective-serv,Not-in-family,Other,Female,0,0,27,Mexico,<=50K
44,Private,461083,Bachelors,13,Never-married,Craft-repair,Wife,White,Male,0,0,40,United-States,<=50K
58,Private,24284,HS-grad,9,Married-civ-spouse,Transportation,Own-child,White,Male,0,0,20,Philippines,<=50K
42,Private,484338,Some-college,10,Divorced,Prof-specialty,Other-relative,White,Male,0,0,28,United-States,<=50K
27,Self-emp-inc,246493,Bachelors,13,Never-married,Other-service,Husband,White,Female,0,1587,24,United-States,<=50K
40,Private,37873,Masters,14,Never-married,Sales,Wife,White,Male,0,0,56,Philippines,<=50K
31,State-gov,187230,HS-grad,9,Separated,Protective-serv,Own-child,White,Male,0,0,21,United-States,<=50K
53,Private,38126,Bachelors,13,Never-married,Craft-repair,Not-in-family,White,Female,0,0,24,United-States,<=50K
25,Private,310796,Bachelors,13,Never-married,Other-service,Not-in-family,White,Female,0,0,55,United-States,<=50K
49,Self-emp-not-inc,491279,Assoc-voc,11,Married-civ-spouse,Handlers-cleaners,Other-relative,White,Male,0,0,23,United-States,<=50K
24,Self-emp-not-inc,324003,Some-college,10,Divorced,Transportation,Unmarried,Black,Male,0,0,31,Germany,<=50K
68,Private,307741,Masters,14,Married-civ-spouse,Sales,Wife,Asian-Pac-Islander,Female,0,0,42,United-States,>50K
51,Self-emp-not-inc,49433,Masters,14,Never-married,Prof-specialty,Own-child,White,Female,0,0,22,Canada,<=50K
25,Private,155934,HS-grad,9,Married-civ-spouse,Exec-managerial,Own-child,White,Male,0,0,28,United-States,<=50K
67,Private,149703,Bachelors,13,Married-civ-spouse,Other-service,Husband,Black,Male,0,0,57,United-States,<=50K
47,Private,231916,Bachelors,13,Married-civ-spouse,Other-service,Husband,Other,Male,0,590,55,United-States,<=50K
49,Private,411448,HS-grad,9,Divorced,Craft-repair,Not-in-family,Black,Female,0,0,46,United-States,<=50K
21,Self-emp-not-inc,232911,Some-college,10,Married-civ-spouse,Transportation,Not-in-family,White,Male,0,0,27,United-States,<=50K
27,Private,96400,Some-college,10,Married-civ-spouse,Other-service,Wife,Black,Female,0,0,59,United-States,<=50K
60,Self-emp-inc,69942,Masters,14,Married-civ-spouse,Craft-repair,Unmarried,White,Male,0,0,39,United-States,<=50K
42,Self-emp-inc,73144,HS-grad,9,Married-civ-spouse,Protective-serv,Wife,White,Female,0,0,35,United-States,<=50K
50,Private,457137,Some-college,10,Married-civ-spouse,Craft-repair,Not-in-family,White,Male,0,0,50,United-States,<=50K
69,Private,127857,HS-grad,9,Never-married,Handlers-cleaners,Unmarried,Amer-Indian-Eskimo,Male,5557,0,48,United-States,<=50K
40,Private,174205,Bachelors,13,Married-civ-spouse,Transportation,Other-relative,Asian-Pac-Islander,Male,0,0,22,United-States,>50K
37,Private,263980,Bachelors,13,Married-civ-spouse,Exec-managerial,Other-relative,White,Female,0,1573,45,United-States,>50K
59,State-gov,283510,Some-college,10,Married-civ-spouse,Craft-repair,Wife,White,Female,0,0,60,United-States,<=50K
21,Federal-gov,413509,Bachelors,13,Never-married,Craft-repair,Unmarried,White,Male,0,0,47,United-States,<=50K
41,Private,437376,Some-college,10,Never-married,Transportation,Own-child,White,Female,0,0,51,United-States,<=50K
62,Private,123417,Some-college,10,Never-married,Exec-managerial,Wife,White,Male,0,0,47,United-States,<=50K
29,Private,446935,Masters,14,Never-married,Prof-specialty,Other-relative,White,Female,0,0,33,United-States,>50K
33,Private,216101,HS-grad,9,Never-married,Craft-repair,Not-in-family,White,Male,8398,0,28,United-States,<=50K
42,Private,109737,Masters,14,Never-married,Transportation,Husband,White,Male,0,0,39,United-States,<=50K
21,Private,271719,Bachelors,13,Never-married,Prof-specialty,Husband,Amer-Indian-Eskimo,Male,0,0,32,United-States,<=50K
21,Private,101301,Assoc-voc,11,Never-married,Tech-support,Husband,Asian-Pac-Islander,Female,0,0,26,Philippines,<=50K
31,Private,190895,HS-grad,9,Widowed,Tech-support,Husband,White,Female,0,0,45,United-States,<=50K
64,Private,86266,Some-college,10,Married-civ-spouse,Handlers-cleaners,Wife,White,Male,0,0,36,Germany,<=50K
29,Private,380720,HS-grad,9,Married-civ-spouse,Tech-support,Own-child,White,Female,0,0,48,United-States,<=50K
56,Private,132295,11th,7,Married-civ-spouse,Other-service,Wife,White,Female,0,0,32,Canada,<=50K
40,Private,470469,Bachelors,13,Married-civ-spouse,Tech-support,Unmarried,White,Female,0,0,28,United-States,<=50K
57,Private,173431,Bachelors,13,Never-married,Tech-support,Unmarried,White,Male,0,456,32,United-States,>50K
35,Private,95020,Masters,14,Married-civ-spouse,Transportation,Unmarried,White,Male,0,0,20,Mexico,<=50K
63,State-gov,369296,HS-grad,9,Never-married,Machine-op-inspct,Husband,Other,Male,0,0,51,Germany,<=50K
37,Private,256648,Bachelors,13,Married-civ-spouse,Sales,Not-in-family,Black,Male,0,0,48,United-States,<=50K
59,Private,92906,Doctorate,16,Never-married,Craft-repair,Husband,White,Male,0,0,52,United-States,>50K
61,Private,205025,HS-grad,9,Married-civ-spouse,Other-service,Other-relative,White,Male,0,0,47,United-States,>50K
40,Private,124165,11th,7,Never-married,Sales,Husband,White,Male,0,0,35,United-States,<=50K
52,Private,347526,Assoc-voc,11,Never-married,Machine-op-inspct,Wife,White,Male,1560,0,56,United-States,<=50K
24,Self-emp-not-inc,201278,10th,6,Married-civ-spouse,Prof-specialty,Wife,White,Female,0,0,24,United-States,<=50K
43,State-gov,67425,Doctorate,16,Never-married,Exec-managerial,Own-child,White,Male,0,0,45,United-States,>50K
37,Private,31206,HS-grad,9,Married-civ-spouse,Tech-support,Own-child,White,Male,0,0,21,United-States,<=50K
67,Private,481658,Bachelors,13,Never-married,Craft-repair,Not-in-family,Other,Male,0,0,50,United-States,<=50K
66,Self-emp-inc,140953,HS-grad,9,Married-civ-spouse,Other-service,Wife,White,Male,0,0,59,United-States,>50K
58,Private,412943,Masters,14,Married-civ-spouse,Other-service,Not-in-family,White,Male,0,0,45,United-States,<=50K
67,Private,242914,HS-grad,9,Divorced,Exec-managerial,Husband,Black,Male,0,0,24,United-States,<=50K
68,Federal-gov,347225,Assoc-voc,11,Married-civ-spouse,Transportation,Husband,Black,Male,0,0,23,Philippines,<=50K
57,Private,287188,HS-grad,9,Widowed,Exec-managerial,Husband,Asian-Pac-Islander,Male,8833,0,46,United-States,<=50K
48,Private,220636,HS-grad,9,Never-married,Sales,Wife,White,Female,0,0,39,Canada,<=50K
28,Private,324489,HS-grad,9,Married-civ-spouse,Prof-specialty,Other-relative,White,Male,0,2517,23,Mexico,<=50K
60,Private,70533,Masters,14,Married-civ-spouse,Tech-support,Wife,Black,Male,0,0,45,United-States,>50K
28,State-gov,208357,HS-grad,9,Married-civ-spouse,Machine-op-inspct,Not-in-family,Other,Female,0,0,52,United-States,<=50K
27,Private,78119,HS-grad,9,Married-civ-spouse,Tech-support,Other-relative,White,Male,0,0,46,United-States,<=50K
63,Private,290026,HS-grad,9,Widowed,Sales,Other-relative,Other,Male,0,0,34,Canada,<=50K
23,Private,281020,HS-grad,9,Married-civ-spouse,Handlers-cleaners,Not-in-family,White,Female,0,0,60,United-States,<=50K
25,Private,432566,11th,7,Married-civ-spouse,Exec-managerial,Wife,White,Male,0,0,33,United-States,<=50K
44,Private,27065,Some-college,10,Married-civ-spouse,Machine-op-inspct,Not-in-family,Asian-Pac-Islander,Male,0,0,60,United-States,<=50K
48,Private,368250,HS-grad,9,Never-married,Other-service,Wife,Black,Male,0,0,21,United-States,<=50K
20,Private,339485,HS-grad,9,Married-civ-spouse,Transportation,Not-in-family,White,Female,0,0,23,Canada,<=50K
37,Private,295863,HS-grad,9,Married-civ-spouse,Sales,Unmarried,White,Female,0,0,59,Canada,<=50K
29,Self-emp-inc,448774,Some-college,10,Never-married,Other-service,Husband,White,Female,0,0,25,United-States,<=50K
33,Private,392767,HS-grad,9,Never-married,Tech-support,Husband,White,Male,0,0,39,United-States,<=50K
27,State-gov,180501,HS-grad,9,Separated,Sales,Wife,White,Male,0,0,47,United-States,<=50K
53,Private,160753,HS-grad,9,Never-married,Prof-specialty,Own-child,White,Female,0,0,26,United-States,<=50K
42,Private,371352,Some-college,10,Married-civ-spouse,Tech-support,Own-child,White,Male,0,0,26,United-States,<=50K
67,State-gov,479292,Masters,14,Never-married,Craft-repair,Wife,White,Female,0,0,25,Mexico,<=50K
18,Federal-gov,176577,HS-grad,9,Married-civ-spouse,Sales,Unmarried,White,Female,0,0,48,United-States,<=50K
58,Private,351046,Bachelors,13,Never-married,Machine-op-inspct,Husband,White,Male,0,0,47,United-States,<=50K
65,Private,115387,Bachelors,13,Married-civ-spouse,Prof-specialty,Not-in-family,White,Male,0,0,50,United-States,<=50K
43,Federal-gov,342431,Assoc-voc,11,Never-married,Tech-support,Not-in-family,White,Male,0,0,28,India,<=50K
54,Private,156470,HS-grad,9,Never-married,Tech-support,Other-relative,White,Male,0,0,56,United-States,<=50K
40,Private,396963,Doctorate,16,Never-married,Tech-support,Not-in-family,White,Male,0,0,40,Germany,>50K
48,Private,361248,Assoc-voc,11,Never-married,Sales,Husband,White,Female,0,0,30,India,<=50K
65,Federal-gov,21885,10th,6,Married-civ-spouse,Other-service,Wife,Black,Male,0,0,27,United-States,<=50K
45,Private,376722,Doctorate,16,Never-married,Craft-repair,Wife,White,Male,0,0,36,United-States,>50K
48,Private,87852,HS-grad,9,Married-civ-spouse,Exec-managerial,Own-child,White,Male,0,0,35,United-States,<=50K
69,State-gov,133650,11th,7,Married-civ-spouse,Prof-specialty,Unmarried,White,Male,0,0,54,India,<=50K
43,Private,295126,Assoc-voc,11,Never-married,Protective-serv,Own-child,White,Male,0,0,51,United-States,<=50K
27,Self-emp-inc,302054,HS-grad,9,Never-married,Handlers-cleaners,Own-child,White,Female,0,0,46,United-States,<=50K
53,Private,311746,HS-grad,9,Married-civ-spouse,Protective-serv,Own-child,Black,Male,0,0,21,United-States,<=50K
54,Self-emp-not-inc,179681,11th,7,Married-civ-spouse,Handlers-cleaners,Husband,White,Female,0,2939,39,Germany,<=50K
30,Private,450572,HS-grad,9,Married-civ-spouse,Handlers-cleaners,Unmarried,White,Male,1963,0,29,Philippines,<=50K
55,Private,322456,Masters,14,Divorced,Transportation,Not-in-family,Other,Female,0,0,43,United-States,<=50K
21,Private,275490,Some-college,10,Never-married,Sales,Other-relative,Black,Male,0,0,57,United-States,<=50K
34,Local-gov,374221,Masters,14,Married-civ-spouse,Tech-support,Own-child,Asian-Pac-Islander,Male,0,0,56,United-States,<=50K
62,Private,148771,HS-grad,9,Married-civ-spouse,Tech-support,Wife,White,Male,0,0,47,United-States,<=50K
50,Private,224989,Masters,14,Never-married,Transportation,Own-child,White,Female,0,0,28,United-States,<=50K
49,Private,254817,Some-college,10,Married-civ-spouse,Transportation,Wife,White,Male,0,0,56,United-States,<=50K
50,Private,76991,Assoc-voc,11,Married-civ-spouse,Sales,Husband,White,Male,0,0,45,United-States,<=50K
26,Private,171448,HS-grad,9,Married-civ-spouse,Machine-op-inspct,Other-relative,White,Male,0,2181,20,United-States,<=50K
67,Private,408634,HS-grad,9,Married-civ-spouse,Exec-managerial,Unmarried,White,Male,0,0,21,United-States,<=50K
33,Private,346574,HS-grad,9,Never-married,Tech-support,Wife,Other,Male,0,0,55,Canada,<=50K
58,Self-emp-not-inc,460009,HS-grad,9,Married-civ-spouse,Protective-serv,Not-in-family,Amer-Indian-Eskimo,Male,0,0,24,United-States,<=50K
69,Private,313770,10th,6,Married-civ-spouse,Tech-support,Unmarried,White,Female,0,0,52,United-States,<=50K
30,Private,46596,HS-grad,9,Married-civ-spouse,Craft-repair,Other-relative,Asian-Pac-Islander,Male,0,0,20,United-States,<=50K
50,Private,110942,HS-grad,9,Married-civ-spouse,Exec-managerial,Other-relative,Asian-Pac-Islander,Male,0,0,25,United-States,<=50K
20,Private,176994,Doctorate,16,Married-civ-spouse,Tech-support,Unmarried,White,Male,0,1363,20,United-States,<=50K
51,State-gov,198191,HS-grad,9,Married-civ-spouse,Sales,Wife,White,Male,0,0,38,United-States,<=50K
40,Private,490998,HS-grad,9,Never-married,Machine-op-inspct,Husband,White,Female,0,0,53,Philippines,<=50K
21,Private,344842,Bachelors,13,Married-civ-spouse,Prof-specialty,Other-relative,White,Female,0,0,35,Canada,<=50K
52,Federal-gov,437406,Some-college,10,Married-civ-spouse,Tech-support,Other-relative,White,Female,0,0,33,United-States,<=50K
68,Private,473236,Assoc-voc,11,Never-married,Other-service,Wife,White,Male,0,0,55,United-States,<=50K
22,State-gov,303149,Bachelors,13,Never-married,Handlers-cleaners,Unmarried,White,Male,0,0,42,United-States,<=50K
64,Private,209949,HS-grad,9,Never-married,Handlers-cleaners,Husband,White,Female,0,2682,47,United-States,<=50K
61,Local-gov,268159,Bachelors,13,Married-civ-spouse,Handlers-cleaners,Own-child,White,Male,0,0,50,United-States,<=50K
46,Local-gov,366619,Assoc-voc,11,Never-married,Prof-specialty,Unmarried,White,Female,0,0,50,Germany,<=50K
64,Local-gov,374432,Some-college,10,Divorced,Exec-managerial,Own-child,Black,Male,4686,0,26,United-States,<=50K
34,Private,222498,Masters,14,Widowed,Machine-op-inspct,Other-relative,White,Male,0,0,57,United-States,<=50K
55,Federal-gov,68102,Some-college,10,Widowed,Handlers-cleaners,Husband,White,Female,0,0,46,United-States,<=50K
54,Self-emp-not-inc,202725,Bachelors,13,Never-married,Craft-repair,Own-child,White,Female,0,0,32,United-States,<=50K
48,Private,233449,Masters,14,Married-civ-spouse,Transportation,Other-relative,White,Female,0,0,46,United-States,<=50K
61,Private,323880,HS-grad,9,Separated,Protective-serv,Unmarried,White,Female,7155,0,22,United-States,<=50K
63,Private,301919,Some-college,10,Married-civ-spouse,Craft-repair,Own-child,White,Male,0,0,54,United-States,<=50K
58,State-gov,480989,HS-grad,9,Never-married,Transportation,Husband,White,Male,0,0,37,Canada,<=50K
48,Self-emp-inc,347372,Masters,14,Divorced,Tech-support,Not-in-family,White,Male,0,0,22,United-States,<=50K
68,Private,174501,Bachelors,13,Married-civ-spouse,Tech-support,Other-relative,White,Male,0,0,58,United-States,<=50K
46,Private,400816,Some-college,10,Married-civ-spouse,Sales,Own-child,White,Male,0,0,37,United-States,<=50K
51,Private,233033,HS-grad,9,Widowed,Prof-specialty,Unmarried,Other,Male,0,0,47,United-States,<=50K
27,Private,183081,11th,7,Widowed,Exec-managerial,Wife,White,Female,0,0,50,United-States,<=50K
34,Self-emp-inc,45895,Some-college,10,Married-civ-spouse,Other-service,Other-relative,White,Female,0,0,21,United-States,<=50K
65,Private,390364,HS-grad,9,Never-married,Protective-serv,Other-relative,Black,Male,0,0,35,United-States,<=50K
43,Self-emp-inc,322173,HS-grad,9,Married-civ-spouse,Exec-managerial,Own-child,White,Male,0,0,60,United-States,<=50K
44,Private,53918,Bachelors,13,Married-civ-spouse,Craft-repair,Husband,White,Female,0,0,42,United-States,<=50K
60,Private,200192,HS-grad,9,Married-civ-spouse,Transportation,Own-child,Other,Female,0,0,42,Canada,<=50K
34,Self-emp-not-inc,220901,Assoc-voc,11,Married-civ-spouse,Sales,Other-relative,White,Male,0,0,59,United-States,<=50K
31,Private,77446,Bachelors,13,Married-civ-spouse,Protective-serv,Unmarried,White,Male,0,0,36,India,<=50K
18,State-gov,388917,HS-grad,9,Married-civ-spouse,Sales,Own-child,Black,Male,0,0,38,United-States,<=50K
30,State-gov,317497,Bachelors,13,Widowed,Machine-op-inspct,Wife,Asian-Pac-Islander,Female,0,0,40,Mexico,<=50K
44,Local-gov,126015,HS-grad,9,Divorced,Other-service,Other-relative,White,Female,0,0,56,Philippines,<=50K
55,Local-gov,346409,HS-grad,9,Married-civ-spouse,Other-service,Unmarried,White,Male,0,0,42,United-States,<=50K
35,Private,291528,Bachelors,13,Married-civ-spouse,Tech-support,Husband,White,Male,0,0,46,United-States,<=50K
41,Private,79326,HS-grad,9,Married-civ-spouse,Transportation,Wife,White,Male,9600,0,57,United-States,<=50K
29,Federal-gov,298992,Assoc-voc,11,Married-civ-spouse,Machine-op-inspct,Other-relative,White,Male,0,0,27,Mexico,<=50K
60,Private,307749,Bachelors,13,Never-married,Protective-serv,Husband,Other,Male,0,0,34,United-States,<=50K
45,Federal-gov,109571,HS-grad,9,Married-civ-spouse,Protective-serv,Unmarried,White,Female,0,0,45,India,<=50K
25,Private,425128,10th,6,Married-civ-spouse,Tech-support,Wife,Black,Male,0,0,47,United-States,<=50K
49,Local-gov,378789,Bachelors,13,Married-civ-spouse,Exec-managerial,Own-child,Black,Male,0,0,28,United-States,>50K
35,Private,279914,HS-grad,9,Separated,Transportation,Not-in-family,White,Female,0,0,24,United-States,<=50K
62,Federal-gov,363787,Some-college,10,Widowed,Other-service,Own-child,White,Female,0,0,37,United-States,<=50K
31,Private,402356,11th,7,Divorced,Tech-support,Husband,White,Male,0,0,37,India,<=50K
62,Private,262886,Some-college,10,Separated,Transportation,Husband,White,Female,0,0,33,United-States,>50K
54,Local-gov,256345,Some-college,10,Married-civ-spouse,Tech-support,Own-child,White,Male,0,0,58,United-States,<=50K
25,Private,218857,Some-college,10,Separated,Protective-serv,Wife,Black,Male,3738,0,28,United-States,<=50K
57,Private,131505,HS-grad,9,Separated,Transportation,Unmarried,White,Male,0,0,51,United-States,<=50K
55,Private,284981,HS-grad,9,Married-civ-spouse,Machine-op-inspct,Not-in-family,White,Female,0,0,57,United-States,<=50K
41,Private,94118,Bachelors,13,Never-married,Tech-support,Husband,White,Male,0,0,58,United-States,<=50K
26,Private,35559,Assoc-voc,11,Never-married,Transportation,Other-relative,White,Male,0,0,55,United-States,<=50K
42,Private,130559,Masters,14,Married-civ-spouse,Tech-support,Not-in-family,White,Male,0,0,25,United-States,>50K
49,Private,69237,HS-grad,9,Married-civ-spouse,Transportation,Husband,Asian-Pac-Islander,Female,0,0,50,United-States,<=50K
24,Private,327905,Some-college,10,Married-civ-spouse,Tech-support,Own-child,Black,Female,4769,0,39,United-States,<=50K
35,Local-gov,99217,HS-grad,9,Divorced,Exec-managerial,Other-relative,White,Female,0,0,60,United-States,<=50K
54,Self-emp-not-inc,160081,HS-grad,9,Married-civ-spouse,Transportation,Not-in-family,Other,Male,0,0,41,United-States,<=50K
46,Private,225317,Bachelors,13,Never-married,Other-service,Not-in-family,White,Female,0,0,27,United-States,<=50K
69,Private,282480,HS-grad,9,Never-married,Tech-support,Own-child,Other,Male,0,0,23,Philippines,<=50K
29,Private,97040,Assoc-voc,11,Married-civ-spouse,Tech-support,Other-relative,White,Female,0,0,48,United-States,<=50K
58,Federal-gov,405778,Some-college,10,Married-civ-spouse,Sales,Unmarried,White,Male,0,0,41,United-States,<=50K
40,Self-emp-not-inc,78524,Bachelors,13,Separated,Sales,Wife,Black,Male,0,0,33,United-States,<=50K
29,Private,67384,Assoc-voc,11,Divorced,Other-service,Own-child,White,Female,0,0,35,United-States,<=50K
67,Private,94806,Bachelors,13,Married-civ-spouse,Exec-managerial,Unmarried,Asian-Pac-Islander,Female,0,0,51,United-States,<=50K
50,Local-gov,76285,Assoc-voc,11,Married-civ-spouse,Sales,Not-in-family,White,Male,0,0,20,United-States,<=50K
45,Private,88483,Doctorate,16,Divorced,Prof-specialty,Wife,White,Male,0,0,27,India,<=50K
33,Private,373522,Bachelors,13,Divorced,Other-service,Husband,White,Male,0,0,24,United-States,<=50K
63,Private,312883,HS-grad,9,Married-civ-spouse,Sales,Other-relative,White,Male,3602,0,41,United-States,<=50K
19,State-gov,34458,HS-grad,9,Widowed,Transportation,Own-child,White,Male,0,0,40,United-States,<=50K
23,Private,302385,Assoc-voc,11,Married-civ-spouse,Machine-op-inspct,Other-relative,White,Male,0,0,51,United-States,<=50K
27,Private,119334,HS-grad,9,Never-married,Machine-op-inspct,Husband,White,Male,0,0,24,United-States,<=50K
51,Federal-gov,58163,11th,7,Married-civ-spouse,Sales,Not-in-family,White,Male,0,0,39,United-States,>50K
23,Private,227373,Some-college,10,Divorced,Transportation,Not-in-family,White,Male,2977,0,36,United-States,<=50K
59,Private,412595,Masters,14,Widowed,Sales,Own-child,White,Male,0,0,51,United-States,<=50K
28,Private,484358,Some-college,10,Never-married,Machine-op-inspct,Own-child,White,Male,0,0,60,United-States,<=50K
53,State-gov,57017,11th,7,Married-civ-spouse,Machine-op-inspct,Wife,White,Female,0,0,28,United-States,<=50K
59,Private,271514,HS-grad,9,Married-civ-spouse,Sales,Other-relative,Black,Male,0,1979,38,United-States,<=50K
63,Private,258062,Some-college,10,Divorced,Protective-serv,Wife,White,Female,0,0,41,United-States,<=50K
33,Local-gov,88406,Assoc-voc,11,Married-civ-spouse,Craft-repair,Own-child,White,Female,0,0,43,United-States,<=50K
21,Self-emp-not-inc,306223,HS-grad,9,Never-married,Sales,Unmarried,Black,Male,0,0,28,United-States,<=50K
57,Private,300104,HS-grad,9,Divorced,Prof-specialty,Not-in-family,White,Female,0,0,37,United-States,<=50K
41,Private,35281,Assoc-voc,11,Married-civ-spouse,Protective-serv,Husband,White,Male,0,691,49,United-States,<=50K
67,Private,200673,Assoc-voc,11,Separated,Sales,Husband,White,Male,0,0,24,United-States,<=50K
27,Private,461490,HS-grad,9,Divorced,Machine-op-inspct,Not-in-family,White,Male,0,0,50,United-States,<=50K
47,Private,47925,Bachelors,13,Never-married,Protective-serv,Other-relative,Black,Male,0,0,53,United-States,>50K
24,Federal-gov,63367,HS-grad,9,Widowed,Transportation,Own-child,White,Female,8047,0,59,United-States,<=50K
43,Self-emp-not-inc,261876,HS-grad,9,Married-civ-spouse,Tech-support,Unmarried,White,Male,5168,0,50,Germany,>50K
18,Federal-gov,488870,Bachelors,13,Widowed,Prof-specialty,Unmarried,White,Male,0,0,30,United-States,<=50K
57,Private,325173,HS-grad,9,Never-married,Machine-op-inspct,Own-child,White,Female,0,0,38,United-States,<=50K
49,Private,340604,Some-college,10,Divorced,Exec-managerial,Wife,White,Male,0,0,52,Canada,<=50K
23,Self-emp-inc,481011,HS-grad,9,Never-married,Other-service,Husband,White,Male,0,0,27,United-States,<=50K
43,Private,48208,Assoc-voc,11,Never-married,Prof-specialty,Husband,White,Male,0,1441,50,United-States,<=50K
40,Private,368239,Bachelors,13,Widowed,Exec-managerial,Not-in-family,White,Male,0,0,49,United-States,<=50K
53,Private,458724,HS-grad,9,Never-married,Exec-managerial,Own-child,White,Male,0,0,23,United-States,<=50K
43,Private,394674,11th,7,Never-married,Handlers-cleaners,Husband,Asian-Pac-Islander,Male,0,0,33,Mexico,<=50K
41,Private,122854,Assoc-voc,11,Divorced,Exec-managerial,Husband,White,Male,0,0,33,United-States,<=50K
61,Private,457723,HS-grad,9,Married-civ-spouse,Other-service,Own-child,Asian-Pac-Islander,Male,0,0,39,United-States,<=50K
44,Local-gov,240029,10th,6,Married-civ-spouse,Tech-support,Not-in-family,Asian-Pac-Islander,Male,0,0,50,United-States,<=50K
60,Private,175275,HS-grad,9,Widowed,Craft-repair,Husband,White,Male,0,0,30,United-States,<=50K
64,Private,119578,HS-grad,9,Married-civ-spouse,Prof-specialty,Own-child,Black,Male,0,0,22,United-States,<=50K
62,Private,291432,Some-college,10,Never-married,Other-service,Own-child,Amer-Indian-Eskimo,Male,0,0,37,United-States,<=50K
67,Private,96103,HS-grad,9,Married-civ-spouse,Craft-repair,Husband,White,Male,0,0,58,United-States,<=50K
54,Private,486230,Bachelors,13,Married-civ-spouse,Sales,Unmarried,White,Female,0,0,57,United-States,<=50K
47,Private,138025,Bachelors,13,Never-married,Other-service,Wife,White,Male,0,0,37,United-States,<=50K
45,Private,285386,Assoc-voc,11,Married-civ-spouse,Prof-specialty,Husband,White,Male,0,2776,32,United-States,<=50K
28,Private,39834,HS-grad,9,Married-civ-spouse,Tech-support,Husband,White,Male,0,0,35,United-States,<=50K
61,State-gov,82701,HS-grad,9,Never-married,Handlers-cleaners,Own-child,White,Male,0,0,35,United-States,<=50K
54,Private,430740,Some-college,10,Never-married,Handlers-cleaners,Other-relative,White,Female,0,0,31,United-States,<=50K
63,Private,479927,HS-grad,9,Separated,Transportation,Wife,White,Female,0,0,40,United-States,<=50K
54,State-gov,218013,11th,7,Never-married,Craft-repair,Other-relative,White,Male,0,0,42,United-States,<=50K
42,Self-emp-inc,189365,Masters,14,Never-married,Machine-op-inspct,Wife,White,Male,0,0,31,United-States,<=50K
33,Self-emp-inc,332030,Doctorate,16,Widowed,Tech-support,Wife,White,Male,0,0,48,Mexico,>50K
69,Private,141025,Masters,14,Married-civ-spouse,Machine-op-inspct,Not-in-family,Other,Female,0,0,59,United-States,>50K
56,Local-gov,156867,HS-grad,9,Widowed,Machine-op-inspct,Other-relative,Black,Female,0,0,50,United-States,<=50K
63,Private,322639,HS-grad,9,Divorced,Other-service,Other-relative,White,Male,0,0,24,Mexico,<=50K
48,Private,253662,Some-college,10,Married-civ-spouse,Exec-managerial,Not-in-family,Black,Male,0,0,37,India,<=50K
44,Self-emp-inc,189201,Assoc-voc,11,Married-civ-spouse,Handlers-cleaners,Unmarried,Black,Male,0,0,25,United-States,<=50K
19,Private,152984,Some-college,10,Never-married,Craft-repair,Unmarried,Black,Male,0,0,34,United-States,<=50K
21,State-gov,217429,HS-grad,9,Never-married,Prof-specialty,Wife,Black,Male,2433,0,45,United-States,<=50K
54,State-gov,427511,Bachelors,13,Never-married,Sales,Not-in-family,White,Female,0,0,58,Philippines,>50K
29,Private,123527,HS-grad,9,Married-civ-spouse,Craft-repair,Husband,White,Male,0,0,44,United-States,<=50K
22,Private,134520,Bachelors,13,Married-civ-spouse,Protective-serv,Husband,Black,Female,0,0,29,United-States,<=50K
58,Self-emp-inc,38162,HS-grad,9,Divorced,Handlers-cleaners,Own-child,Black,Male,0,0,31,United-States,<=50K
50,Private,111096,Some-college,10,Never-married,Prof-specialty,Other-relative,White,Male,0,0,41,United-States,<=50K
23,Private,54991,Some-college,10,Married-civ-spouse,Prof-specialty,Not-in-family,White,Male,0,0,23,United-States,<=50K
43,Private,319820,Assoc-voc,11,Never-married,Prof-specialty,Husband,White,Male,0,0,28,United-States,<=50K
42,Federal-gov,152958,Masters,14,Never-married,Craft-repair,Other-relative,White,Male,0,0,25,United-States,<=50K
18,State-gov,345891,HS-grad,9,Divorced,Other-service,Not-in-family,White,Male,0,0,60,United-States,<=50K
49,Private,222964,Masters,14,Married-civ-spouse,Machine-op-inspct,Other-relative,White,Male,0,0,29,United-States,<=50K
38,Self-emp-not-inc,375401,Doctorate,16,Married-civ-spouse,Prof-specialty,Not-in-family,White,Male,0,0,40,United-States,>50K
63,Local-gov,416750,Bachelors,13,Married-civ-spouse,Other-service,Unmarried,White,Female,0,0,36,United-States,>50K
24,Private,31642,11th,7,Married-civ-spouse,Tech-support,Own-child,White,Female,5358,0,49,United-States,<=50K
62,Private,122885,Doctorate,16,Separated,Craft-repair,Husband,White,Female,0,0,42,United-States,>50K
18,Private,423227,HS-grad,9,Married-civ-spouse,Prof-specialty,Not-in-family,White,Male,0,0,31,Canada,<=50K
57,Federal-gov,334088,Some-college,10,Married-civ-spouse,Other-service,Unmarried,White,Male,0,0,45,United-States,<=50K
58,Private,34371,Some-college,10,Never-married,Machine-op-inspct,Husband,White,Male,0,0,53,United-States,<=50K
39,Private,464481,Some-college,10,Married-civ-spouse,Prof-specialty,Unmarried,White,Male,0,0,48,United-States,<=50K
32,Private,424905,11th,7,Married-civ-spouse,Craft-repair,Other-relative,White,Male,0,0,30,United-States,<=50K
25,Private,215076,Bachelors,13,Never-married,Other-service,Husband,White,Male,0,0,21,United-States,<=50K
35,Private,260021,Some-college,10,Married-civ-spouse,Tech-support,Not-in-family,Black,Male,0,0,49,United-States,<=50K
52,Private,489852,11th,7,Married-civ-spouse,Tech-support,Wife,White,Male,0,0,42,United-States,<=50K
55,Private,495401,Bachelors,13,Never-married,Machine-op-inspct,Not-in-family,White,Male,0,0,22,United-States,<=50K
27,Self-emp-inc,325988,HS-grad,9,Widowed,Sales,Other-relative,White,Female,0,0,21,United-States,<=50K
18,Self-emp-not-inc,296505,Assoc-voc,11,Never-married,Transportation,Own-child,White,Male,0,0,25,India,<=50K
47,Local-gov,479375,Some-college,10,Separated,Other-service,Own-child,White,Male,3573,0,46,United-States,<=50K
48,Private,130339,Some-college,10,Married-civ-spouse,Sales,Husband,White,Male,0,0,30,United-States,<=50K
68,Private,161579,Some-college,10,Never-married,Prof-specialty,Husband,Black,Female,0,0,33,India,<=50K
57,Self-emp-inc,309589,11th,7,Never-married,Other-service,Other-relative,White,Male,0,0,60,United-States,<=50K
46,Private,334406,HS-grad,9,Married-civ-spouse,Exec-managerial,Own-child,Black,Female,4191,0,44,United-States,<=50K
48,Private,173873,Some-college,10,Married-civ-spouse,Craft-repair,Unmarried,Asian-Pac-Islander,Male,0,0,23,United-States,<=50K
51,Private,96241,Bachelors,13,Married-civ-spouse,Tech-support,Not-in-family,White,Male,0,0,39,United-States,<=50K
41,Private,298461,Assoc-voc,11,Married-civ-spouse,Transportation,Own-child,Asian-Pac-Islander,Male,0,0,33,United-States,<=50K
53,Private,458443,HS-grad,9,Never-married,Other-service,Unmarried,White,Male,0,0,53,United-States,<=50K
28,Local-gov,36583,HS-grad,9,Divorced,Craft-repair,Husband,White,Male,0,0,42,United-States,<=50K
61,Federal-gov,182103,11th,7,Divorced,Other-service,Other-relative,White,Male,0,0,24,United-States,<=50K
62,Self-emp-not-inc,410792,Masters,14,Married-civ-spouse,Exec-managerial,Husband,White,Male,9233,0,32,United-States,<=50K
40,State-gov,96139,Some-college,10,Divorced,Exec-managerial,Unmarried,White,Male,0,0,41,United-States,<=50K
41,Self-emp-not-inc,421546,Some-college,10,Married-civ-spouse,Machine-op-inspct,Not-in-family,White,Male,0,0,33,Canada,<=50K
43,Private,274076,Some-college,10,Married-civ-spouse,Transportation,Own-child,White,Male,0,0,32,Germany,<=50K
60,Private,47487,Bachelors,13,Married-civ-spouse,Other-service,Not-in-family,White,Female,0,0,60,United-States,>50K
27,Federal-gov,100324,Bachelors,13,Never-married,Other-service,Other-relative,White,Female,0,0,20,United-States,<=50K
35,Private,56126,Masters,14,Never-married,Craft-repair,Wife,White,Male,0,0,32,United-States,<=50K
49,Local-gov,154428,HS-grad,9,Married-civ-spouse,Craft-repair,Husband,Other,Female,0,2754,42,Canada,<=50K
54,Private,137798,Assoc-voc,11,Widowed,Tech-support,Unmarried,White,Male,0,0,51,United-States,>50K
33,Private,203161,HS-grad,9,Married-civ-spouse,Tech-support,Not-in-family,Other,Female,0,0,52,United-States,<=50K
24,Self-emp-inc,286520,Assoc-voc,11,Never-married,Exec-managerial,Wife,White,Female,0,0,29,United-States,<=50K
44,Federal-gov,90511,HS-grad,9,Never-married,Protective-serv,Unmarried,White,Male,0,0,45,Philippines,<=50K
51,Local-gov,495358,HS-grad,9,Married-civ-spouse,Transportation,Husband,White,Male,0,1518,48,United-States,<=50K
57,Private,39366,HS-grad,9,Married-civ-spouse,Sales,Unmarried,White,Female,0,0,21,United-States,<=50K
18,Private,362877,HS-grad,9,Never-married,Other-service,Husband,White,Male,0,0,42,Mexico,<=50K
18,Private,199955,Some-college,10,Never-married,Protective-serv,Not-in-family,White,Male,0,2488,46,United-States,<=50K
38,Local-gov,121302,Bachelors,13,Married-civ-spouse,Protective-serv,Husband,Black,Female,0,0,26,Mexico,<=50K
47,Private,119489,Assoc-voc,11,Never-married,Protective-serv,Husband,White,Male,0,0,49,India,<=50K
18,Private,393596,Some-college,10,Married-civ-spouse,Craft-repair,Wife,White,Male,0,0,36,United-States,<=50K
27,Private,342263,Bachelors,13,Married-civ-spouse,Tech-support,Wife,White,Male,0,0,22,United-States,<=50K
39,Self-emp-not-inc,365136,Some-college,10,Never-married,Prof-specialty,Husband,White,Female,0,0,37,United-States,<=50K
32,Private,20106,Doctorate,16,Married-civ-spouse,Exec-managerial,Other-relative,Other,Male,0,0,35,United-States,>50K
54,State-gov,439663,HS-grad,9,Never-married,Other-service,Other-relative,White,Female,0,0,50,United-States,<=50K
19,Private,330918,HS-grad,9,Married-civ-spouse,Handlers-cleaners,Wife,White,Male,5610,0,32,United-States,<=50K
64,Self-emp-not-inc,69144,HS-grad,9,Separated,Craft-repair,Other-relative,Other,Male,0,2256,51,United-States,<=50K
26,Self-emp-inc,280818,HS-grad,9,Married-civ-spouse,Other-service,Wife,Other,Male,7645,0,50,United-States,<=50K
40,Private,391849,Bachelors,13,Never-married,Machine-op-inspct,Wife,Black,Male,0,0,45,United-States,>50K
69,Private,271186,HS-grad,9,Never-married,Prof-specialty,Unmarried,Black,Male,0,0,35,United-States,>50K
52,Private,343357,HS-grad,9,Never-married,Other-service,Not-in-family,White,Male,0,0,24,United-States,<=50K
69,Private,263687,Assoc-voc,11,Separated,Prof-specialty,Husband,White,Male,0,0,28,United-States,<=50K
19,Self-emp-not-inc,48295,HS-grad,9,Married-civ-spouse,Exec-managerial,Other-relative,White,Female,0,0,32,United-States,<=50K
55,Private,280279,Bachelors,13,Married-civ-spouse,Other-service,Own-child,White,Male,0,0,41,United-States,<=50K
21,Private,377445,Some-college,10,Never-married,Protective-serv,Husband,Black,Female,8520,1570,58,United-States,<=50K
49,Local-gov,263160,Assoc-voc,11,Separated,Machine-op-inspct,Wife,White,Female,0,0,51,United-States,<=50K
34,Private,492846,Bachelors,13,Divorced,Tech-support,Wife,White,Female,0,0,55,United-States,<=50K
58,Private,234255,HS-grad,9,Never-married,Tech-support,Husband,Black,Female,0,0,36,United-States,<=50K
24,Local-gov,345517,Assoc-voc,11,Married-civ-spouse,Handlers-cleaners,Other-relative,White,Male,0,1539,22,United-States,<=50K
64,Local-gov,183109,Some-college,10,Married-civ-spouse,Other-service,Wife,White,Female,0,0,56,United-States,<=50K
42,Private,21360,HS-grad,9,Married-civ-spouse,Tech-support,Husband,Black,Female,0,0,58,United-States,<=50K
45,Private,194289,Bachelors,13,Married-civ-spouse,Prof-specialty,Wife,White,Male,0,0,46,Philippines,<=50K
47,Private,366555,Masters,14,Never-married,Sales,Other-relative,White,Female,0,0,39,United-States,<=50K
19,Private,66572,HS-grad,9,Married-civ-spouse,Handlers-cleaners,Not-in-family,White,Female,0,0,24,United-States,<=50K
34,Self-emp-not-inc,107280,Some-college,10,Married-civ-spouse,Handlers-cleaners,Other-relative,White,Female,0,0,52,United-States,<=50K
54,Private,209242,HS-grad,9,Married-civ-spouse,Tech-support,Own-child,White,Male,0,0,60,United-States,<=50K
67,Private,434383,Bachelors,13,Married-civ-spouse,Craft-repair,Other-relative,White,Male,0,0,39,United-States,>50K
69,Private,255377,11th,7,Never-married,Protective-serv,Own-child,White,Female,0,0,49,United-States,<=50K
45,Self-emp-not-inc,49651,Some-college,10,Married-civ-spouse,Sales,Not-in-family,White,Female,0,0,23,United-States,<=50K
31,Self-emp-inc,386387,10th,6,Divorced,Tech-support,Unmarried,White,Male,0,0,29,United-States,<=50K
42,Private,287683,HS-grad,9,Married-civ-spouse,Exec-managerial,Not-in-family,Black,Male,0,0,45,Mexico,<=50K
42,Private,230337,Doctorate,16,Separated,Protective-serv,Own-child,White,Male,0,0,32,United-States,<=50K
38,Private,146583,11th,7,Married-civ-spouse,Handlers-cleaners,Unmarried,White,Female,0,0,24,United-States,<=50K
36,Private,389571,Bachelors,13,Divorced,Exec-managerial,Not-in-family,White,Male,0,0,39,United-States,>50K
63,Self-emp-not-inc,458590,HS-grad,9,Married-civ-spouse,Machine-op-inspct,Unmarried,Black,Female,0,968,49,India,<=50K
38,Local-gov,394062,Some-college,10,Never-married,Exec-managerial,Not-in-family,White,Male,0,0,20,United-States,<=50K
19,State-gov,56038,HS-grad,9,Separated,Protective-serv,Other-relative,Other,Male,0,0,34,United-States,<=50K
55,Private,176853,Bachelors,13,Married-civ-spouse,Handlers-cleaners,Not-in-family,White,Male,0,0,56,United-States,>50K
52,Local-gov,425020,10th,6,Separated,Transportation,Unmarried,Black,Male,0,0,21,United-States,<=50K
37,Private,258115,Some-college,10,Married-civ-spouse,Protective-serv,Wife,White,Male,0,0,23,United-States,<=50K
50,Private,315166,HS-grad,9,Married-civ-spouse,Transportation,Not-in-family,White,Female,0,0,57,United-States,>50K
66,Private,176431,HS-grad,9,Never-married,Craft-repair,Unmarried,White,Male,0,0,27,United-States,<=50K
66,Self-emp-inc,242133,Bachelors,13,Married-civ-spouse,Machine-op-inspct,Wife,White,Male,0,0,42,United-States,<=50K
59,Self-emp-inc,54775,Bachelors,13,Married-civ-spouse,Handlers-cleaners,Own-child,Black,Male,4060,0,41,Canada,<=50K
48,Private,189753,HS-grad,9,Separated,Handlers-cleaners,Husband,White,Male,0,0,44,United-States,<=50K
19,Local-gov,430280,Masters,14,Divorced,Other-service,Not-in-family,White,Male,0,0,52,India,<=50K
44,Local-gov,432496,HS-grad,9,Married-civ-spouse,Exec-managerial,Own-child,White,Male,0,0,46,United-States,<=50K
60,State-gov,413848,Bachelors,13,Married-civ-spouse,Protective-serv,Not-in-family,White,Female,0,0,58,United-States,>50K
61,Private,364955,Some-college,10,Never-married,Tech-support,Wife,White,Male,0,0,46,United-States,<=50K
58,State-gov,60704,HS-grad,9,Married-civ-spouse,Protective-serv,Other-relative,White,Male,0,220,24,United-States,<=50K
69,Self-emp-inc,125208,Bachelors,13,Widowed,Other-service,Unmarried,White,Male,0,0,44,United-States,<=50K
44,Private,334197,Bachelors,13,Married-civ-spouse,Transportation,Not-in-family,White,Male,3806,0,20,United-States,<=50K
23,Private,106775,Some-college,10,Married-civ-spouse,Protective-serv,Not-in-family,White,Male,0,0,35,Mexico,<=50K
43,Federal-gov,425688,Doctorate,16,Divorced,Sales,Own-child,Black,Male,0,0,48,United-States,<=50K
34,Self-emp-inc,309823,Some-college,10,Never-married,Tech-support,Wife,White,Male,0,0,59,United-States,<=50K
61,Private,39194,HS-grad,9,Widowed,Protective-serv,Own-child,White,Female,0,0,31,United-States,<=50K
58,State-gov,280572,11th,7,Married-civ-spouse,Prof-specialty,Own-child,White,Male,0,0,23,Mexico,<=50K
40,Private,207498,11th,7,Never-married,Protective-serv,Other-relative,White,Male,0,0,25,Germany,<=50K
38,Private,448739,HS-grad,9,Married-civ-spouse,Tech-support,Other-relative,Asian-Pac-Islander,Female,0,0,36,United-States,<=50K
26,Private,137168,11th,7,Never-married,Exec-managerial,Wife,Other,Male,0,0,20,Philippines,<=50K
20,Private,496251,Masters,14,Married-civ-spouse,Machine-op-inspct,Not-in-family,Black,Male,0,0,33,United-States,<=50K
34,Private,248054,HS-grad,9,Never-married,Handlers-cleaners,Unmarried,White,Female,0,0,59,United-States,<=50K
30,Private,110005,Some-college,10,Never-married,Sales,Own-child,White,Male,0,0,34,United-States,<=50K
31,Private,93869,HS-grad,9,Married-civ-spouse,Other-service,Unmarried,White,Male,0,0,50,Canada,>50K
69,Private,125679,Bachelors,13,Married-civ-spouse,Machine-op-inspct,Own-child,White,Female,1727,0,26,United-States,<=50K
53,Private,36293,11th,7,Never-married,Other-service,Husband,Black,Male,0,0,34,United-States,<=50K
46,Self-emp-not-inc,44351,Some-college,10,Divorced,Transportation,Wife,Black,Male,0,0,39,United-States,<=50K
27,Private,30078,Some-college,10,Never-married,Protective-serv,Wife,White,Male,1271,2796,44,United-States,<=50K
61,Private,471385,HS-grad,9,Married-civ-spouse,Handlers-cleaners,Not-in-family,Black,Male,0,0,42,India,<=50K
51,Private,475377,Bachelors,13,Married-civ-spouse,Craft-repair,Unmarried,Asian-Pac-Islander,Female,0,0,56,Mexico,<=50K
44,Private,415025,Doctorate,16,Never-married,Tech-support,Own-child,White,Female,0,0,59,United-States,>50K
42,Private,52193,HS-grad,9,Widowed,Transportation,Wife,White,Female,0,0,57,United-States,<=50K
46,State-gov,69794,Bachelors,13,Married-civ-spouse,Other-service,Not-in-family,Black,Male,0,0,50,United-States,>50K
61,Private,124686,Some-college,10,Never-married,Sales,Wife,White,Female,0,0,41,United-States,<=50K
55,Private,362286,Masters,14,Married-civ-spouse,Other-service,Own-child,White,Male,0,0,47,United-States,>50K
43,Private,320500,Bachelors,13,Married-civ-spouse,Exec-managerial,Wife,White,Male,0,0,58,United-States,<=50K
52,Private,229273,Bachelors,13,Never-married,Transportation,Wife,Black,Female,0,0,47,United-States,<=50K
66,Self-emp-not-inc,326496,Some-college,10,Never-married,Protective-serv,Husband,Black,Female,0,0,51,United-States,>50K
34,State-gov,468727,Bachelors,13,Married-civ-spouse,Tech-support,Not-in-family,White,Male,0,0,46,United-States,<=50K
64,Private,66009,Bachelors,13,Married-civ-spouse,Transportation,Own-child,Black,Male,0,0,42,United-States,<=50K
49,Private,146996,Bachelors,13,Never-married,Exec-managerial,Wife,White,Male,0,0,36,United-States,>50K
27,Private,281834,Bachelors,13,Married-civ-spouse,Protective-serv,Other-relative,White,Male,0,0,35,United-States,<=50K
68,Private,199366,Assoc-voc,11,Never-married,Sales,Wife,White,Male,0,0,35,United-States,<=50K
53,Private,240120,HS-grad,9,Never-married,Tech-support,Not-in-family,White,Male,0,0,58,Mexico,<=50K
38,Private,35793,HS-grad,9,Married-civ-spouse,Exec-managerial,Husband,White,Male,0,0,26,Mexico,<=50K
29,Private,127384,10th,6,Married-civ-spouse,Sales,Husband,White,Female,0,0,27,United-States,<=50K
65,Private,114232,HS-grad,9,Never-married,Tech-support,Husband,White,Female,0,0,37,United-States,<=50K
60,Federal-gov,406565,Assoc-voc,11,Never-married,Machine-op-inspct,Not-in-family,White,Male,0,0,42,United-States,<=50K
20,Private,377320,Bachelors,13,Married-civ-spouse,Transportation,Wife,White,Male,0,0,25,United-States,<=50K
51,Private,483498,11th,7,Married-civ-spouse,Handlers-cleaners,Wife,White,Male,0,0,25,United-States,<=50K
23,Self-emp-not-inc,461087,Bachelors,13,Married-civ-spouse,Other-service,Not-in-family,White,Male,0,593,33,United-States,>50K
33,Private,161337,Assoc-voc,11,Married-civ-spouse,Protective-serv,Not-in-family,White,Female,0,2057,25,United-States,<=50K
47,Private,320164,Masters,14,Married-civ-spouse,Prof-specialty,Other-relative,Black,Male,7113,0,52,United-States,>50K
30,Self-emp-not-inc,118857,Some-college,10,Never-married,Prof-specialty,Own-child,Black,Female,0,0,22,United-States,<=50K
44,Private,381773,Some-college,10,Married-civ-spouse,Machine-op-inspct,Husband,White,Male,0,0,54,Philippines,<=50K
40,Local-gov,194779,HS-grad,9,Never-married,Sales,Unmarried,White,Female,0,0,32,United-States,<=50K
48,Private,269337,HS-grad,9,Divorced,Other-service,Other-relative,White,Male,6337,0,46,United-States,<=50K
59,Private,443822,11th,7,Never-married,Exec-managerial,Other-relative,White,Male,0,0,52,United-States,<=50K
26,Self-emp-inc,299196,HS-grad,9,Never-married,Protective-serv,Unmarried,White,Male,0,0,34,United-States,<=50K
59,Private,387623,Masters,14,Married-civ-spouse,Exec-managerial,Other-relative,White,Male,0,0,27,United-States,>50K
29,Self-emp-not-inc,88522,Some-college,10,Married-civ-spouse,Sales,Unmarried,White,Male,0,0,51,United-States,<=50K
19,Private,380595,HS-grad,9,Divorced,Tech-support,Not-in-family,White,Male,0,0,54,United-States,<=50K
41,Private,236383,10th,6,Married-civ-spouse,Prof-specialty,Not-in-family,White,Male,0,0,41,United-States,<=50K
33,Self-emp-not-inc,453386,HS-grad,9,Never-married,Tech-support,Not-in-family,White,Male,0,0,60,United-States,<=50K
27,Private,161564,Bachelors,13,Married-civ-spouse,Exec-managerial,Not-in-family,White,Male,0,683,50,India,<=50K
39,Private,131527,Some-college,10,Married-civ-spouse,Protective-serv,Own-child,White,Male,0,0,41,United-States,<=50K
63,Private,322180,HS-grad,9,Widowed,Exec-managerial,Wife,White,Male,0,0,52,United-States,<=50K
48,Federal-gov,434508,HS-grad,9,Married-civ-spouse,Prof-specialty,Other-relative,Other,Male,0,0,52,United-States,<=50K
55,State-gov,74470,Bachelors,13,Married-civ-spouse,Other-service,Wife,White,Male,0,0,48,United-States,>50K
25,Private,460313,HS-grad,9,Never-married,Other-service,Unmarried,Black,Male,5909,0,47,United-States,<=50K
21,Private,295263,Doctorate,16,Widowed,Transportation,Other-relative,White,Male,3662,0,54,United-States,<=50K
35,Private,354222,Bachelors,13,Married-civ-spouse,Transportation,Unmarried,White,Male,0,0,38,Canada,<=50K
58,Private,429258,HS-grad,9,Never-married,Craft-repair,Not-in-family,White,Male,0,0,41,United-States,<=50K
64,Private,215265,HS-grad,9,Married-civ-spouse,Other-service,Not-in-family,White,Male,0,0,31,Mexico,<=50K
23,Local-gov,444314,HS-grad,9,Married-civ-spouse,Sales,Own-child,White,Male,3960,0,34,United-States,<=50K
42,Private,455782,Doctorate,16,Never-married,Machine-op-inspct,Other-relative,White,Male,0,0,47,United-States,<=50K
38,Private,372553,Bachelors,13,Married-civ-spouse,Tech-support,Not-in-family,White,Male,0,0,53,United-States,<=50K
56,Private,37159,HS-grad,9,Married-civ-spouse,Machine-op-inspct,Own-child,White,Male,0,0,29,United-States,<=50K
28,Private,297947,Bachelors,13,Never-married,Tech-support,Husband,White,Male,0,0,60,United-States,<=50K
43,Private,156251,Some-college,10,Widowed,Transportation,Husband,Black,Male,0,0,35,Germany,<=50K
62,Private,63960,Bachelors,13,Widowed,Tech-support,Wife,White,Female,0,0,48,India,<=50K
42,Private,66020,HS-grad,9,Never-married,Transportation,Other-relative,White,Female,0,0,26,United-States,<=50K
58,Private,451303,HS-grad,9,Married-civ-spouse,Handlers-cleaners,Unmarried,Other,Male,0,0,51,Germany,<=50K
50,Private,204143,Some-college,10,Separated,Machine-op-inspct,Unmarried,Other,Female,0,0,43,United-States,>50K
49,Private,68096,Bachelors,13,Married-civ-spouse,Handlers-cleaners,Not-in-family,White,Female,4877,0,45,United-States,<=50K
31,Local-gov,375711,Bachelors,13,Widowed,Exec-managerial,Unmarried,White,Female,0,0,26,United-States,<=50K
69,Private,324077,HS-grad,9,Never-married,Protective-serv,Husband,White,Male,0,0,43,United-States,<=50K
30,Private,212777,HS-grad,9,Married-civ-spouse,Protective-serv,Unmarried,White,Female,0,0,52,United-States,<=50K
66,Local-gov,273163,Bachelors,13,Married-civ-spouse,Tech-support,Unmarried,Other,Male,0,0,30,India,<=50K
69,Private,288096,HS-grad,9,Married-civ-spouse,Transportation,Own-child,White,Male,0,0,39,Canada,<=50K
44,Private,466044,Bachelors,13,Married-civ-spouse,Machine-op-inspct,Husband,White,Male,0,0,42,United-States,<=50K
63,Federal-gov,218363,Some-college,10,Never-married,Exec-managerial,Other-relative,Asian-Pac-Islander,Male,0,0,49,United-States,<=50K
55,Private,35473,HS-grad,9,Never-married,Other-service,Husband,White,Male,0,0,48,United-States,<=50K
56,State-gov,35858,Some-college,10,Never-married,Protective-serv,Not-in-family,Other,Male,0,0,38,United-States,<=50K
21,Private,355259,HS-grad,9,Never-married,Handlers-cleaners,Wife,White,Male,0,0,39,United-States,>50K
25,Private,50547,Bachelors,13,Never-married,Craft-repair,Not-in-family,White,Male,0,0,51,United-States,<=50K
21,Private,473276,HS-grad,9,Married-civ-spouse,Handlers-cleaners,Unmarried,Amer-Indian-Eskimo,Male,0,0,20,United-States,<=50K
19,Private,41561,Some-college,10,Never-married,Prof-specialty,Husband,White,Male,8931,0,56,United-States,<=50K
61,Private,332141,Some-college,10,Never-married,Machine-op-inspct,Husband,White,Male,0,0,35,United-States,<=50K
27,Private,408652,HS-grad,9,Never-married,Craft-repair,Not-in-family,White,Male,0,0,39,India,<=50K
18,Private,88063,Bachelors,13,Divorced,Craft-repair,Other-relative,White,Male,0,0,25,United-States,<=50K
66,Private,60000,Masters,14,Never-married,Protective-serv,Wife,White,Male,0,0,35,United-States,>50K
32,Private,497091,11th,7,Married-civ-spouse,Other-service,Husband,Black,Female,0,0,39,United-States,<=50K
60,Private,179495,HS-grad,9,Never-married,Sales,Other-relative,Other,Male,603,2793,49,United-States,<=50K
67,Private,142278,HS-grad,9,Never-married,Protective-serv,Other-relative,White,Male,0,0,54,India,<=50K
45,Private,287089,HS-grad,9,Married-civ-spouse,Other-service,Unmarried,White,Male,0,0,59,United-States,<=50K
66,Self-emp-inc,141633,Assoc-voc,11,Married-civ-spouse,Sales,Unmarried,White,Female,0,0,57,United-States,<=50K
68,Private,277021,Some-college,10,Married-civ-spouse,Sales,Other-relative,Other,Male,0,0,27,United-States,<=50K
25,Private,169351,HS-grad,9,Married-civ-spouse,Sales,Husband,White,Female,0,0,39,United-States,<=50K
25,State-gov,315352,Masters,14,Never-married,Machine-op-inspct,Wife,Other,Male,0,0,50,United-States,<=50K
37,Local-gov,62880,HS-grad,9,Never-married,Craft-repair,Not-in-family,Asian-Pac-Islander,Male,0,0,49,Mexico,<=50K
47,Private,272323,Bachelors,13,Divorced,Handlers-cleaners,Own-child,White,Male,0,0,20,United-States,>50K
58,Private,290218,Some-college,10,Never-married,Machine-op-inspct,Husband,White,Female,0,0,54,United-States,<=50K
27,Local-gov,256750,Bachelors,13,Divorced,Tech-support,Not-in-family,White,Male,0,0,60,United-States,<=50K
28,Private,151843,Masters,14,Married-civ-spouse,Prof-specialty,Other-relative,White,Male,0,0,59,United-States,>50K
33,Private,341703,Some-college,10,Never-married,Craft-repair,Other-relative,White,Male,0,0,52,United-States,<=50K
32,Private,182508,Bachelors,13,Never-married,Craft-repair,Unmarried,White,Male,0,0,46,United-States,<=50K
66,Private,160120,Some-college,10,Married-civ-spouse,Machine-op-inspct,Husband,White,Female,0,0,58,United-States,<=50K
38,Self-emp-inc,109638,HS-grad,9,Married-civ-spouse,Other-service,Unmarried,Black,Female,0,0,20,United-States,<=50K
63,Private,239004,Assoc-voc,11,Widowed,Prof-specialty,Not-in-family,White,Male,0,0,24,United-States,<=50K
20,Private,244542,Masters,14,Never-married,Other-service,Wife,White,Female,3255,0,47,United-States,>50K
23,Private,227318,11th,7,Widowed,Sales,Unmarried,White,Female,0,0,22,India,<=50K
59,Private,176019,Masters,14,Never-married,Protective-serv,Husband,White,Female,0,0,33,United-States,<=50K
30,Self-emp-not-inc,190244,HS-grad,9,Never-married,Protective-serv,Husband,White,Male,0,0,37,United-States,<=50K
22,Local-gov,339273,Some-college,10,Married-civ-spouse,Tech-support,Other-relative,White,Female,0,0,53,United-States,>50K
48,Private,498470,Some-college,10,Widowed,Transportation,Other-relative,White,Female,0,731,22,United-States,<=50K
25,Self-emp-inc,345713,HS-grad,9,Married-civ-spouse,Prof-specialty,Husband,Black,Female,0,0,54,United-States,<=50K
21,Private,453426,Some-college,10,Divorced,Other-service,Unmarried,White,Male,0,0,22,United-States,<=50K
39,Private,272958,Some-college,10,Married-civ-spouse,Craft-repair,Unmarried,White,Male,8028,0,51,United-States,<=50K
46,Private,344124,HS-grad,9,Divorced,Exec-managerial,Other-relative,Black,Male,0,0,23,United-States,>50K
45,Private,194169,Assoc-voc,11,Divorced,Protective-serv,Own-child,White,Male,0,0,52,United-States,<=50K
48,Private,375059,HS-grad,9,Married-civ-spouse,Tech-support,Unmarried,Other,Male,0,0,22,United-States,<=50K
19,Federal-gov,279998,Some-college,10,Married-civ-spouse,Other-service,Husband,White,Female,0,0,57,United-States,<=50K
33,Private,438826,Masters,14,Married-civ-spouse,Handlers-cleaners,Other-relative,Amer-Indian-Eskimo,Female,0,0,24,United-States,>50K
35,Private,221385,Bachelors,13,Widowed,Craft-repair,Unmarried,White,Male,0,0,38,India,<=50K
33,Local-gov,192167,HS-grad,9,Married-civ-spouse,Transportation,Not-in-family,Other,Male,0,0,35,United-States,<=50K
47,Self-emp-inc,225846,Bachelors,13,Married-civ-spouse,Other-service,Own-child,White,Female,0,0,36,Philippines,<=50K
29,Private,274271,Masters,14,Divorced,Prof-specialty,Own-child,White,Male,0,0,40,United-States,>50K
50,Private,64644,Assoc-voc,11,Married-civ-spouse,Machine-op-inspct,Husband,Black,Male,5880,0,52,Philippines,<=50K
66,Federal-gov,189815,Some-college,10,Married-civ-spouse,Handlers-cleaners,Husband,White,Female,0,0,24,United-States,<=50K
52,Private,259703,HS-grad,9,Married-civ-spouse,Protective-serv,Own-child,White,Male,0,0,21,Germany,<=50K
38,Private,448144,Bachelors,13,Married-civ-spouse,Other-service,Husband,White,Male,0,0,46,Philippines,<=50K
40,Private,304015,HS-grad,9,Married-civ-spouse,Tech-support,Not-in-family,Black,Male,0,0,20,United-States,<=50K
48,Private,311709,Masters,14,Never-married,Machine-op-inspct,Not-in-family,White,Female,0,0,44,United-States,<=50K
55,Private,176761,Bachelors,13,Divorced,Prof-specialty,Unmarried,Black,Male,0,0,24,United-States,<=50K
33,Federal-gov,289417,Masters,14,Married-civ-spouse,Machine-op-inspct,Wife,White,Male,0,0,32,United-States,<=50K
19,Private,449870,10th,6,Divorced,Handlers-cleaners,Other-relative,Other,Male,0,0,42,United-States,<=50K
54,State-gov,236686,Bachelors,13,Never-married,Transportation,Wife,Black,Male,0,2640,32,Philippines,<=50K
52,Private,384014,Assoc-voc,11,Widowed,Prof-specialty,Not-in-family,White,Male,0,0,40,United-States,<=50K
23,Private,294790,Bachelors,13,Married-civ-spouse,Protective-serv,Other-relative,White,Male,0,2526,60,United-States,<=50K
50,Private,408729,HS-grad,9,Married-civ-spouse,Protective-serv,Own-child,White,Male,7572,0,37,Mexico,<=50K
21,Private,159205,Doctorate,16,Widowed,Craft-repair,Husband,White,Female,0,0,32,United-States,<=50K
51,Private,226867,Bachelors,13,Married-civ-spouse,Sales,Other-relative,White,Female,0,0,26,United-States,<=50K
56,Self-emp-not-inc,267031,10th,6,Separated,Tech-support,Wife,White,Male,0,0,57,United-States,<=50K
18,Private,123382,HS-grad,9,Married-civ-spouse,Sales,Wife,White,Male,0,0,59,United-States,<=50K
55,Private,118908,Some-college,10,Never-married,Craft-repair,Other-relative,White,Male,0,0,28,United-States,<=50K
24,Private,305112,Assoc-voc,11,Married-civ-spouse,Transportation,Not-in-family,White,Female,4874,0,25,United-States,<=50K
31,Private,135967,HS-grad,9,Divorced,Transportation,Husband,Asian-Pac-Islander,Male,0,0,27,United-States,<=50K
54,Private,135307,Bachelors,13,Married-civ-spouse,Machine-op-inspct,Unmarried,White,Male,0,0,50,United-States,>50K
36,Private,106774,Bachelors,13,Married-civ-spouse,Exec-managerial,Not-in-family,White,Female,8506,0,55,United-States,<=50K
68,Private,377743,HS-grad,9,Never-married,Tech-support,Wife,Asian-Pac-Islander,Male,0,0,21,Germany,<=50K
67,Local-gov,114075,HS-grad,9,Married-civ-spouse,Prof-specialty,Husband,White,Male,0,0,44,United-States,<=50K
69,Federal-gov,267740,Assoc-voc,11,Divorced,Tech-support,Other-relative,White,Male,0,0,41,United-States,>50K
23,Private,249066,HS-grad,9,Widowed,Tech-support,Other-relative,Amer-Indian-Eskimo,Male,0,0,51,United-States,<=50K
27,Private,81539,Masters,14,Married-civ-spouse,Craft-repair,Other-relative,White,Female,0,0,50,United-States,<=50K
27,Private,48176,Masters,14,Never-married,Exec-managerial,Not-in-family,Black,Female,0,0,43,United-States,<=50K
48,Private,374499,Bachelors,13,Never-married,Machine-op-inspct,Unmarried,Amer-Indian-Eskimo,Male,0,0,37,United-States,<=50K
40,Federal-gov,179188,Some-college,10,Never-married,Exec-managerial,Not-in-family,White,Female,8865,0,59,United-States,<=50K
56,Private,452558,HS-grad,9,Divorced,Machine-op-inspct,Wife,Black,Male,0,0,31,United-States,<=50K
32,Local-gov,250002,Doctorate,16,Married-civ-spouse,Prof-specialty,Wife,White,Male,0,0,21,United-States,<=50K
28,Private,185964,HS-grad,9,Never-married,Transportation,Own-child,Other,Male,0,0,52,United-States,<=50K
51,State-gov,91766,HS-grad,9,Divorced,Sales,Other-relative,White,Male,0,0,26,United-States,<=50K
50,Self-emp-inc,79468,11th,7,Divorced,Sales,Husband,Black,Female,0,0,52,Mexico,<=50K
53,Self-emp-not-inc,190630,HS-grad,9,Married-civ-spouse,Tech-support,Wife,White,Male,0,0,24,Mexico,<=50K
34,State-gov,130451,HS-grad,9,Separated,Other-service,Own-child,White,Male,0,126,58,India,<=50K
45,Private,281947,10th,6,Married-civ-spouse,Tech-support,Not-in-family,Black,Male,0,0,47,United-States,<=50K
66,Private,25283,HS-grad,9,Never-married,Craft-repair,Husband,Other,Female,0,0,59,United-States,<=50K
49,Private,454720,HS-grad,9,Separated,Handlers-cleaners,Husband,White,Male,0,0,32,United-States,<=50K
66,Federal-gov,237584,Some-college,10,Never-married,Prof-specialty,Unmarried,White,Female,0,0,36,Philippines,<=50K
40,Local-gov,174846,Masters,14,Widowed,Protective-serv,Husband,Other,Male,9260,0,52,United-States,>50K
20,Private,39562,Assoc-voc,11,Married-civ-spouse,Sales,Husband,White,Male,0,0,55,United-States,<=50K
57,Self-emp-not-inc,22436,Masters,14,Separated,Protective-serv,Wife,White,Female,0,2798,25,United-States,>50K
41,Private,111426,10th,6,Never-married,Prof-specialty,Own-child,White,Male,0,0,39,United-States,<=50K
20,Private,343707,HS-grad,9,Married-civ-spouse,Handlers-cleaners,Wife,Amer-Indian-Eskimo,Male,0,0,29,United-States,<=50K
25,Private,39131,Bachelors,13,Divorced,Machine-op-inspct,Other-relative,Other,Male,0,0,34,India,<=50K
34,Private,480277,HS-grad,9,Divorced,Prof-specialty,Husband,White,Male,3938,0,22,United-States,<=50K
27,Private,68798,11th,7,Divorced,Machine-op-inspct,Husband,Black,Male,0,0,41,United-States,<=50K
53,Self-emp-inc,494473,11th,7,Never-married,Protective-serv,Husband,White,Female,0,0,60,United-States,<=50K
49,Private,183038,HS-grad,9,Married-civ-spouse,Handlers-cleaners,Not-in-family,White,Male,0,0,53,United-States,<=50K
35,Private,242223,Assoc-voc,11,Married-civ-spouse,Prof-specialty,Unmarried,White,Female,0,0,49,United-States,<=50K
22,Private,371883,Bachelors,13,Married-civ-spouse,Transportation,Husband,White,Male,8422,0,20,United-States,<=50K
22,Private,104477,HS-grad,9,Married-civ-spouse,Craft-repair,Not-in-family,White,Female,0,0,24,United-States,<=50K
67,Self-emp-not-inc,93433,Bachelors,13,Married-civ-spouse,Craft-repair,Own-child,White,Female,853,0,47,United-States,<=50K
35,Local-gov,343411,10th,6,Married-civ-spouse,Sales,Not-in-family,White,Female,0,0,46,United-States,<=50K
23,Private,263451,HS-grad,9,Never-married,Transportation,Not-in-family,White,Female,0,0,24,United-States,<=50K
54,Federal-gov,407540,HS-grad,9,Divorced,Transportation,Wife,Amer-Indian-Eskimo,Female,0,0,38,United-States,<=50K
63,Self-emp-inc,244567,10th,6,Widowed,Exec-managerial,Not-in-family,White,Female,0,0,59,United-States,<=50K
24,Federal-gov,287055,Some-college,10,Married-civ-spouse,Exec-managerial,Husband,White,Female,0,0,57,United-States,<=50K
67,Private,175605,Some-college,10,Divorced,Exec-managerial,Own-child,White,Female,0,0,47,United-States,<=50K
55,Private,188720,Masters,14,Divorced,Other-service,Unmarried,Black,Male,0,0,25,United-States,<=50K
31,Self-emp-inc,491122,Bachelors,13,Never-married,Prof-specialty,Unmarried,White,Female,0,0,30,United-States,<=50K
58,Private,180235,HS-grad,9,Married-civ-spouse,Transportation,Husband,Amer-Indian-Eskimo,Male,859,0,21,Germany,<=50K
39,Private,446372,HS-grad,9,Separated,Machine-op-inspct,Husband,White,Female,0,0,25,United-States,<=50K
51,Private,231913,Assoc-voc,11,Married-civ-spouse,Tech-support,Other-relative,White,Female,0,0,26,United-States,<=50K
24,Private,317818,Some-college,10,Never-married,Sales,Wife,White,Male,0,0,57,India,<=50K
30,Private,117934,Bachelors,13,Married-civ-spouse,Protective-serv,Not-in-family,White,Male,0,2072,58,United-States,<=50K
58,Local-gov,177538,Assoc-voc,11,Divorced,Prof-specialty,Not-in-family,White,Male,0,0,52,United-States,<=50K
59,Private,223953,HS-grad,9,Married-civ-spouse,Machine-op-inspct,Own-child,Black,Male,0,0,58,United-States,<=50K
18,Private,384064,Assoc-voc,11,Never-married,Machine-op-inspct,Wife,White,Male,0,0,43,United-States,<=50K
29,State-gov,415165,Masters,14,Never-married,Sales,Other-relative,White,Male,0,0,22,United-States,<=50K
49,Private,283293,11th,7,Divorced,Exec-managerial,Wife,White,Male,0,0,52,United-States,<=50K
65,Private,286518,HS-grad,9,Married-civ-spouse,Craft-repair,Other-relative,White,Male,0,0,41,United-States,<=50K
53,Federal-gov,39806,Some-college,10,Widowed,Machine-op-inspct,Wife,Black,Female,0,0,25,United-States,<=50K
54,State-gov,142487,Bachelors,13,Married-civ-spouse,Exec-managerial,Unmarried,White,Male,0,0,48,United-States,>50K
38,Self-emp-not-inc,446846,11th,7,Divorced,Sales,Other-relative,Amer-Indian-Eskimo,Male,0,0,30,United-States,<=50K
20,Private,355955,10th,6,Never-married,Machine-op-inspct,Not-in-family,Black,Male,0,0,20,United-States,<=50K
57,Private,429101,Some-college,10,Divorced,Handlers-cleaners,Husband,Asian-Pac-Islander,Male,0,2079,24,United-States,<=50K
59,Federal-gov,187824,Bachelors,13,Divorced,Transportation,Wife,White,Female,0,0,20,United-States,<=50K
41,Local-gov,342120,HS-grad,9,Married-civ-spouse,Craft-repair,Not-in-family,Black,Female,0,0,38,United-States,<=50K
44,Private,109832,Bachelors,13,Never-married,Transportation,Not-in-family,Other,Male,0,0,22,United-States,<=50K
30,Local-gov,364342,Assoc-voc,11,Separated,Prof-specialty,Husband,White,Female,0,0,43,United-States,<=50K
41,Private,44014,Doctorate,16,Divorced,Craft-repair,Husband,White,Female,0,0,48,Germany,>50K
30,Private,496282,Some-college,10,Married-civ-spouse,Sales,Not-in-family,Black,Male,0,0,49,United-States,<=50K
39,Private,436028,10th,6,Married-civ-spouse,Other-service,Own-child,White,Male,0,0,58,Mexico,<=50K
24,Private,333803,HS-grad,9,Separated,Other-service,Own-child,White,Male,0,0,59,United-States,<=50K
49,State-gov,289834,Some-college,10,Married-civ-spouse,Protective-serv,Not-in-family,White,Male,0,0,22,Canada,<=50K
30,Private,398527,Bachelors,13,Married-civ-spouse,Exec-managerial,Unmarried,Black,Male,0,2648,34,United-States,<=50K
55,Self-emp-not-inc,34295,Bachelors,13,Married-civ-spouse,Machine-op-inspct,Wife,White,Female,0,0,25,United-States,<=50K
44,Private,112765,Masters,14,Never-married,Transportation,Other-relative,White,Male,0,0,32,United-States,>50K
64,Self-emp-inc,257418,Bachelors,13,Divorced,Tech-support,Unmarried,White,Female,1102,0,39,United-States,<=50K
29,Private,73204,HS-grad,9,Divorced,Transportation,Unmarried,White,Male,0,0,55,United-States,<=50K
32,Local-gov,156841,HS-grad,9,Married-civ-spouse,Craft-repair,Unmarried,White,Male,0,0,38,Canada,<=50K
30,Private,286818,Bachelors,13,Never-married,Tech-support,Husband,White,Female,0,0,30,United-States,<=50K
50,Self-emp-inc,145358,Bachelors,13,Never-married,Tech-support,Husband,Black,Female,6686,0,28,United-States,>50K
23,Private,208796,Some-college,10,Never-married,Tech-support,Unmarried,Amer-Indian-Eskimo,Female,0,0,50,United-States,<=50K
53,Private,463512,Some-college,10,Widowed,Sales,Wife,Amer-Indian-Eskimo,Male,0,0,28,United-States,<=50K
60,State-gov,357308,HS-grad,9,Married-civ-spouse,Transportation,Wife,Other,Male,0,0,49,United-States,<=50K
53,Private,479263,Masters,14,Married-civ-spouse,Protective-serv,Own-child,White,Male,0,0,25,United-States,<=50K
25,Local-gov,132414,Some-college,10,Never-married,Exec-managerial,Not-in-family,White,Male,0,0,60,United-States,<=50K
43,Private,374668,Bachelors,13,Never-married,Handlers-cleaners,Husband,White,Male,0,0,30,Mexico,<=50K
45,Private,460124,Some-college,10,Married-civ-spouse,Exec-managerial,Not-in-family,White,Female,0,0,60,United-States,<=50K
38,Local-gov,139138,HS-grad,9,Never-married,Tech-support,Husband,Other,Male,0,0,54,United-States,<=50K
42,Local-gov,72227,HS-grad,9,Married-civ-spouse,Tech-support,Own-child,White,Female,6932,0,42,United-States,<=50K
57,Private,67554,HS-grad,9,Widowed,Prof-specialty,Unmarried,White,Female,0,0,38,United-States,<=50K
61,Private,485655,Bachelors,13,Married-civ-spouse,Other-service,Husband,White,Male,0,1430,31,United-States,<=50K
33,Federal-gov,46187,HS-grad,9,Divorced,Sales,Husband,White,Male,8951,0,57,United-States,<=50K
35,Private,229755,HS-grad,9,Never-married,Sales,Own-child,Black,Female,8640,0,58,Mexico,<=50K
28,State-gov,43205,10th,6,Married-civ-spouse,Sales,Wife,White,Male,0,0,54,United-States,<=50K
38,Private,157955,Some-college,10,Separated,Handlers-cleaners,Wife,White,Male,0,0,54,Philippines,<=50K
46,Private,486894,Some-college,10,Divorced,Tech-support,Own-child,Other,Male,0,0,41,United-States,<=50K
55,Self-emp-inc,98005,Some-college,10,Married-civ-spouse,Craft-repair,Wife,White,Male,0,0,41,United-States,<=50K
31,Private,103740,HS-grad,9,Married-civ-spouse,Other-service,Husband,White,Male,0,0,53,United-States,<=50K
29,Private,33569,HS-grad,9,Never-married,Machine-op-inspct,Unmarried,Black,Male,0,0,42,United-States,<=50K
19,Private,370925,Assoc-voc,11,Married-civ-spouse,Other-service,Other-relative,White,Male,0,0,26,United-States,<=50K
22,State-gov,119934,Some-college,10,Never-married,Other-service,Own-child,White,Female,0,0,21,United-States,<=50K
20,Private,170566,Masters,14,Never-married,Machine-op-inspct,Other-relative,White,Male,0,0,46,United-States,<=50K
28,State-gov,380936,11th,7,Married-civ-spouse,Protective-serv,Unmarried,White,Male,0,0,57,United-States,<=50K
54,Private,387067,HS-grad,9,Never-married,Protective-serv,Own-child,White,Male,0,0,58,United-States,<=50K
58,Private,254077,Bachelors,13,Never-married,Protective-serv,Husband,Black,Male,0,0,34,United-States,>50K
68,Private,411880,HS-grad,9,Never-married,Protective-serv,Wife,White,Male,0,0,45,United-States,<=50K
46,Private,299723,Some-college,10,Married-civ-spouse,Prof-specialty,Unmarried,Other,Male,0,0,44,United-States,<=50K
41,Private,146303,Assoc-voc,11,Divorced,Prof-specialty,Unmarried,White,Female,0,0,40,Germany,<=50K
64,Private,126573,HS-grad,9,Widowed,Machine-op-inspct,Other-relative,Asian-Pac-Islander,Male,0,0,44,United-States,<=50K
25,Private,182263,10th,6,Never-married,Sales,Other-relative,Amer-Indian-Eskimo,Female,0,0,46,India,<=50K
50,Self-emp-not-inc,28103,Bachelors,13,Never-married,Sales,Wife,White,Male,0,0,24,United-States,<=50K
60,Private,257697,Some-college,10,Divorced,Other-service,Not-in-family,White,Male,0,0,25,United-States,<=50K
44,Private,75452,HS-grad,9,Never-married,Transportation,Own-child,Black,Female,0,0,29,United-States,<=50K
31,Private,44883,Bachelors,13,Married-civ-spouse,Tech-support,Own-child,White,Female,0,0,32,United-States,>50K
50,Private,111607,Some-college,10,Never-married,Other-service,Other-relative,Asian-Pac-Islander,Male,0,0,47,United-States,<=50K
69,Self-emp-inc,31589,HS-grad,9,Married-civ-spouse,Craft-repair,Not-in-family,White,Male,0,0,30,United-States,<=50K
30,Federal-gov,90906,Some-college,10,Never-married,Sales,Own-child,Amer-Indian-Eskimo,Male,0,0,49,Mexico,<=50K
47,Federal-gov,411421,HS-grad,9,Married-civ-spouse,Other-service,Wife,White,Female,0,0,24,United-States,<=50K
20,Private,458263,10th,6,Married-civ-spouse,Prof-specialty,Not-in-family,White,Male,0,0,43,India,<=50K
30,Private,238875,Some-college,10,Never-married,Handlers-cleaners,Own-child,White,Male,0,0,49,United-States,<=50K
57,Federal-gov,270911,Some-college,10,Married-civ-spouse,Exec-managerial,Husband,White,Male,0,2297,51,United-States,<=50K
43,State-gov,259196,Masters,14,Married-civ-spouse,Handlers-cleaners,Other-relative,White,Female,0,0,46,United-States,<=50K
28,Private,312636,Masters,14,Widowed,Sales,Own-child,White,Male,0,0,51,United-States,<=50K
35,Private,311584,Assoc-voc,11,Married-civ-spouse,Machine-op-inspct,Own-child,Black,Male,0,0,55,United-States,<=50K
24,Self-emp-inc,166776,11th,7,Never-married,Craft-repair,Unmarried,White,Female,0,0,43,United-States,<=50K
58,State-gov,177878,HS-grad,9,Married-civ-spouse,Protective-serv,Other-relative,White,Female,0,0,48,United-States,<=50K
67,Private,354669,Some-college,10,Never-married,Machine-op-inspct,Husband,Asian-Pac-Islander,Male,0,0,28,India,<=50K
23,Private,385941,Bachelors,13,Divorced,Protective-serv,Other-relative,Asian-Pac-Islander,Male,0,0,53,United-States,<=50K
30,Federal-gov,124847,HS-grad,9,Divorced,Handlers-cleaners,Wife,Black,Male,0,0,28,United-States,<=50K
62,Self-emp-not-inc,30901,Masters,14,Never-married,Protective-serv,Other-relative,White,Male,0,0,25,United-States,>50K
63,Private,24178,HS-grad,9,Married-civ-spouse,Prof-specialty,Own-child,Asian-Pac-Islander,Female,0,0,24,United-States,<=50K
57,Private,81159,11th,7,Married-civ-spouse,Protective-serv,Not-in-family,White,Male,0,0,22,United-States,<=50K
55,Private,202724,Masters,14,Never-married,Sales,Other-relative,White,Male,0,0,53,United-States,>50K
62,Self-emp-not-inc,465373,Bachelors,13,Married-civ-spouse,Other-service,Wife,Asian-Pac-Islander,Female,0,0,35,United-States,>50K
37,Self-emp-inc,303829,Some-college,10,Married-civ-spouse,Handlers-cleaners,Husband,White,Male,0,0,26,Mexico,<=50K
64,Private,440643,10th,6,Married-civ-spouse,Handlers-cleaners,Other-relative,White,Female,0,0,25,United-States,<=50K
64,Private,450953,Masters,14,Married-civ-spouse,Handlers-cleaners,Husband,White,Male,0,0,42,United-States,>50K
29,Self-emp-not-inc,56781,Doctorate,16,Married-civ-spouse,Machine-op-inspct,Other-relative,White,Male,0,0,51,United-States,>50K
21,Private,91042,Assoc-voc,11,Married-civ-spouse,Other-service,Own-child,White,Male,0,0,22,United-States,<=50K
45,Private,286024,HS-grad,9,Married-civ-spouse,Other-service,Husband,Black,Male,0,0,37,United-States,<=50K
57,Private,458220,HS-grad,9,Married-civ-spouse,Sales,Other-relative,Asian-Pac-Islander,Female,0,0,37,Philippines,<=50K
62,Private,371930,HS-grad,9,Married-civ-spouse,Prof-specialty,Unmarried,Other,Female,0,0,58,United-States,<=50K
25,Self-emp-inc,229330,Bachelors,13,Married-civ-spouse,Other-service,Husband,White,Male,0,0,20,United-States,<=50K
37,Private,143446,Bachelors,13,Never-married,Machine-op-inspct,Unmarried,White,Male,0,0,23,Germany,<=50K
57,Self-emp-inc,151979,Some-college,10,Married-civ-spouse,Tech-support,Own-child,Black,Male,0,0,29,United-States,<=50K
21,Private,27658,10th,6,Married-civ-spouse,Handlers-cleaners,Other-relative,White,Female,0,0,58,United-States,<=50K
55,Private,317727,HS-grad,9,Never-married,Exec-managerial,Wife,White,Male,0,0,21,Canada,<=50K
33,Local-gov,336661,Masters,14,Never-married,Sales,Husband,White,Male,0,0,49,United-States,<=50K
19,Private,266920,Some-college,10,Married-civ-spouse,Exec-managerial,Unmarried,White,Male,9002,0,38,United-States,<=50K
30,Federal-gov,391879,Some-college,10,Never-married,Exec-managerial,Not-in-family,White,Male,0,0,52,United-States,<=50K
56,Private,369183,HS-grad,9,Married-civ-spouse,Prof-specialty,Wife,White,Male,0,0,29,United-States,<=50K
63,State-gov,371483,Masters,14,Married-civ-spouse,Sales,Own-child,White,Female,0,0,40,India,<=50K
22,Private,47778,Masters,14,Married-civ-spouse,Sales,Other-relative,White,Female,0,0,39,United-States,>50K
42,Private,101359,Some-college,10,Widowed,Sales,Wife,White,Female,0,0,34,Mexico,<=50K
28,Private,439310,Some-college,10,Divorced,Craft-repair,Other-relative,White,Male,0,0,33,United-States,<=50K
53,Private,292067,Bachelors,13,Widowed,Other-service,Husband,White,Male,0,0,49,Mexico,>50K
58,Private,83769,Some-college,10,Widowed,Exec-managerial,Unmarried,Asian-Pac-Islander,Female,0,0,26,United-States,<=50K
68,Private,129271,Bachelors,13,Never-married,Tech-support,Other-relative,White,Male,0,0,60,United-States,<=50K
36,Private,471853,Some-college,10,Never-married,Exec-managerial,Own-child,Black,Female,0,141,56,United-States,<=50K
33,Private,314952,Assoc-voc,11,Never-married,Exec-managerial,Not-in-family,White,Male,0,0,21,United-States,<=50K
34,Self-emp-not-inc,237904,Masters,14,Never-married,Tech-support,Wife,White,Female,0,0,56,United-States,<=50K
57,Private,251425,HS-grad,9,Divorced,Exec-managerial,Own-child,Asian-Pac-Islander,Female,0,0,44,United-States,<=50K
41,Private,302439,Doctorate,16,Separated,Protective-serv,Own-child,White,Male,0,0,57,United-States,>50K
19,State-gov,293624,Some-college,10,Married-civ-spouse,Machine-op-inspct,Own-child,White,Female,0,0,30,United-States,<=50K
67,Private,300117,11th,7,Separated,Sales,Other-relative,White,Male,0,0,54,United-States,<=50K
23,Private,171036,Bachelors,13,Married-civ-spouse,Prof-specialty,Own-child,White,Male,0,0,36,Germany,<=50K
66,Private,51123,HS-grad,9,Married-civ-spouse,Tech-support,Husband,Asian-Pac-Islander,Male,0,2943,39,United-States,<=50K
26,Private,272951,Masters,14,Never-married,Sales,Own-child,Other,Female,0,0,43,United-States,<=50K
45,Private,296024,HS-grad,9,Widowed,Protective-serv,Husband,White,Male,0,0,51,United-States,<=50K
34,Local-gov,267381,Assoc-voc,11,Married-civ-spouse,Exec-managerial,Own-child,White,Male,0,0,28,United-States,<=50K
53,Private,488120,11th,7,Married-civ-spouse,Handlers-cleaners,Other-relative,White,Male,0,0,21,United-States,<=50K
38,State-gov,102406,Bachelors,13,Never-married,Machine-op-inspct,Husband,White,Female,0,0,20,United-States,<=50K
37,Self-emp-not-inc,377883,Bachelors,13,Divorced,Handlers-cleaners,Husband,White,Female,0,0,56,United-States,<=50K
42,State-gov,29146,Bachelors,13,Divorced,Exec-managerial,Own-child,White,Female,0,0,22,Germany,<=50K
68,Private,175808,Some-college,10,Married-civ-spouse,Tech-support,Own-child,Asian-Pac-Islander,Male,0,0,22,United-States,<=50K
30,Private,336404,HS-grad,9,Widowed,Prof-specialty,Husband,Asian-Pac-Islander,Female,0,0,21,Mexico,<=50K
29,Self-emp-not-inc,256856,11th,7,Married-civ-spouse,Handlers-cleaners,Wife,White,Male,0,0,33,United-States,<=50K
21,Self-emp-not-inc,137021,Some-college,10,Widowed,Craft-repair,Other-relative,White,Female,0,0,21,Mexico,<=50K
56,Private,250286,Some-college,10,Married-civ-spouse,Handlers-cleaners,Not-in-family,Other,Female,0,0,39,United-States,<=50K
53,Private,274825,HS-grad,9,Married-civ-spouse,Tech-support,Not-in-family,White,Male,0,0,26,United-States,<=50K
49,Private,71860,10th,6,Separated,Protective-serv,Husband,White,Male,0,0,31,United-States,<=50K
19,Private,28599,11th,7,Divorced,Handlers-cleaners,Other-relative,White,Male,0,0,38,United-States,<=50K
59,Local-gov,130248,Some-college,10,Never-married,Other-service,Not-in-family,White,Male,0,0,39,United-States,<=50K
60,Self-emp-not-inc,148309,HS-grad,9,Divorced,Other-service,Own-child,White,Male,0,0,38,United-States,<=50K
67,Private,274148,Doctorate,16,Married-civ-spouse,Transportation,Not-in-family,White,Male,0,0,23,Germany,<=50K
66,Private,39425,Some-college,10,Never-married,Sales,Husband,White,Male,0,0,20,United-States,<=50K
31,Private,204793,10th,6,Married-civ-spouse,Protective-serv,Other-relative,Black,Male,0,0,51,United-States,<=50K
54,Federal-gov,161343,Assoc-voc,11,Married-civ-spouse,Craft-repair,Wife,White,Male,2581,0,21,Mexico,<=50K
38,Local-gov,314180,Masters,14,Married-civ-spouse,Protective-serv,Husband,Black,Male,0,0,36,Mexico,<=50K
48,Private,370388,HS-grad,9,Married-civ-spouse,Prof-specialty,Wife,White,Female,0,0,30,Canada,<=50K
35,Private,373106,Bachelors,13,Never-married,Prof-specialty,Own-child,White,Male,0,0,21,United-States,<=50K
52,State-gov,321032,10th,6,Never-married,Machine-op-inspct,Own-child,Other,Male,0,0,22,United-States,<=50K
67,Private,261008,Some-college,10,Married-civ-spouse,Exec-managerial,Wife,White,Female,0,0,24,United-States,<=50K
51,Local-gov,98954,Assoc-voc,11,Never-married,Protective-serv,Other-relative,White,Male,0,0,28,United-States,<=50K
65,Private,314361,Some-college,10,Married-civ-spouse,Exec-managerial,Wife,White,Female,0,0,51,United-States,<=50K
66,Private,78209,10th,6,Married-civ-spouse,Transportation,Husband,White,Female,0,0,21,United-States,<=50K
24,Self-emp-not-inc,223411,Bachelors,13,Never-married,Prof-specialty,Wife,White,Female,0,0,53,Philippines,<=50K
68,Private,76660,HS-grad,9,Never-married,Other-service,Own-child,Asian-Pac-Islander,Male,0,0,23,United-States,<=50K
60,Federal-gov,150406,Some-college,10,Married-civ-spouse,Transportation,Husband,Asian-Pac-Islander,Male,0,0,27,United-States,<=50K
40,Self-emp-not-inc,427767,HS-grad,9,Divorced,Sales,Husband,White,Male,0,1458,47,United-States,<=50K
49,Private,24548,Some-college,10,Widowed,Handlers-cleaners,Husband,White,Female,0,2550,58,United-States,<=50K
50,Private,156658,11th,7,Married-civ-spouse,Handlers-cleaners,Own-child,White,Female,0,0,25,United-States,<=50K
58,Self-emp-inc,61836,HS-grad,9,Never-married,Prof-specialty,Unmarried,White,Male,0,0,47,United-States,<=50K
59,State-gov,497737,11th,7,Married-civ-spouse,Exec-managerial,Not-in-family,White,Male,0,0,38,Philippines,<=50K
23,Private,438975,HS-grad,9,Married-civ-spouse,Other-service,Husband,White,Male,0,0,52,United-States,<=50K
18,Self-emp-inc,286297,Bachelors,13,Married-civ-spouse,Transportation,Husband,White,Female,0,161,53,United-States,<=50K
30,Private,102188,10th,6,Married-civ-spouse,Other-service,Husband,White,Male,0,0,49,United-States,<=50K
45,Local-gov,499432,Bachelors,13,Married-civ-spouse,Protective-serv,Husband,White,Male,0,0,22,United-States,<=50K
62,Self-emp-not-inc,58912,Assoc-voc,11,Never-married,Transportation,Not-in-family,White,Male,0,0,32,United-States,<=50K
51,Private,135557,10th,6,Separated,Craft-repair,Other-relative,White,Male,0,0,31,United-States,<=50K
25,Self-emp-not-inc,287673,Bachelors,13,Married-civ-spouse,Craft-repair,Own-child,Amer-Indian-Eskimo,Male,0,0,49,United-States,<=50K
55,Self-emp-not-inc,475457,Masters,14,Married-civ-spouse,Handlers-cleaners,Own-child,Black,Male,0,0,45,United-States,>50K
42,Self-emp-not-inc,91697,HS-grad,9,Separated,Handlers-cleaners,Not-in-family,White,Male,0,1357,40,United-States,<=50K
37,Private,462913,Some-college,10,Married-civ-spouse,Sales,Own-child,White,Female,0,0,27,United-States,<=50K
58,Self-emp-not-inc,124223,HS-grad,9,Never-married,Other-service,Other-relative,White,Male,0,0,25,Philippines,<=50K
33,Federal-gov,101967,Assoc-voc,11,Never-married,Protective-serv,Other-relative,White,Male,0,0,41,United-States,<=50K
50,Private,485377,Bachelors,13,Married-civ-spouse,Prof-specialty,Unmarried,White,Female,0,0,60,Germany,>50K
27,Private,493349,Bachelors,13,Married-civ-spouse,Other-service,Husband,White,Female,5004,0,48,United-States,>50K
37,Local-gov,82592,11th,7,Married-civ-spouse,Other-service,Own-child,White,Male,0,0,26,United-States,<=50K
47,Private,188021,HS-grad,9,Never-married,Prof-specialty,Unmarried,White,Female,0,0,58,United-States,<=50K
50,Private,209456,11th,7,Never-married,Other-service,Other-relative,Asian-Pac-Islander,Male,0,0,31,United-States,<=50K
65,Local-gov,90817,HS-grad,9,Married-civ-spouse,Prof-specialty,Other-relative,White,Male,0,0,59,United-States,<=50K
33,Private,464197,Some-college,10,Married-civ-spouse,Protective-serv,Own-child,White,Female,0,0,52,United-States,<=50K
64,Federal-gov,195052,Bachelors,13,Married-civ-spouse,Other-service,Own-child,Asian-Pac-Islander,Male,0,0,26,United-States,<=50K
60,Private,406817,Some-college,10,Married-civ-spouse,Prof-specialty,Other-relative,White,Male,0,0,22,United-States,<=50K
36,Private,59173,Bachelors,13,Married-civ-spouse,Handlers-cleaners,Own-child,Other,Male,0,0,55,United-States,<=50K
25,State-gov,206328,Masters,14,Married-civ-spouse,Prof-specialty,Own-child,Asian-Pac-Islander,Male,0,0,20,United-States,<=50K
31,Self-emp-inc,306742,Assoc-voc,11,Married-civ-spouse,Craft-repair,Own-child,White,Male,2596,0,22,United-States,<=50K
52,Private,111260,HS-grad,9,Married-civ-spouse,Machine-op-inspct,Husband,White,Female,0,2944,39,United-States,<=50K
59,Local-gov,307843,HS-grad,9,Never-married,Exec-managerial,Other-relative,Black,Male,0,0,38,United-States,<=50K
49,State-gov,226049,HS-grad,9,Married-civ-spouse,Machine-op-inspct,Unmarried,White,Female,0,0,37,United-States,<=50K
55,Federal-gov,179381,Some-college,10,Never-married,Tech-support,Husband,White,Male,0,0,39,United-States,<=50K
23,Private,210277,HS-grad,9,Married-civ-spouse,Machine-op-inspct,Own-child,White,Male,0,0,29,United-States,<=50K
44,Private,170761,Some-college,10,Married-civ-spouse,Protective-serv,Other-relative,Black,Female,0,0,23,United-States,<=50K
63,Self-emp-not-inc,154221,Assoc-voc,11,Married-civ-spouse,Tech-support,Husband,White,Male,0,0,36,United-States,<=50K
38,Local-gov,37248,11th,7,Divorced,Exec-managerial,Wife,Black,Female,0,0,32,United-States,<=50K
64,Private,282209,Assoc-voc,11,Married-civ-spouse,Exec-managerial,Unmarried,White,Male,0,0,36,United-States,<=50K
24,Private,339607,HS-grad,9,Never-married,Prof-specialty,Other-relative,White,Female,6618,0,51,United-States,<=50K
68,Private,468507,Bachelors,13,Separated,Protective-serv,Unmarried,Black,Male,0,0,20,Philippines,<=50K
58,Private,140268,HS-grad,9,Married-civ-spouse,Protective-serv,Unmarried,White,Male,0,0,28,United-States,<=50K
50,Private,229510,Some-college,10,Married-civ-spouse,Handlers-cleaners,Other-relative,White,Male,0,0,57,United-States,<=50K
50,Private,247177,Some-college,10,Never-married,Machine-op-inspct,Wife,White,Female,0,0,45,Mexico,<=50K
66,Private,330244,11th,7,Married-civ-spouse,Sales,Unmarried,White,Male,0,0,40,United-States,<=50K
37,Private,263004,Bachelors,13,Married-civ-spouse,Handlers-cleaners,Own-child,White,Female,0,0,59,United-States,<=50K
26,Private,238955,HS-grad,9,Divorced,Exec-managerial,Not-in-family,White,Male,0,0,36,India,<=50K
65,Local-gov,398062,Bachelors,13,Married-civ-spouse,Transportation,Not-in-family,Asian-Pac-Islander,Female,0,0,22,United-States,<=50K
23,Private,86857,11th,7,Married-civ-spouse,Exec-managerial,Not-in-family,White,Female,0,0,58,United-States,<=50K
52,Private,323931,HS-grad,9,Married-civ-spouse,Sales,Not-in-family,White,Female,0,2845,20,United-States,<=50K
31,Private,111760,Assoc-voc,11,Divorced,Machine-op-inspct,Other-relative,Amer-Indian-Eskimo,Male,0,0,52,United-States,<=50K
66,Private,485920,HS-grad,9,Never-married,Machine-op-inspct,Husband,Black,Female,0,0,30,United-States,<=50K
68,Private,347732,HS-grad,9,Married-civ-spouse,Craft-repair,Own-child,White,Male,0,0,51,United-States,<=50K
42,State-gov,323387,Assoc-voc,11,Never-married,Tech-support,Not-in-family,White,Male,0,0,23,United-States,>50K
45,Private,438386,HS-grad,9,Never-married,Machine-op-inspct,Not-in-family,Black,Male,0,0,32,United-States,<=50K
41,Private,191466,Masters,14,Married-civ-spouse,Craft-repair,Other-relative,Amer-Indian-Eskimo,Female,8544,0,23,United-States,<=50K
40,Federal-gov,67474,HS-grad,9,Divorced,Exec-managerial,Own-child,Asian-Pac-Islander,Male,0,0,44,United-States,<=50K
66,Local-gov,437501,Bachelors,13,Divorced,Exec-managerial,Unmarried,White,Female,0,0,36,United-States,>50K
32,Private,464861,Bachelors,13,Married-civ-spouse,Exec-managerial,Husband,White,Male,0,0,29,United-States,<=50K
67,Private,267626,Assoc-voc,11,Never-married,Exec-managerial,Other-relative,Black,Male,0,0,46,United-States,>50K
51,Private,234433,Assoc-voc,11,Never-married,Handlers-cleaners,Wife,Black,Male,0,0,20,United-States,<=50K
67,Private,110076,Bachelors,13,Never-married,Prof-specialty,Not-in-family,White,Male,0,0,50,United-States,<=50K
49,Private,134202,Some-college,10,Married-civ-spouse,Transportation,Husband,White,Female,0,0,23,United-States,<=50K
60,Self-emp-not-inc,291242,HS-grad,9,Married-civ-spouse,Exec-managerial,Wife,White,Female,0,0,24,United-States,<=50K
43,Private,100326,Bachelors,13,Married-civ-spouse,Exec-managerial,Own-child,White,Male,0,0,31,United-States,<=50K
42,Private,78932,Some-college,10,Never-married,Protective-serv,Husband,White,Male,0,0,43,United-States,<=50K
31,Self-emp-not-inc,152112,HS-grad,9,Never-married,Other-service,Wife,White,Female,0,0,54,Philippines,<=50K
28,Private,185737,11th,7,Never-married,Handlers-cleaners,Not-in-family,White,Male,0,0,49,United-States,<=50K
19,Private,136444,Some-college,10,Married-civ-spouse,Handlers-cleaners,Husband,White,Male,0,0,33,United-States,<=50K
37,Federal-gov,34644,HS-grad,9,Never-married,Craft-repair,Not-in-family,White,Female,0,0,45,United-States,<=50K
69,Private,176102,Assoc-voc,11,Never-married,Craft-repair,Own-child,White,Male,0,0,53,United-States,<=50K
66,Private,57574,Bachelors,13,Married-civ-spouse,Sales,Unmarried,Other,Male,0,0,39,United-States,>50K
53,Private,380344,Masters,14,Never-married,Craft-repair,Not-in-family,White,Male,0,0,50,United-States,<=50K
36,Private,124884,HS-grad,9,Married-civ-spouse,Tech-support,Own-child,White,Male,0,0,38,United-States,<=50K
45,Private,32534,Some-college,10,Divorced,Transportation,Other-relative,White,Male,0,0,37,United-States,<=50K
57,Private,318547,Bachelors,13,Married-civ-spouse,Craft-repair,Wife,Black,Male,1473,0,51,United-States,<=50K
18,Private,204440,HS-grad,9,Never-married,Sales,Not-in-family,White,Female,0,0,52,United-States,<=50K
65,Private,256758,Bachelors,13,Never-married,Handlers-cleaners,Wife,White,Female,0,0,29,Philippines,>50K
63,Private,317740,HS-grad,9,Never-married,Sales,Own-child,White,Female,0,0,24,Philippines,<=50K
68,Federal-gov,227830,HS-grad,9,Separated,Tech-support,Own-child,White,Female,0,0,27,United-States,<=50K
22,State-gov,68663,HS-grad,9,Married-civ-spouse,Other-service,Not-in-family,White,Male,0,0,57,India,<=50K
67,Private,294189,HS-grad,9,Married-civ-spouse,Other-service,Wife,White,Male,0,0,22,United-States,<=50K
49,Private,289202,HS-grad,9,Married-civ-spouse,Prof-specialty,Not-in-family,White,Male,0,0,53,United-States,<=50K
46,Self-emp-inc,113824,Masters,14,Never-married,Exec-managerial,Wife,White,Male,0,1828,36,United-States,<=50K
27,Private,379018,Bachelors,13,Married-civ-spouse,Tech-support,Wife,White,Male,0,0,55,United-States,<=50K
43,Private,347495,HS-grad,9,Never-married,Other-service,Husband,Other,Male,0,0,47,United-States,<=50K
36,State-gov,344281,Bachelors,13,Divorced,Exec-managerial,Own-child,White,Male,0,0,49,United-States,<=50K
69,Private,281210,HS-grad,9,Married-civ-spouse,Prof-specialty,Own-child,Black,Male,0,0,41,United-States,<=50K
35,Private,325050,Some-college,10,Never-married,Exec-managerial,Other-relative,Other,Female,0,0,37,United-States,<=50K
29,Private,86938,Assoc-voc,11,Married-civ-spouse,Handlers-cleaners,Own-child,White,Female,0,0,23,United-States,<=50K
67,Private,77049,Masters,14,Never-married,Exec-managerial,Not-in-family,White,Male,0,0,32,United-States,>50K
27,Private,285965,Bachelors,13,Never-married,Machine-op-inspct,Unmarried,White,Male,0,0,60,United-States,<=50K
65,Private,383262,HS-grad,9,Never-married,Prof-specialty,Not-in-family,White,Male,0,0,37,United-States,<=50K
68,Self-emp-not-inc,74121,HS-grad,9,Never-married,Exec-managerial,Unmarried,White,Female,0,0,35,United-States,<=50K
33,Private,317355,Masters,14,Never-married,Tech-support,Not-in-family,White,Male,0,0,60,United-States,>50K
53,State-gov,343656,Bachelors,13,Separated,Protective-serv,Wife,White,Male,0,0,20,United-States,<=50K
59,Private,499524,Bachelors,13,Married-civ-spouse,Transportation,Own-child,White,Male,0,0,45,United-States,>50K
45,Private,128436,10th,6,Married-civ-spouse,Transportation,Other-relative,White,Female,0,0,44,India,<=50K
54,Private,396840,Some-college,10,Never-married,Machine-op-inspct,Husband,White,Male,0,0,48,India,<=50K
24,Private,43462,Doctorate,16,Never-married,Other-service,Own-child,White,Male,0,327,20,United-States,<=50K
44,Private,392350,Bachelors,13,Never-married,Exec-managerial,Not-in-family,White,Female,0,0,53,United-States,>50K
44,Private,110020,HS-grad,9,Never-married,Machine-op-inspct,Unmarried,White,Male,0,0,56,United-States,<=50K
47,Private,240417,HS-grad,9,Married-civ-spouse,Machine-op-inspct,Unmarried,Other,Male,0,0,46,Philippines,<=50K
67,Private,251812,Bachelors,13,Never-married,Protective-serv,Not-in-family,White,Male,0,0,44,United-States,<=50K
60,Private,473339,HS-grad,9,Never-married,Tech-support,Wife,Asian-Pac-Islander,Male,0,0,41,United-States,<=50K
49,Private,361571,Bachelors,13,Married-civ-spouse,Machine-op-inspct,Wife,Amer-Indian-Eskimo,Female,0,0,33,United-States,<=50K
38,Private,255868,Bachelors,13,Widowed,Prof-specialty,Not-in-family,White,Male,0,0,57,India,<=50K
39,Private,197954,Some-college,10,Never-married,Tech-support,Wife,White,Female,0,0,33,United-States,<=50K
19,Federal-gov,490336,Bachelors,13,Married-civ-spouse,Prof-specialty,Other-relative,Asian-Pac-Islander,Female,0,2644,52,Canada,<=50K
46,Self-emp-not-inc,195431,Bachelors,13,Married-civ-spouse,Machine-op-inspct,Unmarried,White,Female,0,0,24,United-States,<=50K
31,Private,424438,Some-college,10,Married-civ-spouse,Handlers-cleaners,Wife,White,Male,0,0,25,United-States,<=50K
64,Private,230893,Assoc-voc,11,Married-civ-spouse,Machine-op-inspct,Unmarried,White,Male,0,0,37,United-States,<=50K
58,Private,115019,HS-grad,9,Married-civ-spouse,Other-service,Husband,White,Female,0,0,20,United-States,<=50K
65,Private,435891,10th,6,Separated,Protective-serv,Own-child,Black,Male,0,1603,40,United-States,<=50K
69,Private,65280,HS-grad,9,Never-married,Protective-serv,Own-child,White,Female,0,0,43,United-States,<=50K
38,Private,404284,HS-grad,9,Married-civ-spouse,Craft-repair,Not-in-family,White,Male,0,0,26,United-States,<=50K
40,State-gov,402321,Bachelors,13,Married-civ-spouse,Transportation,Own-child,White,Male,0,0,44,India,>50K
49,Self-emp-inc,464820,HS-grad,9,Separated,Craft-repair,Not-in-family,White,Female,0,0,47,Mexico,<=50K
40,Private,498043,HS-grad,9,Married-civ-spouse,Machine-op-inspct,Husband,White,Female,0,0,27,United-States,<=50K
32,Private,397086,HS-grad,9,Widowed,Machine-op-inspct,Other-relative,Asian-Pac-Islander,Male,0,0,33,Philippines,<=50K
54,Private,36408,Masters,14,Married-civ-spouse,Handlers-cleaners,Unmarried,White,Female,0,0,53,United-States,<=50K
41,Private,233725,Bachelors,13,Married-civ-spouse,Protective-serv,Own-child,White,Male,0,0,22,United-States,>50K
66,Private,415868,HS-grad,9,Divorced,Tech-support,Unmarried,White,Male,0,0,47,United-States,<=50K
29,Private,294527,Some-college,10,Married-civ-spouse,Handlers-cleaners,Husband,White,Male,0,0,30,United-States,<=50K
41,Private,262051,HS-grad,9,Married-civ-spouse,Sales,Other-relative,Asian-Pac-Islander,Female,0,0,49,United-States,<=50K
45,Private,284822,10th,6,Divorced,Exec-managerial,Wife,White,Female,0,0,21,United-States,<=50K
65,Private,128980,HS-grad,9,Never-married,Transportation,Other-relative,White,Female,0,0,53,United-States,<=50K
48,Private,494484,Bachelors,13,Separated,Other-service,Not-in-family,Other,Male,0,0,57,India,<=50K
21,State-gov,102560,Some-college,10,Divorced,Protective-serv,Husband,White,Female,0,216,44,United-States,<=50K
35,Private,373991,Bachelors,13,Married-civ-spouse,Machine-op-inspct,Own-child,Black,Male,0,0,38,United-States,<=50K
64,Private,53412,11th,7,Never-married,Prof-specialty,Own-child,Amer-Indian-Eskimo,Male,0,0,48,Germany,<=50K
32,Private,276076,Some-college,10,Never-married,Machine-op-inspct,Other-relative,Black,Female,0,0,59,Germany,<=50K
35,Private,493086,Masters,14,Never-married,Machine-op-inspct,Husband,White,Male,0,0,47,United-States,>50K
25,Private,329907,Some-college,10,Never-married,Prof-specialty,Unmarried,White,Male,0,0,45,United-States,<=50K
55,Private,410579,Bachelors,13,Married-civ-spouse,Tech-support,Husband,White,Male,0,0,40,United-States,<=50K
25,Private,479907,Some-college,10,Divorced,Machine-op-inspct,Wife,White,Female,0,0,21,United-States,<=50K
37,Private,300819,HS-grad,9,Married-civ-spouse,Machine-op-inspct,Husband,White,Male,0,0,25,United-States,<=50K
54,Private,111622,HS-grad,9,Married-civ-spouse,Sales,Unmarried,White,Female,0,0,27,Canada,<=50K
64,Private,350157,HS-grad,9,Widowed,Transportation,Not-in-family,Other,Female,0,0,22,United-States,<=50K
29,Private,472541,11th,7,Divorced,Other-service,Other-relative,White,Male,0,0,41,United-States,<=50K
35,Private,359230,Masters,14,Married-civ-spouse,Craft-repair,Other-relative,White,Female,0,0,36,Philippines,<=50K
24,State-gov,189328,HS-grad,9,Married-civ-spouse,Craft-repair,Not-in-family,White,Male,0,0,20,Germany,<=50K
40,Private,115459,Some-college,10,Married-civ-spouse,Prof-specialty,Wife,White,Male,0,0,42,United-States,<=50K
69,Local-gov,187255,Masters,14,Married-civ-spouse,Other-service,Husband,White,Male,0,0,45,United-States,>50K
33,Private,379640,Some-college,10,Never-married,Protective-serv,Own-child,White,Male,0,0,28,Germany,<=50K
31,Private,127834,Some-college,10,Married-civ-spouse,Protective-serv,Own-child,White,Female,0,0,55,India,<=50K
38,Private,141630,Masters,14,Married-civ-spouse,Exec-managerial,Own-child,Black,Male,0,0,32,Mexico,>50K
64,Private,190010,HS-grad,9,Married-civ-spouse,Other-service,Unmarried,White,Male,0,0,33,United-States,<=50K
46,Private,150396,Some-college,10,Separated,Handlers-cleaners,Husband,Black,Male,0,0,57,United-States,<=50K
49,Private,262893,HS-grad,9,Divorced,Transportation,Not-in-family,White,Female,0,0,54,United-States,<=50K
58,Private,341510,HS-grad,9,Married-civ-spouse,Sales,Husband,White,Male,0,0,35,United-States,<=50K
55,Private,102010,Bachelors,13,Never-married,Other-service,Not-in-family,White,Male,0,0,57,United-States,>50K
49,Self-emp-inc,412538,Bachelors,13,Never-married,Transportation,Other-relative,White,Female,0,0,44,Canada,<=50K
47,Private,100977,10th,6,Married-civ-spouse,Protective-serv,Husband,White,Male,0,0,30,United-States,<=50K
45,Private,364160,HS-grad,9,Divorced,Exec-managerial,Own-child,White,Female,0,0,38,United-States,<=50K
27,Private,158230,Masters,14,Married-civ-spouse,Prof-specialty,Wife,Black,Male,0,0,39,United-States,<=50K
39,Local-gov,305185,11th,7,Never-married,Machine-op-inspct,Own-child,White,Male,0,0,21,United-States,<=50K
62,State-gov,23738,Bachelors,13,Never-married,Other-service,Own-child,White,Male,0,0,32,United-States,<=50K
20,Private,103946,10th,6,Never-married,Handlers-cleaners,Own-child,White,Female,0,0,47,United-States,<=50K
61,Private,330237,10th,6,Married-civ-spouse,Prof-specialty,Not-in-family,White,Female,0,587,31,United-States,<=50K
47,Private,84089,Doctorate,16,Married-civ-spouse,Craft-repair,Wife,Amer-Indian-Eskimo,Male,0,0,44,United-States,>50K
36,Private,116603,10th,6,Never-married,Handlers-cleaners,Unmarried,White,Female,0,0,20,United-States,<=50K
23,Self-emp-inc,382825,Bachelors,13,Married-civ-spouse,Handlers-cleaners,Unmarried,White,Female,4799,0,29,Philippines,>50K
57,Private,439091,Some-college,10,Divorced,Handlers-cleaners,Own-child,White,Male,0,0,29,United-States,<=50K
18,Self-emp-inc,408011,11th,7,Married-civ-spouse,Protective-serv,Unmarried,White,Male,0,0,46,United-States,<=50K
46,Private,201658,Assoc-voc,11,Never-married,Other-service,Wife,White,Male,5441,0,52,United-States,<=50K
26,Local-gov,295623,HS-grad,9,Married-civ-spouse,Prof-specialty,Wife,White,Male,0,0,36,United-States,<=50K
65,Private,238312,HS-grad,9,Separated,Prof-specialty,Wife,Asian-Pac-Islander,Female,0,0,56,United-States,<=50K
27,Private,80387,HS-grad,9,Never-married,Prof-specialty,Other-relative,White,Female,0,0,60,United-States,<=50K
59,Private,465445,Assoc-voc,11,Never-married,Craft-repair,Husband,White,Female,0,0,32,United-States,<=50K
47,Private,392707,HS-grad,9,Married-civ-spouse,Sales,Wife,White,Female,0,0,36,United-States,<=50K
20,Local-gov,32148,HS-grad,9,Married-civ-spouse,Exec-managerial,Husband,White,Female,0,0,21,United-States,<=50K
55,Private,24919,Some-college,10,Separated,Prof-specialty,Own-child,White,Female,0,0,34,Mexico,<=50K
63,State-gov,359549,HS-grad,9,Married-civ-spouse,Sales,Wife,Amer-Indian-Eskimo,Female,0,0,50,United-States,<=50K
29,Private,179006,10th,6,Never-married,Machine-op-inspct,Other-relative,White,Male,0,0,53,United-States,<=50K
68,Private,262792,Some-college,10,Divorced,Handlers-cleaners,Other-relative,White,Female,0,0,48,Germany,<=50K
59,Private,239455,HS-grad,9,Married-civ-spouse,Exec-managerial,Unmarried,White,Female,0,0,38,United-States,<=50K
56,Private,325546,HS-grad,9,Married-civ-spouse,Protective-serv,Own-child,White,Male,0,0,31,United-States,<=50K
35,Federal-gov,417577,Doctorate,16,Never-married,Craft-repair,Not-in-family,White,Male,0,0,40,United-States,<=50K
24,Private,485626,Bachelors,13,Married-civ-spouse,Craft-repair,Unmarried,White,Female,0,0,53,United-States,<=50K
40,Private,132311,Some-college,10,Separated,Tech-support,Other-relative,Black,Male,0,0,57,United-States,<=50K
59,Private,82157,Some-college,10,Never-married,Handlers-cleaners,Unmarried,White,Male,0,0,51,United-States,<=50K
48,Self-emp-not-inc,157513,Assoc-voc,11,Married-civ-spouse,Sales,Unmarried,White,Male,0,0,38,United-States,<=50K
51,State-gov,344104,Masters,14,Separated,Protective-serv,Husband,White,Male,0,0,23,United-States,<=50K
58,Federal-gov,160564,Masters,14,Married-civ-spouse,Protective-serv,Wife,White,Male,0,806,50,United-States,<=50K
35,Private,358119,Some-college,10,Never-married,Craft-repair,Other-relative,White,Male,0,0,39,United-States,<=50K
19,Private,120745,10th,6,Never-married,Craft-repair,Husband,White,Female,0,0,22,United-States,<=50K
63,Private,237546,Masters,14,Married-civ-spouse,Machine-op-inspct,Husband,Black,Male,0,0,26,United-States,<=50K
49,Local-gov,68399,Some-college,10,Married-civ-spouse,Machine-op-inspct,Husband,White,Male,0,0,60,United-States,>50K
47,Private,106169,10th,6,Never-married,Prof-specialty,Husband,White,Male,0,0,26,United-States,<=50K
47,State-gov,484463,Assoc-voc,11,Never-married,Sales,Not-in-family,White,Male,0,0,37,United-States,>50K
62,Federal-gov,102587,Masters,14,Married-civ-spouse,Exec-managerial,Wife,White,Male,0,0,35,United-States,>50K
58,Self-emp-not-inc,223588,Masters,14,Married-civ-spouse,Machine-op-inspct,Unmarried,White,Female,0,0,39,United-States,>50K
52,Self-emp-inc,221734,Some-college,10,Never-married,Craft-repair,Husband,White,Male,0,0,26,United-States,<=50K
58,Private,351298,Some-college,10,Married-civ-spouse,Tech-support,Own-child,White,Male,0,0,35,United-States,<=50K
33,Private,344083,HS-grad,9,Married-civ-spouse,Other-service,Not-in-family,Asian-Pac-Islander,Male,0,0,54,Canada,<=50K
55,Private,261614,Bachelors,13,Never-married,Craft-repair,Own-child,White,Female,0,0,24,United-States,<=50K
68,Private,283971,Some-college,10,Never-married,Craft-repair,Other-relative,White,Female,0,0,38,United-States,<=50K
30,Self-emp-not-inc,395901,Some-college,10,Separated,Exec-managerial,Unmarried,Black,Female,0,0,53,United-States,<=50K
47,Private,69410,11th,7,Divorced,Transportation,Not-in-family,White,Male,0,0,55,United-States,<=50K
53,Local-gov,119481,HS-grad,9,Married-civ-spouse,Protective-serv,Not-in-family,White,Male,0,0,55,United-States,>50K
44,Local-gov,45534,Assoc-voc,11,Divorced,Other-service,Not-in-family,White,Male,0,0,42,United-States,<=50K
68,Private,165478,HS-grad,9,Married-civ-spouse,Exec-managerial,Unmarried,White,Male,0,0,21,United-States,<=50K
38,Private,197961,HS-grad,9,Widowed,Exec-managerial,Other-relative,White,Female,0,0,44,United-States,<=50K
29,Private,77963,HS-grad,9,Widowed,Sales,Husband,White,Male,0,0,58,Philippines,<=50K
25,Private,73811,Some-college,10,Married-civ-spouse,Handlers-cleaners,Other-relative,White,Female,0,0,43,United-States,<=50K
62,Self-emp-not-inc,245080,Some-college,10,Married-civ-spouse,Handlers-cleaners,Husband,Amer-Indian-Eskimo,Female,0,0,47,United-States,>50K
53,Self-emp-not-inc,87242,Some-college,10,Never-married,Handlers-cleaners,Unmarried,White,Female,0,0,27,United-States,<=50K
48,Self-emp-not-inc,370123,Bachelors,13,Married-civ-spouse,Exec-managerial,Wife,White,Female,0,0,49,United-States,<=50K
40,Private,346155,Some-college,10,Married-civ-spouse,Machine-op-inspct,Other-relative,White,Male,0,0,25,United-States,<=50K
39,Federal-gov,297005,HS-grad,9,Married-civ-spouse,Machine-op-inspct,Other-relative,White,Male,0,0,35,United-States,<=50K
66,Private,248212,Some-college,10,Never-married,Machine-op-inspct,Own-child,White,Female,0,0,32,United-States,<=50K
53,State-gov,441681,HS-grad,9,Divorced,Craft-repair,Unmarried,White,Male,0,0,21,Philippines,<=50K
68,Federal-gov,331088,HS-grad,9,Widowed,Handlers-cleaners,Not-in-family,White,Male,0,0,47,United-States,<=50K
59,Self-emp-not-inc,449454,HS-grad,9,Never-married,Handlers-cleaners,Own-child,White,Male,0,0,24,United-States,<=50K
57,Private,186729,Bachelors,13,Married-civ-spouse,Machine-op-inspct,Own-child,White,Male,0,0,55,United-States,<=50K
46,Federal-gov,274530,Bachelors,13,Divorced,Prof-specialty,Wife,White,Male,0,0,54,United-States,>50K
30,Private,65264,Assoc-voc,11,Married-civ-spouse,Exec-managerial,Husband,White,Male,4639,0,26,India,<=50K
51,Private,254186,Masters,14,Separated,Other-service,Unmarried,White,Male,0,0,40,Mexico,<=50K
55,Private,50990,Bachelors,13,Married-civ-spouse,Tech-support,Other-relative,White,Male,0,0,23,United-States,<=50K
45,Private,197849,Some-college,10,Never-married,Handlers-cleaners,Other-relative,Other,Female,0,0,28,United-States,<=50K
19,Private,28047,HS-grad,9,Married-civ-spouse,Other-service,Unmarried,White,Male,0,0,54,United-States,<=50K
67,Private,136729,Bachelors,13,Married-civ-spouse,Sales,Not-in-family,White,Female,0,0,33,United-States,<=50K
60,Federal-gov,434268,HS-grad,9,Never-married,Exec-managerial,Unmarried,White,Female,0,0,34,United-States,<=50K
36,Private,364980,HS-grad,9,Divorced,Protective-serv,Unmarried,White,Male,0,511,57,United-States,<=50K
43,State-gov,482968,10th,6,Married-civ-spouse,Other-service,Wife,White,Male,0,0,30,United-States,<=50K
24,Federal-gov,479080,HS-grad,9,Married-civ-spouse,Other-service,Own-child,Amer-Indian-Eskimo,Male,0,0,28,United-States,<=50K
66,Private,91956,HS-grad,9,Married-civ-spouse,Sales,Husband,White,Female,0,0,20,United-States,<=50K
29,Self-emp-inc,106647,11th,7,Married-civ-spouse,Sales,Other-relative,Black,Female,0,0,52,India,<=50K
37,Private,474147,HS-grad,9,Married-civ-spouse,Tech-support,Husband,Black,Male,0,0,28,United-States,<=50K
40,Private,407359,Some-college,10,Married-civ-spouse,Sales,Other-relative,White,Female,0,0,37,United-States,<=50K
31,State-gov,146500,HS-grad,9,Married-civ-spouse,Prof-specialty,Other-relative,White,Male,0,0,21,United-States,<=50K
51,Local-gov,169316,Some-college,10,Divorced,Exec-managerial,Own-child,White,Female,0,0,41,United-States,<=50K
69,Private,329565,10th,6,Separated,Sales,Not-in-family,Black,Male,0,0,48,United-States,<=50K
62,Federal-gov,282910,Bachelors,13,Married-civ-spouse,Handlers-cleaners,Unmarried,Black,Male,0,0,33,United-States,<=50K
45,Private,202245,Some-college,10,Married-civ-spouse,Other-service,Other-relative,White,Female,0,0,22,United-States,<=50K
24,Local-gov,182165,HS-grad,9,Separated,Transportation,Own-child,White,Male,0,0,28,United-States,<=50K
62,Private,316971,Some-college,10,Never-married,Protective-serv,Unmarried,White,Male,0,0,50,United-States,<=50K
31,Private,461338,Bachelors,13,Never-married,Protective-serv,Husband,White,Female,0,0,55,United-States,<=50K
65,Federal-gov,424628,HS-grad,9,Never-married,Other-service,Wife,White,Male,0,0,48,Philippines,<=50K
38,Private,379021,HS-grad,9,Married-civ-spouse,Handlers-cleaners,Wife,White,Female,0,0,57,Canada,<=50K
44,Private,433145,Bachelors,13,Married-civ-spouse,Exec-managerial,Own-child,Black,Male,0,0,21,United-States,<=50K
40,Self-emp-inc,48304,Assoc-voc,11,Married-civ-spouse,Prof-specialty,Other-relative,White,Male,2678,0,51,United-States,<=50K
41,Self-emp-inc,437114,Assoc-voc,11,Married-civ-spouse,Other-service,Other-relative,White,Male,0,0,60,United-States,<=50K
26,Private,209183,Assoc-voc,11,Never-married,Exec-managerial,Husband,White,Male,0,0,56,United-States,<=50K
46,Self-emp-not-inc,147022,Bachelors,13,Married-civ-spouse,Protective-serv,Wife,White,Male,0,0,60,United-States,<=50K
38,Private,435485,Masters,14,Never-married,Handlers-cleaners,Other-relative,White,Male,0,0,40,Mexico,<=50K
62,Private,392895,11th,7,Married-civ-spouse,Transportation,Not-in-family,Black,Female,7291,0,58,United-States,>50K
42,Private,58974,HS-grad,9,Never-married,Craft-repair,Wife,White,Male,0,0,38,United-States,<=50K
68,Private,187634,Some-college,10,Never-married,Tech-support,Own-child,Asian-Pac-Islander,Female,0,0,30,United-States,<=50K
33,Private,341267,HS-grad,9,Never-married,Handlers-cleaners,Not-in-family,White,Male,0,0,55,United-States,<=50K
35,State-gov,106562,10th,6,Married-civ-spouse,Transportation,Not-in-family,White,Female,0,0,47,United-States,<=50K
19,Federal-gov,101168,11th,7,Never-married,Craft-repair,Other-relative,White,Female,0,0,48,United-States,<=50K
56,Private,168055,Doctorate,16,Married-civ-spouse,Transportation,Unmarried,White,Female,3462,0,38,United-States,>50K
21,Private,170974,HS-grad,9,Divorced,Machine-op-inspct,Other-relative,White,Male,8823,0,60,United-States,<=50K
32,Local-gov,187075,11th,7,Married-civ-spouse,Handlers-cleaners,Husband,White,Female,0,0,33,United-States,<=50K
65,Local-gov,400962,HS-grad,9,Never-married,Craft-repair,Own-child,White,Female,0,0,45,United-States,<=50K
49,Private,290467,HS-grad,9,Married-civ-spouse,Transportation,Own-child,White,Female,0,0,37,United-States,<=50K
47,Private,234074,Bachelors,13,Never-married,Sales,Not-in-family,White,Male,0,0,33,United-States,>50K
59,Private,316277,Doctorate,16,Divorced,Prof-specialty,Unmarried,Black,Female,0,0,48,United-States,>50K
58,Private,488390,Assoc-voc,11,Married-civ-spouse,Other-service,Own-child,White,Male,4920,0,25,United-States,<=50K
64,Private,211426,HS-grad,9,Married-civ-spouse,Tech-support,Own-child,Black,Female,3952,0,24,Philippines,<=50K
52,Private,244214,Some-college,10,Never-married,Protective-serv,Unmarried,White,Male,1601,0,46,United-States,<=50K
41,Self-emp-inc,417093,Some-college,10,Married-civ-spouse,Tech-support,Other-relative,White,Male,0,0,38,United-States,<=50K
24,Local-gov,117145,HS-grad,9,Married-civ-spouse,Exec-managerial,Own-child,White,Female,0,0,25,United-States,<=50K
37,Private,45596,Assoc-voc,11,Never-married,Craft-repair,Unmarried,Asian-Pac-Islander,Male,0,582,58,United-States,<=50K
54,Private,311602,Some-college,10,Married-civ-spouse,Handlers-cleaners,Wife,Black,Female,0,0,58,Philippines,<=50K
31,Private,436261,HS-grad,9,Married-civ-spouse,Exec-managerial,Wife,Black,Male,0,0,45,Mexico,<=50K
52,Private,317432,Some-college,10,Separated,Craft-repair,Husband,White,Female,0,0,35,United-States,<=50K
24,Private,370417,Masters,14,Divorced,Handlers-cleaners,Husband,White,Male,0,0,57,Mexico,<=50K
21,State-gov,100707,Assoc-voc,11,Never-married,Protective-serv,Unmarried,White,Male,0,2592,28,United-States,<=50K
36,Private,194727,HS-grad,9,Never-married,Craft-repair,Husband,White,Female,0,0,21,United-States,<=50K
29,Self-emp-not-inc,171200,HS-grad,9,Married-civ-spouse,Sales,Other-relative,White,Male,1529,0,44,United-States,<=50K
63,Private,315617,11th,7,Divorced,Prof-specialty,Husband,White,Male,0,0,43,United-States,<=50K
37,Private,142982,Bachelors,13,Never-married,Machine-op-inspct,Wife,Black,Female,7345,0,31,United-States,<=50K
39,Local-gov,226709,Some-college,10,Never-married,Handlers-cleaners,Own-child,White,Male,0,0,48,United-States,<=50K
38,State-gov,85038,HS-grad,9,Married-civ-spouse,Transportation,Wife,White,Male,0,0,29,Mexico,<=50K
34,Private,71994,10th,6,Never-married,Tech-support,Husband,White,Male,0,0,33,United-States,<=50K
65,Local-gov,165467,Masters,14,Never-married,Exec-managerial,Unmarried,White,Male,0,0,25,United-States,>50K
56,Private,482632,HS-grad,9,Married-civ-spouse,Tech-support,Own-child,White,Female,0,0,25,Germany,<=50K
26,Federal-gov,64386,HS-grad,9,Married-civ-spouse,Sales,Own-child,White,Female,0,0,24,United-States,<=50K
29,Private,189524,HS-grad,9,Married-civ-spouse,Other-service,Other-relative,White,Female,0,0,23,Philippines,<=50K
22,Private,277541,HS-grad,9,Never-married,Other-service,Unmarried,White,Female,0,0,28,United-States,<=50K
31,Self-emp-not-inc,424205,HS-grad,9,Married-civ-spouse,Other-service,Wife,White,Female,0,0,42,United-States,<=50K
52,Federal-gov,39935,HS-grad,9,Married-civ-spouse,Exec-managerial,Own-child,White,Male,0,0,36,United-States,<=50K
66,Federal-gov,393788,HS-grad,9,Married-civ-spouse,Exec-managerial,Own-child,White,Female,0,0,27,United-States,<=50K
43,Private,369961,Some-college,10,Widowed,Handlers-cleaners,Wife,White,Female,0,0,25,United-States,<=50K
22,Local-gov,384583,Some-college,10,Never-married,Exec-managerial,Husband,White,Female,0,0,22,Mexico,<=50K
20,Private,310247,Some-college,10,Married-civ-spouse,Tech-support,Unmarried,White,Female,0,0,45,United-States,<=50K
39,Private,36982,Assoc-voc,11,Divorced,Prof-specialty,Other-relative,White,Female,0,0,54,United-States,<=50K
31,Private,30268,HS-grad,9,Never-married,Sales,Other-relative,White,Male,0,0,30,United-States,<=50K
47,Private,420167,Assoc-voc,11,Separated,Craft-repair,Wife,White,Male,0,0,52,Philippines,<=50K
24,Private,427880,Assoc-voc,11,Married-civ-spouse,Protective-serv,Not-in-family,White,Male,0,0,49,United-States,<=50K
29,Private,249419,11th,7,Never-married,Protective-serv,Husband,White,Female,0,0,50,United-States,<=50K
46,Private,199723,HS-grad,9,Never-married,Sales,Husband,Amer-Indian-Eskimo,Female,0,0,31,United-States,<=50K
32,Private,439663,HS-grad,9,Married-civ-spouse,Other-service,Unmarried,Other,Male,0,0,42,United-States,<=50K
36,Private,419433,Bachelors,13,Separated,Exec-managerial,Wife,White,Male,0,0,43,India,<=50K
29,Self-emp-not-inc,207803,HS-grad,9,Separated,Exec-managerial,Other-relative,White,Male,0,0,41,United-States,<=50K
20,Private,100076,HS-grad,9,Married-civ-spouse,Handlers-cleaners,Wife,White,Male,0,0,50,United-States,<=50K
35,Private,331399,HS-grad,9,Never-married,Tech-support,Not-in-family,White,Male,0,0,42,United-States,<=50K
35,Private,439816,Bachelors,13,Married-civ-spouse,Craft-repair,Not-in-family,White,Female,0,0,43,United-States,>50K
64,State-gov,164249,Doctorate,16,Married-civ-spouse,Machine-op-inspct,Other-relative,White,Male,0,0,51,United-States,>50K
64,State-gov,92995,HS-grad,9,Never-married,Handlers-cleaners,Unmarried,Other,Female,5481,0,30,United-States,<=50K
40,Private,366936,11th,7,Never-married,Protective-serv,Own-child,White,Female,0,0,47,Philippines,<=50K
32,State-gov,48719,Doctorate,16,Married-civ-spouse,Sales,Unmarried,White,Female,0,0,47,United-States,<=50K
39,Private,496092,HS-grad,9,Married-civ-spouse,Other-service,Wife,White,Male,0,739,25,India,<=50K
49,Local-gov,205617,Some-college,10,Married-civ-spouse,Transportation,Unmarried,White,Male,3503,0,49,United-States,<=50K
38,Private,173904,HS-grad,9,Married-civ-spouse,Protective-serv,Own-child,White,Male,7467,0,34,United-States,<=50K
57,Private,492040,11th,7,Never-married,Exec-managerial,Unmarried,White,Male,0,0,48,Philippines,<=50K
68,Private,179519,Masters,14,Never-married,Exec-managerial,Other-relative,White,Male,0,0,48,United-States,<=50K
38,Federal-gov,115598,Bachelors,13,Married-civ-spouse,Craft-repair,Not-in-family,Black,Male,0,0,30,United-States,<=50K
24,Private,377667,Bachelors,13,Married-civ-spouse,Transportation,Unmarried,White,Female,8671,0,42,United-States,<=50K
24,Private,299161,HS-grad,9,Never-married,Tech-support,Other-relative,White,Male,0,0,40,United-States,<=50K
63,Private,251496,11th,7,Divorced,Handlers-cleaners,Not-in-family,Black,Male,0,0,58,India,<=50K
39,State-gov,29379,11th,7,Married-civ-spouse,Craft-repair,Wife,White,Male,0,0,27,United-States,<=50K
35,Private,154330,Masters,14,Never-married,Craft-repair,Own-child,White,Male,0,0,31,United-States,<=50K
50,Self-emp-not-inc,354861,Some-college,10,Never-married,Tech-support,Husband,Amer-Indian-Eskimo,Male,0,0,36,United-States,<=50K
67,Private,485635,HS-grad,9,Widowed,Exec-managerial,Other-relative,White,Male,0,0,49,United-States,<=50K
40,Local-gov,37112,HS-grad,9,Married-civ-spouse,Tech-support,Not-in-family,White,Male,0,0,29,Canada,<=50K
34,Private,51874,HS-grad,9,Never-married,Other-service,Other-relative,White,Male,0,0,49,United-States,<=50K
62,Private,42791,Bachelors,13,Married-civ-spouse,Machine-op-inspct,Not-in-family,Asian-Pac-Islander,Male,0,0,26,Mexico,>50K
22,Private,439680,Doctorate,16,Never-married,Machine-op-inspct,Wife,White,Male,0,0,50,United-States,>50K
61,Private,286636,11th,7,Divorced,Sales,Unmarried,White,Male,0,0,51,United-States,<=50K
45,Private,44835,HS-grad,9,Divorced,Tech-support,Own-child,White,Male,0,0,46,Germany,<=50K
19,Private,333626,HS-grad,9,Divorced,Craft-repair,Other-relative,White,Female,0,0,60,Philippines,<=50K
29,Private,329488,HS-grad,9,Married-civ-spouse,Prof-specialty,Husband,White,Female,0,0,56,India,>50K
53,Private,89558,10th,6,Married-civ-spouse,Exec-managerial,Not-in-family,White,Female,0,0,48,United-States,<=50K
57,Private,189943,Masters,14,Married-civ-spouse,Transportation,Own-child,White,Male,0,0,52,United-States,>50K
28,Private,173050,Some-college,10,Divorced,Exec-managerial,Unmarried,White,Male,0,0,46,United-States,<=50K
52,Local-gov,345985,Bachelors,13,Never-married,Sales,Other-relative,White,Male,0,0,53,United-States,<=50K
69,Private,259334,Bachelors,13,Never-married,Protective-serv,Unmarried,White,Male,0,0,53,United-States,<=50K
53,Private,337875,HS-grad,9,Widowed,Transportation,Wife,White,Female,0,1158,38,United-States,<=50K
54,Private,305539,HS-grad,9,Widowed,Transportation,Not-in-family,White,Female,0,0,25,United-States,<=50K
28,Federal-gov,158388,HS-grad,9,Married-civ-spouse,Craft-repair,Not-in-family,White,Female,0,0,22,United-States,<=50K
51,Federal-gov,33513,HS-grad,9,Married-civ-spouse,Exec-managerial,Wife,White,Male,0,0,31,United-States,<=50K
54,Local-gov,188645,Bachelors,13,Never-married,Handlers-cleaners,Wife,White,Female,0,0,42,United-States,<=50K
23,Private,248661,HS-grad,9,Married-civ-spouse,Transportation,Other-relative,White,Female,0,0,31,Mexico,<=50K
34,Private,377606,Masters,14,Never-married,Machine-op-inspct,Husband,White,Female,0,0,39,United-States,<=50K
63,Private,404295,Bachelors,13,Never-married,Craft-repair,Own-child,Black,Male,0,0,28,United-States,<=50K
69,Self-emp-inc,25507,Bachelors,13,Married-civ-spouse,Sales,Other-relative,White,Male,0,0,58,United-States,>50K
27,Private,462952,11th,7,Separated,Transportation,Unmarried,White,Male,0,0,37,United-States,<=50K
56,Self-emp-not-inc,199016,Some-college,10,Widowed,Craft-repair,Not-in-family,White,Male,0,0,47,United-States,<=50K
44,Private,412509,Bachelors,13,Widowed,Machine-op-inspct,Other-relative,White,Male,0,0,42,United-States,<=50K
48,Self-emp-inc,113555,HS-grad,9,Divorced,Prof-specialty,Other-relative,White,Female,0,1852,52,United-States,<=50K
44,Private,436185,Masters,14,Never-married,Machine-op-inspct,Wife,White,Male,0,0,43,Canada,<=50K
63,Federal-gov,258550,Some-college,10,Never-married,Protective-serv,Other-relative,White,Male,0,0,48,United-States,>50K
41,Private,335244,HS-grad,9,Married-civ-spouse,Tech-support,Other-relative,White,Male,4226,0,54,United-States,<=50K
48,Self-emp-inc,121435,HS-grad,9,Never-married,Craft-repair,Other-relative,Other,Male,0,0,46,Mexico,<=50K
52,Private,457624,Bachelors,13,Married-civ-spouse,Sales,Not-in-family,White,Male,0,0,46,United-States,<=50K
46,Private,353603,Bachelors,13,Married-civ-spouse,Handlers-cleaners,Husband,White,Male,0,0,57,United-States,>50K
63,Self-emp-inc,153029,Bachelors,13,Separated,Handlers-cleaners,Husband,Other,Male,0,0,49,United-States,<=50K
30,Private,399336,Some-college,10,Married-civ-spouse,Machine-op-inspct,Not-in-family,White,Male,0,0,22,United-States,<=50K
67,Private,113035,Bachelors,13,Married-civ-spouse,Other-service,Wife,Black,Female,0,0,52,United-States,<=50K
53,Private,163416,Bachelors,13,Married-civ-spouse,Handlers-cleaners,Own-child,White,Male,0,0,55,Philippines,>50K
67,Private,110358,HS-grad,9,Married-civ-spouse,Machine-op-inspct,Own-child,White,Male,0,0,44,United-States,<=50K
37,Private,289044,Some-college,10,Never-married,Other-service,Other-relative,White,Male,0,0,52,Canada,<=50K
42,Private,386961,Some-college,10,Married-civ-spouse,Machine-op-inspct,Own-child,Black,Male,0,0,23,United-States,<=50K
20,Private,251668,Assoc-voc,11,Married-civ-spouse,Exec-managerial,Not-in-family,White,Female,0,0,60,United-States,<=50K
66,Private,335146,Some-college,10,Never-married,Exec-managerial,Own-child,White,Male,0,0,55,Canada,<=50K
60,Private,133289,Some-college,10,Married-civ-spouse,Other-service,Husband,Asian-Pac-Islander,Male,0,0,25,United-States,<=50K
33,Private,395169,10th,6,Separated,Protective-serv,Other-relative,White,Female,0,0,46,Germany,<=50K
20,Self-emp-not-inc,378780,Assoc-voc,11,Never-married,Other-service,Not-in-family,Other,Male,0,0,54,United-States,<=50K
54,Private,456543,HS-grad,9,Married-civ-spouse,Handlers-cleaners,Wife,White,Male,0,0,50,United-States,<=50K
52,Local-gov,159129,11th,7,Never-married,Craft-repair,Other-relative,Black,Female,0,0,30,United-States,<=50K
45,Self-emp-not-inc,142094,HS-grad,9,Married-civ-spouse,Other-service,Husband,White,Male,0,0,29,Canada,<=50K
26,Private,305139,Assoc-voc,11,Widowed,Craft-repair,Wife,Black,Male,0,0,22,United-States,<=50K
65,Local-gov,54254,HS-grad,9,Never-married,Other-service,Wife,Asian-Pac-Islander,Male,0,0,42,United-States,<=50K
40,Private,433336,Some-college,10,Divorced,Protective-serv,Not-in-family,White,Female,0,0,30,United-States,<=50K
55,Private,213076,10th,6,Divorced,Handlers-cleaners,Unmarried,White,Female,5015,0,43,United-States,<=50K
62,Private,335140,HS-grad,9,Never-married,Craft-repair,Unmarried,Other,Male,0,0,26,United-States,<=50K
46,Private,139158,Assoc-voc,11,Divorced,Other-service,Husband,White,Male,0,512,36,United-States,<=50K
22,Private,205896,Some-college,10,Widowed,Craft-repair,Husband,Amer-Indian-Eskimo,Male,0,0,31,United-States,<=50K
64,Private,261800,HS-grad,9,Widowed,Transportation,Other-relative,White,Male,0,0,25,United-States,<=50K
52,Private,275487,11th,7,Married-civ-spouse,Prof-specialty,Not-in-family,White,Female,0,0,57,United-States,<=50K
64,Private,352933,Bachelors,13,Never-married,Sales,Own-child,Black,Male,0,1031,24,United-States,<=50K
49,Private,445531,Assoc-voc,11,Never-married,Machine-op-inspct,Unmarried,White,Male,0,0,46,Mexico,<=50K
65,Private,399605,Assoc-voc,11,Never-married,Tech-support,Wife,White,Male,0,0,38,United-States,<=50K
63,Private,324403,HS-grad,9,Married-civ-spouse,Machine-op-inspct,Husband,White,Female,0,0,43,United-States,<=50K
29,Federal-gov,41003,HS-grad,9,Married-civ-spouse,Tech-support,Own-child,White,Female,5998,0,31,United-States,<=50K
26,Private,283574,Some-college,10,Married-civ-spouse,Prof-specialty,Wife,White,Male,0,568,55,United-States,<=50K
26,Private,71340,Bachelors,13,Divorced,Tech-support,Wife,Black,Female,0,0,34,United-States,<=50K
59,Private,216400,HS-grad,9,Never-married,Other-service,Not-in-family,Black,Female,0,0,56,Canada,<=50K
30,State-gov,481387,Some-college,10,Separated,Protective-serv,Wife,White,Female,0,0,35,United-States,<=50K
41,Self-emp-not-inc,382424,Assoc-voc,11,Never-married,Prof-specialty,Not-in-family,White,Male,0,0,59,United-States,>50K
58,Private,116946,HS-grad,9,Never-married,Exec-managerial,Not-in-family,White,Male,0,0,50,United-States,<=50K
40,Federal-gov,102620,Bachelors,13,Divorced,Protective-serv,Other-relative,White,Female,0,0,55,United-States,<=50K
21,Private,152974,Some-college,10,Never-married,Transportation,Unmarried,Black,Male,0,0,24,United-States,<=50K
36,Federal-gov,363393,HS-grad,9,Never-married,Other-service,Not-in-family,Black,Male,0,0,53,United-States,<=50K
22,Private,169725,HS-grad,9,Widowed,Handlers-cleaners,Wife,White,Female,1262,0,49,United-States,<=50K
38,Local-gov,288638,HS-grad,9,Separated,Craft-repair,Not-in-family,Black,Female,0,0,21,United-States,<=50K
56,Private,264990,Bachelors,13,Divorced,Handlers-cleaners,Own-child,White,Male,0,0,22,United-States,<=50K
45,Private,63247,HS-grad,9,Never-married,Handlers-cleaners,Own-child,Asian-Pac-Islander,Male,0,0,42,United-States,<=50K
53,Private,332136,Assoc-voc,11,Never-married,Exec-managerial,Own-child,Black,Female,0,0,46,United-States,<=50K
23,Private,421386,Doctorate,16,Never-married,Tech-support,Husband,White,Male,0,0,36,United-States,>50K
57,Private,243511,HS-grad,9,Never-married,Exec-managerial,Wife,Black,Male,4466,0,57,United-States,<=50K
40,State-gov,296613,Assoc-voc,11,Widowed,Other-service,Not-in-family,White,Male,0,0,22,United-States,<=50K
32,Self-emp-not-inc,363810,11th,7,Never-married,Prof-specialty,Husband,Black,Male,0,0,34,United-States,<=50K
51,Self-emp-inc,313827,HS-grad,9,Married-civ-spouse,Other-service,Husband,Black,Male,0,0,23,United-States,<=50K
25,Private,172938,11th,7,Never-married,Tech-support,Not-in-family,Black,Male,0,0,60,Mexico,<=50K
43,Local-gov,297462,HS-grad,9,Married-civ-spouse,Transportation,Unmarried,White,Female,0,0,37,United-States,<=50K
39,Self-emp-not-inc,282782,Bachelors,13,Never-married,Transportation,Wife,Black,Male,0,0,21,United-States,<=50K
26,Private,458797,HS-grad,9,Never-married,Prof-specialty,Husband,White,Male,0,0,58,United-States,<=50K
67,Private,466355,Assoc-voc,11,Never-married,Transportation,Own-child,Black,Male,0,0,50,United-States,<=50K
36,Private,282346,Assoc-voc,11,Separated,Handlers-cleaners,Husband,Asian-Pac-Islander,Male,3951,0,38,Canada,<=50K
20,Private,453419,10th,6,Married-civ-spouse,Handlers-cleaners,Unmarried,White,Female,4063,0,44,Mexico,<=50K
41,Private,387310,10th,6,Married-civ-spouse,Transportation,Other-relative,White,Male,0,0,51,United-States,<=50K
68,Private,220320,HS-grad,9,Never-married,Tech-support,Husband,White,Female,0,0,30,United-States,<=50K
52,Private,277844,Bachelors,13,Married-civ-spouse,Machine-op-inspct,Husband,Black,Male,0,0,28,Philippines,<=50K
51,Private,308454,HS-grad,9,Married-civ-spouse,Handlers-cleaners,Not-in-family,White,Female,0,0,54,United-States,<=50K
64,Local-gov,404031,HS-grad,9,Married-civ-spouse,Craft-repair,Own-child,Asian-Pac-Islander,Male,0,0,29,Mexico,<=50K
22,Private,100023,HS-grad,9,Married-civ-spouse,Tech-support,Other-relative,Other,Female,0,0,47,India,<=50K
46,Federal-gov,397193,11th,7,Divorced,Sales,Unmarried,White,Male,8492,0,54,Canada,<=50K
34,Private,470974,Bachelors,13,Widowed,Transportation,Own-child,White,Female,0,0,22,Philippines,<=50K
53,State-gov,496019,HS-grad,9,Widowed,Transportation,Other-relative,White,Male,0,0,31,United-States,<=50K
62,Self-emp-inc,35255,10th,6,Married-civ-spouse,Prof-specialty,Wife,White,Male,0,0,22,United-States,<=50K
22,Local-gov,306004,Doctorate,16,Never-married,Handlers-cleaners,Wife,White,Male,0,0,46,United-States,>50K
26,Private,255674,HS-grad,9,Never-married,Craft-repair,Unmarried,White,Female,0,0,27,United-States,<=50K
67,Private,192916,Some-college,10,Never-married,Transportation,Wife,White,Male,0,0,20,United-States,<=50K
43,Private,297723,Masters,14,Never-married,Transportation,Husband,White,Male,0,0,53,Mexico,<=50K
34,Private,454618,Bachelors,13,Married-civ-spouse,Handlers-cleaners,Not-in-family,White,Male,0,0,21,United-States,<=50K
25,Self-emp-not-inc,24214,Some-college,10,Married-civ-spouse,Other-service,Not-in-family,White,Male,0,1164,42,United-States,<=50K
36,Private,333040,Some-college,10,Married-civ-spouse,Protective-serv,Own-child,White,Female,0,0,39,United-States,<=50K
18,Private,135377,HS-grad,9,Married-civ-spouse,Other-service,Husband,White,Male,0,0,32,United-States,<=50K
29,Local-gov,314466,Some-college,10,Widowed,Exec-managerial,Husband,White,Male,0,0,44,United-States,<=50K
27,Private,384174,Some-college,10,Never-married,Handlers-cleaners,Other-relative,White,Female,0,0,44,United-States,<=50K
22,Self-emp-not-inc,376664,HS-grad,9,Never-married,Prof-specialty,Husband,White,Male,0,0,23,United-States,<=50K
68,Private,77255,HS-grad,9,Married-civ-spouse,Machine-op-inspct,Wife,White,Male,0,0,23,United-States,<=50K
59,Private,262291,Bachelors,13,Married-civ-spouse,Exec-managerial,Other-relative,White,Male,0,0,52,United-States,<=50K
66,Private,360628,Some-college,10,Married-civ-spouse,Tech-support,Own-child,White,Female,0,1379,26,United-States,<=50K
30,Private,361845,Some-college,10,Divorced,Craft-repair,Own-child,Asian-Pac-Islander,Male,0,0,22,United-States,<=50K
32,Federal-gov,207940,HS-grad,9,Never-married,Protective-serv,Unmarried,White,Female,3852,0,27,United-States,<=50K
32,Local-gov,492083,10th,6,Married-civ-spouse,Sales,Other-relative,White,Female,0,0,47,United-States,<=50K
47,Private,127735,HS-grad,9,Separated,Sales,Other-relative,White,Male,1236,0,27,United-States,<=50K
27,Private,363937,Some-college,10,Married-civ-spouse,Tech-support,Wife,White,Male,0,0,47,United-States,>50K
30,Federal-gov,128514,HS-grad,9,Married-civ-spouse,Transportation,Wife,White,Male,0,0,58,United-States,<=50K
68,Private,385570,Bachelors,13,Never-married,Tech-support,Not-in-family,Black,Male,7772,1625,38,United-States,<=50K
36,Private,194674,Some-college,10,Married-civ-spouse,Prof-specialty,Unmarried,White,Male,9850,0,60,United-States,<=50K
58,Private,356121,Some-college,10,Never-married,Sales,Not-in-family,White,Male,0,0,38,Germany,<=50K
29,Self-emp-inc,67392,Assoc-voc,11,Married-civ-spouse,Handlers-cleaners,Other-relative,Black,Male,5426,0,56,United-States,>50K
66,Private,326391,Masters,14,Married-civ-spouse,Protective-serv,Wife,White,Male,0,0,20,United-States,<=50K
54,Private,298110,Some-college,10,Widowed,Tech-support,Own-child,Black,Male,0,0,49,United-States,<=50K
62,State-gov,326551,Some-college,10,Married-civ-spouse,Protective-serv,Not-in-family,White,Female,0,0,41,Mexico,<=50K
44,State-gov,481951,11th,7,Never-married,Craft-repair,Not-in-family,White,Female,0,0,55,United-States,<=50K
65,Private,493459,11th,7,Divorced,Prof-specialty,Husband,White,Male,0,0,32,United-States,<=50K
36,Self-emp-not-inc,268472,Bachelors,13,Married-civ-spouse,Other-service,Own-child,White,Female,1709,0,56,United-States,<=50K
42,State-gov,336281,Masters,14,Married-civ-spouse,Machine-op-inspct,Unmarried,White,Female,0,1325,29,United-States,<=50K
21,Private,72995,Assoc-voc,11,Never-married,Exec-managerial,Not-in-family,Black,Male,0,0,39,United-States,<=50K
26,Self-emp-inc,42388,10th,6,Married-civ-spouse,Exec-managerial,Other-relative,White,Male,5939,0,24,United-States,<=50K
58,Private,200489,HS-grad,9,Separated,Transportation,Other-relative,Asian-Pac-Islander,Male,0,0,27,Canada,<=50K
34,Private,121845,10th,6,Never-married,Exec-managerial,Wife,White,Female,0,0,45,United-States,<=50K
23,Federal-gov,271581,Bachelors,13,Married-civ-spouse,Other-service,Wife,White,Female,0,0,34,United-States,<=50K
33,Self-emp-not-inc,152285,Bachelors,13,Married-civ-spouse,Prof-specialty,Not-in-family,White,Male,0,0,55,United-States,>50K
36,Private,212770,Some-college,10,Never-married,Transportation,Own-child,Black,Male,0,0,57,Mexico,<=50K
55,Private,346156,Some-college,10,Married-civ-spouse,Tech-support,Unmarried,White,Female,0,0,25,United-States,<=50K
22,Federal-gov,220072,Doctorate,16,Married-civ-spouse,Other-service,Wife,White,Male,3632,0,52,United-States,<=50K
19,Private,98151,Bachelors,13,Never-married,Prof-specialty,Own-child,White,Male,0,0,49,United-States,<=50K
55,Self-emp-inc,254567,HS-grad,9,Never-married,Other-service,Husband,Black,Male,0,0,46,United-States,<=50K
25,Private,448742,Bachelors,13,Married-civ-spouse,Machine-op-inspct,Own-child,White,Female,0,0,39,Mexico,<=50K
39,Private,398561,HS-grad,9,Married-civ-spouse,Tech-support,Not-in-family,White,Male,0,0,46,United-States,<=50K
53,State-gov,101018,Some-college,10,Never-married,Other-service,Other-relative,White,Male,0,0,20,United-States,<=50K
44,Local-gov,414260,Bachelors,13,Widowed,Prof-specialty,Unmarried,White,Male,0,0,29,United-States,<=50K
24,Local-gov,422195,Bachelors,13,Separated,Transportation,Husband,White,Male,0,0,40,United-States,<=50K
55,Self-emp-not-inc,337511,HS-grad,9,Widowed,Sales,Unmarried,White,Male,0,0,54,United-States,<=50K
20,Private,459891,HS-grad,9,Married-civ-spouse,Other-service,Other-relative,White,Male,0,0,54,Mexico,<=50K
30,Private,295573,HS-grad,9,Never-married,Handlers-cleaners,Wife,White,Male,0,0,42,United-States,<=50K
23,Private,496215,Bachelors,13,Never-married,Prof-specialty,Wife,White,Female,0,0,59,United-States,>50K
44,Private,76636,11th,7,Widowed,Other-service,Other-relative,Black,Female,0,0,58,United-States,<=50K
53,Private,27732,Masters,14,Separated,Transportation,Other-relative,Amer-Indian-Eskimo,Male,0,0,39,United-States,<=50K
51,Private,220330,Masters,14,Married-civ-spouse,Tech-support,Wife,White,Female,0,0,22,United-States,<=50K
25,Private,251037,Some-college,10,Married-civ-spouse,Machine-op-inspct,Own-child,Black,Male,0,0,38,United-States,<=50K
35,Private,294229,HS-grad,9,Married-civ-spouse,Handlers-cleaners,Unmarried,Asian-Pac-Islander,Male,0,0,48,United-States,<=50K
25,Private,399563,Assoc-voc,11,Married-civ-spouse,Prof-specialty,Husband,White,Male,0,0,34,United-States,<=50K
35,Private,388452,Some-college,10,Never-married,Handlers-cleaners,Not-in-family,Black,Male,0,0,57,United-States,<=50K
29,Private,462125,HS-grad,9,Married-civ-spouse,Protective-serv,Unmarried,White,Male,0,0,35,United-States,<=50K
56,Private,162926,Bachelors,13,Married-civ-spouse,Prof-specialty,Husband,Black,Male,0,384,53,United-States,<=50K
57,Local-gov,267300,Bachelors,13,Married-civ-spouse,Craft-repair,Not-in-family,White,Female,0,0,39,United-States,<=50K
60,Private,320240,Some-college,10,Married-civ-spouse,Craft-repair,Not-in-family,White,Male,0,0,37,United-States,<=50K
28,Federal-gov,135694,HS-grad,9,Married-civ-spouse,Protective-serv,Wife,White,Male,0,0,23,United-States,<=50K
18,Private,283976,Bachelors,13,Never-married,Protective-serv,Not-in-family,White,Female,0,0,31,United-States,>50K
19,Local-gov,187279,HS-grad,9,Never-married,Protective-serv,Other-relative,White,Male,0,0,46,United-States,<=50K
61,Self-emp-not-inc,197651,Some-college,10,Never-married,Other-service,Wife,White,Male,0,0,39,United-States,<=50K
65,Local-gov,214095,Assoc-voc,11,Married-civ-spouse,Tech-support,Own-child,White,Male,0,1700,34,United-States,<=50K
29,Local-gov,258704,10th,6,Married-civ-spouse,Tech-support,Not-in-family,Asian-Pac-Islander,Male,0,0,24,United-States,<=50K
63,Self-emp-not-inc,400513,Some-college,10,Married-civ-spouse,Craft-repair,Husband,Other,Female,0,1768,47,United-States,<=50K
45,Private,54419,HS-grad,9,Married-civ-spouse,Other-service,Wife,White,Male,0,0,44,Mexico,<=50K
27,Private,468345,Some-college,10,Married-civ-spouse,Handlers-cleaners,Not-in-family,White,Female,0,0,45,United-States,<=50K
34,Private,121227,HS-grad,9,Married-civ-spouse,Machine-op-inspct,Own-child,White,Male,0,0,24,United-States,<=50K
31,Local-gov,240405,Assoc-voc,11,Married-civ-spouse,Craft-repair,Unmarried,White,Male,0,0,56,United-States,<=50K
57,Local-gov,375261,Masters,14,Never-married,Sales,Unmarried,White,Male,0,0,28,United-States,>50K
27,Private,480024,Some-college,10,Married-civ-spouse,Transportation,Wife,White,Male,0,0,31,United-States,<=50K
27,Private,36358,Masters,14,Never-married,Exec-managerial,Unmarried,White,Male,0,0,28,India,>50K
55,Private,352338,Some-college,10,Never-married,Other-service,Unmarried,White,Male,0,0,58,United-States,<=50K
33,Private,284851,Some-college,10,Married-civ-spouse,Sales,Own-child,Other,Male,0,0,40,United-States,>50K
31,Private,241895,11th,7,Divorced,Sales,Not-in-family,White,Female,0,0,47,United-States,<=50K
60,Private,226471,HS-grad,9,Never-married,Prof-specialty,Wife,White,Female,0,0,49,United-States,<=50K
66,Local-gov,71470,Some-college,10,Married-civ-spouse,Prof-specialty,Husband,White,Male,0,0,45,United-States,<=50K
46,Private,73515,Assoc-voc,11,Never-married,Prof-specialty,Wife,White,Male,0,0,50,United-States,<=50K
61,Self-emp-inc,262606,Some-college,10,Never-married,Protective-serv,Other-relative,Asian-Pac-Islander,Male,0,0,42,Philippines,<=50K
61,Self-emp-not-inc,387739,Some-college,10,Divorced,Other-service,Not-in-family,White,Male,0,0,46,United-States,<=50K
48,Private,208139,HS-grad,9,Married-civ-spouse,Exec-managerial,Own-child,White,Male,0,0,28,United-States,<=50K
61,Private,364113,Some-college,10,Married-civ-spouse,Transportation,Own-child,White,Female,0,661,37,United-States,<=50K
18,Private,81805,Some-college,10,Divorced,Sales,Other-relative,White,Male,0,1985,20,Canada,<=50K
19,Private,311659,Some-college,10,Married-civ-spouse,Handlers-cleaners,Other-relative,White,Male,0,0,40,United-States,<=50K
63,Local-gov,444105,HS-grad,9,Never-married,Exec-managerial,Not-in-family,Black,Male,0,0,42,United-States,<=50K
25,Private,24319,Some-college,10,Married-civ-spouse,Sales,Not-in-family,Black,Male,0,1717,41,United-States,<=50K
55,Private,77526,Bachelors,13,Married-civ-spouse,Machine-op-inspct,Husband,White,Female,0,0,57,United-States,>50K
39,Private,355156,Assoc-voc,11,Married-civ-spouse,Sales,Own-child,Asian-Pac-Islander,Male,0,0,40,United-States,<=50K
58,Private,469340,Bachelors,13,Married-civ-spouse,Sales,Husband,Black,Male,0,0,54,United-States,<=50K
52,Private,329153,Bachelors,13,Married-civ-spouse,Sales,Other-relative,White,Male,0,0,42,United-States,<=50K
21,Private,31892,Assoc-voc,11,Married-civ-spouse,Prof-specialty,Own-child,White,Female,0,0,23,United-States,<=50K
35,Private,91045,HS-grad,9,Married-civ-spouse,Tech-support,Wife,White,Male,0,0,21,United-States,<=50K
54,Federal-gov,110901,HS-grad,9,Never-married,Sales,Own-child,White,Male,0,0,32,United-States,<=50K
65,Private,68380,HS-grad,9,Married-civ-spouse,Machine-op-inspct,Own-child,White,Male,0,0,52,United-States,<=50K
59,Private,362527,Some-college,10,Married-civ-spouse,Sales,Unmarried,White,Male,0,0,39,Canada,<=50K
64,Private,148705,10th,6,Married-civ-spouse,Prof-specialty,Wife,White,Female,0,0,35,United-States,<=50K
67,Private,478020,Some-college,10,Divorced,Other-service,Other-relative,White,Male,0,0,40,United-States,<=50K
64,Private,101279,Assoc-voc,11,Married-civ-spouse,Handlers-cleaners,Wife,White,Male,0,0,58,United-States,<=50K
48,Self-emp-not-inc,48863,HS-grad,9,Married-civ-spouse,Other-service,Other-relative,Asian-Pac-Islander,Female,0,0,27,Mexico,<=50K
35,State-gov,414460,Some-college,10,Never-married,Machine-op-inspct,Not-in-family,White,Female,0,0,44,United-States,<=50K
44,Private,140811,Some-college,10,Married-civ-spouse,Machine-op-inspct,Not-in-family,White,Male,0,0,47,United-States,<=50K
59,Private,385492,HS-grad,9,Never-married,Exec-managerial,Other-relative,White,Male,0,0,53,United-States,<=50K
40,Private,306616,Some-college,10,Married-civ-spouse,Handlers-cleaners,Husband,White,Female,0,0,39,United-States,<=50K
61,Private,379405,Bachelors,13,Married-civ-spouse,Handlers-cleaners,Other-relative,White,Male,0,0,58,United-States,>50K
54,Federal-gov,472539,Some-college,10,Never-married,Tech-support,Other-relative,White,Male,0,1929,55,United-States,<=50K
28,Private,78184,Assoc-voc,11,Separated,Prof-specialty,Wife,White,Male,0,0,24,United-States,<=50K
65,Local-gov,224487,Assoc-voc,11,Married-civ-spouse,Craft-repair,Husband,White,Female,0,0,30,United-States,<=50K
62,Private,74625,Some-college,10,Married-civ-spouse,Handlers-cleaners,Other-relative,White,Male,0,0,30,United-States,<=50K
49,Private,298716,10th,6,Married-civ-spouse,Handlers-cleaners,Husband,White,Male,0,0,57,United-States,<=50K
28,Self-emp-not-inc,458258,HS-grad,9,Married-civ-spouse,Exec-managerial,Not-in-family,White,Female,0,2091,24,United-States,<=50K
29,Private,190493,HS-grad,9,Married-civ-spouse,Sales,Wife,White,Female,0,0,53,Mexico,<=50K
61,Self-emp-not-inc,263561,Some-college,10,Never-married,Transportation,Other-relative,White,Male,0,0,59,United-States,<=50K
18,Federal-gov,80455,Bachelors,13,Separated,Sales,Unmarried,White,Male,0,0,36,United-States,<=50K
43,Private,77631,Bachelors,13,Married-civ-spouse,Machine-op-inspct,Unmarried,Other,Male,0,0,25,United-States,<=50K
50,Private,30565,Bachelors,13,Married-civ-spouse,Protective-serv,Other-relative,White,Male,2568,0,53,India,>50K
30,Private,198263,Assoc-voc,11,Married-civ-spouse,Other-service,Not-in-family,White,Male,0,0,37,United-States,<=50K
62,Private,342745,HS-grad,9,Never-married,Sales,Husband,White,Male,0,0,46,United-States,<=50K
45,Private,20882,Assoc-voc,11,Married-civ-spouse,Handlers-cleaners,Unmarried,White,Female,0,0,32,United-States,<=50K
21,Private,441191,Bachelors,13,Married-civ-spouse,Exec-managerial,Unmarried,White,Male,0,0,38,United-States,<=50K
34,Private,317411,Some-college,10,Divorced,Exec-managerial,Husband,White,Male,0,0,36,United-States,<=50K
38,Self-emp-not-inc,98862,HS-grad,9,Never-married,Handlers-cleaners,Other-relative,Asian-Pac-Islander,Male,0,0,40,United-States,<=50K
29,Self-emp-inc,253645,HS-grad,9,Divorced,Prof-specialty,Husband,White,Male,0,0,20,United-States,<=50K
66,Self-emp-not-inc,299352,Some-college,10,Separated,Prof-specialty,Not-in-family,Black,Male,0,2617,42,United-States,<=50K
36,Private,449803,Masters,14,Widowed,Sales,Wife,White,Male,0,0,31,United-States,>50K
44,Private,375792,Some-college,10,Divorced,Protective-serv,Husband,White,Female,0,0,29,United-States,<=50K
45,Private,425007,HS-grad,9,Married-civ-spouse,Tech-support,Wife,White,Male,0,0,57,United-States,<=50K
29,Federal-gov,163411,Masters,14,Married-civ-spouse,Other-service,Wife,White,Male,0,0,26,United-States,<=50K
47,Federal-gov,43789,Bachelors,13,Never-married,Transportation,Own-child,Black,Female,0,2915,54,United-States,>50K
36,Local-gov,204096,11th,7,Married-civ-spouse,Other-service,Wife,Asian-Pac-Islander,Male,0,0,52,United-States,<=50K
18,Private,444544,Some-college,10,Married-civ-spouse,Handlers-cleaners,Own-child,White,Female,0,0,35,United-States,<=50K
39,Self-emp-not-inc,463602,Bachelors,13,Never-married,Transportation,Not-in-family,White,Male,0,0,23,United-States,>50K
48,Local-gov,243811,Some-college,10,Married-civ-spouse,Sales,Own-child,White,Male,0,0,47,India,<=50K
24,Private,181258,Bachelors,13,Never-married,Handlers-cleaners,Not-in-family,White,Male,0,0,48,United-States,<=50K
58,Private,307546,Some-college,10,Married-civ-spouse,Machine-op-inspct,Own-child,Black,Female,1933,0,28,United-States,<=50K
52,Private,148995,HS-grad,9,Married-civ-spouse,Transportation,Wife,White,Male,0,0,56,United-States,<=50K
34,Private,83712,10th,6,Divorced,Exec-managerial,Husband,White,Male,0,0,33,United-States,<=50K
48,Private,62370,Masters,14,Never-married,Craft-repair,Wife,White,Male,6078,0,37,United-States,<=50K
33,Private,486705,Bachelors,13,Never-married,Prof-specialty,Wife,White,Male,6611,0,58,United-States,<=50K
51,Private,310611,Some-college,10,Married-civ-spouse,Transportation,Not-in-family,White,Male,0,0,51,United-States,<=50K
26,Self-emp-inc,388272,Masters,14,Married-civ-spouse,Tech-support,Not-in-family,White,Male,0,0,38,United-States,<=50K
49,Local-gov,244643,HS-grad,9,Never-married,Tech-support,Unmarried,White,Male,0,0,55,United-States,<=50K
20,Self-emp-not-inc,167144,Some-college,10,Married-civ-spouse,Transportation,Wife,Other,Female,0,0,33,United-States,<=50K
18,Local-gov,480436,HS-grad,9,Separated,Prof-specialty,Husband,Asian-Pac-Islander,Male,0,0,31,United-States,<=50K
31,Private,486764,HS-grad,9,Married-civ-spouse,Prof-specialty,Other-relative,White,Male,0,2864,48,Mexico,<=50K
27,Federal-gov,304486,HS-grad,9,Never-married,Protective-serv,Other-relative,Black,Male,0,0,30,United-States,<=50K
43,Private,461924,Masters,14,Never-married,Protective-serv,Wife,White,Male,0,0,42,Mexico,<=50K
26,Local-gov,133642,HS-grad,9,Married-civ-spouse,Exec-managerial,Unmarried,White,Male,0,0,41,United-States,<=50K
30,Local-gov,75331,Assoc-voc,11,Married-civ-spouse,Protective-serv,Not-in-family,White,Male,0,0,41,United-States,<=50K
23,Self-emp-not-inc,47882,Assoc-voc,11,Widowed,Exec-managerial,Other-relative,White,Male,0,0,57,United-States,<=50K
64,Private,188646,HS-grad,9,Never-married,Other-service,Own-child,White,Female,0,0,35,United-States,<=50K
56,Private,451796,Bachelors,13,Married-civ-spouse,Machine-op-inspct,Own-child,Other,Male,0,0,48,United-States,<=50K
29,Private,62190,Some-college,10,Widowed,Sales,Own-child,White,Male,0,0,36,United-States,<=50K
24,Private,378311,11th,7,Never-married,Transportation,Other-relative,Amer-Indian-Eskimo,Male,0,0,27,United-States,<=50K
62,Private,113628,Some-college,10,Widowed,Sales,Other-relative,White,Male,0,0,34,United-States,<=50K
52,Private,306959,Some-college,10,Married-civ-spouse,Craft-repair,Unmarried,White,Male,0,0,36,United-States,<=50K
64,Private,424230,HS-grad,9,Married-civ-spouse,Transportation,Wife,Other,Male,0,0,27,Canada,<=50K
27,Local-gov,236775,Assoc-voc,11,Married-civ-spouse,Craft-repair,Other-relative,White,Male,0,0,43,Germany,<=50K
36,Private,292685,HS-grad,9,Divorced,Handlers-cleaners,Other-relative,White,Male,0,418,60,United-States,<=50K
24,Federal-gov,39840,Assoc-voc,11,Separated,Protective-serv,Husband,White,Male,0,0,35,United-States,<=50K
40,Private,471860,HS-grad,9,Never-married,Exec-managerial,Other-relative,Black,Male,0,0,42,United-States,<=50K
26,Private,297139,Bachelors,13,Married-civ-spouse,Other-service,Husband,White,Female,0,0,27,United-States,<=50K
18,Private,280011,Some-college,10,Never-married,Other-service,Husband,Asian-Pac-Islander,Female,0,0,32,United-States,<=50K
44,Local-gov,80134,HS-grad,9,Never-married,Craft-repair,Husband,White,Female,0,0,53,United-States,<=50K
68,Private,76758,HS-grad,9,Married-civ-spouse,Transportation,Not-in-family,White,Male,0,0,26,United-States,<=50K
51,Self-emp-not-inc,383763,HS-grad,9,Married-civ-spouse,Other-service,Husband,Black,Female,0,0,48,United-States,<=50K
57,Private,486973,Masters,14,Married-civ-spouse,Tech-support,Not-in-family,White,Male,0,0,59,United-States,>50K
60,Private,448252,Masters,14,Never-married,Craft-repair,Other-relative,White,Male,0,0,52,United-States,<=50K
68,Private,226075,HS-grad,9,Never-married,Protective-serv,Not-in-family,White,Female,0,0,51,United-States,<=50K
24,Private,463859,Some-college,10,Never-married,Exec-managerial,Wife,White,Male,0,0,26,Mexico,<=50K
31,Private,354623,HS-grad,9,Never-married,Sales,Own-child,White,Male,0,0,23,United-States,<=50K
50,Local-gov,47382,Masters,14,Never-married,Handlers-cleaners,Other-relative,White,Male,0,0,26,United-States,<=50K
60,Private,285296,Doctorate,16,Divorced,Sales,Own-child,White,Female,0,0,53,United-States,>50K
58,Private,227213,Assoc-voc,11,Never-married,Transportation,Not-in-family,White,Male,0,0,23,United-States,<=50K
55,Private,355317,Assoc-voc,11,Separated,Craft-repair,Other-relative,Black,Male,0,0,25,United-States,<=50K
34,State-gov,309649,Some-college,10,Never-married,Prof-specialty,Not-in-family,White,Male,0,0,46,United-States,<=50K
36,Private,205883,HS-grad,9,Married-civ-spouse,Craft-repair,Own-child,White,Male,0,902,22,United-States,<=50K
22,Private,236586,Assoc-voc,11,Never-married,Tech-support,Husband,White,Female,0,0,57,United-States,<=50K
34,Private,73816,HS-grad,9,Never-married,Protective-serv,Other-relative,White,Male,0,0,48,United-States,<=50K
26,Local-gov,336979,HS-grad,9,Married-civ-spouse,Protective-serv,Wife,White,Male,0,0,54,United-States,<=50K
66,Private,271226,Some-college,10,Married-civ-spouse,Prof-specialty,Own-child,White,Female,0,0,48,Philippines,<=50K
22,Self-emp-inc,264071,Masters,14,Married-civ-spouse,Exec-managerial,Husband,White,Male,0,0,30,United-States,>50K
36,Federal-gov,455785,Bachelors,13,Married-civ-spouse,Other-service,Other-relative,White,Female,0,0,45,United-States,<=50K
64,Private,71963,10th,6,Divorced,Machine-op-inspct,Unmarried,White,Female,0,0,33,United-States,<=50K
67,Private,163381,Some-college,10,Married-civ-spouse,Craft-repair,Unmarried,White,Female,0,0,58,United-States,<=50K
37,Private,93715,HS-grad,9,Never-married,Exec-managerial,Wife,Amer-Indian-Eskimo,Female,0,0,39,United-States,<=50K
42,Private,239083,Some-college,10,Never-married,Handlers-cleaners,Husband,White,Female,0,0,44,United-States,<=50K
45,Private,327773,Masters,14,Married-civ-spouse,Protective-serv,Husband,White,Male,0,0,20,United-States,<=50K
60,Private,215431,HS-grad,9,Widowed,Transportation,Own-child,White,Male,0,0,25,United-States,<=50K
57,Private,404324,11th,7,Never-married,Other-service,Husband,White,Female,929,0,47,Mexico,<=50K
45,Self-emp-not-inc,47859,Some-college,10,Married-civ-spouse,Tech-support,Wife,White,Male,0,0,58,United-States,<=50K
37,Private,27703,Masters,14,Married-civ-spouse,Transportation,Not-in-family,White,Male,0,0,28,United-States,<=50K
37,Private,498729,Assoc-voc,11,Widowed,Prof-specialty,Husband,White,Female,0,0,58,United-States,<=50K
51,Private,184015,Some-college,10,Never-married,Machine-op-inspct,Not-in-family,White,Male,0,0,53,United-States,<=50K
61,Private,484337,Masters,14,Divorced,Transportation,Unmarried,White,Male,0,0,48,India,>50K
21,Private,126677,Some-college,10,Married-civ-spouse,Sales,Unmarried,White,Male,0,0,41,United-States,<=50K
57,Local-gov,264392,Assoc-voc,11,Never-married,Craft-repair,Unmarried,White,Female,0,0,20,Mexico,<=50K
43,Private,473926,Assoc-voc,11,Divorced,Handlers-cleaners,Wife,White,Female,0,0,26,Germany,<=50K
25,Private,58335,Bachelors,13,Married-civ-spouse,Sales,Not-in-family,White,Female,0,0,24,United-States,<=50K
23,Federal-gov,178613,HS-grad,9,Never-married,Craft-repair,Husband,Asian-Pac-Islander,Female,0,0,50,United-States,<=50K
35,Private,313781,10th,6,Never-married,Prof-specialty,Wife,White,Male,0,0,31,United-States,<=50K
30,Private,235815,11th,7,Married-civ-spouse,Tech-support,Other-relative,White,Male,0,0,53,United-States,<=50K
23,Private,203406,Bachelors,13,Married-civ-spouse,Tech-support,Wife,White,Male,0,0,50,United-States,<=50K
33,Private,371164,10th,6,Married-civ-spouse,Machine-op-inspct,Wife,Black,Male,0,0,55,Philippines,<=50K
61,Self-emp-not-inc,166113,Some-college,10,Married-civ-spouse,Tech-support,Own-child,White,Female,0,0,55,Germany,<=50K
55,Self-emp-inc,76194,Some-college,10,Divorced,Protective-serv,Wife,White,Male,0,0,24,United-States,<=50K
28,Self-emp-not-inc,265168,Some-college,10,Married-civ-spouse,Exec-managerial,Other-relative,White,Male,0,0,47,United-States,<=50K
53,Private,157070,HS-grad,9,Married-civ-spouse,Craft-repair,Unmarried,White,Female,0,0,39,India,<=50K
41,Self-emp-inc,57326,Bachelors,13,Never-married,Handlers-cleaners,Not-in-family,White,Female,0,0,51,India,<=50K
56,Private,451701,Bachelors,13,Divorced,Craft-repair,Not-in-family,White,Male,7980,0,22,United-States,<=50K
30,State-gov,64463,HS-grad,9,Never-married,Protective-serv,Other-relative,White,Male,0,0,38,United-States,<=50K
21,Self-emp-inc,329736,HS-grad,9,Never-married,Craft-repair,Own-child,White,Male,0,0,59,United-States,<=50K
34,Private,243005,Masters,14,Married-civ-spouse,Prof-specialty,Own-child,White,Male,0,0,20,United-States,<=50K
69,Private,256346,Doctorate,16,Married-civ-spouse,Craft-repair,Unmarried,White,Female,0,0,39,United-States,>50K
46,Private,350213,10th,6,Never-married,Transportation,Own-child,Black,Male,0,0,32,United-States,<=50K
20,Private,328475,HS-grad,9,Married-civ-spouse,Exec-managerial,Wife,White,Male,0,0,51,United-States,<=50K
68,Private,135487,Assoc-voc,11,Never-married,Tech-support,Husband,White,Female,0,0,37,United-States,<=50K
60,Private,325307,HS-grad,9,Married-civ-spouse,Tech-support,Husband,White,Male,0,2356,30,United-States,<=50K
46,Private,127585,HS-grad,9,Married-civ-spouse,Prof-specialty,Other-relative,White,Female,0,0,44,Mexico,<=50K
56,Self-emp-not-inc,138006,Masters,14,Married-civ-spouse,Prof-specialty,Wife,White,Male,0,0,28,United-States,<=50K
27,Private,464392,Some-college,10,Never-married,Sales,Other-relative,White,Male,0,0,40,United-States,<=50K
48,Self-emp-not-inc,475545,Doctorate,16,Married-civ-spouse,Protective-serv,Husband,Black,Male,0,0,39,United-States,>50K
65,Private,140732,HS-grad,9,Never-married,Machine-op-inspct,Other-relative,White,Male,0,0,60,United-States,<=50K
40,Federal-gov,183001,HS-grad,9,Married-civ-spouse,Machine-op-inspct,Own-child,White,Male,0,0,44,United-States,<=50K
20,Self-emp-not-inc,253536,Bachelors,13,Widowed,Machine-op-inspct,Other-relative,White,Male,0,0,57,United-States,>50K
57,Self-emp-inc,219194,HS-grad,9,Never-married,Handlers-cleaners,Other-relative,Black,Female,0,0,31,United-States,<=50K
55,Private,163713,HS-grad,9,Married-civ-spouse,Other-service,Not-in-family,White,Male,0,0,21,United-States,<=50K
56,State-gov,73523,HS-grad,9,Never-married,Tech-support,Unmarried,White,Male,0,0,34,United-States,<=50K
51,Private,424862,Some-college,10,Married-civ-spouse,Craft-repair,Unmarried,White,Male,2144,0,38,Philippines,<=50K
25,Self-emp-inc,271746,Masters,14,Married-civ-spouse,Tech-support,Other-relative,White,Male,0,0,37,United-States,<=50K
23,Private,140017,HS-grad,9,Married-civ-spouse,Other-service,Own-child,White,Male,0,0,20,United-States,<=50K
59,Private,310297,Bachelors,13,Married-civ-spouse,Craft-repair,Unmarried,White,Male,0,0,20,Germany,<=50K
62,Private,64724,Bachelors,13,Widowed,Handlers-cleaners,Unmarried,White,Male,0,0,42,United-States,<=50K
22,Private,261478,Bachelors,13,Divorced,Sales,Own-child,White,Female,0,0,29,United-States,<=50K
48,Private,372991,Some-college,10,Widowed,Other-service,Wife,Black,Male,0,0,34,Philippines,<=50K
44,Private,383872,Bachelors,13,Never-married,Prof-specialty,Wife,White,Female,0,0,51,United-States,<=50K
36,Private,333577,Assoc-voc,11,Widowed,Exec-managerial,Unmarried,Black,Female,0,0,35,United-States,<=50K
51,State-gov,181676,HS-grad,9,Never-married,Tech-support,Husband,White,Male,0,0,53,United-States,<=50K
65,Private,488739,Assoc-voc,11,Never-married,Handlers-cleaners,Husband,White,Male,0,0,40,United-States,<=50K
60,Private,306141,HS-grad,9,Married-civ-spouse,Protective-serv,Not-in-family,White,Male,0,0,50,United-States,<=50K
25,Self-emp-inc,360457,Some-college,10,Never-married,Transportation,Unmarried,Asian-Pac-Islander,Male,0,0,31,United-States,<=50K
42,Private,123681,Some-college,10,Married-civ-spouse,Handlers-cleaners,Wife,White,Male,0,0,25,United-States,<=50K
66,Self-emp-not-inc,89520,HS-grad,9,Never-married,Transportation,Not-in-family,White,Male,0,0,30,United-States,<=50K
30,Private,471920,HS-grad,9,Married-civ-spouse,Other-service,Husband,White,Male,0,0,25,United-States,<=50K
62,Private,426059,HS-grad,9,Never-married,Machine-op-inspct,Other-relative,Other,Male,0,0,39,United-States,<=50K
43,Private,377141,HS-grad,9,Never-married,Tech-support,Unmarried,White,Male,0,0,32,United-States,<=50K
45,Self-emp-inc,121504,Bachelors,13,Divorced,Sales,Not-in-family,White,Male,0,0,30,Philippines,>50K
31,Self-emp-not-inc,138956,HS-grad,9,Married-civ-spouse,Machine-op-inspct,Husband,White,Male,0,0,28,United-States,<=50K
65,Self-emp-not-inc,253298,Doctorate,16,Married-civ-spouse,Protective-serv,Husband,Asian-Pac-Islander,Female,0,0,36,Canada,>50K
45,Private,63699,Assoc-voc,11,Married-civ-spouse,Machine-op-inspct,Other-relative,Black,Male,0,0,20,India,<=50K
47,Federal-gov,245462,HS-grad,9,Divorced,Machine-op-inspct,Husband,White,Male,0,0,35,United-States,<=50K
42,Private,100278,HS-grad,9,Married-civ-spouse,Tech-support,Husband,White,Female,0,0,29,United-States,<=50K
22,Self-emp-not-inc,365096,Some-college,10,Never-married,Prof-specialty,Unmarried,White,Male,0,0,41,India,<=50K
58,Private,91840,Assoc-voc,11,Widowed,Protective-serv,Not-in-family,White,Male,0,0,39,United-States,<=50K
35,Self-emp-inc,37786,Some-college,10,Married-civ-spouse,Craft-repair,Not-in-family,White,Male,0,0,38,United-States,<=50K
30,State-gov,359495,HS-grad,9,Never-married,Other-service,Other-relative,Black,Male,0,0,44,Mexico,<=50K
58,Private,312284,10th,6,Never-married,Exec-managerial,Own-child,White,Male,0,0,22,United-States,<=50K
28,Self-emp-inc,24438,Some-college,10,Never-married,Protective-serv,Wife,White,Male,0,0,23,United-States,<=50K
53,Private,336977,Some-college,10,Widowed,Transportation,Not-in-family,White,Male,0,0,39,United-States,<=50K
42,Private,145833,Assoc-voc,11,Widowed,Machine-op-inspct,Husband,White,Male,0,0,35,United-States,<=50K
59,Private,497937,11th,7,Married-civ-spouse,Handlers-cleaners,Wife,White,Female,4013,0,32,United-States,<=50K
20,Self-emp-not-inc,212947,Some-college,10,Married-civ-spouse,Other-service,Not-in-family,White,Female,0,0,35,United-States,<=50K
58,Private,104925,HS-grad,9,Divorced,Sales,Unmarried,White,Male,0,0,30,United-States,<=50K
29,Private,33561,Some-college,10,Married-civ-spouse,Other-service,Not-in-family,White,Female,0,0,25,India,<=50K
63,Local-gov,74733,HS-grad,9,Married-civ-spouse,Transportation,Other-relative,White,Male,0,0,29,United-States,<=50K
36,Private,140877,Some-college,10,Widowed,Protective-serv,Wife,White,Female,0,793,58,Philippines,<=50K
18,Self-emp-not-inc,201496,HS-grad,9,Never-married,Prof-specialty,Husband,White,Female,0,0,24,India,<=50K
43,Private,395170,Bachelors,13,Never-married,Prof-specialty,Own-child,White,Male,0,0,60,United-States,<=50K
20,Private,230986,Masters,14,Married-civ-spouse,Sales,Other-relative,White,Male,0,0,47,United-States,<=50K
32,Self-emp-inc,429050,10th,6,Married-civ-spouse,Transportation,Husband,White,Male,0,0,24,Germany,<=50K
55,Private,190155,Assoc-voc,11,Never-married,Protective-serv,Unmarried,White,Male,0,2536,52,United-States,<=50K
47,Private,243408,HS-grad,9,Never-married,Prof-specialty,Wife,White,Male,0,0,31,United-States,<=50K
54,Private,457215,HS-grad,9,Married-civ-spouse,Machine-op-inspct,Other-relative,White,Female,0,981,40,United-States,<=50K
63,State-gov,362548,Bachelors,13,Married-civ-spouse,Machine-op-inspct,Unmarried,Black,Male,0,0,20,United-States,>50K
42,Private,488232,HS-grad,9,Separated,Sales,Not-in-family,White,Male,0,0,20,United-States,<=50K
46,State-gov,425293,HS-grad,9,Divorced,Machine-op-inspct,Wife,White,Male,0,0,52,United-States,<=50K
21,Self-emp-not-inc,52548,Masters,14,Married-civ-spouse,Machine-op-inspct,Wife,White,Male,0,0,44,United-States,>50K
32,Private,59061,Some-college,10,Married-civ-spouse,Protective-serv,Own-child,White,Male,5940,0,37,Mexico,<=50K
55,Private,37810,HS-grad,9,Married-civ-spouse,Craft-repair,Unmarried,White,Male,0,0,58,United-States,<=50K
21,Private,408629,Some-college,10,Never-married,Craft-repair,Other-relative,White,Male,0,0,60,United-States,<=50K
36,Private,370626,10th,6,Married-civ-spouse,Tech-support,Not-in-family,White,Male,0,0,59,United-States,<=50K
25,Private,422305,Bachelors,13,Married-civ-spouse,Other-service,Other-relative,White,Male,0,0,40,United-States,<=50K
62,Private,397841,HS-grad,9,Separated,Craft-repair,Husband,Black,Male,0,0,53,United-States,<=50K
47,Private,363481,Some-college,10,Divorced,Prof-specialty,Husband,Amer-Indian-Eskimo,Female,0,0,22,United-States,<=50K
51,State-gov,60425,Assoc-voc,11,Never-married,Handlers-cleaners,Not-in-family,White,Female,0,0,49,United-States,<=50K
53,Private,216297,HS-grad,9,Divorced,Tech-support,Not-in-family,White,Female,0,0,53,United-States,<=50K
29,Private,484458,Bachelors,13,Married-civ-spouse,Other-service,Wife,White,Female,0,0,20,Mexico,<=50K
20,Private,267468,Masters,14,Never-married,Tech-support,Not-in-family,Amer-Indian-Eskimo,Male,0,0,52,United-States,<=50K
38,Private,40797,Bachelors,13,Married-civ-spouse,Tech-support,Husband,Amer-Indian-Eskimo,Female,0,0,56,United-States,<=50K
27,Private,94093,HS-grad,9,Divorced,Tech-support,Wife,Amer-Indian-Eskimo,Female,0,0,28,United-States,<=50K
34,Self-emp-inc,208839,Assoc-voc,11,Married-civ-spouse,Protective-serv,Unmarried,White,Female,0,0,57,United-States,<=50K
34,Private,380386,Some-college,10,Married-civ-spouse,Handlers-cleaners,Husband,Other,Female,0,0,27,United-States,<=50K
58,Private,404857,HS-grad,9,Married-civ-spouse,Machine-op-inspct,Not-in-family,White,Male,0,0,58,United-States,<=50K
34,Federal-gov,364976,HS-grad,9,Married-civ-spouse,Protective-serv,Unmarried,White,Male,0,0,58,Canada,<=50K
25,Private,329981,Some-college,10,Married-civ-spouse,Craft-repair,Other-relative,White,Female,0,0,40,United-States,<=50K
67,Federal-gov,318987,HS-grad,9,Married-civ-spouse,Transportation,Own-child,White,Male,0,0,60,United-States,<=50K
20,Private,290955,Masters,14,Separated,Prof-specialty,Wife,Black,Male,0,0,41,United-States,<=50K
28,Local-gov,419430,Assoc-voc,11,Married-civ-spouse,Handlers-cleaners,Husband,White,Female,0,0,49,United-States,<=50K
36,State-gov,360916,HS-grad,9,Never-married,Sales,Husband,Black,Female,0,0,38,United-States,<=50K
21,Federal-gov,59691,Assoc-voc,11,Married-civ-spouse,Machine-op-inspct,Not-in-family,White,Male,0,0,27,United-States,<=50K
64,Private,472700,10th,6,Married-civ-spouse,Exec-managerial,Not-in-family,White,Male,4479,0,32,United-States,<=50K
36,Private,272882,HS-grad,9,Married-civ-spouse,Prof-specialty,Own-child,White,Male,0,0,28,United-States,<=50K
58,Federal-gov,101672,Masters,14,Married-civ-spouse,Craft-repair,Wife,White,Male,0,0,28,United-States,>50K
24,Private,172320,10th,6,Never-married,Exec-managerial,Husband,White,Male,0,0,47,United-States,<=50K
45,Private,411355,Doctorate,16,Married-civ-spouse,Craft-repair,Husband,White,Male,0,0,22,United-States,<=50K
24,Private,305703,Some-college,10,Divorced,Machine-op-inspct,Wife,Black,Female,0,0,23,United-States,<=50K
30,Private,439710,Assoc-voc,11,Married-civ-spouse,Machine-op-inspct,Unmarried,Asian-Pac-Islander,Male,0,0,58,United-States,<=50K
39,Private,25086,Bachelors,13,Married-civ-spouse,Transportation,Wife,Black,Male,0,0,28,United-States,<=50K
62,Private,273986,HS-grad,9,Married-civ-spouse,Exec-managerial,Husband,White,Male,0,1959,44,United-States,<=50K
33,Private,157040,HS-grad,9,Married-civ-spouse,Transportation,Not-in-family,Black,Male,3699,0,20,United-States,<=50K
57,Private,376890,Some-college,10,Married-civ-spouse,Transportation,Husband,White,Female,0,0,50,United-States,<=50K
22,Private,61607,Some-college,10,Married-civ-spouse,Exec-managerial,Own-child,White,Male,0,0,42,United-States,<=50K
31,Private,60492,Some-college,10,Married-civ-spouse,Handlers-cleaners,Other-relative,White,Male,0,0,21,United-States,<=50K
49,Local-gov,229834,HS-grad,9,Married-civ-spouse,Machine-op-inspct,Husband,Amer-Indian-Eskimo,Male,0,0,45,United-States,<=50K
42,Private,450600,Assoc-voc,11,Married-civ-spouse,Other-service,Unmarried,White,Male,0,0,26,United-States,>50K
44,Private,463078,Bachelors,13,Married-civ-spouse,Exec-managerial,Not-in-family,Other,Male,1572,0,59,United-States,<=50K
53,Self-emp-inc,195087,Some-college,10,Never-married,Craft-repair,Unmarried,White,Female,0,0,40,United-States,<=50K
22,Private,41936,HS-grad,9,Married-civ-spouse,Sales,Other-relative,White,Female,2627,0,23,United-States,<=50K
54,Private,119044,HS-grad,9,Married-civ-spouse,Sales,Unmarried,White,Female,0,0,39,United-States,<=50K
62,Private,461614,HS-grad,9,Never-married,Other-service,Not-in-family,White,Female,0,0,57,United-States,<=50K
57,Private,310718,Bachelors,13,Never-married,Sales,Husband,White,Male,0,0,52,Mexico,<=50K
32,Private,355428,HS-grad,9,Married-civ-spouse,Tech-support,Husband,White,Female,5553,0,32,United-States,<=50K
36,Private,105518,10th,6,Married-civ-spouse,Exec-managerial,Wife,Black,Female,0,0,41,United-States,<=50K
67,Local-gov,443760,HS-grad,9,Married-civ-spouse,Other-service,Husband,White,Male,0,0,56,Philippines,<=50K
59,Private,335953,HS-grad,9,Married-civ-spouse,Other-service,Other-relative,Black,Female,0,2165,36,United-States,<=50K
66,Private,400396,Assoc-voc,11,Divorced,Machine-op-inspct,Unmarried,White,Male,0,0,47,Mexico,<=50K
65,Private,196148,Some-college,10,Never-married,Transportation,Not-in-family,Black,Female,0,0,39,United-States,<=50K
40,Private,224878,Some-college,10,Married-civ-spouse,Craft-repair,Wife,Black,Female,9244,0,33,India,<=50K
24,Private,27215,HS-grad,9,Married-civ-spouse,Prof-specialty,Unmarried,White,Female,0,0,25,Germany,<=50K
29,Local-gov,234417,Bachelors,13,Never-married,Handlers-cleaners,Wife,White,Female,0,0,56,United-States,>50K
33,Self-emp-inc,383295,Some-college,10,Widowed,Protective-serv,Unmarried,Other,Female,0,0,42,United-States,<=50K
61,Self-emp-not-inc,27894,Assoc-voc,11,Divorced,Tech-support,Other-relative,Black,Male,0,0,44,Mexico,<=50K
32,Private,443685,Bachelors,13,Never-married,Machine-op-inspct,Own-child,Black,Male,0,0,21,United-States,<=50K
36,Private,261174,Assoc-voc,11,Never-married,Tech-support,Other-relative,White,Male,0,0,46,United-States,<=50K
62,Private,385819,Bachelors,13,Divorced,Protective-serv,Not-in-family,Black,Male,0,0,28,United-States,<=50K
26,Private,261556,Masters,14,Never-married,Exec-managerial,Unmarried,White,Male,0,0,56,United-States,<=50K
52,Private,352690,Bachelors,13,Separated,Prof-specialty,Not-in-family,White,Male,0,0,47,United-States,<=50K
46,Private,384234,Some-college,10,Never-married,Other-service,Own-child,White,Male,0,0,38,United-States,<=50K
69,Private,306426,Bachelors,13,Married-civ-spouse,Transportation,Husband,White,Male,0,0,35,United-States,>50K
43,Private,293345,Bachelors,13,Never-married,Craft-repair,Unmarried,White,Female,0,0,24,United-States,>50K
45,Private,145751,HS-grad,9,Married-civ-spouse,Handlers-cleaners,Other-relative,White,Female,0,0,49,Canada,<=50K
62,Private,156538,Bachelors,13,Never-married,Tech-support,Husband,White,Male,0,0,23,United-States,<=50K
69,Private,391105,HS-grad,9,Married-civ-spouse,Sales,Not-in-family,White,Female,0,0,59,United-States,<=50K
55,Private,128922,Bachelors,13,Separated,Prof-specialty,Other-relative,White,Male,0,2859,33,United-States,>50K
54,Private,311032,HS-grad,9,Never-married,Prof-specialty,Other-relative,White,Male,0,0,57,Canada,<=50K
63,Private,391076,HS-grad,9,Married-civ-spouse,Other-service,Wife,White,Female,0,0,55,India,<=50K
68,Private,301388,HS-grad,9,Never-married,Other-service,Husband,Other,Female,0,0,39,United-States,<=50K
56,Federal-gov,263073,HS-grad,9,Married-civ-spouse,Prof-specialty,Unmarried,White,Male,0,0,58,India,<=50K
33,Private,170346,HS-grad,9,Never-married,Tech-support,Own-child,White,Female,0,0,48,United-States,<=50K
51,Private,68184,HS-grad,9,Married-civ-spouse,Craft-repair,Unmarried,Other,Female,0,0,43,United-States,<=50K
30,Private,93029,Bachelors,13,Divorced,Sales,Own-child,Asian-Pac-Islander,Male,0,0,30,United-States,<=50K
44,Private,403482,Some-college,10,Divorced,Tech-support,Other-relative,White,Male,0,0,43,United-States,<=50K
41,Private,84537,10th,6,Separated,Tech-support,Wife,White,Female,0,0,45,United-States,<=50K
69,Private,209983,Doctorate,16,Never-married,Tech-support,Not-in-family,White,Male,0,0,30,United-States,>50K
46,Private,456605,HS-grad,9,Never-married,Transportation,Not-in-family,White,Male,0,0,43,United-States,<=50K
67,Federal-gov,153522,Some-college,10,Never-married,Craft-repair,Wife,Black,Male,0,0,56,Mexico,<=50K
60,Federal-gov,188678,Some-college,10,Married-civ-spouse,Craft-repair,Other-relative,Other,Male,0,0,39,United-States,<=50K
62,Private,74626,Some-college,10,Never-married,Machine-op-inspct,Own-child,White,Male,0,0,36,Philippines,<=50K
26,Private,250816,Some-college,10,Divorced,Exec-managerial,Not-in-family,White,Male,0,0,44,United-States,<=50K
58,State-gov,113021,Bachelors,13,Widowed,Exec-managerial,Husband,Asian-Pac-Islander,Male,0,0,39,United-States,<=50K
31,Private,321646,Bachelors,13,Never-married,Protective-serv,Husband,Black,Female,0,0,47,Mexico,<=50K
48,State-gov,45072,Some-college,10,Never-married,Protective-serv,Other-relative,White,Male,0,0,59,United-States,<=50K
43,Self-emp-inc,210271,Bachelors,13,Married-civ-spouse,Exec-managerial,Unmarried,White,Male,0,0,49,United-States,>50K
31,Private,366137,HS-grad,9,Married-civ-spouse,Transportation,Husband,White,Female,0,0,52,United-States,<=50K
69,Private,245173,Assoc-voc,11,Married-civ-spouse,Other-service,Husband,White,Male,0,0,29,United-States,<=50K
63,Private,315977,10th,6,Never-married,Other-service,Wife,White,Male,0,0,51,United-States,<=50K
47,Federal-gov,173662,HS-grad,9,Divorced,Prof-specialty,Husband,White,Male,0,0,22,United-States,<=50K
18,Private,482317,Masters,14,Married-civ-spouse,Transportation,Wife,White,Male,9901,0,38,United-States,<=50K
27,Private,388242,Assoc-voc,11,Never-married,Transportation,Other-relative,White,Male,0,0,28,United-States,<=50K
29,Private,99806,Some-college,10,Never-married,Machine-op-inspct,Other-relative,White,Female,0,0,25,United-States,<=50K
68,Federal-gov,436672,HS-grad,9,Married-civ-spouse,Tech-support,Not-in-family,White,Female,0,0,59,United-States,<=50K
38,Self-emp-not-inc,167236,Masters,14,Never-married,Machine-op-inspct,Own-child,White,Male,0,0,34,United-States,<=50K
20,Private,181683,Some-college,10,Divorced,Craft-repair,Husband,White,Male,0,0,42,United-States,<=50K
48,Private,326895,HS-grad,9,Married-civ-spouse,Transportation,Not-in-family,Other,Female,0,0,37,United-States,<=50K
67,Private,246289,Bachelors,13,Separated,Craft-repair,Unmarried,White,Female,0,0,49,United-States,<=50K
47,Federal-gov,286651,Some-college,10,Divorced,Craft-repair,Wife,White,Male,0,0,52,United-States,<=50K
41,Self-emp-not-inc,340093,HS-grad,9,Separated,Prof-specialty,Not-in-family,White,Female,0,0,21,United-States,<=50K
27,Private,281412,10th,6,Married-civ-spouse,Prof-specialty,Own-child,White,Female,0,0,51,United-States,<=50K
63,Federal-gov,93409,HS-grad,9,Married-civ-spouse,Sales,Own-child,White,Male,0,579,47,United-States,<=50K
23,Private,64620,Some-college,10,Never-married,Exec-managerial,Not-in-family,White,Male,0,0,57,Canada,<=50K
66,Private,297243,Bachelors,13,Married-civ-spouse,Machine-op-inspct,Wife,Amer-Indian-Eskimo,Female,0,0,23,United-States,>50K
29,Local-gov,29953,HS-grad,9,Married-civ-spouse,Protective-serv,Wife,White,Male,0,0,22,United-States,<=50K
25,Private,414307,Masters,14,Married-civ-spouse,Machine-op-inspct,Husband,Asian-Pac-Islander,Male,0,0,29,Mexico,<=50K
36,Federal-gov,366501,Bachelors,13,Married-civ-spouse,Other-service,Other-relative,White,Female,0,0,38,United-States,>50K
18,Private,316677,Some-college,10,Never-married,Prof-specialty,Unmarried,White,Female,0,0,47,United-States,<=50K
18,Private,359645,Some-college,10,Married-civ-spouse,Craft-repair,Own-child,Black,Male,0,0,54,United-States,<=50K
27,Private,210634,11th,7,Never-married,Other-service,Not-in-family,White,Male,0,0,47,United-States,<=50K
54,Private,33702,11th,7,Married-civ-spouse,Handlers-cleaners,Unmarried,White,Male,0,0,39,United-States,<=50K
60,Private,419668,HS-grad,9,Married-civ-spouse,Tech-support,Other-relative,Black,Female,0,0,25,United-States,<=50K
30,Self-emp-not-inc,418897,Some-college,10,Divorced,Exec-managerial,Wife,White,Female,0,0,29,United-States,<=50K
51,Private,319707,Some-college,10,Married-civ-spouse,Exec-managerial,Other-relative,White,Female,0,0,36,United-States,<=50K
36,Private,388029,11th,7,Separated,Other-service,Own-child,Black,Male,0,0,52,United-States,<=50K
40,Private,56693,Assoc-voc,11,Widowed,Tech-support,Unmarried,White,Female,0,0,56,United-States,<=50K
35,Private,124231,Some-college,10,Never-married,Craft-repair,Unmarried,Amer-Indian-Eskimo,Female,0,0,22,United-States,<=50K
64,Private,121828,Assoc-voc,11,Married-civ-spouse,Machine-op-inspct,Husband,White,Male,0,0,57,United-States,>50K
44,Self-emp-not-inc,291795,Some-college,10,Never-married,Prof-specialty,Unmarried,White,Male,0,2616,34,United-States,<=50K
44,Private,350540,HS-grad,9,Divorced,Prof-specialty,Wife,White,Male,0,0,44,United-States,<=50K
62,Private,146166,Bachelors,13,Married-civ-spouse,Craft-repair,Own-child,White,Male,0,0,48,United-States,<=50K
52,Private,231485,Some-college,10,Never-married,Prof-specialty,Other-relative,Other,Male,0,0,36,United-States,<=50K
25,Private,420369,Bachelors,13,Never-married,Craft-repair,Husband,White,Male,0,0,26,Mexico,<=50K
27,Private,197747,Some-college,10,Married-civ-spouse,Sales,Husband,White,Male,0,0,28,United-States,<=50K
35,Local-gov,103672,Doctorate,16,Never-married,Handlers-cleaners,Own-child,White,Male,0,0,54,United-States,>50K
23,Private,484354,11th,7,Married-civ-spouse,Exec-managerial,Not-in-family,White,Male,0,0,47,United-States,<=50K
53,State-gov,418553,HS-grad,9,Divorced,Tech-support,Not-in-family,White,Female,4384,0,36,United-States,<=50K
43,Private,479567,Some-college,10,Never-married,Prof-specialty,Unmarried,White,Male,1649,1638,60,United-States,<=50K
20,Self-emp-not-inc,335955,Masters,14,Married-civ-spouse,Craft-repair,Wife,White,Female,0,0,35,United-States,<=50K
38,Self-emp-not-inc,348956,HS-grad,9,Married-civ-spouse,Tech-support,Other-relative,White,Male,0,0,50,United-States,<=50K
61,Self-emp-not-inc,109036,Doctorate,16,Married-civ-spouse,Protective-serv,Wife,Other,Female,0,0,58,United-States,>50K
65,Private,346646,Bachelors,13,Never-married,Protective-serv,Own-child,White,Female,0,0,34,United-States,<=50K
68,Private,435450,HS-grad,9,Never-married,Other-service,Not-in-family,Black,Female,0,0,26,United-States,<=50K
65,Self-emp-not-inc,352378,Assoc-voc,11,Widowed,Machine-op-inspct,Own-child,White,Female,0,0,38,Philippines,<=50K
49,Private,418089,Some-college,10,Married-civ-spouse,Craft-repair,Wife,White,Male,0,0,37,United-States,<=50K
66,Private,37480,HS-grad,9,Married-civ-spouse,Prof-specialty,Wife,White,Male,0,0,42,United-States,<=50K
67,Private,325029,HS-grad,9,Divorced,Prof-specialty,Unmarried,White,Female,0,0,40,United-States,<=50K
51,Private,72627,Masters,14,Never-married,Craft-repair,Unmarried,Black,Male,0,2988,45,United-States,<=50K
39,Local-gov,259523,11th,7,Never-married,Protective-serv,Husband,White,Male,4741,2246,23,United-States,<=50K
68,Private,65929,Some-college,10,Never-married,Prof-specialty,Wife,White,Male,0,0,55,United-States,<=50K
39,Private,321924,HS-grad,9,Married-civ-spouse,Exec-managerial,Unmarried,White,Male,0,0,32,United-States,<=50K
26,Private,262695,HS-grad,9,Married-civ-spouse,Machine-op-inspct,Husband,White,Female,0,0,52,United-States,<=50K
23,Private,341578,Bachelors,13,Married-civ-spouse,Machine-op-inspct,Not-in-family,White,Female,0,0,41,United-States,>50K
47,Self-emp-not-inc,328439,Some-college,10,Never-married,Exec-managerial,Wife,White,Male,0,0,33,United-States,<=50K
19,Local-gov,69316,Some-college,10,Divorced,Transportation,Unmarried,Amer-Indian-Eskimo,Male,0,0,57,Germany,<=50K
24,Private,465132,Some-college,10,Divorced,Tech-support,Other-relative,White,Female,0,0,31,United-States,<=50K
30,Private,212467,Some-college,10,Married-civ-spouse,Protective-serv,Other-relative,White,Male,5875,0,39,United-States,<=50K
45,Private,29866,Bachelors,13,Never-married,Other-service,Husband,Black,Male,0,0,32,United-States,<=50K
42,Private,469211,Bachelors,13,Married-civ-spouse,Prof-specialty,Husband,White,Male,0,0,42,United-States,<=50K
44,Private,430761,HS-grad,9,Never-married,Protective-serv,Other-relative,White,Female,0,0,24,United-States,<=50K
44,State-gov,391054,Some-college,10,Never-married,Transportation,Wife,White,Male,0,0,47,Mexico,<=50K
69,Private,374223,Some-college,10,Married-civ-spouse,Prof-specialty,Own-child,White,Male,0,0,21,Mexico,<=50K
29,Private,56941,Bachelors,13,Married-civ-spouse,Tech-support,Husband,White,Male,0,0,25,Germany,<=50K
42,Private,177578,HS-grad,9,Divorced,Handlers-cleaners,Husband,White,Female,0,0,60,United-States,<=50K
49,Private,431606,HS-grad,9,Never-married,Prof-specialty,Other-relative,White,Male,0,0,26,United-States,<=50K
32,Private,64946,Bachelors,13,Never-married,Craft-repair,Wife,White,Male,0,0,32,India,<=50K
27,Private,50082,HS-grad,9,Married-civ-spouse,Craft-repair,Wife,White,Male,0,0,39,United-States,<=50K
20,Private,67798,Bachelors,13,Married-civ-spouse,Tech-support,Unmarried,White,Female,0,0,40,United-States,>50K
34,Private,348537,Some-college,10,Married-civ-spouse,Other-service,Other-relative,White,Male,0,0,45,United-States,<=50K
31,Private,403450,HS-grad,9,Married-civ-spouse,Other-service,Wife,White,Male,0,0,23,United-States,<=50K
28,Self-emp-not-inc,181719,Bachelors,13,Never-married,Handlers-cleaners,Unmarried,White,Male,0,0,33,United-States,<=50K
32,Private,454997,Some-college,10,Married-civ-spouse,Transportation,Unmarried,White,Male,4936,0,38,United-States,<=50K
54,Private,150246,HS-grad,9,Widowed,Tech-support,Own-child,White,Female,0,0,23,Germany,<=50K
61,State-gov,179686,Doctorate,16,Never-married,Sales,Own-child,White,Male,0,0,20,United-States,>50K
44,Private,250682,Some-college,10,Married-civ-spouse,Sales,Not-in-family,Black,Male,0,0,50,United-States,<=50K
21,Private,210960,11th,7,Never-married,Exec-managerial,Husband,White,Male,0,0,56,United-States,<=50K
56,State-gov,57967,HS-grad,9,Married-civ-spouse,Craft-repair,Unmarried,White,Male,0,0,48,United-States,<=50K
25,Private,301713,Assoc-voc,11,Married-civ-spouse,Other-service,Husband,White,Male,0,0,59,United-States,<=50K
20,Self-emp-not-inc,484081,Assoc-voc,11,Married-civ-spouse,Prof-specialty,Other-relative,Black,Female,0,0,57,United-States,<=50K
47,Private,197709,HS-grad,9,Never-married,Prof-specialty,Not-in-family,White,Male,0,0,59,United-States,<=50K
40,Local-gov,479010,Bachelors,13,Married-civ-spouse,Transportation,Husband,White,Male,0,1965,52,United-States,<=50K
34,Private,420325,Bachelors,13,Never-married,Handlers-cleaners,Own-child,White,Male,0,0,27,United-States,<=50K
68,Private,101766,Some-college,10,Married-civ-spouse,Sales,Wife,Black,Female,0,0,50,Canada,<=50K
22,State-gov,495986,Some-college,10,Married-civ-spouse,Transportation,Unmarried,White,Female,0,0,53,United-States,<=50K
20,Private,480610,11th,7,Never-married,Transportation,Not-in-family,Black,Female,0,0,41,Mexico,<=50K
48,Private,353533,Bachelors,13,Married-civ-spouse,Sales,Own-child,White,Male,0,0,34,Mexico,>50K
39,Private,479528,10th,6,Married-civ-spouse,Exec-managerial,Wife,Black,Female,0,0,58,United-States,<=50K
59,Private,178929,Assoc-voc,11,Divorced,Protective-serv,Husband,White,Male,0,0,46,United-States,<=50K
20,Private,78619,Assoc-voc,11,Never-married,Handlers-cleaners,Not-in-family,White,Male,0,0,48,Mexico,<=50K
39,Private,89274,Masters,14,Married-civ-spouse,Machine-op-inspct,Not-in-family,White,Female,0,0,57,India,>50K
25,Private,26512,Bachelors,13,Never-married,Transportation,Unmarried,White,Female,0,0,24,Canada,<=50K
20,Local-gov,431508,Assoc-voc,11,Never-married,Machine-op-inspct,Not-in-family,White,Male,7497,0,42,United-States,<=50K
42,Self-emp-inc,245155,Bachelors,13,Never-married,Craft-repair,Own-child,White,Male,0,0,51,United-States,<=50K
56,Local-gov,259707,HS-grad,9,Married-civ-spouse,Other-service,Own-child,White,Male,0,0,36,United-States,<=50K
26,Private,182118,Bachelors,13,Never-married,Transportation,Wife,White,Male,0,0,29,United-States,<=50K
61,Private,272323,HS-grad,9,Widowed,Exec-managerial,Not-in-family,White,Male,0,0,41,United-States,<=50K
44,Private,251350,11th,7,Married-civ-spouse,Craft-repair,Husband,White,Male,0,0,53,Philippines,<=50K
42,Private,236172,Bachelors,13,Divorced,Other-service,Husband,White,Female,2228,0,45,United-States,<=50K
65,Private,267166,Bachelors,13,Never-married,Exec-managerial,Unmarried,Asian-Pac-Islander,Male,0,0,60,United-States,>50K
35,Federal-gov,142525,HS-grad,9,Married-civ-spouse,Prof-specialty,Husband,White,Male,0,0,42,India,<=50K
28,Self-emp-not-inc,381791,Some-college,10,Married-civ-spouse,Craft-repair,Wife,White,Male,0,0,25,United-States,<=50K
58,Private,25243,Some-college,10,Married-civ-spouse,Other-service,Not-in-family,White,Male,0,0,25,United-States,<=50K
23,Private,323210,Bachelors,13,Married-civ-spouse,Sales,Wife,White,Male,0,0,23,United-States,<=50K
63,Private,82372,Bachelors,13,Divorced,Other-service,Other-relative,White,Female,0,0,49,United-States,<=50K
60,Private,265140,Some-college,10,Married-civ-spouse,Handlers-cleaners,Not-in-family,White,Female,0,0,52,United-States,<=50K
68,Private,320836,HS-grad,9,Divorced,Tech-support,Husband,White,Male,0,0,20,United-States,<=50K
41,Local-gov,260971,Some-college,10,Never-married,Machine-op-inspct,Own-child,White,Male,0,0,52,Philippines,>50K
50,Private,487707,Some-college,10,Married-civ-spouse,Other-service,Other-relative,White,Male,0,0,47,United-States,<=50K
63,Private,470970,Assoc-voc,11,Married-civ-spouse,Prof-specialty,Own-child,White,Male,0,0,47,India,<=50K
24,Self-emp-not-inc,477706,Assoc-voc,11,Married-civ-spouse,Sales,Other-relative,Asian-Pac-Islander,Female,0,0,37,United-States,<=50K
33,Local-gov,162253,Masters,14,Married-civ-spouse,Handlers-cleaners,Not-in-family,White,Female,0,2385,39,United-States,<=50K
42,Federal-gov,499706,Some-college,10,Married-civ-spouse,Handlers-cleaners,Own-child,White,Male,0,0,20,Mexico,<=50K
50,Private,111354,HS-grad,9,Divorced,Sales,Not-in-family,White,Female,4989,0,55,United-States,<=50K
53,Private,193939,11th,7,Never-married,Tech-support,Own-child,White,Male,0,0,49,United-States,<=50K
66,Private,170684,10th,6,Never-married,Craft-repair,Husband,Black,Female,0,0,47,Mexico,<=50K
43,Federal-gov,117174,HS-grad,9,Never-married,Machine-op-inspct,Own-child,Black,Male,0,0,59,United-States,<=50K
26,State-gov,398007,Bachelors,13,Never-married,Transportation,Own-child,White,Male,0,0,55,United-States,<=50K
27,Private,377153,Some-college,10,Married-civ-spouse,Tech-support,Other-relative,Asian-Pac-Islander,Female,0,0,28,United-States,<=50K
59,Private,163027,HS-grad,9,Married-civ-spouse,Tech-support,Other-relative,White,Female,0,0,33,United-States,<=50K
41,Private,351543,10th,6,Married-civ-spouse,Exec-managerial,Not-in-family,White,Female,0,0,31,United-States,<=50K
50,Private,332524,11th,7,Separated,Transportation,Own-child,White,Male,0,0,33,United-States,<=50K
47,Private,474547,10th,6,Separated,Machine-op-inspct,Not-in-family,White,Female,0,0,24,Mexico,<=50K
60,Private,202055,HS-grad,9,Married-civ-spouse,Tech-support,Unmarried,White,Female,0,0,45,United-States,<=50K
29,Private,110053,Some-college,10,Married-civ-spouse,Handlers-cleaners,Unmarried,White,Male,0,0,25,United-States,<=50K
26,Private,211236,Assoc-voc,11,Never-married,Other-service,Wife,White,Male,0,0,48,United-States,<=50K
56,Private,43006,Bachelors,13,Married-civ-spouse,Other-service,Wife,White,Female,0,0,59,United-States,<=50K
40,Private,376782,Some-college,10,Married-civ-spouse,Sales,Own-child,Asian-Pac-Islander,Male,6280,0,25,United-States,<=50K
60,Private,494141,Some-college,10,Never-married,Machine-op-inspct,Not-in-family,White,Male,0,0,31,Germany,<=50K
24,Private,109609,HS-grad,9,Married-civ-spouse,Sales,Other-relative,White,Male,0,0,26,United-States,<=50K
32,Private,438967,Bachelors,13,Married-civ-spouse,Protective-serv,Other-relative,Black,Male,0,0,52,United-States,<=50K
67,Private,316272,Assoc-voc,11,Never-married,Other-service,Not-in-family,White,Male,0,0,54,United-States,>50K
61,State-gov,333876,HS-grad,9,Married-civ-spouse,Craft-repair,Other-relative,White,Male,0,0,46,United-States,<=50K
21,Private,293733,HS-grad,9,Married-civ-spouse,Craft-repair,Husband,Asian-Pac-Islander,Female,0,0,43,United-States,<=50K
60,Private,97263,Some-college,10,Never-married,Exec-managerial,Wife,White,Male,0,0,41,United-States,<=50K
21,Private,406998,Bachelors,13,Never-married,Tech-support,Not-in-family,White,Male,0,0,29,United-States,<=50K
24,Private,133964,Some-college,10,Never-married,Prof-specialty,Not-in-family,Asian-Pac-Islander,Male,0,0,44,United-States,<=50K
64,Private,458462,HS-grad,9,Married-civ-spouse,Machine-op-inspct,Unmarried,White,Male,0,0,33,United-States,<=50K
24,Self-emp-not-inc,424611,Masters,14,Married-civ-spouse,Prof-specialty,Not-in-family,White,Male,0,0,35,United-States,<=50K
33,Private,88634,HS-grad,9,Never-married,Exec-managerial,Own-child,Black,Male,0,0,53,United-States,<=50K
25,Private,229774,Bachelors,13,Divorced,Craft-repair,Not-in-family,White,Female,0,0,56,United-States,<=50K
49,Local-gov,143461,Bachelors,13,Divorced,Craft-repair,Husband,White,Male,0,0,28,United-States,<=50K
20,Private,431416,Some-college,10,Married-civ-spouse,Craft-repair,Own-child,Amer-Indian-Eskimo,Female,0,0,46,United-States,<=50K
32,Private,88249,Bachelors,13,Divorced,Tech-support,Husband,Asian-Pac-Islander,Male,0,1055,44,United-States,<=50K
34,Private,119187,Bachelors,13,Married-civ-spouse,Prof-specialty,Husband,Asian-Pac-Islander,Female,0,0,58,United-States,<=50K
51,Private,499252,Bachelors,13,Never-married,Other-service,Own-child,White,Female,0,0,40,Canada,<=50K
43,State-gov,361223,Bachelors,13,Married-civ-spouse,Protective-serv,Husband,Black,Female,0,0,36,United-States,<=50K
28,Self-emp-not-inc,312048,Some-college,10,Never-married,Sales,Wife,White,Male,0,0,59,United-States,<=50K
42,Private,64381,Some-college,10,Married-civ-spouse,Sales,Unmarried,White,Female,2044,0,58,United-States,<=50K
41,Private,470439,Some-college,10,Widowed,Exec-managerial,Unmarried,White,Female,0,0,51,United-States,>50K
36,Private,101588,Some-college,10,Married-civ-spouse,Sales,Not-in-family,White,Female,0,0,58,United-States,<=50K
45,Self-emp-not-inc,482479,Some-college,10,Never-married,Craft-repair,Unmarried,White,Male,0,0,49,Mexico,<=50K
34,Private,287661,HS-grad,9,Never-married,Tech-support,Husband,Asian-Pac-Islander,Male,0,0,33,United-States,<=50K
35,Local-gov,454046,Masters,14,Divorced,Handlers-cleaners,Unmarried,White,Male,0,0,50,Germany,<=50K
58,Private,239337,HS-grad,9,Never-married,Craft-repair,Own-child,White,Female,0,0,60,United-States,<=50K
31,Private,147887,Assoc-voc,11,Separated,Other-service,Own-child,White,Female,0,0,58,United-States,<=50K
35,State-gov,72824,Bachelors,13,Never-married,Exec-managerial,Other-relative,White,Female,0,0,51,United-States,<=50K
25,Local-gov,263172,HS-grad,9,Married-civ-spouse,Exec-managerial,Own-child,White,Male,0,2154,30,United-States,<=50K
54,Private,311271,Bachelors,13,Never-married,Machine-op-inspct,Not-in-family,Black,Female,0,0,51,United-States,<=50K
54,Private,132091,Some-college,10,Never-married,Machine-op-inspct,Wife,White,Male,0,0,21,United-States,<=50K
53,Local-gov,176616,11th,7,Never-married,Protective-serv,Not-in-family,White,Female,0,0,45,United-States,<=50K
26,Private,226608,11th,7,Never-married,Sales,Husband,White,Male,0,0,31,United-States,<=50K
41,Private,80336,Assoc-voc,11,Never-married,Handlers-cleaners,Wife,White,Male,0,0,26,United-States,<=50K
33,Private,224473,Bachelors,13,Never-married,Tech-support,Not-in-family,White,Male,0,0,57,United-States,>50K
57,Local-gov,183704,11th,7,Married-civ-spouse,Sales,Unmarried,White,Male,0,0,50,Germany,<=50K
35,Private,458730,Bachelors,13,Married-civ-spouse,Sales,Wife,White,Male,0,0,48,United-States,<=50K
39,Private,157588,Assoc-voc,11,Never-married,Sales,Not-in-family,White,Female,0,0,45,Canada,<=50K
41,Private,353564,HS-grad,9,Married-civ-spouse,Prof-specialty,Husband,White,Male,0,0,26,United-States,<=50K
57,Self-emp-not-inc,390976,Assoc-voc,11,Married-civ-spouse,Tech-support,Not-in-family,White,Female,0,0,41,Canada,<=50K
54,Private,375986,Bachelors,13,Widowed,Transportation,Unmarried,White,Male,0,0,33,United-States,<=50K
60,Private,232962,HS-grad,9,Married-civ-spouse,Craft-repair,Own-child,White,Male,0,0,60,United-States,<=50K
40,Private,375187,10th,6,Married-civ-spouse,Sales,Other-relative,White,Male,0,803,44,Philippines,<=50K
60,Private,243935,Bachelors,13,Widowed,Prof-specialty,Own-child,White,Male,0,0,55,Mexico,<=50K
63,State-gov,282394,Assoc-voc,11,Widowed,Transportation,Unmarried,White,Female,0,0,26,United-States,<=50K
45,Private,273634,HS-grad,9,Separated,Prof-specialty,Not-in-family,White,Female,0,0,32,United-States,<=50K
53,Self-emp-not-inc,185728,Bachelors,13,Married-civ-spouse,Prof-specialty,Wife,Black,Male,0,0,44,United-States,<=50K
65,Private,181301,Masters,14,Married-civ-spouse,Other-service,Wife,White,Female,0,0,59,United-States,<=50K
61,Private,422599,HS-grad,9,Separated,Machine-op-inspct,Unmarried,Amer-Indian-Eskimo,Male,0,0,23,United-States,<=50K
32,Private,74222,Masters,14,Married-civ-spouse,Prof-specialty,Own-child,White,Female,0,0,24,United-States,<=50K
55,Private,186635,Bachelors,13,Never-married,Tech-support,Own-child,White,Male,0,0,49,United-States,>50K
41,Self-emp-inc,244084,HS-grad,9,Widowed,Exec-managerial,Not-in-family,Other,Male,0,0,24,United-States,<=50K
25,Self-emp-not-inc,270050,Bachelors,13,Divorced,Transportation,Husband,White,Female,0,0,32,India,<=50K
37,Private,100952,HS-grad,9,Never-married,Transportation,Wife,White,Male,0,0,47,United-States,<=50K
68,Private,92804,Assoc-voc,11,Never-married,Other-service,Own-child,White,Female,0,0,37,United-States,<=50K
67,State-gov,330011,Assoc-voc,11,Divorced,Machine-op-inspct,Wife,White,Female,0,0,51,United-States,<=50K
58,Private,304322,Some-college,10,Never-married,Sales,Not-in-family,Black,Male,0,0,20,United-States,<=50K
69,Local-gov,109452,Some-college,10,Married-civ-spouse,Machine-op-inspct,Own-child,White,Female,0,0,46,Germany,<=50K
47,Private,245653,Some-college,10,Never-married,Prof-specialty,Own-child,Black,Male,0,2889,46,United-States,<=50K
57,Private,349337,Some-college,10,Never-married,Sales,Other-relative,Black,Male,0,0,30,United-States,<=50K
26,Private,441704,Assoc-voc,11,Married-civ-spouse,Handlers-cleaners,Other-relative,White,Female,0,0,48,United-States,<=50K
33,Private,32118,HS-grad,9,Widowed,Other-service,Wife,White,Female,0,0,37,United-States,<=50K
26,Local-gov,165360,Some-college,10,Married-civ-spouse,Sales,Own-child,Black,Male,0,0,55,United-States,<=50K
66,Private,381001,HS-grad,9,Never-married,Handlers-cleaners,Not-in-family,White,Male,7910,0,51,United-States,<=50K
49,Self-emp-not-inc,165970,Bachelors,13,Never-married,Other-service,Unmarried,White,Male,0,0,49,United-States,>50K
66,Private,87692,Assoc-voc,11,Never-married,Craft-repair,Not-in-family,White,Male,0,0,41,United-States,<=50K
39,Private,79634,HS-grad,9,Separated,Handlers-cleaners,Husband,White,Male,0,0,47,United-States,<=50K
38,Self-emp-not-inc,315021,HS-grad,9,Married-civ-spouse,Exec-managerial,Not-in-family,White,Male,0,0,25,United-States,<=50K
53,Private,251383,HS-grad,9,Widowed,Transportation,Other-relative,White,Male,0,0,37,United-States,<=50K
47,Federal-gov,143734,HS-grad,9,Divorced,Tech-support,Unmarried,White,Male,0,0,35,United-States,<=50K
37,Private,387853,Some-college,10,Married-civ-spouse,Protective-serv,Unmarried,White,Male,0,0,22,United-States,<=50K
34,Private,110509,Masters,14,Never-married,Craft-repair,Other-relative,White,Male,0,0,53,Canada,<=50K
44,Private,330648,Bachelors,13,Widowed,Exec-managerial,Not-in-family,Asian-Pac-Islander,Female,0,0,46,Philippines,<=50K
21,Private,454341,HS-grad,9,Never-married,Other-service,Wife,Black,Female,0,0,33,United-States,<=50K
27,Private,62644,Bachelors,13,Divorced,Exec-managerial,Unmarried,Black,Male,0,0,20,United-States,<=50K
20,Private,244815,Doctorate,16,Married-civ-spouse,Sales,Own-child,Asian-Pac-Islander,Male,0,0,59,Germany,>50K
26,Private,164130,Some-college,10,Never-married,Handlers-cleaners,Other-relative,Black,Male,0,0,46,United-States,<=50K
28,Private,398039,HS-grad,9,Married-civ-spouse,Protective-serv,Other-relative,White,Male,4894,0,53,United-States,<=50K
21,Federal-gov,176025,Masters,14,Married-civ-spouse,Tech-support,Husband,White,Female,0,0,23,Germany,<=50K
20,Self-emp-not-inc,388496,HS-grad,9,Married-civ-spouse,Exec-managerial,Own-child,White,Male,0,1901,57,United-States,<=50K
60,Private,308352,Assoc-voc,11,Married-civ-spouse,Machine-op-inspct,Other-relative,White,Male,0,0,22,United-States,<=50K
27,State-gov,402970,Doctorate,16,Never-married,Exec-managerial,Own-child,Asian-Pac-Islander,Male,0,0,57,United-States,>50K
46,State-gov,398444,Assoc-voc,11,Married-civ-spouse,Protective-serv,Not-in-family,White,Female,0,0,43,United-States,<=50K
23,Local-gov,358397,HS-grad,9,Married-civ-spouse,Prof-specialty,Not-in-family,Black,Male,1000,0,55,United-States,<=50K
67,Private,496834,HS-grad,9,Separated,Handlers-cleaners,Husband,White,Male,0,0,57,United-States,<=50K
30,Private,416107,Assoc-voc,11,Separated,Protective-serv,Wife,Asian-Pac-Islander,Female,0,0,56,United-States,<=50K
56,Private,142390,Some-college,10,Married-civ-spouse,Prof-specialty,Own-child,White,Female,2899,0,49,United-States,<=50K
51,Self-emp-not-inc,71630,Some-college,10,Widowed,Handlers-cleaners,Own-child,White,Male,0,0,24,Mexico,<=50K
57,Private,112865,Bachelors,13,Married-civ-spouse,Other-service,Husband,Asian-Pac-Islander,Male,0,2436,48,United-States,<=50K
50,Private,227786,HS-grad,9,Never-married,Machine-op-inspct,Husband,White,Male,0,0,41,United-States,<=50K
44,Self-emp-inc,222991,Bachelors,13,Never-married,Machine-op-inspct,Wife,White,Female,0,0,52,United-States,<=50K
58,State-gov,378066,11th,7,Divorced,Sales,Unmarried,White,Female,0,0,60,United-States,<=50K
60,Private,344546,Bachelors,13,Married-civ-spouse,Handlers-cleaners,Unmarried,Black,Female,0,0,38,United-States,>50K
37,Local-gov,89642,Some-college,10,Divorced,Other-service,Unmarried,White,Male,0,0,31,United-States,<=50K
66,Federal-gov,364771,10th,6,Married-civ-spouse,Handlers-cleaners,Unmarried,Black,Male,0,0,49,India,<=50K
69,Private,313061,Bachelors,13,Never-married,Tech-support,Unmarried,White,Male,0,0,29,United-States,<=50K
55,Federal-gov,418382,HS-grad,9,Married-civ-spouse,Other-service,Other-relative,White,Female,0,0,39,United-States,<=50K
66,Private,228346,Bachelors,13,Married-civ-spouse,Sales,Husband,White,Male,0,0,48,India,<=50K
23,Private,169838,HS-grad,9,Married-civ-spouse,Sales,Own-child,White,Male,0,0,58,United-States,<=50K
46,State-gov,153080,HS-grad,9,Divorced,Exec-managerial,Other-relative,White,Male,7369,0,50,Philippines,<=50K
51,Private,423674,Bachelors,13,Married-civ-spouse,Machine-op-inspct,Own-child,White,Male,2990,0,49,United-States,<=50K
66,Private,140758,HS-grad,9,Married-civ-spouse,Exec-managerial,Wife,Black,Male,0,0,41,United-States,<=50K
24,State-gov,341620,HS-grad,9,Married-civ-spouse,Prof-specialty,Husband,White,Male,0,0,32,United-States,<=50K
59,Private,240030,Bachelors,13,Never-married,Craft-repair,Own-child,White,Female,0,0,54,United-States,<=50K
22,Private,29225,HS-grad,9,Divorced,Tech-support,Own-child,White,Male,0,0,34,India,<=50K
36,Private,262837,Bachelors,13,Never-married,Sales,Other-relative,White,Female,3998,0,28,United-States,<=50K
54,Private,486950,HS-grad,9,Married-civ-spouse,Craft-repair,Other-relative,White,Male,0,0,46,United-States,<=50K
33,Private,179708,Bachelors,13,Married-civ-spouse,Craft-repair,Husband,Other,Male,0,0,57,United-States,<=50K
61,Private,141428,Assoc-voc,11,Never-married,Tech-support,Not-in-family,White,Male,0,0,39,United-States,<=50K
66,Federal-gov,263720,HS-grad,9,Married-civ-spouse,Other-service,Unmarried,Other,Male,0,0,35,United-States,<=50K
26,Private,56266,Masters,14,Married-civ-spouse,Craft-repair,Own-child,White,Male,0,0,26,United-States,<=50K
31,Private,202615,HS-grad,9,Married-civ-spouse,Craft-repair,Unmarried,White,Male,0,0,53,India,<=50K
21,Private,232733,Some-college,10,Married-civ-spouse,Sales,Husband,White,Male,0,0,45,United-States,<=50K
54,Private,215607,Some-college,10,Never-married,Other-service,Wife,White,Female,0,192,27,Canada,<=50K
64,Private,276629,HS-grad,9,Never-married,Handlers-cleaners,Unmarried,Other,Female,0,0,45,United-States,<=50K
49,Private,253049,HS-grad,9,Married-civ-spouse,Protective-serv,Other-relative,White,Female,7360,1496,35,Germany,<=50K
24,Private,244479,Masters,14,Married-civ-spouse,Protective-serv,Wife,White,Female,0,0,20,Germany,<=50K
27,Private,174234,Doctorate,16,Married-civ-spouse,Protective-serv,Unmarried,White,Male,0,0,46,United-States,>50K
19,Private,388600,10th,6,Never-married,Tech-support,Own-child,White,Male,0,0,35,United-States,<=50K
43,Private,182759,11th,7,Never-married,Exec-managerial,Other-relative,White,Female,0,0,28,United-States,<=50K
55,Private,76094,Some-college,10,Married-civ-spouse,Protective-serv,Wife,White,Male,0,0,50,United-States,<=50K
25,Private,344654,HS-grad,9,Divorced,Handlers-cleaners,Own-child,Asian-Pac-Islander,Male,0,0,28,United-States,<=50K
62,Private,409772,HS-grad,9,Married-civ-spouse,Exec-managerial,Wife,White,Male,0,0,27,United-States,<=50K
31,Private,23935,Bachelors,13,Married-civ-spouse,Other-service,Own-child,White,Male,0,612,27,Philippines,<=50K
44,Federal-gov,252797,Assoc-voc,11,Married-civ-spouse,Machine-op-inspct,Not-in-family,White,Female,0,0,54,United-States,<=50K
52,Private,65978,HS-grad,9,Married-civ-spouse,Craft-repair,Other-relative,Asian-Pac-Islander,Male,0,0,37,United-States,<=50K
46,Private,57078,HS-grad,9,Divorced,Transportation,Not-in-family,Asian-Pac-Islander,Male,0,0,43,United-States,<=50K
42,Private,390181,Some-college,10,Never-married,Sales,Husband,Asian-Pac-Islander,Female,0,0,53,United-States,<=50K
35,Private,488087,Assoc-voc,11,Married-civ-spouse,Tech-support,Not-in-family,White,Female,0,0,36,United-States,<=50K
40,Private,35357,Some-college,10,Never-married,Sales,Own-child,White,Female,0,0,31,United-States,<=50K
30,Private,449175,Masters,14,Never-married,Handlers-cleaners,Husband,Black,Male,0,0,60,United-States,<=50K
33,Private,144675,Some-college,10,Never-married,Exec-managerial,Wife,White,Male,0,742,44,United-States,<=50K
57,Private,172652,Some-college,10,Never-married,Tech-support,Unmarried,White,Male,2246,0,46,Germany,<=50K
63,Private,237508,Some-college,10,Never-married,Sales,Own-child,Asian-Pac-Islander,Male,0,0,32,Canada,<=50K
62,Local-gov,262396,Masters,14,Never-married,Machine-op-inspct,Other-relative,White,Male,0,0,57,United-States,>50K
35,Self-emp-not-inc,92703,Masters,14,Never-married,Tech-support,Wife,White,Female,0,0,33,United-States,>50K
34,Private,136922,Some-college,10,Never-married,Handlers-cleaners,Unmarried,White,Female,0,0,60,United-States,<=50K
21,Local-gov,243264,HS-grad,9,Never-married,Machine-op-inspct,Other-relative,White,Male,5165,0,45,United-States,<=50K
32,Private,263529,HS-grad,9,Married-civ-spouse,Machine-op-inspct,Husband,Other,Male,0,0,38,Canada,<=50K
48,Private,227946,HS-grad,9,Divorced,Machine-op-inspct,Other-relative,White,Female,0,0,49,Philippines,<=50K
31,Private,139427,HS-grad,9,Married-civ-spouse,Craft-repair,Unmarried,White,Male,8586,0,34,United-States,<=50K
56,State-gov,133846,HS-grad,9,Never-married,Transportation,Unmarried,White,Male,0,0,53,United-States,<=50K
20,Private,197716,Bachelors,13,Married-civ-spouse,Other-service,Other-relative,White,Male,0,0,55,United-States,<=50K
39,Self-emp-inc,199276,Assoc-voc,11,Married-civ-spouse,Craft-repair,Other-relative,Black,Male,0,0,24,United-States,>50K
32,Private,151138,Masters,14,Never-married,Tech-support,Not-in-family,White,Male,0,0,20,United-States,<=50K
43,Private,120075,Masters,14,Married-civ-spouse,Craft-repair,Husband,White,Female,0,0,22,United-States,<=50K
19,Private,235093,10th,6,Married-civ-spouse,Craft-repair,Husband,White,Male,0,0,38,United-States,<=50K
39,Private,435653,10th,6,Married-civ-spouse,Transportation,Wife,White,Male,0,0,47,United-States,<=50K
58,Self-emp-not-inc,52502,HS-grad,9,Married-civ-spouse,Tech-support,Wife,White,Male,0,0,46,United-States,<=50K
62,Private,75773,HS-grad,9,Married-civ-spouse,Protective-serv,Unmarried,Asian-Pac-Islander,Male,0,0,30,United-States,<=50K
31,Private,276676,HS-grad,9,Never-married,Tech-support,Unmarried,Black,Male,0,0,53,United-States,<=50K
40,Private,403354,Assoc-voc,11,Never-married,Handlers-cleaners,Wife,White,Male,0,0,23,United-States,<=50K
53,Self-emp-inc,125514,HS-grad,9,Divorced,Prof-specialty,Own-child,Black,Male,0,1083,48,United-States,<=50K
42,Self-emp-not-inc,165644,Some-college,10,Married-civ-spouse,Prof-specialty,Other-relative,Black,Male,0,0,39,United-States,<=50K
46,Private,101064,Bachelors,13,Married-civ-spouse,Tech-support,Other-relative,Black,Female,0,0,20,United-States,<=50K
35,Private,425316,Bachelors,13,Separated,Transportation,Unmarried,Black,Male,0,0,55,Canada,>50K
61,Private,187775,Bachelors,13,Married-civ-spouse,Exec-managerial,Other-relative,Other,Female,0,0,47,Mexico,<=50K
50,Private,174500,Masters,14,Never-married,Craft-repair,Other-relative,White,Female,0,0,42,United-States,>50K
67,Private,369321,Bachelors,13,Married-civ-spouse,Machine-op-inspct,Other-relative,White,Male,0,0,46,United-States,<=50K
58,Self-emp-not-inc,82845,Assoc-voc,11,Never-married,Handlers-cleaners,Unmarried,Other,Male,0,0,32,United-States,<=50K
37,Private,190840,HS-grad,9,Married-civ-spouse,Tech-support,Own-child,White,Male,0,0,20,United-States,<=50K
35,Private,195407,Assoc-voc,11,Married-civ-spouse,Other-service,Wife,White,Female,0,0,35,Canada,<=50K
22,Private,381932,Bachelors,13,Never-married,Protective-serv,Unmarried,White,Male,0,0,32,United-States,<=50K
50,Private,110314,HS-grad,9,Never-married,Tech-support,Husband,White,Male,4377,0,48,United-States,<=50K
56,Private,489829,10th,6,Married-civ-spouse,Machine-op-inspct,Wife,Other,Male,0,0,39,United-States,<=50K
36,Self-emp-not-inc,210466,11th,7,Married-civ-spouse,Protective-serv,Husband,White,Male,0,0,59,United-States,<=50K
19,Private,473071,Assoc-voc,11,Never-married,Prof-specialty,Unmarried,White,Male,0,0,45,United-States,<=50K
60,Private,98754,11th,7,Never-married,Sales,Unmarried,White,Female,7166,0,47,United-States,<=50K
29,Private,126064,Some-college,10,Married-civ-spouse,Exec-managerial,Own-child,Other,Male,0,0,47,United-States,<=50K
48,Private,56175,HS-grad,9,Divorced,Tech-support,Husband,White,Male,0,0,31,Canada,<=50K
20,Federal-gov,466668,HS-grad,9,Divorced,Machine-op-inspct,Wife,Asian-Pac-Islander,Female,0,0,42,United-States,<=50K
21,Federal-gov,326545,Assoc-voc,11,Married-civ-spouse,Protective-serv,Not-in-family,White,Female,0,0,57,United-States,<=50K
64,Federal-gov,434483,Assoc-voc,11,Married-civ-spouse,Prof-specialty,Own-child,Amer-Indian-Eskimo,Male,0,0,60,United-States,<=50K
52,Federal-gov,54252,10th,6,Married-civ-spouse,Machine-op-inspct,Other-relative,White,Female,0,0,33,United-States,<=50K
18,Local-gov,33565,Assoc-voc,11,Never-married,Prof-specialty,Other-relative,Black,Female,0,0,48,United-States,<=50K
23,Private,267762,Bachelors,13,Never-married,Exec-managerial,Own-child,White,Male,0,0,23,United-States,<=50K
43,Private,486261,HS-grad,9,Never-married,Transportation,Not-in-family,White,Male,0,0,26,United-States,<=50K
53,Self-emp-not-inc,186602,HS-grad,9,Divorced,Handlers-cleaners,Husband,White,Male,0,0,36,United-States,<=50K
40,Private,479670,Some-college,10,Married-civ-spouse,Transportation,Husband,Black,Male,0,0,49,Germany,<=50K
63,Private,431362,Masters,14,Never-married,Prof-specialty,Own-child,White,Male,0,0,27,United-States,<=50K
51,Local-gov,376131,HS-grad,9,Married-civ-spouse,Sales,Husband,White,Female,0,0,28,United-States,<=50K
49,Private,464326,11th,7,Never-married,Craft-repair,Husband,White,Female,0,0,49,Philippines,<=50K
33,Private,309661,Bachelors,13,Married-civ-spouse,Exec-managerial,Other-relative,Black,Male,0,0,26,United-States,<=50K
53,Private,316996,Some-college,10,Married-civ-spouse,Transportation,Husband,White,Female,757,0,22,United-States,<=50K
63,Private,495244,Assoc-voc,11,Divorced,Transportation,Wife,White,Female,8891,0,45,United-States,<=50K
20,Private,197651,Bachelors,13,Married-civ-spouse,Craft-repair,Other-relative,White,Female,0,0,40,United-States,>50K
56,Private,113774,Masters,14,Separated,Prof-specialty,Wife,White,Female,0,0,41,United-States,<=50K
63,Private,274845,Some-college,10,Never-married,Protective-serv,Wife,White,Female,0,0,42,United-States,<=50K
40,Private,391911,Some-college,10,Married-civ-spouse,Protective-serv,Other-relative,White,Male,6507,0,58,Canada,<=50K
57,Private,104616,HS-grad,9,Divorced,Transportation,Husband,Amer-Indian-Eskimo,Female,0,0,58,United-States,<=50K
36,Private,454052,Bachelors,13,Never-married,Tech-support,Wife,White,Female,2145,0,43,United-States,<=50K
28,Private,450190,Masters,14,Divorced,Exec-managerial,Not-in-family,White,Male,0,2228,46,India,<=50K
60,Private,259936,10th,6,Widowed,Tech-support,Husband,White,Male,0,0,41,United-States,<=50K
34,Private,456097,Assoc-voc,11,Married-civ-spouse,Machine-op-inspct,Not-in-family,White,Male,0,0,35,United-States,<=50K
57,Private,163096,HS-grad,9,Never-married,Prof-specialty,Own-child,White,Male,0,0,25,United-States,>50K
34,Local-gov,417988,10th,6,Never-married,Exec-managerial,Wife,White,Male,7955,0,46,United-States,<=50K
38,Private,233517,HS-grad,9,Married-civ-spouse,Transportation,Not-in-family,Black,Male,0,0,55,United-States,<=50K
53,Private,420645,HS-grad,9,Divorced,Transportation,Husband,White,Male,0,0,48,United-States,<=50K
35,Private,486557,Masters,14,Never-married,Sales,Not-in-family,Black,Male,0,0,32,United-States,>50K
60,Private,72498,Assoc-voc,11,Married-civ-spouse,Transportation,Own-child,Amer-Indian-Eskimo,Male,0,0,45,United-States,<=50K
20,Private,376410,11th,7,Never-married,Handlers-cleaners,Husband,Other,Female,0,0,37,United-States,<=50K
18,Local-gov,187849,Assoc-voc,11,Married-civ-spouse,Tech-support,Other-relative,White,Female,0,2207,59,United-States,<=50K
22,Private,282533,HS-grad,9,Married-civ-spouse,Machine-op-inspct,Own-child,White,Male,0,0,40,United-States,<=50K
31,Self-emp-inc,364259,HS-grad,9,Married-civ-spouse,Craft-repair,Husband,Amer-Indian-Eskimo,Male,0,0,39,United-States,<=50K
20,Private,72919,HS-grad,9,Married-civ-spouse,Machine-op-inspct,Own-child,White,Male,0,0,59,Germany,<=50K
37,Local-gov,378749,Bachelors,13,Married-civ-spouse,Protective-serv,Other-relative,White,Male,8091,0,27,United-States,<=50K
19,Local-gov,352013,Some-college,10,Married-civ-spouse,Transportation,Own-child,Black,Male,0,0,30,Germany,<=50K
57,Private,268054,HS-grad,9,Married-civ-spouse,Prof-specialty,Own-child,Black,Male,0,0,28,India,<=50K
25,Private,146977,Some-college,10,Never-married,Other-service,Husband,Black,Male,0,1126,48,United-States,<=50K
68,Private,164090,Bachelors,13,Never-married,Protective-serv,Husband,White,Male,0,0,48,United-States,<=50K
62,Private,494627,Masters,14,Divorced,Sales,Wife,White,Female,4152,0,48,United-States,>50K
54,Private,441252,Some-college,10,Married-civ-spouse,Tech-support,Wife,White,Male,0,0,58,United-States,<=50K
59,Private,268174,Some-college,10,Never-married,Craft-repair,Not-in-family,White,Female,0,0,21,United-States,<=50K
58,Self-emp-inc,408093,Bachelors,13,Married-civ-spouse,Transportation,Own-child,Black,Male,0,0,30,United-States,<=50K
61,Private,314888,Bachelors,13,Married-civ-spouse,Sales,Husband,White,Male,0,0,36,Mexico,>50K
46,Self-emp-inc,295429,HS-grad,9,Never-married,Craft-repair,Not-in-family,White,Male,0,0,28,United-States,<=50K
50,Private,499676,HS-grad,9,Married-civ-spouse,Tech-support,Unmarried,Black,Male,0,0,21,United-States,<=50K
42,Private,42293,11th,7,Never-married,Tech-support,Unmarried,White,Female,0,0,29,United-States,<=50K
50,Federal-gov,381322,Masters,14,Divorced,Machine-op-inspct,Unmarried,White,Male,0,0,25,United-States,<=50K
37,Private,104023,HS-grad,9,Married-civ-spouse,Craft-repair,Own-child,Black,Male,0,0,58,United-States,<=50K
24,Self-emp-not-inc,253475,Bachelors,13,Divorced,Transportation,Own-child,Black,Female,0,0,23,United-States,<=50K
66,Local-gov,280961,Bachelors,13,Married-civ-spouse,Prof-specialty,Husband,Black,Male,0,0,28,United-States,<=50K
54,Private,284498,HS-grad,9,Divorced,Other-service,Other-relative,White,Female,0,0,30,United-States,<=50K
54,Private,387552,HS-grad,9,Married-civ-spouse,Handlers-cleaners,Own-child,White,Male,0,0,49,United-States,<=50K
32,Private,454299,11th,7,Never-married,Exec-managerial,Not-in-family,White,Female,0,0,48,United-States,<=50K
58,Private,112698,Some-college,10,Separated,Sales,Wife,White,Female,0,878,55,United-States,<=50K
45,State-gov,469640,HS-grad,9,Divorced,Protective-serv,Wife,White,Male,0,0,26,Canada,<=50K
21,Federal-gov,206833,Doctorate,16,Divorced,Protective-serv,Other-relative,White,Male,0,0,54,United-States,<=50K
67,Private,252374,Some-college,10,Widowed,Machine-op-inspct,Own-child,White,Female,0,981,36,United-States,<=50K
69,Self-emp-not-inc,245286,Bachelors,13,Married-civ-spouse,Protective-serv,Not-in-family,White,Male,0,0,53,United-States,>50K
63,Local-gov,186829,HS-grad,9,Married-civ-spouse,Handlers-cleaners,Unmarried,Black,Male,0,0,43,Germany,<=50K
42,Private,217796,HS-grad,9,Divorced,Exec-managerial,Wife,Amer-Indian-Eskimo,Male,0,0,39,United-States,<=50K
30,Private,395166,HS-grad,9,Never-married,Other-service,Husband,White,Male,0,0,28,United-States,<=50K
18,Federal-gov,31438,10th,6,Divorced,Craft-repair,Other-relative,Black,Female,0,0,21,United-States,<=50K
56,Self-emp-not-inc,96445,Bachelors,13,Divorced,Other-service,Not-in-family,White,Male,0,0,30,Mexico,<=50K
64,Private,263736,Assoc-voc,11,Married-civ-spouse,Machine-op-inspct,Own-child,White,Male,0,0,29,United-States,<=50K
23,Private,210834,HS-grad,9,Married-civ-spouse,Transportation,Not-in-family,White,Male,0,0,42,United-States,<=50K
53,Private,346328,Masters,14,Married-civ-spouse,Other-service,Unmarried,White,Male,0,0,49,India,<=50K
19,Private,30292,Some-college,10,Separated,Tech-support,Wife,White,Female,0,0,48,United-States,<=50K
58,Private,165868,Bachelors,13,Never-married,Machine-op-inspct,Other-relative,White,Male,7223,0,54,United-States,<=50K
19,Private,422472,Some-college,10,Never-married,Machine-op-inspct,Not-in-family,White,Male,0,0,39,Canada,<=50K
68,Self-emp-inc,143163,Bachelors,13,Married-civ-spouse,Tech-support,Other-relative,White,Female,0,0,29,United-States,<=50K
26,Private,43378,HS-grad,9,Divorced,Craft-repair,Unmarried,White,Male,0,0,34,Germany,<=50K
38,Self-emp-not-inc,136383,HS-grad,9,Married-civ-spouse,Sales,Husband,White,Female,0,0,33,United-States,<=50K
54,Private,282167,Doctorate,16,Married-civ-spouse,Exec-managerial,Husband,White,Female,0,0,54,United-States,>50K
62,Private,299783,HS-grad,9,Never-married,Craft-repair,Husband,White,Female,0,0,46,United-States,<=50K
36,Private,497223,HS-grad,9,Married-civ-spouse,Prof-specialty,Wife,White,Male,0,0,54,United-States,<=50K
68,Private,484719,11th,7,Separated,Exec-managerial,Own-child,Black,Male,0,0,31,United-States,<=50K
18,Self-emp-not-inc,176758,HS-grad,9,Married-civ-spouse,Machine-op-inspct,Wife,White,Male,0,0,31,United-States,<=50K
42,Private,81698,Bachelors,13,Married-civ-spouse,Handlers-cleaners,Other-relative,White,Male,0,0,54,United-States,<=50K
69,Private,405543,Assoc-voc,11,Married-civ-spouse,Craft-repair,Other-relative,White,Male,0,0,49,United-States,>50K
32,State-gov,447185,Masters,14,Married-civ-spouse,Exec-managerial,Own-child,White,Male,0,0,21,Mexico,>50K
45,Federal-gov,84756,HS-grad,9,Married-civ-spouse,Transportation,Not-in-family,Black,Male,0,0,45,United-States,<=50K
41,Private,441773,Bachelors,13,Divorced,Tech-support,Wife,Asian-Pac-Islander,Male,0,0,21,United-States,<=50K
38,Private,82113,Bachelors,13,Married-civ-spouse,Transportation,Not-in-family,White,Male,0,0,22,United-States,<=50K
57,Private,327719,Some-college,10,Married-civ-spouse,Sales,Wife,White,Male,0,0,23,United-States,<=50K
44,Private,128658,Masters,14,Married-civ-spouse,Machine-op-inspct,Other-relative,White,Female,0,0,22,United-States,<=50K
55,State-gov,373407,10th,6,Divorced,Protective-serv,Wife,White,Female,0,0,39,United-States,<=50K
45,Private,405060,HS-grad,9,Never-married,Handlers-cleaners,Unmarried,Black,Male,0,0,20,United-States,<=50K
69,Private,415288,HS-grad,9,Never-married,Craft-repair,Unmarried,White,Female,0,0,42,United-States,<=50K
42,Private,320727,Masters,14,Married-civ-spouse,Transportation,Wife,White,Male,0,0,25,United-States,<=50K
59,Private,271403,Some-college,10,Widowed,Prof-specialty,Not-in-family,White,Female,0,0,30,United-States,<=50K
49,Private,419119,Doctorate,16,Married-civ-spouse,Machine-op-inspct,Other-relative,White,Male,0,0,24,Canada,<=50K
59,Private,468708,HS-grad,9,Married-civ-spouse,Machine-op-inspct,Unmarried,Black,Male,0,0,30,United-States,<=50K
64,Federal-gov,157110,HS-grad,9,Married-civ-spouse,Prof-specialty,Own-child,White,Male,0,0,24,United-States,>50K
29,Self-emp-not-inc,110487,Bachelors,13,Never-married,Exec-managerial,Not-in-family,White,Female,0,0,41,United-States,<=50K
33,Local-gov,103882,10th,6,Widowed,Transportation,Husband,White,Male,5361,0,36,United-States,<=50K
33,Private,338907,HS-grad,9,Married-civ-spouse,Prof-specialty,Wife,White,Male,0,0,57,United-States,<=50K
43,Private,282703,Assoc-voc,11,Married-civ-spouse,Handlers-cleaners,Wife,White,Female,0,0,49,United-States,<=50K
43,Federal-gov,247531,Some-college,10,Divorced,Protective-serv,Wife,White,Male,0,0,36,Canada,<=50K
18,Private,36713,HS-grad,9,Married-civ-spouse,Protective-serv,Own-child,White,Male,7314,0,38,United-States,<=50K
64,Private,134813,Some-college,10,Never-married,Prof-specialty,Other-relative,Black,Male,0,0,20,United-States,<=50K
62,State-gov,253927,HS-grad,9,Never-married,Other-service,Unmarried,White,Male,0,0,42,United-States,<=50K
49,Self-emp-inc,176038,Bachelors,13,Never-married,Machine-op-inspct,Not-in-family,Other,Male,5592,0,42,United-States,<=50K
33,Local-gov,480189,HS-grad,9,Widowed,Other-service,Own-child,White,Male,0,0,33,United-States,<=50K
60,Private,256560,Some-college,10,Divorced,Protective-serv,Other-relative,White,Male,0,0,32,United-States,<=50K
32,Private,331367,HS-grad,9,Married-civ-spouse,Machine-op-inspct,Not-in-family,White,Female,0,0,46,United-States,<=50K
33,Private,453663,Assoc-voc,11,Separated,Exec-managerial,Own-child,Asian-Pac-Islander,Female,0,0,45,India,<=50K
69,Private,262919,11th,7,Never-married,Handlers-cleaners,Husband,White,Male,0,0,33,United-States,<=50K
66,Private,57042,Some-college,10,Never-married,Craft-repair,Not-in-family,White,Male,0,0,51,Mexico,<=50K
48,Federal-gov,114166,Some-college,10,Never-married,Other-service,Husband,White,Female,0,0,32,United-States,<=50K
26,Private,147646,10th,6,Divorced,Sales,Not-in-family,White,Female,3105,0,37,United-States,<=50K
24,Private,240535,HS-grad,9,Never-married,Handlers-cleaners,Unmarried,White,Female,0,0,58,United-States,<=50K
68,Local-gov,27419,Doctorate,16,Never-married,Prof-specialty,Other-relative,White,Female,0,0,48,Mexico,<=50K
31,Self-emp-inc,284097,Bachelors,13,Never-married,Other-service,Unmarried,White,Female,0,0,38,United-States,<=50K
53,Private,387662,Assoc-voc,11,Married-civ-spouse,Handlers-cleaners,Own-child,White,Male,0,0,43,United-States,<=50K
36,Private,260800,HS-grad,9,Married-civ-spouse,Exec-managerial,Own-child,Asian-Pac-Islander,Male,0,0,38,Philippines,<=50K
43,Private,396702,HS-grad,9,Never-married,Other-service,Not-in-family,White,Male,0,0,27,United-States,<=50K
69,Private,281931,Some-college,10,Divorced,Handlers-cleaners,Wife,White,Male,0,0,22,Canada,<=50K
48,Private,432705,HS-grad,9,Widowed,Craft-repair,Unmarried,Other,Male,0,0,53,India,<=50K
40,Private,483941,HS-grad,9,Never-married,Handlers-cleaners,Husband,White,Male,0,0,57,United-States,<=50K
39,Self-emp-inc,349112,10th,6,Separated,Tech-support,Unmarried,White,Male,0,0,56,United-States,<=50K
29,State-gov,112834,HS-grad,9,Divorced,Prof-specialty,Unmarried,White,Male,0,0,35,United-States,<=50K
46,Private,384275,HS-grad,9,Divorced,Prof-specialty,Unmarried,White,Female,0,0,37,United-States,<=50K
47,Private,211140,HS-grad,9,Never-married,Handlers-cleaners,Husband,White,Female,0,0,47,Mexico,<=50K
22,Private,445401,Some-college,10,Divorced,Handlers-cleaners,Unmarried,White,Male,5278,0,34,United-States,<=50K
39,State-gov,91282,Bachelors,13,Married-civ-spouse,Transportation,Wife,White,Male,0,0,47,United-States,<=50K
51,Federal-gov,299595,HS-grad,9,Never-married,Handlers-cleaners,Wife,White,Male,0,0,40,United-States,<=50K
20,State-gov,217601,Doctorate,16,Married-civ-spouse,Transportation,Other-relative,White,Male,0,1646,56,United-States,>50K
68,Private,307332,Assoc-voc,11,Never-married,Prof-specialty,Own-child,White,Male,0,0,55,United-States,<=50K
62,Private,66042,HS-grad,9,Divorced,Transportation,Unmarried,White,Female,0,0,56,United-States,<=50K
51,Private,470707,Doctorate,16,Married-civ-spouse,Machine-op-inspct,Own-child,White,Female,0,0,52,Mexico,>50K
18,Private,190214,Some-college,10,Married-civ-spouse,Sales,Husband,Asian-Pac-Islander,Male,0,0,26,United-States,<=50K
44,Private,151781,Some-college,10,Never-married,Transportation,Wife,White,Male,0,0,51,United-States,<=50K
64,Private,205785,11th,7,Divorced,Tech-support,Other-relative,White,Male,0,0,24,United-States,<=50K
19,Private,176858,Assoc-voc,11,Never-married,Craft-repair,Not-in-family,Black,Female,0,0,49,United-States,<=50K
59,Private,369077,Some-college,10,Divorced,Craft-repair,Wife,White,Male,8767,0,56,United-States,>50K
61,Local-gov,210517,Some-college,10,Married-civ-spouse,Prof-specialty,Wife,White,Female,0,0,54,United-States,<=50K
21,Self-emp-not-inc,458699,HS-grad,9,Never-married,Tech-support,Other-relative,Amer-Indian-Eskimo,Male,0,0,31,United-States,<=50K
29,Self-emp-inc,149919,Some-college,10,Married-civ-spouse,Other-service,Wife,White,Male,0,0,49,Mexico,<=50K
55,Private,262993,Bachelors,13,Widowed,Other-service,Husband,White,Female,7739,0,54,United-States,>50K
65,Self-emp-not-inc,408337,HS-grad,9,Separated,Other-service,Not-in-family,Black,Male,0,0,21,United-States,<=50K
58,Private,392570,11th,7,Never-married,Tech-support,Unmarried,White,Female,0,0,36,United-States,<=50K
45,Private,387456,Masters,14,Never-married,Other-service,Wife,White,Male,0,0,26,United-States,<=50K
49,Private,214917,HS-grad,9,Never-married,Other-service,Other-relative,White,Female,0,0,34,United-States,<=50K
45,Private,490666,Assoc-voc,11,Married-civ-spouse,Machine-op-inspct,Own-child,White,Female,0,0,56,United-States,<=50K
48,Local-gov,155671,Masters,14,Never-married,Prof-specialty,Unmarried,White,Male,0,0,27,United-States,<=50K
58,Federal-gov,423847,Some-college,10,Never-married,Sales,Not-in-family,White,Male,0,0,47,United-States,<=50K
20,Private,92017,Some-college,10,Married-civ-spouse,Craft-repair,Not-in-family,White,Male,839,0,59,United-States,<=50K
28,Private,274515,Assoc-voc,11,Widowed,Prof-specialty,Wife,White,Male,0,0,54,United-States,<=50K
21,Private,209205,10th,6,Never-married,Sales,Unmarried,White,Male,0,0,22,United-States,<=50K
59,Private,370244,HS-grad,9,Married-civ-spouse,Protective-serv,Husband,White,Male,7724,370,58,United-States,<=50K
55,Private,383854,Bachelors,13,Never-married,Other-service,Not-in-family,Black,Female,0,0,41,United-States,<=50K
20,Self-emp-inc,32655,Assoc-voc,11,Married-civ-spouse,Handlers-cleaners,Wife,White,Male,0,0,60,India,<=50K
23,Self-emp-inc,308233,10th,6,Married-civ-spouse,Tech-support,Not-in-family,White,Male,0,0,49,United-States,<=50K
31,Private,464006,HS-grad,9,Separated,Transportation,Unmarried,White,Female,0,0,50,United-States,<=50K
30,Private,124750,Some-college,10,Married-civ-spouse,Protective-serv,Husband,White,Female,0,0,37,United-States,<=50K
45,Private,395240,Assoc-voc,11,Never-married,Protective-serv,Husband,White,Male,0,0,26,United-States,<=50K
43,Private,378926,HS-grad,9,Married-civ-spouse,Transportation,Other-relative,White,Male,0,0,32,United-States,<=50K
36,Private,32768,Some-college,10,Never-married,Exec-managerial,Other-relative,White,Male,0,2425,40,Germany,<=50K
26,Private,62554,Bachelors,13,Never-married,Machine-op-inspct,Own-child,White,Female,0,0,26,Mexico,>50K
51,Private,196885,Some-college,10,Widowed,Prof-specialty,Wife,White,Male,0,0,20,United-States,<=50K
59,Private,94878,Masters,14,Married-civ-spouse,Protective-serv,Not-in-family,White,Male,0,0,27,United-States,<=50K
51,Self-emp-not-inc,164669,HS-grad,9,Divorced,Prof-specialty,Wife,White,Male,0,0,51,Mexico,<=50K
59,Private,107111,Masters,14,Never-married,Handlers-cleaners,Not-in-family,White,Male,0,0,58,United-States,>50K
65,Private,419480,HS-grad,9,Divorced,Sales,Own-child,White,Male,0,0,53,United-States,<=50K
61,State-gov,348080,Assoc-voc,11,Divorced,Machine-op-inspct,Other-relative,White,Male,0,0,36,United-States,<=50K
51,Local-gov,108455,Some-college,10,Married-civ-spouse,Craft-repair,Not-in-family,White,Male,0,0,40,United-States,<=50K
20,Private,156299,HS-grad,9,Never-married,Tech-support,Not-in-family,Black,Male,0,0,21,United-States,<=50K
35,Private,352648,10th,6,Divorced,Machine-op-inspct,Husband,White,Female,0,0,41,United-States,<=50K
40,Private,443400,Masters,14,Separated,Other-service,Not-in-family,White,Male,0,0,36,Canada,<=50K
55,State-gov,497076,Some-college,10,Never-married,Tech-support,Other-relative,White,Female,0,0,35,United-States,<=50K
62,Private,64130,HS-grad,9,Widowed,Protective-serv,Not-in-family,White,Male,0,0,45,India,<=50K
51,Private,319961,Bachelors,13,Divorced,Protective-serv,Not-in-family,White,Female,0,0,37,United-States,>50K
36,Self-emp-not-inc,469602,10th,6,Never-married,Protective-serv,Not-in-family,Other,Male,0,0,45,United-States,<=50K
58,Self-emp-not-inc,448243,HS-grad,9,Married-civ-spouse,Exec-managerial,Wife,White,Female,0,0,54,Germany,<=50K
54,Private,22402,11th,7,Married-civ-spouse,Transportation,Own-child,White,Female,0,0,23,Philippines,<=50K
59,Private,42938,Some-college,10,Married-civ-spouse,Tech-support,Husband,White,Male,0,0,56,United-States,<=50K
48,Private,460321,Bachelors,13,Divorced,Craft-repair,Other-relative,Black,Male,0,0,30,Philippines,<=50K
51,Private,132003,Some-college,10,Divorced,Sales,Husband,White,Female,0,0,49,Philippines,<=50K
36,Private,82685,HS-grad,9,Never-married,Handlers-cleaners,Other-relative,Black,Male,0,1066,50,United-States,<=50K
38,Federal-gov,90205,11th,7,Married-civ-spouse,Machine-op-inspct,Not-in-family,White,Female,0,0,60,United-States,<=50K
32,Self-emp-not-inc,31230,HS-grad,9,Married-civ-spouse,Prof-specialty,Not-in-family,Black,Female,0,0,60,United-States,<=50K
31,Self-emp-not-inc,222281,11th,7,Married-civ-spouse,Handlers-cleaners,Not-in-family,Asian-Pac-Islander,Female,0,0,28,United-States,<=50K
51,Self-emp-not-inc,148968,HS-grad,9,Married-civ-spouse,Handlers-cleaners,Husband,White,Male,0,0,41,United-States,<=50K
37,Private,53156,HS-grad,9,Married-civ-spouse,Craft-repair,Not-in-family,Other,Male,0,0,57,United-States,<=50K
24,Private,181525,11th,7,Never-married,Prof-specialty,Own-child,Amer-Indian-Eskimo,Female,0,0,23,Mexico,<=50K
19,Self-emp-not-inc,164039,Bachelors,13,Married-civ-spouse,Handlers-cleaners,Other-relative,White,Female,0,0,46,United-States,<=50K
62,Private,372966,HS-grad,9,Divorced,Craft-repair,Unmarried,White,Male,0,0,55,United-States,<=50K
40,Private,113653,Bachelors,13,Married-civ-spouse,Craft-repair,Unmarried,White,Male,0,0,38,Germany,>50K
47,Private,451156,HS-grad,9,Married-civ-spouse,Sales,Unmarried,Black,Male,2120,2936,37,United-States,<=50K
65,Self-emp-not-inc,69200,Assoc-voc,11,Widowed,Handlers-cleaners,Other-relative,White,Female,0,587,36,India,>50K
23,Private,205169,HS-grad,9,Divorced,Other-service,Wife,White,Female,0,0,50,United-States,<=50K
66,Private,484697,Some-college,10,Married-civ-spouse,Protective-serv,Wife,White,Male,0,0,26,United-States,<=50K
54,Private,140645,HS-grad,9,Never-married,Other-service,Unmarried,Black,Female,0,0,30,United-States,<=50K
51,Federal-gov,419669,Bachelors,13,Married-civ-spouse,Machine-op-inspct,Unmarried,White,Male,0,0,23,United-States,<=50K
40,Private,154514,11th,7,Married-civ-spouse,Transportation,Wife,White,Male,0,0,55,United-States,<=50K
54,Private,53710,Assoc-voc,11,Married-civ-spouse,Tech-support,Not-in-family,White,Male,0,0,52,United-States,<=50K
28,Self-emp-inc,440382,Some-college,10,Never-married,Sales,Unmarried,Black,Male,0,2956,30,United-States,<=50K
33,Private,402842,HS-grad,9,Married-civ-spouse,Prof-specialty,Unmarried,Black,Male,0,0,44,United-States,<=50K
67,Private,45924,HS-grad,9,Married-civ-spouse,Craft-repair,Unmarried,White,Male,0,1160,48,Canada,<=50K
32,Private,260660,Assoc-voc,11,Widowed,Protective-serv,Own-child,Black,Male,0,928,28,Germany,<=50K
55,State-gov,228524,HS-grad,9,Married-civ-spouse,Sales,Not-in-family,Black,Female,0,0,36,United-States,>50K
66,Private,357880,Bachelors,13,Never-married,Tech-support,Not-in-family,White,Male,0,0,34,United-States,<=50K
48,Local-gov,125906,Some-college,10,Never-married,Protective-serv,Unmarried,White,Male,0,0,35,United-States,<=50K
33,Self-emp-inc,171000,10th,6,Married-civ-spouse,Tech-support,Unmarried,White,Male,0,0,47,United-States,<=50K
62,Local-gov,191309,Some-college,10,Married-civ-spouse,Other-service,Not-in-family,White,Male,0,0,27,United-States,<=50K
60,Private,415640,Bachelors,13,Never-married,Craft-repair,Unmarried,Black,Female,0,0,30,United-States,<=50K
46,Private,145291,11th,7,Separated,Tech-support,Own-child,White,Female,8875,0,54,United-States,<=50K
23,Private,155666,10th,6,Separated,Exec-managerial,Not-in-family,White,Male,0,0,27,United-States,<=50K
40,Private,394843,Bachelors,13,Separated,Transportation,Other-relative,White,Male,0,0,38,United-States,>50K
40,Private,108346,Doctorate,16,Married-civ-spouse,Sales,Unmarried,White,Male,0,0,50,Canada,>50K
27,Private,141088,Bachelors,13,Divorced,Other-service,Husband,White,Male,0,0,37,United-States,<=50K
38,Private,217385,Some-college,10,Married-civ-spouse,Transportation,Husband,White,Male,0,0,38,United-States,<=50K
25,Private,452322,HS-grad,9,Married-civ-spouse,Handlers-cleaners,Wife,Black,Male,0,0,24,United-States,<=50K
54,Private,187214,Masters,14,Never-married,Sales,Husband,White,Female,0,0,37,United-States,<=50K
40,Private,359116,Bachelors,13,Never-married,Tech-support,Wife,White,Female,0,0,25,United-States,<=50K
55,Private,158851,HS-grad,9,Never-married,Machine-op-inspct,Unmarried,White,Male,0,0,26,United-States,<=50K
41,Self-emp-not-inc,160487,HS-grad,9,Separated,Protective-serv,Not-in-family,White,Male,0,0,35,United-States,<=50K
55,Private,484511,Masters,14,Married-civ-spouse,Handlers-cleaners,Husband,White,Female,0,0,46,Philippines,>50K
56,Self-emp-not-inc,51402,HS-grad,9,Widowed,Protective-serv,Other-relative,White,Male,0,0,21,India,<=50K
26,Private,86056,Bachelors,13,Married-civ-spouse,Handlers-cleaners,Unmarried,Black,Male,0,0,24,United-States,<=50K
40,Private,102622,Masters,14,Never-married,Craft-repair,Unmarried,White,Male,0,0,44,United-States,<=50K
56,Self-emp-inc,97454,Some-college,10,Married-civ-spouse,Craft-repair,Unmarried,Black,Male,0,0,45,United-States,<=50K
48,Private,269955,HS-grad,9,Never-married,Protective-serv,Unmarried,White,Male,0,0,27,United-States,<=50K
29,Private,98197,Some-college,10,Separated,Machine-op-inspct,Other-relative,White,Female,0,0,22,Germany,<=50K
61,Local-gov,416438,Some-college,10,Never-married,Sales,Unmarried,White,Male,0,0,49,Philippines,<=50K
28,Private,339193,Bachelors,13,Never-married,Exec-managerial,Other-relative,White,Female,0,0,59,Mexico,>50K
69,Private,204219,Masters,14,Married-civ-spouse,Sales,Other-relative,White,Male,0,0,46,United-States,>50K
54,Local-gov,225741,Assoc-voc,11,Divorced,Tech-support,Wife,White,Male,0,2508,29,United-States,<=50K
34,Federal-gov,212224,HS-grad,9,Married-civ-spouse,Transportation,Unmarried,White,Female,0,919,39,United-States,<=50K
28,Private,255794,Masters,14,Never-married,Handlers-cleaners,Husband,White,Male,0,895,55,United-States,<=50K
64,Private,459174,Some-college,10,Married-civ-spouse,Handlers-cleaners,Wife,White,Male,0,0,28,United-States,<=50K
45,Private,148439,Assoc-voc,11,Never-married,Prof-specialty,Other-relative,Black,Female,7967,0,22,United-States,<=50K
59,Local-gov,224858,HS-grad,9,Married-civ-spouse,Craft-repair,Other-relative,Amer-Indian-Eskimo,Female,0,0,51,United-States,<=50K
61,Self-emp-not-inc,185082,Bachelors,13,Married-civ-spouse,Exec-managerial,Unmarried,White,Male,0,0,46,United-States,>50K
21,Private,101686,Bachelors,13,Never-married,Protective-serv,Husband,White,Male,0,0,60,United-States,<=50K
53,Private,310615,Some-college,10,Married-civ-spouse,Craft-repair,Other-relative,White,Female,0,0,40,United-States,<=50K
35,Self-emp-inc,107674,10th,6,Never-married,Craft-repair,Husband,Black,Female,0,0,49,United-States,<=50K
65,Private,365461,HS-grad,9,Never-married,Handlers-cleaners,Not-in-family,Asian-Pac-Islander,Female,0,0,38,United-States,<=50K
29,State-gov,428049,HS-grad,9,Married-civ-spouse,Tech-support,Wife,White,Male,0,0,49,Germany,<=50K
19,Private,326646,Bachelors,13,Never-married,Prof-specialty,Not-in-family,White,Female,0,0,47,Philippines,<=50K
52,Private,250352,Some-college,10,Never-married,Craft-repair,Husband,White,Male,0,0,28,United-States,<=50K
46,Private,362319,HS-grad,9,Married-civ-spouse,Tech-support,Husband,White,Male,0,0,54,United-States,<=50K
46,Private,396146,HS-grad,9,Married-civ-spouse,Protective-serv,Unmarried,White,Male,0,0,36,United-States,<=50K
31,Private,259541,HS-grad,9,Divorced,Craft-repair,Not-in-family,White,Male,0,0,39,United-States,<=50K
43,Private,294784,Assoc-voc,11,Divorced,Machine-op-inspct,Own-child,White,Female,0,0,23,United-States,<=50K
68,Private,173160,Bachelors,13,Married-civ-spouse,Transportation,Own-child,White,Male,0,0,31,United-States,<=50K
57,Private,120766,HS-grad,9,Married-civ-spouse,Prof-specialty,Unmarried,White,Female,0,0,23,United-States,<=50K
69,Federal-gov,48403,Some-college,10,Married-civ-spouse,Craft-repair,Other-relative,Black,Male,0,0,58,United-States,<=50K
35,Private,139433,Assoc-voc,11,Divorced,Handlers-cleaners,Own-child,White,Male,0,0,38,United-States,<=50K
63,Private,182949,Assoc-voc,11,Married-civ-spouse,Sales,Husband,Black,Male,0,0,25,United-States,<=50K
37,Private,85725,HS-grad,9,Widowed,Machine-op-inspct,Other-relative,White,Female,1014,0,30,United-States,<=50K
66,Private,439029,Bachelors,13,Married-civ-spouse,Craft-repair,Wife,White,Male,0,0,47,India,>50K
63,Private,68452,HS-grad,9,Never-married,Craft-repair,Wife,White,Female,0,0,46,Canada,<=50K
26,Federal-gov,179387,HS-grad,9,Divorced,Protective-serv,Not-in-family,White,Female,0,0,44,United-States,<=50K
68,Private,313401,Assoc-voc,11,Never-married,Other-service,Unmarried,White,Male,0,0,58,Canada,>50K
49,Private,94831,Assoc-voc,11,Separated,Prof-specialty,Wife,White,Male,0,0,59,India,<=50K
58,Federal-gov,399424,HS-grad,9,Married-civ-spouse,Prof-specialty,Husband,Black,Male,0,0,37,United-States,<=50K
48,State-gov,344673,Assoc-voc,11,Married-civ-spouse,Craft-repair,Own-child,White,Male,0,0,48,United-States,<=50K
29,Federal-gov,348890,Masters,14,Married-civ-spouse,Sales,Other-relative,White,Male,0,0,25,United-States,<=50K
69,Private,389664,Masters,14,Never-married,Craft-repair,Not-in-family,White,Male,0,0,23,United-States,<=50K
23,Private,453676,Doctorate,16,Married-civ-spouse,Tech-support,Unmarried,White,Male,0,0,28,United-States,<=50K
60,Private,272049,Some-college,10,Never-married,Handlers-cleaners,Wife,Black,Male,0,0,36,India,<=50K
28,Private,455127,11th,7,Married-civ-spouse,Tech-support,Other-relative,White,Male,0,0,38,United-States,<=50K
58,Private,470913,HS-grad,9,Never-married,Transportation,Other-relative,White,Female,0,0,59,United-States,<=50K
39,Federal-gov,474056,Some-college,10,Divorced,Exec-managerial,Other-relative,White,Female,0,1271,38,United-States,<=50K
30,Private,439926,Some-college,10,Divorced,Other-service,Unmarried,Black,Male,0,0,39,United-States,<=50K
30,Local-gov,389324,Assoc-voc,11,Never-married,Prof-specialty,Wife,White,Male,0,0,42,United-States,<=50K
34,State-gov,490509,HS-grad,9,Divorced,Handlers-cleaners,Wife,White,Male,0,0,23,India,<=50K
64,Private,249452,Some-college,10,Separated,Protective-serv,Own-child,White,Male,0,0,56,United-States,<=50K
58,Private,112337,Masters,14,Never-married,Tech-support,Own-child,White,Male,0,0,30,United-States,>50K
52,State-gov,186962,Some-college,10,Widowed,Machine-op-inspct,Husband,White,Female,8064,0,57,Canada,<=50K
50,Private,145947,HS-grad,9,Never-married,Machine-op-inspct,Wife,White,Male,0,0,50,Canada,<=50K
39,Self-emp-inc,57829,HS-grad,9,Divorced,Handlers-cleaners,Own-child,White,Male,0,0,46,United-States,<=50K
64,Private,267202,Masters,14,Married-civ-spouse,Other-service,Other-relative,White,Male,0,0,56,United-States,>50K
32,Private,469255,HS-grad,9,Widowed,Transportation,Husband,White,Male,0,0,26,United-States,<=50K
67,Private,446369,Some-college,10,Married-civ-spouse,Sales,Other-relative,White,Female,0,0,49,United-States,<=50K
37,Private,157016,Bachelors,13,Married-civ-spouse,Sales,Other-relative,Asian-Pac-Islander,Male,9715,0,26,United-States,<=50K
35,Local-gov,211454,11th,7,Divorced,Protective-serv,Husband,Black,Male,0,0,60,United-States,<=50K
42,Private,93912,Doctorate,16,Married-civ-spouse,Prof-specialty,Unmarried,White,Male,0,0,32,Philippines,>50K
56,Private,229092,HS-grad,9,Married-civ-spouse,Other-service,Other-relative,White,Male,0,0,34,United-States,<=50K
55,Self-emp-not-inc,60736,Assoc-voc,11,Married-civ-spouse,Other-service,Other-relative,White,Male,0,0,49,Germany,<=50K
57,State-gov,69603,Assoc-voc,11,Married-civ-spouse,Protective-serv,Other-relative,Amer-Indian-Eskimo,Male,0,0,36,United-States,<=50K
22,Private,137420,Masters,14,Never-married,Handlers-cleaners,Other-relative,White,Female,0,0,54,United-States,<=50K
26,Self-emp-inc,365332,Some-college,10,Never-married,Other-service,Own-child,White,Male,0,0,36,United-States,<=50K
62,Private,430023,HS-grad,9,Never-married,Prof-specialty,Not-in-family,White,Male,0,0,46,United-States,<=50K
69,Federal-gov,429647,Masters,14,Never-married,Sales,Not-in-family,White,Male,0,0,27,United-States,<=50K
24,Self-emp-not-inc,475564,Some-college,10,Divorced,Other-service,Wife,White,Male,0,0,54,United-States,<=50K
65,Local-gov,75342,HS-grad,9,Married-civ-spouse,Machine-op-inspct,Husband,White,Male,0,0,21,United-States,<=50K
31,Private,140077,HS-grad,9,Married-civ-spouse,Machine-op-inspct,Other-relative,White,Male,0,0,29,United-States,<=50K
68,State-gov,275108,HS-grad,9,Never-married,Exec-managerial,Wife,White,Female,0,2846,52,United-States,<=50K
69,Private,422757,Bachelors,13,Divorced,Exec-managerial,Wife,Other,Male,0,0,47,United-States,<=50K
51,Self-emp-not-inc,60356,HS-grad,9,Never-married,Exec-managerial,Husband,White,Male,0,2016,27,United-States,<=50K
27,Self-emp-not-inc,302287,Bachelors,13,Never-married,Handlers-cleaners,Own-child,Black,Male,0,0,31,United-States,<=50K
58,Private,89245,Assoc-voc,11,Divorced,Handlers-cleaners,Not-in-family,White,Female,0,0,31,United-States,<=50K
23,Local-gov,158950,Some-college,10,Never-married,Tech-support,Unmarried,Black,Male,0,0,46,United-States,<=50K
35,Self-emp-inc,358686,HS-grad,9,Divorced,Transportation,Own-child,White,Female,0,0,33,Canada,<=50K
51,Local-gov,161064,HS-grad,9,Married-civ-spouse,Sales,Own-child,White,Male,0,0,21,Mexico,<=50K
21,Private,378069,Some-college,10,Divorced,Protective-serv,Other-relative,Black,Female,0,0,35,Mexico,<=50K
38,Federal-gov,211557,Assoc-voc,11,Never-married,Handlers-cleaners,Wife,White,Male,0,0,45,United-States,<=50K
59,Private,479147,Bachelors,13,Married-civ-spouse,Exec-managerial,Husband,White,Female,0,0,36,United-States,<=50K
22,State-gov,88639,Assoc-voc,11,Married-civ-spouse,Exec-managerial,Husband,Asian-Pac-Islander,Male,0,0,56,United-States,<=50K
37,Private,122006,10th,6,Married-civ-spouse,Protective-serv,Unmarried,White,Female,0,0,46,India,<=50K
18,Private,331904,HS-grad,9,Divorced,Sales,Other-relative,White,Female,0,0,30,United-States,<=50K
52,Private,488527,Bachelors,13,Never-married,Other-service,Wife,Other,Male,0,0,46,United-States,<=50K
22,Self-emp-not-inc,36216,Some-college,10,Married-civ-spouse,Protective-serv,Wife,Asian-Pac-Islander,Female,0,2607,55,United-States,<=50K
32,Private,309283,Some-college,10,Never-married,Other-service,Unmarried,White,Male,5305,0,59,United-States,>50K
45,Local-gov,447436,Some-college,10,Divorced,Protective-serv,Not-in-family,Black,Female,0,0,22,United-States,<=50K
29,Local-gov,422725,Some-college,10,Separated,Other-service,Own-child,Asian-Pac-Islander,Male,0,0,31,United-States,<=50K
30,Private,383489,Bachelors,13,Never-married,Tech-support,Own-child,White,Male,0,0,46,Mexico,<=50K
61,Federal-gov,260980,Bachelors,13,Never-married,Craft-repair,Own-child,White,Male,0,0,20,India,<=50K
58,Self-emp-not-inc,184954,Some-college,10,Divorced,Other-service,Other-relative,White,Female,0,0,37,United-States,<=50K
22,Private,320428,HS-grad,9,Divorced,Craft-repair,Wife,White,Female,0,0,44,United-States,<=50K
62,Private,257543,Bachelors,13,Married-civ-spouse,Sales,Unmarried,White,Male,0,0,21,United-States,<=50K
42,Private,173400,Masters,14,Married-civ-spouse,Exec-managerial,Wife,Amer-Indian-Eskimo,Male,0,0,24,India,<=50K
25,Private,219134,Bachelors,13,Married-civ-spouse,Other-service,Wife,White,Female,0,0,46,United-States,<=50K
65,Private,88030,HS-grad,9,Never-married,Prof-specialty,Own-child,Black,Male,0,0,39,United-States,<=50K
35,Private,476916,HS-grad,9,Widowed,Sales,Other-relative,White,Female,0,0,26,United-States,<=50K
34,Private,98361,Masters,14,Divorced,Tech-support,Husband,White,Male,0,0,20,United-States,<=50K
25,State-gov,255571,Masters,14,Divorced,Sales,Husband,White,Male,0,0,40,United-States,<=50K
64,Private,227893,HS-grad,9,Divorced,Tech-support,Own-child,White,Male,0,0,57,Canada,<=50K
32,Local-gov,474641,Some-college,10,Separated,Machine-op-inspct,Husband,White,Female,0,0,30,United-States,<=50K
48,Federal-gov,257089,Some-college,10,Never-married,Exec-managerial,Own-child,White,Male,0,0,37,United-States,<=50K
30,Self-emp-not-inc,394773,Bachelors,13,Separated,Prof-specialty,Own-child,Black,Female,0,0,25,United-States,<=50K
64,Private,289381,HS-grad,9,Never-married,Craft-repair,Not-in-family,White,Male,0,0,35,United-States,<=50K
58,Private,392429,Bachelors,13,Married-civ-spouse,Exec-managerial,Wife,White,Male,0,0,24,United-States,<=50K
44,Local-gov,209515,11th,7,Married-civ-spouse,Transportation,Not-in-family,White,Male,0,0,29,United-States,<=50K
35,Self-emp-not-inc,360373,Some-college,10,Never-married,Other-service,Unmarried,Other,Female,0,2735,45,United-States,<=50K
52,Federal-gov,453298,Some-college,10,Married-civ-spouse,Handlers-cleaners,Own-child,White,Male,0,0,39,India,<=50K
43,Private,344694,HS-grad,9,Married-civ-spouse,Exec-managerial,Other-relative,White,Male,0,0,28,United-States,<=50K
66,Private,219980,HS-grad,9,Never-married,Craft-repair,Wife,Other,Female,0,0,25,United-States,<=50K
53,Private,210379,11th,7,Married-civ-spouse,Craft-repair,Unmarried,Amer-Indian-Eskimo,Male,6695,0,32,United-States,<=50K
19,Private,263157,10th,6,Married-civ-spouse,Exec-managerial,Not-in-family,White,Female,0,0,53,India,<=50K
60,Self-emp-not-inc,68836,HS-grad,9,Married-civ-spouse,Handlers-cleaners,Husband,Black,Female,0,0,28,United-States,>50K
28,Private,102825,Assoc-voc,11,Married-civ-spouse,Exec-managerial,Unmarried,Asian-Pac-Islander,Male,0,0,33,United-States,<=50K
33,Private,261719,HS-grad,9,Married-civ-spouse,Craft-repair,Other-relative,White,Male,0,0,25,United-States,<=50K
40,Private,146223,Bachelors,13,Divorced,Sales,Own-child,White,Male,6240,0,45,United-States,>50K
28,Private,395885,Bachelors,13,Married-civ-spouse,Transportation,Not-in-family,White,Male,0,0,20,United-States,<=50K
67,Private,189133,Some-college,10,Never-married,Handlers-cleaners,Unmarried,Black,Female,0,0,28,United-States,<=50K
68,Private,79117,Some-college,10,Married-civ-spouse,Protective-serv,Husband,White,Male,0,0,39,United-States,<=50K
26,Private,236889,Bachelors,13,Married-civ-spouse,Transportation,Husband,White,Female,0,0,47,United-States,<=50K
34,Private,247104,HS-grad,9,Never-married,Transportation,Other-relative,Black,Male,0,0,51,United-States,<=50K
37,Self-emp-inc,155342,10th,6,Separated,Exec-managerial,Wife,White,Male,0,0,50,United-States,<=50K
52,Private,141918,HS-grad,9,Never-married,Transportation,Unmarried,White,Male,0,0,22,United-States,<=50K
49,Private,294062,HS-grad,9,Widowed,Tech-support,Other-relative,White,Male,0,0,44,United-States,<=50K
53,Self-emp-not-inc,237223,11th,7,Never-married,Transportation,Unmarried,White,Female,0,0,27,United-States,<=50K
19,Private,367100,Some-college,10,Married-civ-spouse,Prof-specialty,Other-relative,Asian-Pac-Islander,Female,3123,0,44,United-States,<=50K
44,Private,117543,Some-college,10,Never-married,Prof-specialty,Unmarried,Asian-Pac-Islander,Male,0,0,56,United-States,<=50K
28,Private,416077,HS-grad,9,Separated,Handlers-cleaners,Not-in-family,White,Female,3296,0,21,United-States,<=50K
29,State-gov,345122,HS-grad,9,Divorced,Other-service,Husband,Asian-Pac-Islander,Male,0,0,57,United-States,<=50K
58,Private,84554,HS-grad,9,Never-married,Craft-repair,Wife,White,Male,0,0,57,Mexico,<=50K
25,State-gov,329855,Some-college,10,Never-married,Protective-serv,Unmarried,White,Female,0,746,59,United-States,<=50K
19,Private,234993,Some-college,10,Married-civ-spouse,Machine-op-inspct,Wife,Black,Male,0,0,21,United-States,<=50K
43,Private,226136,Some-college,10,Never-married,Tech-support,Unmarried,Asian-Pac-Islander,Male,0,0,45,United-States,<=50K
56,Private,293784,Assoc-voc,11,Never-married,Exec-managerial,Unmarried,White,Female,0,0,30,United-States,<=50K
44,Self-emp-inc,140765,11th,7,Widowed,Sales,Other-relative,White,Male,0,0,20,Canada,<=50K
26,Private,464520,Some-college,10,Married-civ-spouse,Transportation,Husband,White,Male,0,0,22,United-States,<=50K
58,Private,153864,11th,7,Never-married,Transportation,Wife,White,Female,0,0,25,United-States,<=50K
37,State-gov,458022,Assoc-voc,11,Married-civ-spouse,Craft-repair,Other-relative,Black,Male,0,0,36,United-States,<=50K
54,Private,114746,11th,7,Never-married,Prof-specialty,Own-child,White,Female,0,0,29,United-States,<=50K
28,Private,120017,Bachelors,13,Divorced,Machine-op-inspct,Own-child,White,Female,0,0,23,Philippines,<=50K
65,Self-emp-not-inc,483916,HS-grad,9,Never-married,Other-service,Husband,White,Male,0,0,34,United-States,<=50K
32,Private,308147,HS-grad,9,Married-civ-spouse,Handlers-cleaners,Own-child,White,Male,0,0,39,United-States,<=50K
68,Private,130398,Assoc-voc,11,Never-married,Transportation,Husband,Amer-Indian-Eskimo,Female,2173,0,34,United-States,<=50K
37,Local-gov,244852,Some-college,10,Widowed,Craft-repair,Husband,White,Male,0,0,45,Canada,<=50K
55,Private,224390,Assoc-voc,11,Never-married,Tech-support,Unmarried,Amer-Indian-Eskimo,Male,0,0,27,United-States,<=50K
44,Private,385368,Masters,14,Married-civ-spouse,Prof-specialty,Other-relative,White,Male,0,0,33,United-States,<=50K
21,Private,260899,HS-grad,9,Married-civ-spouse,Transportation,Unmarried,White,Male,0,0,27,United-States,<=50K
23,Private,52100,Some-college,10,Divorced,Protective-serv,Unmarried,Black,Male,0,0,29,United-States,<=50K
39,Private,342056,10th,6,Never-married,Machine-op-inspct,Unmarried,White,Female,0,0,59,United-States,<=50K
28,Private,416622,HS-grad,9,Divorced,Machine-op-inspct,Own-child,White,Male,0,0,46,United-States,<=50K
49,Private,380606,Masters,14,Widowed,Craft-repair,Wife,White,Male,0,0,23,Philippines,<=50K
25,Private,121485,10th,6,Never-married,Tech-support,Other-relative,White,Female,0,0,26,United-States,<=50K
48,Private,204984,HS-grad,9,Never-married,Tech-support,Not-in-family,Asian-Pac-Islander,Male,0,0,20,United-States,<=50K
28,Private,39250,HS-grad,9,Widowed,Handlers-cleaners,Own-child,White,Male,0,0,54,United-States,<=50K
27,Private,268247,Bachelors,13,Married-civ-spouse,Handlers-cleaners,Own-child,White,Female,0,0,21,United-States,<=50K
37,State-gov,171387,Assoc-voc,11,Divorced,Transportation,Wife,White,Male,0,0,23,United-States,>50K
48,Private,452105,Some-college,10,Divorced,Tech-support,Own-child,White,Male,0,0,42,Mexico,<=50K
38,Private,136852,HS-grad,9,Never-married,Transportation,Unmarried,White,Female,0,0,39,United-States,<=50K
36,Local-gov,75155,HS-grad,9,Never-married,Handlers-cleaners,Own-child,White,Male,0,0,29,United-States,<=50K
35,Private,365597,Some-college,10,Married-civ-spouse,Machine-op-inspct,Not-in-family,Black,Male,6855,0,39,United-States,<=50K
35,Local-gov,232108,Some-college,10,Married-civ-spouse,Exec-managerial,Unmarried,White,Female,0,0,39,India,<=50K
38,Private,325480,HS-grad,9,Married-civ-spouse,Tech-support,Unmarried,White,Male,0,0,25,United-States,<=50K
61,Private,110892,Assoc-voc,11,Married-civ-spouse,Sales,Other-relative,White,Female,0,0,39,United-States,<=50K
48,Private,439490,HS-grad,9,Married-civ-spouse,Other-service,Husband,White,Male,9352,2309,53,United-States,<=50K
39,Private,42131,Assoc-voc,11,Divorced,Protective-serv,Unmarried,White,Female,0,0,57,Canada,<=50K
56,Federal-gov,209929,11th,7,Never-married,Transportation,Husband,White,Male,0,0,45,United-States,<=50K
45,Private,94383,Bachelors,13,Married-civ-spouse,Exec-managerial,Husband,White,Male,0,0,26,United-States,<=50K
67,Self-emp-inc,363707,Bachelors,13,Never-married,Tech-support,Own-child,White,Male,0,0,52,United-States,>50K
47,Federal-gov,139518,HS-grad,9,Never-married,Sales,Own-child,Amer-Indian-Eskimo,Male,0,0,32,United-States,<=50K
29,Self-emp-not-inc,242998,Bachelors,13,Married-civ-spouse,Machine-op-inspct,Husband,White,Male,0,0,26,United-States,<=50K
47,Private,290549,Some-college,10,Separated,Protective-serv,Not-in-family,White,Female,0,0,47,United-States,<=50K
58,Self-emp-not-inc,147406,HS-grad,9,Married-civ-spouse,Tech-support,Unmarried,White,Female,0,0,27,United-States,<=50K
29,Self-emp-not-inc,388065,Bachelors,13,Never-married,Sales,Not-in-family,Black,Male,0,0,41,United-States,<=50K
28,Private,143116,HS-grad,9,Married-civ-spouse,Sales,Unmarried,White,Female,0,0,40,United-States,<=50K
49,Local-gov,471555,HS-grad,9,Married-civ-spouse,Tech-support,Unmarried,White,Male,0,0,43,United-States,<=50K
63,Private,338207,Bachelors,13,Married-civ-spouse,Sales,Other-relative,White,Male,0,0,34,United-States,<=50K
35,State-gov,479911,Some-college,10,Never-married,Transportation,Wife,White,Male,0,0,39,United-States,<=50K
44,Private,52187,HS-grad,9,Never-married,Craft-repair,Not-in-family,White,Female,2357,0,25,United-States,<=50K
52,Private,441821,HS-grad,9,Never-married,Prof-specialty,Husband,Black,Male,0,0,53,United-States,<=50K
52,Self-emp-not-inc,486901,HS-grad,9,Married-civ-spouse,Protective-serv,Other-relative,White,Male,0,0,47,United-States,<=50K
25,Private,267216,Bachelors,13,Never-married,Protective-serv,Unmarried,Asian-Pac-Islander,Male,0,0,24,United-States,<=50K
38,Private,445563,Bachelors,13,Married-civ-spouse,Sales,Husband,Asian-Pac-Islander,Male,0,0,53,United-States,<=50K
69,Private,223483,HS-grad,9,Separated,Prof-specialty,Not-in-family,Black,Male,0,0,59,United-States,<=50K
64,Federal-gov,238209,Bachelors,13,Never-married,Machine-op-inspct,Husband,White,Male,0,0,51,United-States,<=50K
58,Private,236068,10th,6,Never-married,Protective-serv,Not-in-family,White,Male,0,0,27,Mexico,<=50K
19,Private,326376,Bachelors,13,Separated,Transportation,Own-child,Black,Male,0,0,47,United-States,<=50K
39,Private,483330,Some-college,10,Married-civ-spouse,Other-service,Unmarried,White,Male,0,0,27,United-States,<=50K
20,Private,120295,Bachelors,13,Married-civ-spouse,Craft-repair,Wife,Black,Male,0,0,52,United-States,<=50K
33,Private,302908,Assoc-voc,11,Divorced,Handlers-cleaners,Other-relative,White,Female,0,0,29,United-States,<=50K
62,Private,257840,11th,7,Married-civ-spouse,Machine-op-inspct,Not-in-family,Black,Male,0,0,57,United-States,<=50K
38,State-gov,377726,HS-grad,9,Married-civ-spouse,Exec-managerial,Other-relative,White,Male,0,1548,50,United-States,<=50K
26,Self-emp-inc,235499,HS-grad,9,Married-civ-spouse,Prof-specialty,Unmarried,White,Male,0,0,53,United-States,<=50K
55,Local-gov,51183,HS-grad,9,Separated,Handlers-cleaners,Wife,White,Male,0,0,44,United-States,<=50K
57,Self-emp-not-inc,404644,Masters,14,Married-civ-spouse,Transportation,Husband,White,Male,0,0,24,United-States,>50K
52,Federal-gov,487448,HS-grad,9,Never-married,Transportation,Not-in-family,White,Male,0,0,24,United-States,<=50K
60,State-gov,475799,Assoc-voc,11,Married-civ-spouse,Prof-specialty,Husband,White,Male,0,0,53,United-States,>50K
54,Private,269899,HS-grad,9,Never-married,Machine-op-inspct,Own-child,White,Female,0,0,55,United-States,<=50K
51,Local-gov,185371,Bachelors,13,Married-civ-spouse,Prof-specialty,Not-in-family,Amer-Indian-Eskimo,Male,0,0,35,United-States,<=50K
64,Private,309278,HS-grad,9,Never-married,Exec-managerial,Not-in-family,Black,Female,0,0,60,United-States,<=50K
34,Private,421665,Some-college,10,Married-civ-spouse,Protective-serv,Husband,Black,Male,0,0,31,Philippines,<=50K
41,Private,407772,Some-college,10,Married-civ-spouse,Tech-support,Not-in-family,Asian-Pac-Islander,Female,0,0,40,United-States,<=50K
47,Private,288479,Masters,14,Married-civ-spouse,Transportation,Other-relative,White,Female,0,124,37,United-States,>50K
52,Private,60556,Some-college,10,Married-civ-spouse,Sales,Husband,Asian-Pac-Islander,Male,0,0,20,United-States,<=50K
42,Private,139637,Some-college,10,Never-married,Prof-specialty,Own-child,White,Male,0,0,31,India,<=50K
40,Private,26058,Masters,14,Never-married,Protective-serv,Own-child,White,Male,0,0,40,India,>50K
26,Local-gov,263638,11th,7,Married-civ-spouse,Sales,Own-child,White,Female,0,0,20,United-States,<=50K
51,Private,478576,Doctorate,16,Married-civ-spouse,Sales,Own-child,White,Male,0,0,43,United-States,>50K
24,Private,310385,Masters,14,Separated,Craft-repair,Husband,White,Male,0,0,41,United-States,>50K
42,Self-emp-not-inc,122394,Some-college,10,Married-civ-spouse,Tech-support,Not-in-family,White,Male,0,0,28,Mexico,<=50K
39,Private,38564,Assoc-voc,11,Married-civ-spouse,Transportation,Husband,Other,Male,0,0,41,United-States,<=50K
58,Federal-gov,70774,Some-college,10,Separated,Prof-specialty,Husband,White,Male,0,0,21,United-States,<=50K
42,Private,180355,11th,7,Married-civ-spouse,Protective-serv,Not-in-family,Asian-Pac-Islander,Male,0,0,46,United-States,<=50K
18,Private,469140,Doctorate,16,Married-civ-spouse,Craft-repair,Unmarried,Black,Male,0,0,39,Canada,<=50K
44,State-gov,40053,HS-grad,9,Married-civ-spouse,Transportation,Other-relative,Black,Male,4866,0,35,United-States,<=50K
29,Private,200152,HS-grad,9,Divorced,Sales,Own-child,Black,Male,0,0,55,United-States,<=50K
37,Self-emp-not-inc,208958,Masters,14,Married-civ-spouse,Exec-managerial,Own-child,Other,Female,5699,0,54,India,<=50K
33,Private,430094,Bachelors,13,Never-married,Prof-specialty,Own-child,White,Female,0,0,30,United-States,<=50K
26,Private,314266,Bachelors,13,Married-civ-spouse,Machine-op-inspct,Husband,White,Female,2713,0,42,United-States,<=50K
67,Federal-gov,466996,10th,6,Never-married,Craft-repair,Not-in-family,White,Male,0,0,35,Germany,<=50K
31,Private,430421,Bachelors,13,Married-civ-spouse,Handlers-cleaners,Husband,White,Male,0,0,55,United-States,<=50K
44,Private,114306,Some-college,10,Widowed,Craft-repair,Other-relative,White,Male,4658,0,57,United-States,<=50K
61,Self-emp-not-inc,311570,Bachelors,13,Widowed,Protective-serv,Own-child,White,Male,0,0,54,United-States,<=50K
36,Private,53224,HS-grad,9,Married-civ-spouse,Other-service,Own-child,Other,Female,0,0,45,United-States,<=50K
66,Private,337104,Bachelors,13,Divorced,Handlers-cleaners,Own-child,White,Female,8853,0,60,United-States,>50K
39,Private,38847,Assoc-voc,11,Divorced,Prof-specialty,Husband,Asian-Pac-Islander,Female,0,0,43,United-States,<=50K
67,Private,325490,HS-grad,9,Widowed,Handlers-cleaners,Wife,White,Female,0,0,46,United-States,<=50K
41,Private,152647,Assoc-voc,11,Divorced,Handlers-cleaners,Wife,White,Male,3148,0,33,Canada,>50K
18,Private,360278,Doctorate,16,Separated,Other-service,Unmarried,White,Male,5391,0,49,Mexico,<=50K
63,Private,105569,HS-grad,9,Never-married,Other-service,Husband,Other,Female,0,0,59,United-States,<=50K
62,Private,154142,Assoc-voc,11,Never-married,Craft-repair,Husband,White,Male,0,0,42,United-States,<=50K
68,Local-gov,452736,Masters,14,Never-married,Machine-op-inspct,Wife,White,Female,0,0,48,United-States,<=50K
24,Private,317045,Some-college,10,Married-civ-spouse,Tech-support,Own-child,Asian-Pac-Islander,Male,5862,0,31,United-States,<=50K
61,State-gov,465798,HS-grad,9,Separated,Craft-repair,Not-in-family,White,Male,0,0,24,United-States,<=50K
35,Private,385439,HS-grad,9,Widowed,Handlers-cleaners,Own-child,Asian-Pac-Islander,Male,4915,0,35,United-States,<=50K
61,Private,232149,Bachelors,13,Divorced,Protective-serv,Not-in-family,White,Male,0,0,21,United-States,>50K
68,Self-emp-not-inc,198651,HS-grad,9,Divorced,Exec-managerial,Not-in-family,White,Male,3672,0,60,United-States,<=50K
28,Private,189317,Some-college,10,Married-civ-spouse,Craft-repair,Wife,White,Male,0,0,45,United-States,<=50K
37,Private,247098,11th,7,Married-civ-spouse,Transportation,Husband,White,Male,0,0,50,United-States,<=50K
31,Local-gov,215808,Masters,14,Married-civ-spouse,Transportation,Other-relative,Black,Male,0,0,31,United-States,>50K
33,Federal-gov,82050,Masters,14,Never-married,Tech-support,Unmarried,White,Male,0,0,44,United-States,>50K
48,Private,420200,11th,7,Divorced,Machine-op-inspct,Husband,White,Female,0,0,24,Germany,<=50K
39,Self-emp-not-inc,132259,HS-grad,9,Married-civ-spouse,Sales,Unmarried,White,Male,5262,0,57,United-States,<=50K
52,Private,89483,HS-grad,9,Never-married,Protective-serv,Unmarried,White,Female,0,0,49,United-States,<=50K
53,Self-emp-inc,101941,Bachelors,13,Married-civ-spouse,Other-service,Other-relative,White,Male,0,0,32,United-States,<=50K
28,Private,92391,Some-college,10,Married-civ-spouse,Tech-support,Not-in-family,White,Female,4932,0,55,United-States,<=50K
20,Private,323927,HS-grad,9,Divorced,Machine-op-inspct,Own-child,White,Male,4436,0,42,United-States,<=50K
56,Private,154412,Masters,14,Divorced,Transportation,Not-in-family,White,Female,0,0,38,United-States,<=50K
27,Private,27763,HS-grad,9,Never-married,Protective-serv,Husband,White,Male,0,0,41,United-States,<=50K
28,Self-emp-not-inc,299760,Bachelors,13,Divorced,Craft-repair,Wife,White,Male,0,0,32,United-States,>50K
49,Private,229305,Bachelors,13,Never-married,Exec-managerial,Own-child,Asian-Pac-Islander,Male,0,0,36,United-States,<=50K
31,Private,361910,Bachelors,13,Married-civ-spouse,Prof-specialty,Not-in-family,Black,Male,0,0,25,United-States,<=50K
27,Private,107301,Some-college,10,Married-civ-spouse,Machine-op-inspct,Wife,Black,Male,0,0,23,United-States,<=50K
33,Private,495438,HS-grad,9,Divorced,Machine-op-inspct,Own-child,Black,Male,0,0,47,United-States,<=50K
45,State-gov,83237,Assoc-voc,11,Separated,Transportation,Other-relative,White,Female,0,0,45,United-States,<=50K
61,Private,39601,11th,7,Never-married,Protective-serv,Unmarried,Amer-Indian-Eskimo,Male,0,0,20,United-States,<=50K
69,Private,192015,Some-college,10,Married-civ-spouse,Handlers-cleaners,Other-relative,White,Female,0,0,35,United-States,<=50K
56,Private,191300,HS-grad,9,Divorced,Transportation,Husband,White,Male,0,0,47,United-States,<=50K
64,Private,456690,Bachelors,13,Widowed,Other-service,Not-in-family,Black,Male,0,0,25,India,<=50K
45,Private,167794,Some-college,10,Never-married,Machine-op-inspct,Own-child,Black,Male,0,0,59,Germany,<=50K
39,Self-emp-inc,315652,HS-grad,9,Never-married,Tech-support,Not-in-family,White,Male,0,0,33,Philippines,<=50K
60,Private,40241,HS-grad,9,Married-civ-spouse,Machine-op-inspct,Other-relative,Black,Male,0,0,35,United-States,<=50K
33,Local-gov,303824,HS-grad,9,Separated,Other-service,Wife,White,Male,0,2135,44,United-States,<=50K
60,Private,400101,Some-college,10,Never-married,Other-service,Not-in-family,White,Female,0,0,49,United-States,<=50K
69,Self-emp-not-inc,366964,HS-grad,9,Married-civ-spouse,Prof-specialty,Unmarried,Asian-Pac-Islander,Male,0,0,34,United-States,<=50K
38,Private,224433,Assoc-voc,11,Widowed,Sales,Not-in-family,White,Male,0,0,22,United-States,<=50K
50,Private,280621,Some-college,10,Married-civ-spouse,Protective-serv,Not-in-family,Black,Male,0,0,41,United-States,<=50K
58,Private,314796,Some-college,10,Married-civ-spouse,Prof-specialty,Unmarried,Black,Male,6562,0,33,United-States,<=50K
58,Private,227539,HS-grad,9,Widowed,Protective-serv,Husband,White,Male,0,0,29,United-States,<=50K
28,Private,237082,Assoc-voc,11,Married-civ-spouse,Prof-specialty,Own-child,Black,Male,0,0,38,Philippines,<=50K
68,Private,469112,HS-grad,9,Never-married,Other-service,Own-child,White,Male,1009,0,26,United-States,<=50K
44,Private,195737,HS-grad,9,Never-married,Protective-serv,Husband,Black,Male,0,0,46,Germany,<=50K
20,State-gov,461604,Bachelors,13,Married-civ-spouse,Handlers-cleaners,Own-child,White,Male,0,0,47,United-States,<=50K
24,Private,86037,Bachelors,13,Never-married,Prof-specialty,Unmarried,White,Male,0,0,32,United-States,<=50K
55,Private,248843,Doctorate,16,Never-married,Protective-serv,Other-relative,Asian-Pac-Islander,Female,0,0,36,United-States,>50K
40,Private,447661,Some-college,10,Never-married,Machine-op-inspct,Husband,White,Male,0,0,46,United-States,<=50K
23,Private,124652,Some-college,10,Married-civ-spouse,Tech-support,Unmarried,White,Male,8626,0,55,United-States,<=50K
45,Private,77315,HS-grad,9,Divorced,Craft-repair,Other-relative,White,Female,0,2420,49,United-States,<=50K
49,Private,327249,Bachelors,13,Married-civ-spouse,Prof-specialty,Unmarried,White,Female,0,0,56,United-States,>50K
22,Private,297682,Some-college,10,Divorced,Sales,Husband,White,Male,0,0,26,Philippines,<=50K
36,Self-emp-not-inc,245880,Some-college,10,Widowed,Protective-serv,Unmarried,White,Male,0,0,32,United-States,<=50K
42,Private,488549,HS-grad,9,Married-civ-spouse,Handlers-cleaners,Husband,White,Female,0,0,54,United-States,<=50K
58,Private,204743,11th,7,Married-civ-spouse,Machine-op-inspct,Husband,Asian-Pac-Islander,Male,0,0,28,United-States,<=50K
51,Self-emp-inc,157557,HS-grad,9,Never-married,Other-service,Own-child,White,Male,0,0,48,Philippines,<=50K
22,Private,204925,HS-grad,9,Married-civ-spouse,Sales,Other-relative,Asian-Pac-Islander,Male,0,0,23,United-States,<=50K
49,Private,249128,11th,7,Never-married,Craft-repair,Unmarried,White,Male,0,0,60,United-States,<=50K
64,Private,342449,Masters,14,Married-civ-spouse,Tech-support,Not-in-family,Amer-Indian-Eskimo,Male,0,0,32,United-States,<=50K
20,Self-emp-not-inc,377909,Bachelors,13,Widowed,Machine-op-inspct,Husband,Black,Male,0,0,51,United-States,<=50K
69,Private,209627,Bachelors,13,Married-civ-spouse,Protective-serv,Unmarried,White,Male,0,0,52,United-States,<=50K
22,Local-gov,143231,HS-grad,9,Never-married,Craft-repair,Wife,White,Female,0,0,51,United-States,<=50K
50,Private,317006,Doctorate,16,Divorced,Machine-op-inspct,Other-relative,Other,Female,0,0,30,United-States,<=50K
36,State-gov,128061,HS-grad,9,Widowed,Exec-managerial,Wife,Amer-Indian-Eskimo,Male,0,0,20,United-States,<=50K
56,Private,91447,11th,7,Divorced,Transportation,Not-in-family,White,Male,2241,0,60,United-States,<=50K
61,Self-emp-not-inc,73135,HS-grad,9,Never-married,Machine-op-inspct,Husband,Black,Male,0,0,37,United-States,<=50K
62,Private,142214,Bachelors,13,Married-civ-spouse,Other-service,Unmarried,Asian-Pac-Islander,Male,0,0,48,United-States,<=50K
63,Federal-gov,30885,Bachelors,13,Married-civ-spouse,Exec-managerial,Husband,White,Female,0,0,32,United-States,<=50K
60,Private,339315,HS-grad,9,Married-civ-spouse,Other-service,Unmarried,White,Female,0,0,60,United-States,<=50K
34,Local-gov,155687,Some-college,10,Married-civ-spouse,Handlers-cleaners,Unmarried,White,Male,0,0,51,Philippines,>50K
42,Self-emp-not-inc,56652,Masters,14,Divorced,Prof-specialty,Husband,White,Male,0,0,46,Mexico,>50K
55,Private,346001,HS-grad,9,Never-married,Transportation,Other-relative,Black,Female,6905,0,46,United-States,<=50K
26,Private,446718,10th,6,Widowed,Prof-specialty,Own-child,White,Male,0,0,22,United-States,<=50K
48,Private,56067,HS-grad,9,Never-married,Prof-specialty,Wife,White,Male,0,0,40,United-States,<=50K
45,State-gov,127190,Bachelors,13,Never-married,Craft-repair,Wife,White,Female,0,0,31,United-States,<=50K
69,Local-gov,388546,Bachelors,13,Divorced,Handlers-cleaners,Wife,White,Male,0,0,34,United-States,>50K
20,Private,402779,Some-college,10,Married-civ-spouse,Protective-serv,Unmarried,White,Male,0,0,42,Philippines,<=50K
22,Private,225111,Bachelors,13,Married-civ-spouse,Other-service,Husband,White,Female,0,0,24,United-States,<=50K
19,Private,249923,Masters,14,Never-married,Transportation,Own-child,White,Male,6596,0,51,India,<=50K
46,Private,285908,Bachelors,13,Never-married,Other-service,Own-child,White,Male,0,0,32,United-States,>50K
46,Private,270337,Bachelors,13,Never-married,Tech-support,Own-child,Black,Male,0,0,38,Canada,<=50K
48,Federal-gov,169848,Bachelors,13,Married-civ-spouse,Protective-serv,Wife,White,Male,0,0,44,United-States,<=50K
30,Private,409716,Some-college,10,Never-married,Machine-op-inspct,Not-in-family,White,Female,0,0,24,United-States,<=50K
33,Local-gov,336437,HS-grad,9,Widowed,Prof-specialty,Unmarried,White,Female,2722,0,32,United-States,<=50K
39,State-gov,254832,HS-grad,9,Divorced,Machine-op-inspct,Other-relative,White,Female,0,0,29,Germany,<=50K
20,Private,382907,Bachelors,13,Divorced,Other-service,Wife,White,Male,0,0,24,Germany,<=50K
57,Private,139713,11th,7,Divorced,Other-service,Unmarried,White,Female,0,0,48,Canada,<=50K
20,Private,60855,HS-grad,9,Married-civ-spouse,Sales,Own-child,White,Male,0,0,20,United-States,<=50K
52,Private,162458,Bachelors,13,Married-civ-spouse,Other-service,Wife,White,Male,0,0,26,United-States,<=50K
41,Self-emp-not-inc,446099,HS-grad,9,Separated,Other-service,Other-relative,White,Male,0,0,57,United-States,<=50K
69,Private,367160,Bachelors,13,Married-civ-spouse,Tech-support,Unmarried,White,Female,0,0,46,United-States,<=50K
54,Private,302355,Masters,14,Never-married,Other-service,Wife,Black,Male,0,0,29,United-States,<=50K
42,Local-gov,291836,Masters,14,Married-civ-spouse,Prof-specialty,Wife,White,Male,4562,0,50,United-States,<=50K
54,Private,331761,Masters,14,Never-married,Sales,Other-relative,White,Female,0,0,58,United-States,<=50K
24,Private,463141,Masters,14,Married-civ-spouse,Exec-managerial,Own-child,Amer-Indian-Eskimo,Male,0,0,35,United-States,<=50K
27,State-gov,272818,HS-grad,9,Widowed,Handlers-cleaners,Other-relative,White,Female,0,2710,20,United-States,<=50K
43,Private,176298,Some-college,10,Married-civ-spouse,Tech-support,Own-child,White,Male,0,0,40,United-States,<=50K
62,Private,64805,HS-grad,9,Never-married,Transportation,Husband,Black,Male,0,0,37,India,<=50K
60,Private,67143,11th,7,Never-married,Tech-support,Own-child,Amer-Indian-Eskimo,Male,0,0,29,Canada,<=50K
37,Private,233967,Masters,14,Married-civ-spouse,Prof-specialty,Unmarried,White,Female,0,0,40,United-States,<=50K
32,Private,331388,HS-grad,9,Never-married,Craft-repair,Unmarried,White,Male,0,0,34,United-States,<=50K
68,Self-emp-not-inc,104790,HS-grad,9,Married-civ-spouse,Exec-managerial,Own-child,White,Female,0,0,36,Germany,>50K
47,Private,96887,Some-college,10,Divorced,Transportation,Other-relative,White,Male,0,0,31,United-States,<=50K
24,Private,265219,10th,6,Married-civ-spouse,Tech-support,Husband,White,Female,0,0,24,United-States,<=50K
29,Private,90071,HS-grad,9,Married-civ-spouse,Prof-specialty,Wife,White,Male,0,0,34,United-States,<=50K
61,Private,452640,Bachelors,13,Married-civ-spouse,Exec-managerial,Other-relative,Amer-Indian-Eskimo,Male,0,0,55,United-States,>50K
64,State-gov,434099,Some-college,10,Never-married,Exec-managerial,Husband,White,Male,0,0,56,India,<=50K
65,Self-emp-inc,246180,Bachelors,13,Married-civ-spouse,Protective-serv,Other-relative,White,Male,0,0,57,United-States,>50K
18,Self-emp-not-inc,391009,Bachelors,13,Married-civ-spouse,Sales,Unmarried,White,Male,0,0,30,United-States,<=50K
60,Private,120384,HS-grad,9,Never-married,Machine-op-inspct,Husband,White,Male,0,0,50,United-States,<=50K
23,Private,88414,Masters,14,Married-civ-spouse,Other-service,Not-in-family,White,Male,0,0,20,United-States,<=50K
60,Federal-gov,262526,HS-grad,9,Married-civ-spouse,Sales,Own-child,White,Male,5141,0,24,United-States,<=50K
63,Local-gov,390132,Assoc-voc,11,Never-married,Exec-managerial,Not-in-family,White,Male,0,0,52,United-States,<=50K
36,Self-emp-not-inc,182107,HS-grad,9,Married-civ-spouse,Handlers-cleaners,Unmarried,White,Female,0,0,30,United-States,<=50K
28,Private,128134,Bachelors,13,Never-married,Prof-specialty,Husband,Black,Male,0,0,55,United-States,<=50K
55,Private,465789,Some-college,10,Married-civ-spouse,Transportation,Other-relative,Black,Male,0,1933,32,United-States,<=50K
21,Private,231996,Bachelors,13,Never-married,Craft-repair,Wife,White,Male,0,0,45,Germany,<=50K
48,Private,224546,HS-grad,9,Divorced,Tech-support,Not-in-family,White,Male,0,0,58,United-States,<=50K
35,Private,149142,Bachelors,13,Married-civ-spouse,Prof-specialty,Own-child,White,Male,0,0,42,United-States,<=50K
40,Private,402534,HS-grad,9,Never-married,Handlers-cleaners,Not-in-family,White,Male,0,0,52,United-States,<=50K
60,Private,124348,Some-college,10,Never-married,Other-service,Other-relative,White,Female,0,0,59,India,<=50K
69,Private,251262,Assoc-voc,11,Widowed,Other-service,Not-in-family,White,Female,0,0,37,Germany,<=50K
38,Private,60791,Some-college,10,Married-civ-spouse,Craft-repair,Own-child,Black,Male,0,0,39,United-States,<=50K
33,Private,133321,Some-college,10,Married-civ-spouse,Handlers-cleaners,Not-in-family,Other,Female,0,0,40,United-States,<=50K
61,Private,484775,Bachelors,13,Divorced,Tech-support,Not-in-family,White,Female,0,0,48,United-States,<=50K
39,Private,338361,Some-college,10,Married-civ-spouse,Protective-serv,Husband,White,Female,0,0,52,United-States,<=50K
28,State-gov,136568,Assoc-voc,11,Married-civ-spouse,Sales,Not-in-family,White,Male,0,0,28,Canada,<=50K
64,Private,29058,Some-college,10,Married-civ-spouse,Exec-managerial,Own-child,White,Female,0,0,22,United-States,<=50K
69,Local-gov,178493,11th,7,Divorced,Machine-op-inspct,Husband,Black,Male,0,0,37,United-States,<=50K
33,Private,411902,Assoc-voc,11,Married-civ-spouse,Exec-managerial,Not-in-family,White,Male,0,0,36,United-States,<=50K
26,Private,333905,Some-college,10,Widowed,Tech-support,Not-in-family,Asian-Pac-Islander,Male,0,0,42,United-States,<=50K
25,Private,448176,Some-college,10,Married-civ-spouse,Prof-specialty,Other-relative,White,Female,0,0,22,United-States,<=50K
49,Self-emp-not-inc,368164,Bachelors,13,Divorced,Tech-support,Own-child,White,Female,0,0,26,United-States,<=50K
34,Local-gov,282869,Masters,14,Never-married,Transportation,Other-relative,White,Male,0,0,57,Germany,<=50K
50,Private,485178,HS-grad,9,Married-civ-spouse,Handlers-cleaners,Wife,White,Male,0,0,43,United-States,<=50K
57,Self-emp-not-inc,138827,HS-grad,9,Never-married,Transportation,Not-in-family,White,Male,0,0,38,United-States,<=50K
18,Local-gov,91759,HS-grad,9,Separated,Exec-managerial,Unmarried,Black,Male,0,0,45,United-States,<=50K
62,Self-emp-inc,103674,Masters,14,Never-married,Exec-managerial,Not-in-family,White,Male,0,0,27,United-States,>50K
19,Private,308832,Masters,14,Married-civ-spouse,Prof-specialty,Other-relative,White,Female,0,0,32,United-States,<=50K
23,Private,366309,HS-grad,9,Never-married,Transportation,Own-child,White,Female,0,0,60,United-States,<=50K
55,Local-gov,359270,Bachelors,13,Never-married,Machine-op-inspct,Other-relative,Other,Female,0,0,28,United-States,<=50K
50,Self-emp-not-inc,122920,Masters,14,Never-married,Exec-managerial,Unmarried,Other,Male,0,0,55,United-States,<=50K
68,State-gov,364401,11th,7,Divorced,Transportation,Unmarried,White,Male,0,0,26,United-States,<=50K
47,Private,265287,HS-grad,9,Never-married,Exec-managerial,Unmarried,Black,Female,838,0,40,United-States,<=50K
39,Self-emp-inc,497876,HS-grad,9,Divorced,Machine-op-inspct,Wife,Black,Male,0,0,53,United-States,<=50K
52,Federal-gov,434206,Some-college,10,Divorced,Other-service,Unmarried,Black,Male,0,0,57,United-States,<=50K
57,Local-gov,83506,Bachelors,13,Widowed,Exec-managerial,Own-child,White,Male,3308,0,27,India,<=50K
52,Self-emp-not-inc,386752,HS-grad,9,Married-civ-spouse,Transportation,Unmarried,Other,Female,0,0,27,United-States,<=50K
37,Private,68558,HS-grad,9,Married-civ-spouse,Other-service,Husband,Black,Male,0,0,36,United-States,<=50K
67,Self-emp-not-inc,27049,Masters,14,Married-civ-spouse,Protective-serv,Unmarried,White,Female,0,0,51,United-States,>50K
33,Private,108279,Bachelors,13,Never-married,Other-service,Wife,White,Male,0,0,24,United-States,<=50K
36,Private,357688,HS-grad,9,Married-civ-spouse,Exec-managerial,Wife,White,Male,0,0,51,United-States,<=50K
32,Private,446198,Some-college,10,Divorced,Sales,Not-in-family,White,Male,0,0,41,United-States,<=50K
33,Local-gov,25733,HS-grad,9,Never-married,Protective-serv,Not-in-family,Black,Male,0,0,44,United-States,<=50K
29,Private,487576,Some-college,10,Never-married,Machine-op-inspct,Husband,Black,Female,0,0,48,United-States,<=50K
48,Private,175564,Some-college,10,Married-civ-spouse,Transportation,Not-in-family,Amer-Indian-Eskimo,Male,0,0,36,United-States,<=50K
55,Private,152983,HS-grad,9,Divorced,Sales,Other-relative,White,Male,0,0,35,United-States,<=50K
40,State-gov,199678,HS-grad,9,Never-married,Craft-repair,Own-child,Asian-Pac-Islander,Male,0,0,31,United-States,<=50K
65,Private,39499,Assoc-voc,11,Divorced,Handlers-cleaners,Not-in-family,Asian-Pac-Islander,Male,6013,0,22,United-States,>50K
42,Private,246541,Assoc-voc,11,Married-civ-spouse,Sales,Unmarried,White,Male,0,2517,46,United-States,<=50K
42,Private,360764,HS-grad,9,Married-civ-spouse,Protective-serv,Wife,White,Male,0,0,48,United-States,<=50K
21,Private,334312,Bachelors,13,Widowed,Sales,Wife,Black,Female,0,1667,33,United-States,<=50K
64,Private,358272,HS-grad,9,Married-civ-spouse,Transportation,Unmarried,White,Male,0,0,60,United-States,<=50K
25,Federal-gov,495700,Assoc-voc,11,Married-civ-spouse,Tech-support,Husband,White,Female,0,0,25,Germany,<=50K
26,Private,272890,Assoc-voc,11,Separated,Tech-support,Wife,Black,Female,0,0,55,United-States,<=50K
66,Private,104979,Bachelors,13,Never-married,Sales,Wife,White,Female,0,0,54,United-States,<=50K
45,Local-gov,157062,Bachelors,13,Never-married,Exec-managerial,Other-relative,White,Female,0,0,22,Germany,<=50K
21,Private,342188,Some-college,10,Widowed,Machine-op-inspct,Husband,Amer-Indian-Eskimo,Female,0,0,52,United-States,<=50K
40,Private,335280,HS-grad,9,Married-civ-spouse,Exec-managerial,Own-child,White,Male,0,0,26,United-States,<=50K
48,Private,107136,Some-college,10,Widowed,Other-service,Own-child,White,Male,0,0,32,United-States,<=50K
18,Private,358602,HS-grad,9,Divorced,Tech-support,Husband,White,Male,0,0,47,Mexico,<=50K
57,Private,179557,Bachelors,13,Married-civ-spouse,Transportation,Husband,White,Male,0,0,20,United-States,<=50K
52,State-gov,74168,Some-college,10,Married-civ-spouse,Prof-specialty,Own-child,White,Male,0,0,29,United-States,<=50K
18,Federal-gov,410781,HS-grad,9,Married-civ-spouse,Handlers-cleaners,Husband,White,Male,0,0,29,United-States,<=50K
50,Self-emp-inc,167546,Bachelors,13,Never-married,Sales,Unmarried,White,Male,0,2509,21,United-States,<=50K
29,Private,54405,Doctorate,16,Married-civ-spouse,Other-service,Own-child,Black,Male,0,0,43,United-States,<=50K
56,Private,479439,Bachelors,13,Divorced,Other-service,Husband,White,Female,0,0,47,United-States,<=50K
37,Federal-gov,29553,Some-college,10,Widowed,Exec-managerial,Not-in-family,White,Male,0,0,48,United-States,<=50K
28,Private,121627,Assoc-voc,11,Widowed,Craft-repair,Other-relative,White,Male,0,0,50,United-States,<=50K
44,Private,192967,HS-grad,9,Widowed,Craft-repair,Not-in-family,White,Male,0,0,36,United-States,<=50K
41,Private,285776,Bachelors,13,Never-married,Machine-op-inspct,Not-in-family,White,Male,0,0,35,United-States,<=50K
35,Private,231055,Some-college,10,Married-civ-spouse,Protective-serv,Husband,White,Male,0,0,55,United-States,<=50K
63,Private,165846,HS-grad,9,Never-married,Prof-specialty,Other-relative,Black,Male,0,0,21,United-States,<=50K
51,Private,217672,10th,6,Married-civ-spouse,Exec-managerial,Unmarried,Black,Female,0,0,30,United-States,<=50K
43,Private,400330,Some-college,10,Widowed,Exec-managerial,Own-child,White,Female,0,0,33,United-States,<=50K
29,Private,301603,Some-college,10,Divorced,Prof-specialty,Husband,Black,Male,0,748,58,United-States,<=50K
47,Private,236946,HS-grad,9,Divorced,Other-service,Wife,White,Male,0,0,27,United-States,>50K
19,Private,372713,10th,6,Married-civ-spouse,Machine-op-inspct,Not-in-family,White,Female,0,0,46,Philippines,<=50K
64,Private,252435,Assoc-voc,11,Married-civ-spouse,Tech-support,Not-in-family,Asian-Pac-Islander,Male,0,0,33,United-States,<=50K
18,Private,328526,HS-grad,9,Never-married,Machine-op-inspct,Unmarried,White,Male,0,0,50,United-States,<=50K
54,Private,330772,Bachelors,13,Married-civ-spouse,Machine-op-inspct,Own-child,White,Male,0,0,35,United-States,<=50K
35,Private,374370,HS-grad,9,Never-married,Prof-specialty,Unmarried,White,Male,0,0,42,United-States,<=50K
55,Private,177318,Masters,14,Divorced,Other-service,Wife,Asian-Pac-Islander,Female,0,0,25,Canada,<=50K
36,Private,269584,Some-college,10,Married-civ-spouse,Transportation,Not-in-family,White,Female,0,0,60,United-States,<=50K
19,Private,125007,HS-grad,9,Married-civ-spouse,Transportation,Not-in-family,White,Female,0,0,23,Canada,<=50K
67,Private,232069,Bachelors,13,Divorced,Handlers-cleaners,Wife,White,Female,9663,0,26,United-States,<=50K
57,Federal-gov,22478,11th,7,Never-married,Tech-support,Own-child,White,Female,0,0,37,United-States,<=50K
20,Private,82836,Some-college,10,Married-civ-spouse,Protective-serv,Other-relative,White,Female,0,0,38,India,<=50K
19,Private,174888,HS-grad,9,Divorced,Tech-support,Not-in-family,White,Male,0,0,39,United-States,<=50K
45,Private,493108,11th,7,Widowed,Tech-support,Not-in-family,White,Male,0,0,30,Philippines,<=50K
67,Federal-gov,359258,HS-grad,9,Never-married,Tech-support,Not-in-family,White,Female,0,0,29,Canada,<=50K
48,Private,335221,Some-college,10,Married-civ-spouse,Machine-op-inspct,Other-relative,White,Male,0,0,31,United-States,<=50K
18,State-gov,404820,Bachelors,13,Married-civ-spouse,Machine-op-inspct,Unmarried,White,Male,0,0,39,Mexico,<=50K
54,Private,130495,HS-grad,9,Never-married,Transportation,Own-child,White,Male,0,0,53,Canada,<=50K
40,Private,493673,HS-grad,9,Never-married,Protective-serv,Own-child,White,Male,0,0,25,United-States,<=50K
51,Private,349933,HS-grad,9,Married-civ-spouse,Prof-specialty,Unmarried,White,Male,4254,0,43,Mexico,<=50K
36,Private,220638,HS-grad,9,Married-civ-spouse,Craft-repair,Own-child,Other,Male,0,2775,36,United-States,<=50K
18,Private,278070,Some-college,10,Married-civ-spouse,Machine-op-inspct,Unmarried,White,Female,0,0,24,United-States,<=50K
18,Private,183960,Assoc-voc,11,Never-married,Handlers-cleaners,Unmarried,White,Male,0,0,36,United-States,<=50K
50,Private,213885,HS-grad,9,Never-married,Sales,Other-relative,Black,Male,0,0,58,Canada,<=50K
51,Private,460394,Bachelors,13,Married-civ-spouse,Protective-serv,Other-relative,White,Male,0,0,26,United-States,>50K
34,Self-emp-inc,315244,Some-college,10,Never-married,Prof-specialty,Unmarried,Black,Male,0,0,25,United-States,<=50K
22,Local-gov,269144,HS-grad,9,Never-married,Prof-specialty,Wife,White,Female,0,1439,59,United-States,<=50K
58,Private,126907,Bachelors,13,Never-married,Machine-op-inspct,Own-child,White,Female,0,0,49,United-States,<=50K
25,Local-gov,407184,HS-grad,9,Married-civ-spouse,Other-service,Not-in-family,Other,Male,0,0,36,United-States,<=50K
27,Federal-gov,486392,Bachelors,13,Married-civ-spouse,Transportation,Wife,White,Male,0,0,47,India,<=50K
41,Local-gov,406224,Some-college,10,Divorced,Handlers-cleaners,Not-in-family,Black,Male,0,0,45,United-States,<=50K
55,Self-emp-not-inc,230143,Bachelors,13,Married-civ-spouse,Craft-repair,Not-in-family,White,Female,0,943,53,Philippines,>50K
69,Private,444580,11th,7,Never-married,Prof-specialty,Not-in-family,White,Male,0,0,35,United-States,<=50K
50,Local-gov,294418,HS-grad,9,Never-married,Tech-support,Not-in-family,White,Male,0,0,46,United-States,<=50K
67,Private,199440,11th,7,Divorced,Sales,Husband,White,Male,0,0,26,United-States,<=50K
51,Self-emp-not-inc,69377,HS-grad,9,Never-married,Sales,Own-child,Black,Female,0,0,35,United-States,<=50K
62,Private,305686,HS-grad,9,Never-married,Protective-serv,Unmarried,White,Male,0,0,26,United-States,<=50K
27,Private,442173,HS-grad,9,Never-married,Sales,Wife,White,Male,0,0,28,Mexico,<=50K
20,Private,494338,Assoc-voc,11,Divorced,Sales,Own-child,White,Male,0,0,51,India,<=50K
52,Private,346593,Bachelors,13,Married-civ-spouse,Machine-op-inspct,Not-in-family,White,Female,0,0,42,United-States,<=50K
68,Private,165258,10th,6,Married-civ-spouse,Machine-op-inspct,Not-in-family,White,Male,6796,0,24,Philippines,<=50K
56,Local-gov,67710,Bachelors,13,Never-married,Tech-support,Wife,White,Male,0,0,21,India,<=50K
35,Private,348726,Some-college,10,Divorced,Sales,Husband,White,Male,0,0,59,United-States,<=50K
43,Private,225277,Assoc-voc,11,Never-married,Machine-op-inspct,Other-relative,White,Male,0,0,41,United-States,<=50K
23,Private,223316,11th,7,Married-civ-spouse,Craft-repair,Not-in-family,Amer-Indian-Eskimo,Male,0,0,34,United-States,<=50K
35,Private,145156,Doctorate,16,Divorced,Prof-specialty,Unmarried,White,Male,0,0,27,United-States,<=50K
53,Private,57332,Bachelors,13,Never-married,Exec-managerial,Unmarried,White,Female,0,742,29,United-States,<=50K
26,Self-emp-not-inc,252336,Assoc-voc,11,Married-civ-spouse,Protective-serv,Husband,White,Female,0,0,46,United-States,<=50K
43,State-gov,206159,HS-grad,9,Married-civ-spouse,Protective-serv,Own-child,White,Male,0,0,23,Germany,<=50K
33,Private,219863,Assoc-voc,11,Married-civ-spouse,Prof-specialty,Other-relative,White,Male,0,0,36,Mexico,<=50K
43,Private,72135,10th,6,Married-civ-spouse,Exec-managerial,Wife,White,Female,0,0,52,United-States,<=50K
57,Self-emp-inc,392824,Bachelors,13,Married-civ-spouse,Machine-op-inspct,Wife,White,Male,0,0,51,United-States,<=50K
64,Private,314959,HS-grad,9,Married-civ-spouse,Sales,Husband,White,Male,0,0,36,United-States,<=50K
39,Self-emp-not-inc,292532,HS-grad,9,Married-civ-spouse,Exec-managerial,Not-in-family,White,Male,0,0,44,Canada,<=50K
61,Private,46802,11th,7,Married-civ-spouse,Exec-managerial,Own-child,Asian-Pac-Islander,Male,0,0,47,United-States,<=50K
54,Local-gov,231792,Assoc-voc,11,Never-married,Sales,Unmarried,Black,Male,0,0,40,United-States,<=50K
65,Private,189162,Masters,14,Never-married,Protective-serv,Unmarried,White,Male,0,0,48,Philippines,<=50K
56,State-gov,103574,11th,7,Married-civ-spouse,Protective-serv,Husband,White,Male,0,0,46,United-States,<=50K
46,State-gov,465564,Some-college,10,Married-civ-spouse,Transportation,Unmarried,White,Female,0,0,33,United-States,<=50K
53,Private,473800,Assoc-voc,11,Married-civ-spouse,Exec-managerial,Husband,White,Male,0,0,29,United-States,<=50K
34,Private,467110,HS-grad,9,Married-civ-spouse,Machine-op-inspct,Other-relative,White,Male,0,0,30,United-States,<=50K
53,Private,165565,HS-grad,9,Widowed,Sales,Unmarried,Black,Male,0,0,57,United-States,<=50K
54,Private,102990,Some-college,10,Married-civ-spouse,Handlers-cleaners,Own-child,White,Female,0,0,24,Philippines,<=50K
49,State-gov,49802,Some-college,10,Married-civ-spouse,Handlers-cleaners,Husband,White,Male,0,0,22,United-States,<=50K
23,Private,280175,Some-college,10,Never-married,Prof-specialty,Husband,White,Female,2972,0,50,United-States,>50K
44,Private,162358,Doctorate,16,Married-civ-spouse,Machine-op-inspct,Own-child,White,Male,0,0,34,United-States,>50K
54,Private,456250,HS-grad,9,Married-civ-spouse,Prof-specialty,Unmarried,White,Male,0,0,52,United-States,<=50K
28,Private,108105,Masters,14,Divorced,Craft-repair,Own-child,White,Female,0,0,22,United-States,<=50K
58,Local-gov,471451,HS-grad,9,Widowed,Handlers-cleaners,Own-child,White,Female,0,0,53,United-States,<=50K
61,Private,196209,Assoc-voc,11,Never-married,Machine-op-inspct,Husband,White,Male,0,0,44,United-States,<=50K
46,Private,444611,HS-grad,9,Separated,Exec-managerial,Not-in-family,Asian-Pac-Islander,Male,0,0,20,United-States,<=50K
68,Private,412269,Masters,14,Married-civ-spouse,Other-service,Wife,Black,Male,0,1725,35,United-States,>50K
62,Self-emp-not-inc,348770,Bachelors,13,Married-civ-spouse,Protective-serv,Other-relative,White,Male,0,0,21,United-States,<=50K
42,Private,201540,Some-college,10,Married-civ-spouse,Exec-managerial,Other-relative,White,Male,0,0,22,United-States,<=50K
63,Private,374833,HS-grad,9,Married-civ-spouse,Transportation,Other-relative,White,Female,0,0,22,United-States,<=50K
66,Private,240105,HS-grad,9,Divorced,Other-service,Not-in-family,White,Male,0,0,47,United-States,<=50K
23,State-gov,483848,Some-college,10,Never-married,Prof-specialty,Not-in-family,White,Female,0,0,40,Philippines,<=50K
69,Self-emp-not-inc,401701,HS-grad,9,Married-civ-spouse,Craft-repair,Own-child,White,Male,0,1326,59,United-States,<=50K
18,Self-emp-not-inc,290927,HS-grad,9,Never-married,Machine-op-inspct,Other-relative,Black,Female,0,0,48,United-States,<=50K
43,Private,264143,Masters,14,Never-married,Sales,Other-relative,White,Female,7910,109,24,United-States,<=50K
66,Private,54119,HS-grad,9,Married-civ-spouse,Craft-repair,Wife,White,Female,0,0,56,United-States,<=50K
55,Private,367963,HS-grad,9,Married-civ-spouse,Prof-specialty,Wife,Asian-Pac-Islander,Male,0,0,29,United-States,<=50K
31,Private,408375,Some-college,10,Divorced,Prof-specialty,Other-relative,White,Male,0,0,33,United-States,<=50K
51,Self-emp-not-inc,251638,Some-college,10,Married-civ-spouse,Sales,Own-child,White,Male,0,0,31,United-States,<=50K
29,Private,231362,Some-college,10,Married-civ-spouse,Handlers-cleaners,Wife,Other,Male,0,0,36,United-States,<=50K
30,Private,185503,Bachelors,13,Widowed,Tech-support,Unmarried,White,Female,1510,0,47,United-States,>50K
65,Private,276189,Bachelors,13,Married-civ-spouse,Sales,Unmarried,White,Male,0,0,27,United-States,>50K
20,Private,261505,Some-college,10,Married-civ-spouse,Other-service,Other-relative,White,Male,0,0,35,Philippines,<=50K
68,Self-emp-not-inc,425789,Some-college,10,Divorced,Handlers-cleaners,Own-child,White,Male,0,0,55,United-States,<=50K
41,State-gov,489675,HS-grad,9,Married-civ-spouse,Other-service,Not-in-family,Black,Female,0,0,50,Philippines,<=50K
21,Private,163730,Bachelors,13,Married-civ-spouse,Other-service,Unmarried,White,Male,0,0,32,United-States,<=50K
58,Private,71758,Some-college,10,Married-civ-spouse,Prof-specialty,Not-in-family,White,Female,0,0,38,United-States,<=50K
20,Self-emp-not-inc,270209,Assoc-voc,11,Married-civ-spouse,Other-service,Other-relative,Amer-Indian-Eskimo,Female,9719,378,47,United-States,<=50K
34,Private,445228,Bachelors,13,Married-civ-spouse,Other-service,Unmarried,White,Male,0,0,20,India,<=50K
30,Private,125927,Bachelors,13,Married-civ-spouse,Other-service,Other-relative,Black,Female,0,0,51,United-States,<=50K
58,Private,320332,Some-college,10,Married-civ-spouse,Prof-specialty,Not-in-family,White,Male,0,0,27,United-States,<=50K
38,State-gov,52776,11th,7,Never-married,Machine-op-inspct,Own-child,White,Male,0,0,36,Germany,<=50K
52,Private,484675,Some-college,10,Never-married,Exec-managerial,Own-child,Amer-Indian-Eskimo,Male,0,0,33,United-States,<=50K
21,Private,87089,Some-college,10,Married-civ-spouse,Transportation,Other-relative,White,Female,0,0,24,United-States,<=50K
54,Private,139887,Assoc-voc,11,Never-married,Other-service,Own-child,White,Male,0,0,46,United-States,<=50K
54,Private,143712,Bachelors,13,Married-civ-spouse,Transportation,Wife,White,Male,0,0,33,United-States,<=50K
32,Private,203135,Some-college,10,Never-married,Machine-op-inspct,Wife,White,Male,0,0,47,United-States,<=50K
63,State-gov,393068,HS-grad,9,Never-married,Tech-support,Not-in-family,White,Male,0,0,33,United-States,<=50K
42,Private,72612,HS-grad,9,Divorced,Protective-serv,Unmarried,White,Male,0,0,46,United-States,<=50K
52,Local-gov,87180,Doctorate,16,Married-civ-spouse,Handlers-cleaners,Own-child,White,Male,0,0,59,United-States,<=50K
27,Private,45172,HS-grad,9,Divorced,Protective-serv,Not-in-family,White,Male,0,758,22,United-States,<=50K
66,Private,62234,HS-grad,9,Never-married,Other-service,Wife,White,Male,0,0,22,United-States,<=50K
30,Self-emp-not-inc,242982,HS-grad,9,Never-married,Exec-managerial,Own-child,White,Male,0,0,35,United-States,<=50K
50,Private,112086,10th,6,Never-married,Transportation,Own-child,White,Female,0,0,52,United-States,<=50K
22,Private,63009,Bachelors,13,Never-married,Sales,Own-child,White,Male,0,0,46,United-States,>50K
20,Self-emp-not-inc,355742,Some-college,10,Never-married,Exec-managerial,Unmarried,White,Female,0,0,59,United-States,<=50K
24,Private,309237,11th,7,Married-civ-spouse,Prof-specialty,Unmarried,Other,Male,0,0,46,Philippines,<=50K
67,Private,48560,Some-college,10,Never-married,Transportation,Wife,Black,Male,0,0,55,India,<=50K
28,Self-emp-not-inc,290643,Doctorate,16,Divorced,Handlers-cleaners,Own-child,Amer-Indian-Eskimo,Female,0,0,43,United-States,>50K
63,Private,196486,Masters,14,Married-civ-spouse,Machine-op-inspct,Husband,Black,Female,0,0,28,United-States,>50K
48,Private,473755,Some-college,10,Never-married,Exec-managerial,Other-relative,White,Male,0,0,37,United-States,<=50K
22,Private,361408,Masters,14,Divorced,Exec-managerial,Other-relative,White,Male,0,0,46,United-States,<=50K
40,Private,457493,10th,6,Married-civ-spouse,Protective-serv,Unmarried,Black,Male,0,1092,20,United-States,<=50K
42,Private,339438,HS-grad,9,Married-civ-spouse,Tech-support,Not-in-family,Black,Male,0,0,35,United-States,<=50K
31,Private,161579,HS-grad,9,Married-civ-spouse,Exec-managerial,Unmarried,White,Female,0,0,42,Germany,<=50K
49,Private,222500,Assoc-voc,11,Married-civ-spouse,Sales,Husband,White,Male,0,0,37,United-States,<=50K
62,Self-emp-inc,463636,Some-college,10,Married-civ-spouse,Handlers-cleaners,Own-child,White,Male,0,0,30,United-States,<=50K
63,Private,369208,Bachelors,13,Separated,Transportation,Own-child,White,Male,0,0,37,United-States,<=50K
45,Private,46185,HS-grad,9,Married-civ-spouse,Other-service,Other-relative,Other,Male,0,0,34,United-States,<=50K
64,Federal-gov,120914,Assoc-voc,11,Married-civ-spouse,Protective-serv,Wife,White,Male,0,0,50,Germany,<=50K
66,Self-emp-not-inc,371795,Masters,14,Divorced,Exec-managerial,Wife,White,Female,0,0,44,United-States,>50K
22,Self-emp-inc,226819,11th,7,Married-civ-spouse,Transportation,Husband,White,Male,0,0,57,United-States,<=50K
51,Private,298609,Some-college,10,Widowed,Exec-managerial,Unmarried,White,Female,5874,0,39,United-States,<=50K
58,Private,240233,10th,6,Divorced,Protective-serv,Own-child,White,Male,1830,0,46,United-States,<=50K
18,State-gov,190411,Some-college,10,Married-civ-spouse,Machine-op-inspct,Husband,White,Male,0,0,37,United-States,<=50K
49,Private,186723,Bachelors,13,Married-civ-spouse,Transportation,Wife,White,Male,0,0,50,United-States,<=50K
65,Private,414337,Bachelors,13,Married-civ-spouse,Machine-op-inspct,Not-in-family,Asian-Pac-Islander,Male,0,0,36,United-States,<=50K
31,Private,238737,Some-college,10,Never-married,Other-service,Own-child,White,Male,0,531,51,United-States,<=50K
62,Local-gov,189639,Bachelors,13,Married-civ-spouse,Machine-op-inspct,Not-in-family,White,Female,0,0,51,United-States,>50K
66,Private,463669,HS-grad,9,Never-married,Sales,Husband,White,Male,0,0,29,United-States,<=50K
51,Private,274581,Some-college,10,Married-civ-spouse,Machine-op-inspct,Unmarried,White,Female,0,0,40,United-States,<=50K
50,Private,363784,Bachelors,13,Married-civ-spouse,Handlers-cleaners,Other-relative,White,Male,0,0,52,United-States,<=50K
45,State-gov,348952,HS-grad,9,Separated,Exec-managerial,Wife,White,Male,0,0,45,United-States,<=50K
39,Private,147446,Bachelors,13,Never-married,Transportation,Own-child,White,Male,0,0,46,United-States,>50K
41,Private,148528,HS-grad,9,Married-civ-spouse,Craft-repair,Husband,Black,Male,0,0,23,United-States,<=50K
45,State-gov,265721,HS-grad,9,Married-civ-spouse,Exec-managerial,Husband,White,Male,0,0,56,United-States,<=50K
43,Private,75894,Bachelors,13,Married-civ-spouse,Transportation,Unmarried,White,Female,0,0,45,Philippines,<=50K
60,Private,172356,HS-grad,9,Never-married,Machine-op-inspct,Husband,White,Male,0,0,23,United-States,<=50K
57,Private,353552,10th,6,Married-civ-spouse,Sales,Own-child,White,Female,0,0,22,India,<=50K
36,Private,123101,10th,6,Married-civ-spouse,Prof-specialty,Unmarried,Other,Female,0,0,29,United-States,<=50K
44,Private,109140,Some-college,10,Never-married,Craft-repair,Wife,White,Male,0,0,51,United-States,<=50K
29,Private,474372,Some-college,10,Married-civ-spouse,Transportation,Other-relative,White,Male,0,0,47,United-States,<=50K
27,Private,121871,HS-grad,9,Never-married,Craft-repair,Husband,Other,Male,0,0,20,Philippines,<=50K
37,Self-emp-inc,310955,Masters,14,Married-civ-spouse,Prof-specialty,Unmarried,White,Male,0,0,32,United-States,>50K
21,Private,115997,HS-grad,9,Separated,Exec-managerial,Unmarried,White,Female,0,0,50,United-States,<=50K
62,Private,451039,11th,7,Never-married,Protective-serv,Unmarried,White,Male,0,0,29,United-States,<=50K
24,Self-emp-not-inc,378745,10th,6,Never-married,Exec-managerial,Not-in-family,White,Male,0,0,41,United-States,<=50K
34,State-gov,364914,HS-grad,9,Separated,Tech-support,Unmarried,Other,Male,0,0,51,Philippines,<=50K
31,Private,171006,Bachelors,13,Never-married,Protective-serv,Other-relative,Other,Male,0,0,48,United-States,<=50K
28,Private,325440,Some-college,10,Married-civ-spouse,Transportation,Own-child,Other,Male,0,0,59,United-States,<=50K
37,Private,375482,Bachelors,13,Married-civ-spouse,Protective-serv,Unmarried,Black,Female,0,0,30,Philippines,<=50K
55,Local-gov,325399,HS-grad,9,Married-civ-spouse,Tech-support,Wife,White,Male,0,0,41,United-States,<=50K
64,Federal-gov,292385,Masters,14,Married-civ-spouse,Craft-repair,Unmarried,White,Male,0,0,41,United-States,>50K
27,Private,276501,HS-grad,9,Married-civ-spouse,Other-service,Unmarried,White,Male,0,0,37,United-States,<=50K
30,Private,263410,Assoc-voc,11,Widowed,Other-service,Own-child,Black,Male,0,0,54,United-States,<=50K
42,Private,298223,Some-college,10,Married-civ-spouse,Craft-repair,Wife,White,Male,0,0,34,Canada,<=50K
34,Private,453973,Bachelors,13,Married-civ-spouse,Transportation,Husband,White,Male,0,0,28,United-States,<=50K
59,Private,134453,11th,7,Widowed,Machine-op-inspct,Not-in-family,White,Male,0,0,20,United-States,<=50K
29,Private,297435,Masters,14,Never-married,Machine-op-inspct,Other-relative,White,Male,0,0,21,United-States,<=50K
38,Private,412676,Bachelors,13,Widowed,Handlers-cleaners,Not-in-family,Black,Male,0,909,23,Germany,<=50K
46,Self-emp-not-inc,133584,Some-college,10,Widowed,Transportation,Not-in-family,Other,Male,1728,0,50,Germany,<=50K
37,State-gov,71356,Some-college,10,Widowed,Craft-repair,Husband,White,Male,0,0,43,United-States,<=50K
50,Private,492126,Some-college,10,Never-married,Tech-support,Husband,White,Male,3514,0,48,United-States,<=50K
59,Local-gov,395131,11th,7,Married-civ-spouse,Machine-op-inspct,Wife,Asian-Pac-Islander,Male,0,0,29,United-States,<=50K
45,Private,168915,HS-grad,9,Divorced,Handlers-cleaners,Unmarried,White,Female,1052,0,26,United-States,<=50K
41,Private,50338,Some-college,10,Never-married,Machine-op-inspct,Not-in-family,White,Male,0,1146,51,India,<=50K
67,Local-gov,247451,Masters,14,Married-civ-spouse,Transportation,Own-child,Amer-Indian-Eskimo,Male,0,0,34,United-States,>50K
69,Private,359204,Some-college,10,Never-married,Protective-serv,Not-in-family,White,Female,0,0,51,United-States,<=50K
69,Private,200775,Assoc-voc,11,Never-married,Exec-managerial,Own-child,White,Female,0,0,37,Philippines,<=50K
18,Private,367923,HS-grad,9,Divorced,Craft-repair,Husband,White,Female,0,0,25,United-States,<=50K
61,Federal-gov,374812,HS-grad,9,Widowed,Protective-serv,Not-in-family,White,Male,0,0,21,United-States,<=50K
64,Private,156593,Bachelors,13,Never-married,Other-service,Other-relative,White,Male,0,0,23,Germany,<=50K
59,Private,242883,Some-college,10,Never-married,Other-service,Unmarried,White,Female,0,0,35,United-States,<=50K
56,Private,396729,11th,7,Married-civ-spouse,Transportation,Own-child,White,Male,0,0,32,United-States,<=50K
37,Private,188029,Some-college,10,Never-married,Protective-serv,Wife,White,Female,0,0,23,United-States,<=50K
55,Private,193095,HS-grad,9,Married-civ-spouse,Exec-managerial,Unmarried,Amer-Indian-Eskimo,Male,0,0,29,India,<=50K
48,Federal-gov,330710,Some-college,10,Married-civ-spouse,Machine-op-inspct,Own-child,White,Male,0,0,60,United-States,<=50K
61,Private,210336,Some-college,10,Married-civ-spouse,Machine-op-inspct,Husband,White,Male,0,0,45,United-States,<=50K
36,Private,256293,Bachelors,13,Married-civ-spouse,Exec-managerial,Not-in-family,White,Male,0,0,60,United-States,<=50K
56,Private,303399,HS-grad,9,Never-married,Handlers-cleaners,Husband,White,Male,0,0,40,United-States,<=50K
58,Local-gov,28423,Bachelors,13,Never-married,Tech-support,Unmarried,White,Female,0,0,43,United-States,<=50K
61,Private,351226,Assoc-voc,11,Divorced,Exec-managerial,Other-relative,White,Male,0,0,40,United-States,<=50K
26,Private,329560,Some-college,10,Never-married,Exec-managerial,Own-child,White,Male,0,1068,39,United-States,<=50K
62,Private,402628,Bachelors,13,Never-married,Craft-repair,Not-in-family,White,Male,0,0,32,Philippines,>50K
29,Private,96363,HS-grad,9,Married-civ-spouse,Machine-op-inspct,Own-child,Black,Male,0,0,59,United-States,<=50K
66,Private,31695,Doctorate,16,Never-married,Craft-repair,Own-child,White,Female,0,0,23,United-States,>50K
20,Private,481062,HS-grad,9,Married-civ-spouse,Machine-op-inspct,Unmarried,Black,Male,9327,0,47,United-States,<=50K
29,Private,42773,Bachelors,13,Divorced,Machine-op-inspct,Other-relative,Black,Male,0,0,56,United-States,<=50K
49,Private,377272,HS-grad,9,Never-married,Exec-managerial,Not-in-family,White,Male,0,0,25,United-States,<=50K
46,Private,370931,HS-grad,9,Married-civ-spouse,Other-service,Unmarried,White,Male,0,0,58,United-States,<=50K
53,Private,199328,Some-college,10,Never-married,Handlers-cleaners,Husband,White,Female,0,0,28,United-States,<=50K
38,Self-emp-not-inc,192406,HS-grad,9,Married-civ-spouse,Machine-op-inspct,Unmarried,White,Male,0,0,59,United-States,<=50K
18,Private,48894,Assoc-voc,11,Married-civ-spouse,Craft-repair,Wife,White,Female,0,0,46,United-States,<=50K
50,Private,413239,HS-grad,9,Divorced,Machine-op-inspct,Wife,White,Male,0,0,38,United-States,<=50K
44,State-gov,177287,10th,6,Never-married,Craft-repair,Not-in-family,Asian-Pac-Islander,Male,0,0,58,United-States,<=50K
44,Private,475923,Some-college,10,Divorced,Protective-serv,Husband,White,Male,0,0,27,United-States,<=50K
37,Private,332683,HS-grad,9,Divorced,Other-service,Own-child,White,Male,0,0,33,United-States,>50K
64,Private,30729,Some-college,10,Divorced,Protective-serv,Own-child,Black,Male,0,0,44,United-States,<=50K
59,State-gov,451350,HS-grad,9,Married-civ-spouse,Transportation,Husband,White,Male,0,0,24,United-States,<=50K
27,Private,453522,Assoc-voc,11,Never-married,Machine-op-inspct,Wife,White,Male,0,0,26,United-States,<=50K
20,Private,378879,HS-grad,9,Married-civ-spouse,Machine-op-inspct,Own-child,White,Male,0,0,51,United-States,<=50K
27,Federal-gov,461260,Assoc-voc,11,Married-civ-spouse,Machine-op-inspct,Husband,Black,Male,0,0,25,United-States,<=50K
20,Private,389676,HS-grad,9,Never-married,Machine-op-inspct,Unmarried,White,Female,7358,0,28,United-States,<=50K
54,Private,308808,HS-grad,9,Married-civ-spouse,Handlers-cleaners,Own-child,White,Male,0,0,56,United-States,<=50K
50,Private,82563,HS-grad,9,Married-civ-spouse,Transportation,Other-relative,White,Male,9488,0,23,India,<=50K
42,Private,238708,Bachelors,13,Married-civ-spouse,Machine-op-inspct,Wife,White,Male,0,1877,45,Philippines,<=50K
48,Private,130093,Some-college,10,Widowed,Exec-managerial,Not-in-family,White,Female,0,0,48,United-States,<=50K
60,Private,199183,11th,7,Married-civ-spouse,Other-service,Husband,White,Male,0,0,23,United-States,<=50K
61,Private,399412,Some-college,10,Married-civ-spouse,Sales,Wife,White,Male,0,0,42,United-States,>50K
40,Private,427572,HS-grad,9,Married-civ-spouse,Protective-serv,Other-relative,White,Male,0,0,36,Philippines,<=50K
48,Private,200656,Masters,14,Married-civ-spouse,Protective-serv,Own-child,White,Male,0,0,38,United-States,<=50K
47,Self-emp-not-inc,112774,Bachelors,13,Married-civ-spouse,Exec-managerial,Unmarried,White,Male,0,0,33,United-States,>50K
67,Private,432028,Assoc-voc,11,Never-married,Exec-managerial,Unmarried,Black,Female,0,0,22,United-States,<=50K
57,Private,335936,Some-college,10,Married-civ-spouse,Machine-op-inspct,Husband,White,Female,0,0,40,United-States,<=50K
34,Private,39392,Masters,14,Married-civ-spouse,Prof-specialty,Not-in-family,White,Female,0,0,20,United-States,>50K
64,Private,226736,HS-grad,9,Married-civ-spouse,Tech-support,Other-relative,White,Female,4935,0,37,United-States,<=50K
38,Private,316161,10th,6,Never-married,Craft-repair,Wife,White,Male,7542,0,37,United-States,<=50K
57,Self-emp-inc,78974,HS-grad,9,Never-married,Sales,Unmarried,White,Female,0,0,44,United-States,<=50K
68,Private,264279,Assoc-voc,11,Married-civ-spouse,Sales,Other-relative,Black,Female,1698,0,44,United-States,<=50K
60,Private,264790,HS-grad,9,Never-married,Machine-op-inspct,Wife,White,Male,0,0,50,United-States,<=50K
23,State-gov,406320,Masters,14,Married-civ-spouse,Exec-managerial,Husband,White,Female,0,0,55,Germany,<=50K
28,Private,210862,Assoc-voc,11,Married-civ-spouse,Exec-managerial,Own-child,White,Female,0,0,40,United-States,<=50K
59,Self-emp-inc,101374,Assoc-voc,11,Never-married,Tech-support,Own-child,Asian-Pac-Islander,Male,0,0,44,United-States,<=50K
24,Private,216318,Some-college,10,Widowed,Tech-support,Not-in-family,White,Male,0,0,41,Germany,<=50K
18,Private,115079,Some-college,10,Married-civ-spouse,Handlers-cleaners,Wife,White,Female,0,0,39,United-States,<=50K
31,Private,396106,Assoc-voc,11,Never-married,Transportation,Wife,White,Male,0,0,44,United-States,<=50K
43,Private,256490,Bachelors,13,Divorced,Tech-support,Unmarried,White,Male,0,0,27,United-States,<=50K
24,Self-emp-not-inc,264126,Bachelors,13,Married-civ-spouse,Exec-managerial,Unmarried,White,Male,0,0,21,United-States,<=50K
25,Private,310034,HS-grad,9,Married-civ-spouse,Handlers-cleaners,Other-relative,White,Male,0,0,26,United-States,<=50K
35,Private,435662,Some-college,10,Never-married,Machine-op-inspct,Own-child,White,Male,1446,0,26,United-States,<=50K
49,Self-emp-inc,97986,Some-college,10,Divorced,Tech-support,Own-child,Asian-Pac-Islander,Male,0,0,45,Mexico,<=50K
46,Private,39127,Bachelors,13,Never-married,Exec-managerial,Wife,White,Male,0,0,24,United-States,<=50K
59,Private,455028,HS-grad,9,Married-civ-spouse,Transportation,Own-child,White,Male,0,0,34,United-States,<=50K
68,Private,481055,Some-college,10,Divorced,Other-service,Not-in-family,White,Female,0,0,24,India,<=50K
19,Private,424682,Assoc-voc,11,Divorced,Prof-specialty,Unmarried,Asian-Pac-Islander,Male,0,0,26,United-States,<=50K
53,Local-gov,109580,Bachelors,13,Married-civ-spouse,Sales,Other-relative,White,Female,0,0,46,United-States,<=50K
26,Private,80303,Assoc-voc,11,Never-married,Craft-repair,Wife,White,Male,0,2122,36,United-States,<=50K
36,Private,192177,HS-grad,9,Married-civ-spouse,Transportation,Unmarried,White,Male,0,0,53,United-States,<=50K
35,Private,427778,Some-college,10,Divorced,Other-service,Husband,White,Female,0,0,50,United-States,<=50K
54,Private,442621,Some-college,10,Married-civ-spouse,Prof-specialty,Husband,White,Female,0,0,30,United-States,<=50K
31,Private,458953,Some-college,10,Divorced,Sales,Unmarried,Other,Female,0,0,23,United-States,<=50K
64,Private,153977,Bachelors,13,Never-married,Protective-serv,Wife,White,Female,0,0,59,Germany,>50K
37,Private,137360,HS-grad,9,Widowed,Machine-op-inspct,Unmarried,White,Male,0,0,25,United-States,<=50K
60,Private,162855,Some-college,10,Never-married,Prof-specialty,Husband,White,Male,0,0,47,United-States,>50K
67,Private,435011,HS-grad,9,Married-civ-spouse,Craft-repair,Wife,White,Female,0,0,43,Germany,<=50K
44,Private,55644,Bachelors,13,Divorced,Other-service,Other-relative,White,Male,0,0,53,United-States,>50K
23,Private,290278,Assoc-voc,11,Married-civ-spouse,Other-service,Wife,White,Male,0,0,42,United-States,<=50K
54,Private,68154,HS-grad,9,Married-civ-spouse,Protective-serv,Not-in-family,White,Male,0,0,20,Philippines,<=50K
40,Self-emp-inc,405150,Some-college,10,Married-civ-spouse,Protective-serv,Other-relative,Black,Female,0,0,26,United-States,<=50K
35,Private,159328,Some-college,10,Divorced,Craft-repair,Own-child,White,Male,0,0,54,Mexico,<=50K
41,Private,309216,Masters,14,Never-married,Protective-serv,Husband,White,Male,0,0,44,United-States,>50K
33,Self-emp-inc,224751,HS-grad,9,Never-married,Exec-managerial,Other-relative,Amer-Indian-Eskimo,Male,0,0,51,United-States,<=50K
32,Private,163071,Some-college,10,Married-civ-spouse,Exec-managerial,Not-in-family,White,Male,0,0,45,India,<=50K
69,Private,392333,Masters,14,Divorced,Transportation,Unmarried,White,Male,0,0,60,Philippines,<=50K
32,Local-gov,352281,Bachelors,13,Separated,Tech-support,Other-relative,White,Male,0,0,23,United-States,<=50K
41,Private,409061,Masters,14,Married-civ-spouse,Machine-op-inspct,Other-relative,White,Male,0,0,23,United-States,<=50K
55,Private,355833,Some-college,10,Married-civ-spouse,Prof-specialty,Not-in-family,Amer-Indian-Eskimo,Male,0,0,49,United-States,<=50K
29,Private,387169,11th,7,Married-civ-spouse,Other-service,Other-relative,White,Female,6922,0,21,United-States,<=50K
50,Private,366158,HS-grad,9,Never-married,Other-service,Own-child,Black,Male,0,0,24,United-States,<=50K
64,Private,74957,HS-grad,9,Never-married,Craft-repair,Unmarried,White,Male,0,0,49,United-States,<=50K
60,Private,384849,Some-college,10,Never-married,Protective-serv,Other-relative,Black,Male,0,0,51,United-States,<=50K
19,Private,211586,Some-college,10,Never-married,Protective-serv,Wife,White,Male,0,0,54,United-States,<=50K
39,Private,330241,Bachelors,13,Never-married,Other-service,Unmarried,White,Male,0,0,29,Philippines,<=50K
18,Private,52203,HS-grad,9,Never-married,Sales,Wife,White,Male,0,0,47,United-States,<=50K
49,Private,228355,HS-grad,9,Divorced,Handlers-cleaners,Other-relative,Asian-Pac-Islander,Male,0,2617,29,Philippines,<=50K
34,Private,182523,Masters,14,Never-married,Machine-op-inspct,Unmarried,White,Male,0,0,60,United-States,<=50K
64,Private,179596,HS-grad,9,Divorced,Prof-specialty,Own-child,White,Female,0,0,47,Canada,<=50K
27,Private,224931,Masters,14,Divorced,Craft-repair,Wife,White,Male,0,0,51,United-States,<=50K
62,Private,456609,Bachelors,13,Married-civ-spouse,Prof-specialty,Unmarried,White,Male,0,0,47,United-States,<=50K
35,Self-emp-not-inc,355638,HS-grad,9,Married-civ-spouse,Sales,Other-relative,White,Male,0,0,60,Philippines,<=50K
65,State-gov,410739,Masters,14,Never-married,Transportation,Own-child,White,Male,0,0,31,United-States,<=50K
28,Private,298795,Assoc-voc,11,Never-married,Craft-repair,Unmarried,White,Male,0,0,51,United-States,<=50K
31,Private,420896,Assoc-voc,11,Married-civ-spouse,Handlers-cleaners,Husband,White,Male,0,1498,59,United-States,<=50K
36,Local-gov,373997,HS-grad,9,Married-civ-spouse,Handlers-cleaners,Not-in-family,White,Male,0,0,28,United-States,<=50K
69,Private,63816,Bachelors,13,Married-civ-spouse,Machine-op-inspct,Wife,White,Male,0,0,35,United-States,>50K
56,State-gov,333966,11th,7,Separated,Prof-specialty,Wife,White,Male,3166,0,48,United-States,<=50K
60,Self-emp-not-inc,215111,Bachelors,13,Married-civ-spouse,Prof-specialty,Own-child,White,Female,6271,0,36,United-States,<=50K
46,Self-emp-not-inc,256270,HS-grad,9,Married-civ-spouse,Handlers-cleaners,Not-in-family,Black,Male,0,0,48,Germany,<=50K
59,Private,190050,HS-grad,9,Never-married,Transportation,Wife,White,Female,0,0,28,United-States,<=50K
50,Private,56342,Bachelors,13,Divorced,Transportation,Not-in-family,White,Male,0,0,23,United-States,<=50K
52,Private,440396,Masters,14,Widowed,Craft-repair,Other-relative,White,Male,0,0,22,United-States,<=50K
61,Private,129541,11th,7,Married-civ-spouse,Exec-managerial,Husband,White,Male,0,1549,27,United-States,<=50K
69,Self-emp-inc,179046,Assoc-voc,11,Married-civ-spouse,Machine-op-inspct,Husband,Black,Male,0,0,53,United-States,<=50K
47,State-gov,322827,Some-college,10,Married-civ-spouse,Craft-repair,Other-relative,Black,Male,0,0,47,United-States,<=50K
40,Private,471379,Bachelors,13,Never-married,Protective-serv,Own-child,White,Female,0,0,33,Canada,<=50K
51,Private,148193,HS-grad,9,Separated,Sales,Wife,White,Male,0,0,47,United-States,<=50K
56,Local-gov,408658,HS-grad,9,Married-civ-spouse,Prof-specialty,Unmarried,White,Male,0,0,40,United-States,<=50K
69,Federal-gov,80225,HS-grad,9,Married-civ-spouse,Handlers-cleaners,Own-child,White,Female,0,0,27,Germany,<=50K
54,Federal-gov,436956,11th,7,Married-civ-spouse,Transportation,Husband,White,Male,7899,0,52,Canada,<=50K
67,Private,129113,HS-grad,9,Married-civ-spouse,Sales,Wife,White,Female,0,0,21,United-States,<=50K
56,State-gov,71085,Some-college,10,Never-married,Machine-op-inspct,Not-in-family,Black,Female,0,0,24,Mexico,<=50K
67,Private,307106,Some-college,10,Married-civ-spouse,Tech-support,Wife,Other,Female,8191,0,30,Philippines,<=50K
57,Private,488422,Some-college,10,Never-married,Machine-op-inspct,Unmarried,White,Male,0,0,45,United-States,<=50K
64,Private,471603,Bachelors,13,Never-married,Craft-repair,Not-in-family,White,Male,0,0,34,United-States,>50K
27,Private,197521,HS-grad,9,Never-married,Handlers-cleaners,Husband,Black,Male,0,0,34,United-States,<=50K
69,Federal-gov,60647,Some-college,10,Married-civ-spouse,Other-service,Own-child,White,Male,0,0,42,United-States,<=50K
36,Private,58522,Some-college,10,Separated,Protective-serv,Own-child,Amer-Indian-Eskimo,Female,0,0,54,United-States,<=50K
59,Private,114851,Doctorate,16,Never-married,Protective-serv,Husband,White,Male,0,0,33,United-States,>50K
38,Private,319293,Bachelors,13,Married-civ-spouse,Other-service,Husband,White,Male,0,0,35,United-States,>50K
41,Self-emp-not-inc,236514,Assoc-voc,11,Married-civ-spouse,Transportation,Husband,White,Male,2177,0,21,United-States,<=50K
56,Private,435002,Some-college,10,Divorced,Craft-repair,Other-relative,White,Male,0,0,59,India,<=50K
46,Private,63683,HS-grad,9,Married-civ-spouse,Handlers-cleaners,Wife,White,Male,0,0,54,United-States,<=50K
55,Private,369448,Some-college,10,Widowed,Prof-specialty,Own-child,White,Male,0,0,35,United-States,<=50K
22,Private,474703,10th,6,Married-civ-spouse,Exec-managerial,Husband,White,Male,0,0,54,United-States,<=50K
61,Private,358537,HS-grad,9,Married-civ-spouse,Other-service,Unmarried,White,Male,0,0,21,United-States,<=50K
39,Private,474598,HS-grad,9,Married-civ-spouse,Tech-support,Unmarried,White,Female,0,0,22,United-States,<=50K
59,Private,471761,11th,7,Never-married,Protective-serv,Other-relative,Asian-Pac-Islander,Male,0,0,42,India,<=50K
32,State-gov,183786,11th,7,Married-civ-spouse,Machine-op-inspct,Wife,White,Male,0,0,42,United-States,<=50K
48,Local-gov,484280,HS-grad,9,Married-civ-spouse,Transportation,Not-in-family,White,Female,0,0,25,United-States,<=50K
48,Private,100086,Masters,14,Married-civ-spouse,Handlers-cleaners,Own-child,White,Female,0,0,40,United-States,<=50K
25,Private,415468,Some-college,10,Divorced,Other-service,Unmarried,White,Male,0,0,25,United-States,<=50K
42,Private,471209,Some-college,10,Married-civ-spouse,Prof-specialty,Not-in-family,Other,Male,0,0,38,Philippines,<=50K
51,Private,396341,Some-college,10,Married-civ-spouse,Handlers-cleaners,Husband,White,Female,0,0,39,United-States,>50K
61,Private,402616,10th,6,Never-married,Prof-specialty,Husband,Other,Male,0,0,28,United-States,<=50K
64,Local-gov,188229,HS-grad,9,Married-civ-spouse,Machine-op-inspct,Other-relative,White,Male,0,0,31,United-States,<=50K
37,Local-gov,362901,Masters,14,Married-civ-spouse,Machine-op-inspct,Other-relative,White,Male,1581,0,41,United-States,<=50K
51,Private,242088,HS-grad,9,Never-married,Handlers-cleaners,Other-relative,White,Male,0,0,42,United-States,<=50K
27,Self-emp-not-inc,101111,Bachelors,13,Separated,Sales,Wife,Amer-Indian-Eskimo,Male,0,0,60,United-States,<=50K
64,Federal-gov,274361,Bachelors,13,Never-married,Craft-repair,Other-relative,Black,Male,0,0,47,United-States,>50K
63,Private,443529,Masters,14,Never-married,Handlers-cleaners,Wife,White,Female,0,0,50,United-States,<=50K
69,Local-gov,249950,11th,7,Married-civ-spouse,Exec-managerial,Not-in-family,White,Male,2857,0,56,United-States,<=50K
43,State-gov,246417,Masters,14,Never-married,Craft-repair,Wife,White,Male,0,0,35,United-States,>50K
36,State-gov,407371,Masters,14,Married-civ-spouse,Protective-serv,Husband,White,Male,0,0,31,United-States,<=50K
57,Self-emp-not-inc,484783,HS-grad,9,Never-married,Transportation,Other-relative,White,Female,0,0,44,United-States,<=50K
55,Private,496740,10th,6,Never-married,Machine-op-inspct,Other-relative,Amer-Indian-Eskimo,Female,0,0,40,United-States,<=50K
29,Private,446870,Some-college,10,Married-civ-spouse,Sales,Other-relative,Black,Female,3515,0,46,United-States,<=50K
46,State-gov,118736,Some-college,10,Married-civ-spouse,Handlers-cleaners,Not-in-family,White,Female,0,2744,51,United-States,<=50K
51,Private,134964,Some-college,10,Married-civ-spouse,Tech-support,Not-in-family,White,Male,0,0,44,United-States,<=50K
41,Private,398594,Some-college,10,Never-married,Transportation,Other-relative,White,Female,0,0,43,United-States,<=50K
37,Private,399772,Bachelors,13,Married-civ-spouse,Craft-repair,Not-in-family,Amer-Indian-Eskimo,Male,8063,0,53,United-States,<=50K
30,Private,313305,Some-college,10,Married-civ-spouse,Other-service,Unmarried,Black,Female,0,0,34,United-States,<=50K
39,Private,344921,HS-grad,9,Never-married,Sales,Other-relative,Black,Male,0,0,27,Mexico,<=50K
30,Federal-gov,368783,11th,7,Married-civ-spouse,Exec-managerial,Not-in-family,Black,Male,0,0,23,United-States,<=50K
33,Private,101271,11th,7,Married-civ-spouse,Tech-support,Not-in-family,White,Male,0,0,26,United-States,<=50K
27,Private,260283,Some-college,10,Separated,Machine-op-inspct,Unmarried,White,Male,0,0,27,United-States,<=50K
37,Private,308112,10th,6,Divorced,Craft-repair,Not-in-family,Black,Male,0,0,38,Philippines,<=50K
50,Private,354125,Some-college,10,Married-civ-spouse,Craft-repair,Husband,White,Male,0,2247,21,United-States,<=50K
37,Self-emp-inc,122572,Some-college,10,Never-married,Tech-support,Unmarried,Black,Male,0,0,51,United-States,<=50K
25,Local-gov,320169,11th,7,Married-civ-spouse,Handlers-cleaners,Husband,White,Female,0,2231,45,United-States,<=50K
59,Federal-gov,221356,Bachelors,13,Married-civ-spouse,Tech-support,Wife,White,Female,0,0,30,United-States,<=50K
40,Private,334754,Masters,14,Divorced,Machine-op-inspct,Wife,White,Male,0,0,40,United-States,<=50K
48,Federal-gov,139484,Some-college,10,Married-civ-spouse,Protective-serv,Husband,Black,Female,4984,0,23,United-States,<=50K
45,Private,476462,Some-college,10,Never-married,Transportation,Wife,White,Male,0,0,32,United-States,>50K
44,Private,203013,HS-grad,9,Divorced,Exec-managerial,Wife,White,Male,0,0,39,United-States,<=50K
40,Private,41981,10th,6,Divorced,Handlers-cleaners,Not-in-family,White,Female,0,0,58,United-States,<=50K
57,Private,159852,HS-grad,9,Never-married,Exec-managerial,Unmarried,White,Male,0,0,46,United-States,<=50K
62,Private,162090,Some-college,10,Married-civ-spouse,Craft-repair,Wife,White,Female,0,0,40,United-States,<=50K
65,Self-emp-not-inc,187507,HS-grad,9,Married-civ-spouse,Handlers-cleaners,Own-child,White,Male,0,0,60,United-States,<=50K
41,Private,329319,Bachelors,13,Married-civ-spouse,Exec-managerial,Other-relative,White,Female,0,0,60,United-States,>50K
35,Self-emp-not-inc,42062,Some-college,10,Divorced,Tech-support,Other-relative,Other,Female,928,0,41,United-States,<=50K
22,Private,203477,Masters,14,Never-married,Protective-serv,Unmarried,White,Male,0,0,35,United-States,<=50K
41,Private,97545,Some-college,10,Never-married,Sales,Not-in-family,Other,Male,0,0,34,Germany,<=50K
69,Federal-gov,235965,HS-grad,9,Never-married,Transportation,Other-relative,Black,Male,0,0,45,United-States,<=50K
31,Private,181066,HS-grad,9,Separated,Craft-repair,Unmarried,Black,Male,0,0,52,United-States,<=50K
61,Private,224861,HS-grad,9,Never-married,Machine-op-inspct,Own-child,Black,Female,0,0,32,United-States,<=50K
57,Private,207157,Masters,14,Married-civ-spouse,Transportation,Unmarried,White,Male,0,0,54,United-States,<=50K
52,Private,393537,Assoc-voc,11,Divorced,Craft-repair,Unmarried,White,Male,0,0,58,United-States,<=50K
47,Private,448662,Some-college,10,Divorced,Prof-specialty,Husband,White,Male,0,0,43,United-States,<=50K
57,Self-emp-not-inc,47343,Bachelors,13,Never-married,Protective-serv,Other-relative,White,Male,4551,0,30,United-States,<=50K
23,Private,200283,HS-grad,9,Never-married,Handlers-cleaners,Not-in-family,White,Male,0,0,32,United-States,<=50K
24,Private,235961,Assoc-voc,11,Widowed,Other-service,Other-relative,White,Male,0,0,28,United-States,<=50K
28,Private,211196,10th,6,Married-civ-spouse,Exec-managerial,Not-in-family,Asian-Pac-Islander,Female,0,0,30,India,<=50K
57,Private,340128,Masters,14,Never-married,Exec-managerial,Wife,Asian-Pac-Islander,Female,0,0,46,United-States,<=50K
40,Private,358228,HS-grad,9,Never-married,Sales,Own-child,White,Male,0,0,22,United-States,<=50K
28,State-gov,216493,Some-college,10,Divorced,Handlers-cleaners,Other-relative,White,Male,0,0,33,United-States,<=50K
20,Private,301910,10th,6,Separated,Protective-serv,Unmarried,Black,Male,0,0,54,Philippines,<=50K
43,Private,51185,HS-grad,9,Married-civ-spouse,Craft-repair,Husband,Other,Female,0,0,55,Philippines,<=50K
38,Private,102372,Bachelors,13,Married-civ-spouse,Transportation,Wife,White,Male,0,0,23,United-States,<=50K
27,Private,475898,11th,7,Married-civ-spouse,Craft-repair,Wife,White,Male,0,0,24,United-States,<=50K
19,Private,292981,Masters,14,Never-married,Transportation,Not-in-family,Asian-Pac-Islander,Male,0,0,29,United-States,>50K
57,Private,201924,Bachelors,13,Separated,Exec-managerial,Husband,White,Male,0,0,22,United-States,<=50K
58,Private,488635,Some-college,10,Never-married,Protective-serv,Unmarried,White,Male,0,0,43,United-States,<=50K
30,Private,471353,11th,7,Never-married,Transportation,Other-relative,White,Male,0,1455,21,United-States,<=50K
43,Private,47741,Some-college,10,Never-married,Transportation,Unmarried,White,Male,0,0,30,United-States,<=50K
31,Federal-gov,462273,Assoc-voc,11,Never-married,Craft-repair,Husband,White,Male,0,0,32,Germany,<=50K
39,Private,99313,Some-college,10,Married-civ-spouse,Exec-managerial,Wife,White,Female,0,0,55,United-States,<=50K
23,Self-emp-not-inc,85564,Masters,14,Married-civ-spouse,Tech-support,Own-child,White,Female,6941,0,53,United-States,<=50K
