MedInc,HouseAge,AveRooms,AveBedrms,Population,AveOccup,Latitude,Longitude,OceanProximity,MedHouseVal
5.134133473549718,45,6.831891596433076,1.5624989036835668,2968.2145923791963,2.2543801078844092,41.43426205380864,-121.624131200314,<1H OCEAN,3.4032775883966244
7.235856326252953,18,1.5235855418478534,1.0,1017.3932221889814,2.4354738942110523,38.382011991185244,-114.74646416589425,INLAND,3.694729869348979
4.198585811837248,22,6.6444389145960105,1.0,1263.0748257026617,3.2446401190252487,36.26506786022431,-123.74016039415955,NEAR BAY,2.0295483454468544
7.737147661257903,28,9.792562221653304,1.9096315987550374,3235.132857386362,3.1052894905968698,38.573063845155175,-117.04681260537905,INLAND,3.5068883162352424
6.485023621428474,11,5.628223862347878,1.0,1915.0040502006452,2.3052310839212797,33.41919530407568,-121.54306804288203,NEAR OCEAN,2.9952918504307053
5.963304102224913,45,5.9752422683866335,1.5061335580588853,1247.683220035754,3.4885525813484235,41.15535977381294,-121.86968839991815,NEAR OCEAN,3.1399733041254616
4.284549212731324,45,4.945685839883716,1.0,1065.891312056596,3.1918584987042715,35.31806832156915,-119.6638193467532,NEAR OCEAN,2.7095761862463115
2.6221535943268948,48,3.876260068757138,1.024163047469953,3312.931603002716,3.1609363749709227,34.5045095073747,-122.1626928446408,NEAR BAY,1.588118879656877
4.519853014443695,45,4.65541173805649,1.0,1063.458118886034,2.3156669188555687,36.79686567269241,-115.92892311146866,NEAR OCEAN,2.281028337567036
7.748769206965262,13,7.024504116811534,1.0,1062.1863527230873,2.404353641382644,37.600881321453166,-121.8940971427198,INLAND,4.137360377905488
2.4961375895948286,30,6.462860153675037,1.0,862.1135087105094,3.1932104109486557,38.648322700116076,-114.07702883113205,<1H OCEAN,2.149498574393867
2.718166398035643,29,4.018896641893877,1.1121373236141325,4344.167425578287,2.049837213842924,38.99164399488053,-116.75749834824828,NEAR OCEAN,1.63019638009264
4.845062559540251,41,4.425252175017268,1.0,592.3072100183244,2.9176117313854517,35.666555154441575,-118.39781911595924,INLAND,2.4418744731131086
3.771657663225253,19,4.458648199002553,1.05109576482628,1615.51206186968,2.5851440447935228,38.49623802162348,-122.21306256144982,NEAR OCEAN,1.6445738346747218
15.0,28,5.782327654457412,1.0,1666.533449430758,3.3102588081147895,34.687897139384695,-116.14272957696562,INLAND,5.0
6.131460882894255,12,5.1627826628505,1.0,615.1585707263619,3.0625995425173573,39.802331269709654,-118.0998804674033,NEAR BAY,2.893088831994483
4.587276079991259,27,5.381967906148248,1.0,1123.9230072977016,2.8627870931435107,37.15702227783914,-121.75046077594217,NEAR BAY,2.907021835616648
9.170165020805944,1,3.6739352291630007,1.0,1052.175454075091,3.309488097585586,34.17652488553788,-122.79318289926907,NEAR OCEAN,4.522793007676198
5.336655270763938,1,8.259929092293264,1.049805322876051,904.9859048358778,3.287302405884256,34.55298418202797,-114.11211466300078,INLAND,3.261500442986518
5.286003248672308,15,6.009369056619315,1.0,1435.613077484854,3.405767711045393,40.64025628025908,-118.22785754397744,NEAR OCEAN,3.153930627982046
12.488373501794456,36,4.611520673884402,1.0,1642.4651085909888,2.0312972949703823,41.74754670332753,-118.02731839327951,NEAR BAY,5.0
2.151784866341473,17,4.147418914730059,1.0,1111.523623617587,2.653213246886448,40.59088658229652,-120.84322360864087,<1H OCEAN,0.9577162822776375
3.557143750568629,35,4.846132185079014,1.0,4940.935873656609,3.007418753497978,38.06034823430665,-121.38194221759464,NEAR OCEAN,1.7063941311134547
6.973980390088487,34,7.4907296485083394,1.638456951912304,873.8505380106602,2.6058773225075726,32.72144717113871,-120.55550907997504,NEAR BAY,4.018567314494314
3.5723806101150033,16,8.065132233199776,1.3233327803145605,1586.4540241969305,3.0682145042111237,32.871526354394895,-122.35211212264902,<1H OCEAN,2.1002701925711458
3.552535633897259,33,4.4223954690380065,1.0,1450.3484606508846,2.5358730145984874,37.22380700621197,-117.00273385580414,INLAND,1.2962416913401207
7.963047570702174,21,4.755674119349454,1.322011445884667,1991.43744947007,2.0153697096875174,37.13971307670689,-116.00950822597324,INLAND,3.6950178534134066
4.049805577883655,50,2.6578506412294685,1.0,1538.3774013002921,2.695715668700296,41.16834884928917,-118.81580222197073,INLAND,2.51146534789376
6.48114864680982,1,2.7615986369972467,1.0,777.9796928488304,1.9038580415009756,35.60609314050432,-114.22842182926453,<1H OCEAN,3.2071299517147267
4.898575686882565,34,5.727272471123938,1.4939736204820044,2047.2358170966822,3.2186363223341337,35.7706521917326,-118.34185624411995,NEAR OCEAN,2.680941554907407
6.426741965975806,43,4.965526599719592,1.0,1358.5797081613168,1.8850560239473095,36.1821618384308,-121.15533653443744,INLAND,2.992720449778181
5.253599619534398,8,4.889022485707411,1.0,2536.897717480819,3.3791002441620357,37.59378618895562,-120.61383010007037,<1H OCEAN,2.226366479944727
8.000337977338098,50,4.657649160057535,1.0,2233.0190040498633,2.1633494767288646,36.764429639052814,-118.98303817913944,NEAR BAY,4.222922773270524
8.422600539011723,31,6.045627067541978,1.113770804113833,1983.8958334085808,2.907722063269725,40.0822197005928,-115.76184204069152,NEAR OCEAN,4.383189666478555
4.008047301222407,29,5.720707509768795,1.539276378293438,2460.419983368803,3.229071494477516,36.263192589991796,-114.09946706953538,INLAND,1.73292103163358
2.653638337283029,9,7.269708616731281,1.8797936602446312,929.2035330802605,3.3328673606496046,41.52361192987194,-123.56568001927707,INLAND,2.0645413726743747
5.155169963338226,31,9.922339887206569,1.8708294230137037,1425.2146059378224,2.5984164070416087,34.923526077082066,-119.00261143885473,NEAR BAY,3.1789458934418455
4.217929283949538,8,3.680263201313431,1.0,2763.8808479633276,1.9375037385806322,37.55989089921111,-123.09558287971174,NEAR OCEAN,2.286611398799634
3.9748391373843006,21,3.399763806618767,1.0,1563.7880639163382,2.8175846757585634,36.58930719830134,-121.9921641829278,INLAND,2.0600532802378497
2.5114537569894586,48,8.24679856969034,1.7226425438617292,813.7381145313686,2.7131989742683382,33.83407607542457,-117.92705077203253,NEAR BAY,2.0001668286560665
4.558711160696005,12,5.402227884497414,1.0,683.442590742189,2.0711542447262246,41.81410175098917,-123.32942847146072,NEAR OCEAN,3.405328226424049
5.57949933309867,10,6.87228499523931,1.0,2217.1800120297107,2.2349881055385996,39.2225719107491,-117.8753662822387,<1H OCEAN,3.2339156088723655
4.196143111607619,1,3.5928673879425674,1.0,936.5038633560627,3.252897747251403,36.882001787323034,-115.83531143737474,NEAR OCEAN,2.1770181475530084
5.354000012270096,25,3.698435016900976,1.0,1296.5980225460858,2.7127042110298403,34.08320650827073,-123.58396568143849,NEAR OCEAN,2.913785821577266
7.337105356933868,38,6.974678584130377,1.0,3351.222774179389,2.475361947797827,40.82500275081412,-120.87679831335137,NEAR OCEAN,3.686245550906834
10.363405250845176,47,3.3738253270924177,1.0,776.3186756331876,3.1246153636289424,35.914938529852606,-120.4227866321477,INLAND,5.0
10.925516630635597,6,7.941457848811674,1.6985985954488378,2894.2718000786404,2.8766822856551046,35.46781695792573,-121.8021761162247,INLAND,5.0
4.087495496200156,31,6.935222996234524,1.3043892226802059,699.2279808127206,2.2512777497193692,32.6576916449106,-117.13852191789793,INLAND,2.336062313451229
3.90723906587285,9,4.333382151451588,1.0980977915305883,2920.7395123905108,2.85792441801868,40.974273123595886,-117.9962112283847,NEAR OCEAN,1.976463057884507
2.938807052307549,24,8.148705503037137,1.7942576018859688,1497.635516085611,2.4198310616790173,36.77916555668011,-119.8972566355825,INLAND,1.904293521559561
7.9025634142504515,14,6.425531752880715,1.0,441.4533607081427,3.1345522651722177,38.844633225209435,-121.40158325261235,INLAND,4.0695111788327205
5.945799661054962,18,5.160115063655066,1.0179588405856812,607.2645350697256,2.77559047784552,36.26111554097995,-120.18542971856374,INLAND,3.5041381282042265
10.368830736046034,27,5.661802570423606,1.2156228759067664,766.3457637007783,1.834134077354681,41.78021817048585,-116.52539827864966,INLAND,5.0
5.938668536077016,7,2.2151386802964526,1.0,1461.2608752340761,2.2890337342420723,34.20072814731141,-115.50863892860384,INLAND,2.0998405020869324
4.260121716552106,45,3.232513990981597,1.0,2784.5986793459447,3.023139660280111,40.756272513697596,-121.2239354043183,NEAR OCEAN,2.7268363705067107
5.355398333882929,44,6.818557354871688,1.2943778879737102,1725.1953211254358,2.352887893671388,38.446027784511195,-114.70496010894894,INLAND,3.130773627741151
4.964882259727204,14,5.87619543983864,1.0,765.5090032941093,2.172089000545602,40.22186910643299,-122.58333144876701,INLAND,3.57458916474999
3.960313653141706,41,7.991631760590889,1.59356747773609,3428.251321047557,3.1604177617490437,36.671441093368095,-122.64568265326604,INLAND,2.367308326007609
5.688300934154885,34,6.176672416528049,1.0,1287.0249189840758,3.46402828169421,33.77354210937604,-117.16738906455635,NEAR OCEAN,3.4457207337639106
3.692964043611895,47,3.4674031332552233,1.0,739.1722361784468,1.8879631470599063,37.435189656340356,-120.35377325619953,<1H OCEAN,2.1981173412806543
10.23141142603965,39,3.746286237055613,1.0,1242.4119578816772,1.9869554203729913,39.624793508380826,-121.23553758604929,<1H OCEAN,4.958452248341141
2.522728737753316,40,4.111555819874443,1.0,1348.2396851025142,2.0740231892043246,36.468790301197814,-119.05835959759884,INLAND,1.918987566382228
9.405457700655466,26,4.509473234950901,1.0430657995595054,769.0831793462519,1.9854226598138298,40.16505447297618,-115.43469976143652,INLAND,4.5227996975077955
4.365992722543653,25,5.764975227706693,1.0306099244946627,2486.3207106534,2.0371351110209384,40.61955587754137,-116.16364104769207,INLAND,2.4485357152040557
1.4811929982465268,12,7.522435266327751,1.0,1058.6775070307485,1.8226265205247423,40.20702008726299,-116.32727950104525,<1H OCEAN,0.8786838651717579
2.4359708597387293,10,6.5679562567420255,1.423047847277217,781.3257779138236,2.2373886545219883,36.76913683151825,-117.79829771799271,INLAND,1.5380783104452855
5.314105833893703,28,7.646614867471037,1.2053271600107553,1991.8599752632463,2.3102004662472506,36.04113389138646,-119.58505389843307,NEAR OCEAN,2.671469795247702
4.527288433775943,45,6.189243069692358,1.0,1732.7831015098266,2.586849988133218,37.026865297600004,-120.89336868571795,INLAND,2.5321909732465055
6.57689521665959,26,4.787177859493414,1.0,2234.5143248331697,2.220734655769634,35.817528731847275,-118.28222376078128,<1H OCEAN,3.5380041770782427
4.520751804598826,11,3.143511682963597,1.0,2201.518388604137,2.2984754948454453,34.42108283152753,-115.99951409086569,INLAND,2.4038552713996557
7.099252163687055,30,6.573084079451661,1.1875796578779494,871.8721906264493,1.8946706786117085,35.523756897996705,-118.10720267312998,INLAND,3.7902004221833923
5.499983080250396,24,5.339716141287287,1.2978509669204277,1242.6278503586216,3.360074361460699,37.17496339550452,-123.57666297339192,INLAND,3.146318987477527
7.337464783618719,13,6.847678105421694,1.7871856297745017,310.65063401145244,1.9985764663324612,38.10654865162973,-117.23528226190028,INLAND,4.705139112221332
8.084975095043536,34,4.473484835776836,1.1369718032077432,1462.934709943124,2.1824901935521477,41.849624655238195,-119.44630281814278,INLAND,3.8275793861058536
6.8773520985324135,18,8.277521124569322,1.7663314919410384,1565.7506503911168,2.2491352718216997,38.97776628513164,-117.48845084812332,<1H OCEAN,4.5945777120317555
4.787594347100785,44,8.284999765004596,1.1851127764977087,1174.4536580566075,3.2425783548018177,35.94910406664961,-114.65627136367158,INLAND,2.3184379890852487
10.381028097083421,42,4.017442239625473,1.0,718.2208566708167,2.593664497143629,33.85161527984734,-116.07998394068784,<1H OCEAN,4.170577082651182
5.310331318626204,44,6.0594372084082115,1.1724372706398942,2661.838608440139,2.377244208442585,40.61952892380184,-122.11706170118563,NEAR OCEAN,3.2755019889163903
3.9467491466803923,48,2.831065408812018,1.0,609.9550290515497,2.330138862368249,35.563461700959564,-120.62266546828097,INLAND,2.0264530136120484
4.5198424435819184,19,4.105587841261335,1.0,3556.9756281119244,2.676510657886343,41.449498997479424,-114.05889328349065,NEAR BAY,2.036708986902786
6.51192123023999,38,4.0149278340124335,1.0,498.81856725496505,1.976158304234163,34.34184405833627,-123.41177316750799,<1H OCEAN,3.2644044134611265
8.573534337705327,7,4.473753143808865,1.1377552781164924,1127.244070970478,3.361663652294341,37.498018718811075,-123.66829102029021,NEAR BAY,4.311714173572419
7.3881841294940465,38,5.036997877781238,1.400757480536531,304.3276144887209,2.4772493900184394,39.21509807410397,-123.39774897629928,<1H OCEAN,3.8663009755836173
7.398195168563393,25,4.178217418424731,1.0,819.0787907258128,2.402770799375558,34.19121406043711,-116.29742856410165,NEAR OCEAN,3.5686931280765712
4.635859196928353,18,5.760914365680391,1.3860799162084438,1566.7125290114677,2.8948183960415617,33.6528059680956,-118.10130834328027,NEAR OCEAN,2.9874281206653217
8.925081126454081,45,2.898310548782924,1.0,1643.1402703573344,2.201958719694788,35.57727386821492,-122.01733462519985,NEAR OCEAN,4.292312262000059
5.490398538939378,19,7.187832810086724,1.0270856570341633,1145.0612669716827,2.8267377323675493,41.83110769141135,-116.91396477258874,INLAND,3.1337334295777524
4.2852679788388,15,3.6931779119936285,1.0,965.6021929897348,3.130897817016974,36.463663221869886,-116.27710260408308,<1H OCEAN,2.1495583719812066
2.3171735479740425,33,5.233422364881789,1.331116844428836,6211.426183897746,3.04700050340373,35.65813954122736,-116.75080713176092,INLAND,1.6433721037916136
7.187903142872367,28,4.777807393579055,1.0,1269.299448741908,2.635684912762811,36.00691940258193,-121.0286810614865,INLAND,3.5653116056156966
4.205556841361128,40,7.248991018009937,1.6026242000581954,8452.762194913535,2.4138342506924997,41.95871132701973,-121.39394220426264,INLAND,2.7417151542758775
3.3564371873622507,9,4.941943214875566,1.2939718254702228,3628.52559656446,2.8020140473923543,33.364482865142435,-121.75292701681217,INLAND,1.3839172163671754
3.077158230297317,51,7.97915551430996,1.7193164993452097,866.9323209632813,3.0863668174478236,32.65913525588097,-120.16649682378004,NEAR BAY,2.307903686935718
8.188540246718178,38,6.108652456961873,1.0,976.5902217732773,2.2723326644681348,37.723650104930144,-123.21202113180065,INLAND,3.960714468126682
5.911439965647428,18,3.910004274452782,1.0,3832.262904882934,2.0264589141027503,39.04404450539913,-118.23991546580328,NEAR BAY,2.840586089921325
6.894806098878764,31,5.137686444079291,1.0,542.2589223123064,2.910794457659186,33.5983438092665,-121.58100351725321,<1H OCEAN,3.0457079572853716
4.962556976400639,1,5.424959544280687,1.0454217087346518,3330.9881544310224,2.084898005524008,33.437706377354026,-118.58183229993685,NEAR OCEAN,2.333019079938248
5.57211912133393,38,6.748524459021731,1.6450972352258564,1244.576198679927,2.4258168501692428,38.26504186918067,-123.76452496006407,INLAND,3.162030589904621
5.368686933166696,3,5.78655078904592,1.470079683643487,266.8028775756017,2.1446534684137353,40.84214450870317,-121.3144453213182,INLAND,3.035378073923863
3.24444584220101,15,5.122974539262084,1.0,641.3859936607541,2.5777559803283454,35.62345855267555,-123.765194613513,INLAND,2.1453617894428434
7.89936168108163,41,4.200440425395377,1.0,1146.3952802560987,2.836084662552801,36.47060170547465,-120.96322977767078,INLAND,3.7235328307947078
3.7195730247010608,35,6.311927201100173,1.5478780670620795,957.8476179388939,2.5489078778041874,33.17714090149696,-120.55321222802212,NEAR OCEAN,2.5287541783270466
4.289515618375234,28,4.899600289943062,1.0,839.177099903811,2.0259217976058177,40.796245933538366,-119.52059324951935,NEAR OCEAN,2.2927605950965892
6.463770860159942,9,4.273797201667214,1.0,511.32158476793006,1.8932823207680514,33.50373063708659,-122.18642008177329,INLAND,3.4801621769853734
8.722143954284315,39,3.7514545478134576,1.0,1309.027394412762,2.2433079910399476,35.93985155251766,-115.36757698236809,NEAR OCEAN,4.251510567044855
4.142381983883425,22,7.243425180487877,1.120081272566775,3612.945937603374,2.152362856946759,34.1051043438265,-116.19443759120044,INLAND,2.1511282828075045
7.711103532184317,34,2.9744303714018123,1.0,3557.6497642376708,3.0797009849134747,36.06549654670014,-115.68921418012135,NEAR OCEAN,3.179875025176917
6.346064620276751,43,6.316363668569699,1.236811258310299,2935.780120635955,2.2862928036490398,41.36770520625855,-118.5327591427856,INLAND,2.9139293127799086
4.955389804196126,51,5.536040000456585,1.0,1193.7073626580213,2.411201310618721,38.92444434387418,-117.72540626402488,NEAR BAY,2.574135138178178
5.268997102574962,27,4.570749271331323,1.1031805534871315,2952.1327936910293,2.4702299084286565,34.82075406642432,-121.13829012699607,NEAR OCEAN,2.535219945007987
5.243721895292795,31,4.281019364825559,1.0,480.4376015886407,2.994254683566049,41.12691432624064,-120.62777542511948,NEAR OCEAN,2.923500403657784
6.066377857827294,46,5.531049186124491,1.378206968842986,1997.3385219406898,2.6311379528865584,37.88410976664571,-116.06890256587833,INLAND,3.5004001156597737
9.19059472900994,24,4.586298372352669,1.0,3771.5872706658115,2.139999601112677,37.99491315389147,-118.41689876067164,INLAND,4.838119407466906
6.2423166240177235,42,4.51924111080809,1.038411355554548,2170.199242456253,2.1027224263598545,35.878567372687954,-116.46320422970318,<1H OCEAN,2.0541862971231337
4.8421850966793185,39,7.189705254833064,1.9453577089980958,466.7553319360644,2.3311650638087458,34.380456058616694,-119.73468464321259,INLAND,2.587093571481154
4.468255204355922,27,5.238020365869408,1.3810465209478464,748.660603371326,2.530213364899776,40.12803168101564,-114.16048727688518,INLAND,2.32972958794316
5.833459554048381,50,5.512682288255697,1.4566988408230432,877.1818934446153,2.4197386474145612,40.92226269775111,-119.942195885574,NEAR BAY,3.1615029500090737
4.420999174627572,18,4.13638690276323,1.0,663.6169349702232,2.7980974218867707,34.37824429579119,-115.67782931045225,<1H OCEAN,1.713035897487675
2.4591975555720094,49,7.191047010570547,1.4484764118286795,1081.1934031579287,3.021763239849861,32.84569972278206,-122.30297766546397,<1H OCEAN,2.030237391475782
9.168152939045989,39,7.576582108217924,2.086462951182291,1254.4889423776951,3.075890877269523,37.7290925875259,-122.83044562697218,INLAND,5.0
5.169507608805882,29,5.871495333694746,1.0,1152.8841438572106,2.4743331755424234,41.3772407543765,-116.09418790610972,INLAND,2.664734743017444
5.048762775903951,39,7.926405295905852,2.033008250276503,744.5671315199214,2.5798215059298686,35.68502746148462,-119.0450779590911,INLAND,3.6731550580480636
10.047372268664875,15,4.575587413979795,1.0229579332618806,2749.5970731521334,3.419552908828469,38.44784798461871,-123.15281653984533,<1H OCEAN,4.0480424531932
4.345785207385992,27,7.0627991358790805,1.1753607851698926,1188.9111560176916,2.854926858649094,33.913430659900406,-123.05453727991105,INLAND,2.1223445373660677
6.630770102323074,37,4.855097451258731,1.0,530.1007953731743,2.8237212767342967,40.143652365812066,-119.14097578629047,NEAR OCEAN,3.2738887449527354
5.4630278852292244,8,4.6802371871149235,1.2905868765049158,1001.2880836731788,2.785612925528266,37.9611982411467,-116.46113392719637,INLAND,3.049546281243175
6.3921540591184876,51,7.877488094840395,1.0038511840575859,930.1699831116965,1.891120168104632,37.863790758548205,-123.8880317137199,<1H OCEAN,3.5260212760233163
4.183992992310105,17,4.883302616434605,1.0591766692844242,409.4078718175125,1.97226047882161,37.13289907145027,-120.14889194459427,<1H OCEAN,1.8866191773754488
8.220855711163912,39,3.8750161260059786,1.0,1043.0475514541358,2.2693920998432566,39.062795871994716,-121.31997791218772,NEAR BAY,4.50731982407018
12.172828941787893,25,2.414833498612658,1.0,3083.15033778222,3.2164974735628524,34.97348572042766,-119.05078211169837,NEAR BAY,5.0
3.5905627114884586,45,5.513957783843763,1.4237441747483397,1135.3672194814685,2.581707280731744,40.787745072925176,-114.16175722703055,<1H OCEAN,1.856332058856194
7.703785888801309,49,3.7554923429368983,1.0,1186.1334377628282,2.9460179240808575,38.857545677389325,-120.35433221646713,NEAR OCEAN,3.623664775123515
5.779179094682089,6,8.856990916811558,2.2515906896849422,1913.2553300803836,2.0921073284275384,37.59511439036859,-118.40452293846081,INLAND,2.89549585001277
6.459729275112443,40,8.458260983081741,2.2890733709909887,908.569921749153,2.6308017595470936,41.60561092088998,-115.23321684226885,NEAR OCEAN,3.7615129436806134
6.744706247769437,30,1.0,1.0,658.4391258416728,3.188928969932987,38.25226376239454,-116.81008206308599,INLAND,2.6926411254218863
3.114678511244762,40,8.279842474371103,1.779206517912002,2111.885895274439,3.4398403407623634,41.42871028557067,-116.29159907522669,<1H OCEAN,1.5867211842651627
3.8345038799741613,46,4.170872246272097,1.0,1321.0914606262886,1.861785229851731,34.13138541876288,-122.0085412871069,NEAR OCEAN,2.6145713721174983
4.905524167657332,11,7.628572489483393,1.264186806249966,439.3509368631608,2.3758597239245933,33.75639816905055,-118.88452296088359,INLAND,2.845860138821035
9.492008292893676,44,7.300945367082665,1.0809574445179806,1746.6996071866122,2.3251037764965172,34.25454708866344,-114.60238178546425,INLAND,4.585852226125826
4.774671017688013,8,7.780174697203549,1.7709230011052532,1644.8177872605443,2.53060564382767,40.4673563892895,-120.91487049659239,INLAND,2.0807051813193076
6.757626978568077,17,8.55868165625705,1.1269980645697015,429.35114492276654,3.089680918656097,38.23709378153848,-120.99233247739463,INLAND,3.7612315051532357
5.613508898783137,50,3.531767307217023,1.0,282.8179426544843,1.889672096217438,41.94471100693211,-123.20472192460589,NEAR BAY,3.0611459125048395
5.643777928431512,10,3.7218327352082876,1.0,867.4112561387615,3.386554038690554,34.09166595489486,-118.18386967737764,INLAND,3.2176009777033583
5.861596373845053,15,6.876274773900719,1.1918002701738255,6987.849523418565,3.252250261836135,37.842979292378686,-118.91871658768603,INLAND,2.2941373147025836
3.794296517535078,40,5.691054844605536,1.5198016828185839,6269.627821989648,1.9230203824490635,33.63035492922258,-115.23906986937725,NEAR OCEAN,1.836625181009201
5.107263391263867,34,6.649302818446313,1.6772142502841738,3581.170748944347,2.372759517839879,40.809762371980476,-119.26296436323649,<1H OCEAN,2.986694386626839
4.5531269012252125,42,4.905147446213886,1.0,819.581430005212,2.662596438238522,40.54209699542975,-118.06277208438823,<1H OCEAN,2.3754565672989236
5.335023863449562,39,7.0046717792473885,1.8451161575383084,780.4124645722035,2.7726956490253243,40.04434380761627,-117.20351437218113,NEAR BAY,3.453176226669123
4.03362654831873,13,3.297395383790816,1.0,575.5973437810774,2.889986400654375,34.748489356036664,-117.01747203600407,INLAND,2.166935012319642
12.395341019340966,27,8.83290423130451,1.7189150948844492,599.5443264979152,2.6552112665692484,36.743733598098466,-114.02509927836581,NEAR BAY,5.0
2.5396602067851384,4,9.69724302751498,2.430227706348874,2003.673680219388,3.1548927235498447,40.709915819875164,-122.05333718423964,INLAND,2.1126921647973744
2.576615464545612,4,2.432768787675987,1.0,4137.3906603474925,3.402408177595432,38.5359801561563,-120.95941949532084,INLAND,0.884013758031134
6.633543957858173,41,8.158127337687139,1.9327850881913973,1136.8525507851991,2.4791610298343283,33.38659419666057,-116.79725553387978,INLAND,3.7452379424455433
7.930723397663586,18,2.547208171743653,1.0,938.080740080828,2.769685682650627,40.16822405718668,-118.53676100398867,INLAND,3.89920086066439
11.279642116601527,26,6.4892760275333,1.5863458323038977,734.4344202611077,3.272689028032544,36.12898425371101,-120.25040337078751,INLAND,5.0
4.865956995876248,48,3.8775623592102653,1.0,1163.153813867444,3.1450120852093795,33.54471588516759,-122.09234835775176,<1H OCEAN,1.7575178469400383
5.484246759768797,36,6.281439345273073,1.5146023488673754,764.8184273408364,2.242851369081884,36.77665765729671,-120.74071908925825,<1H OCEAN,2.8244867489877734
6.858900390880118,29,3.374772254913652,1.0,535.8638571178892,1.8590751351140669,33.0242561114486,-114.57966753849702,NEAR OCEAN,3.541054383969264
10.2819669987606,29,6.192157766162534,1.63434462619017,1506.0321681044522,2.86252584424715,33.17371919997714,-118.42478583634714,<1H OCEAN,5.0
3.035264100067489,49,5.18129634548941,1.3350637247742627,793.7962517377526,2.5002352683787796,36.18012678271155,-116.42741152414536,<1H OCEAN,1.6981726437248381
5.9717277245628235,19,5.047877666519043,1.0,951.7980456574711,1.8354207691784858,40.29010476894163,-121.2248376323316,NEAR OCEAN,2.9635394486622024
7.301725233331496,9,6.10913515645986,1.1643773396289259,1352.0164289644076,1.8236574814548676,33.12085735183429,-118.88064315942171,INLAND,3.681548348007291
4.710327550391561,48,2.5969709287461775,1.0,348.6966054995248,3.343256541083222,36.5171622336125,-122.15877781086995,NEAR OCEAN,2.8194409397657303
6.653124203108082,4,6.552899049006362,1.0,494.75672106186397,1.954759291466685,37.95226483159051,-118.37130262915144,INLAND,3.4971870005265973
4.155548654084107,44,4.967448646510128,1.0,1458.531032921308,3.1907430048938745,40.83149290004165,-122.52177743584507,<1H OCEAN,2.0032041055507204
9.482605983774691,34,2.866331244901428,1.0,628.6514319243581,3.0587819058934738,37.99963223721094,-115.64571577546207,INLAND,4.276549633963516
2.4753354924135915,10,6.6551727169463355,1.504250168740087,1382.0829919594025,2.7599769710355995,37.50564744598708,-122.7134621835016,NEAR OCEAN,1.3718696434893713
4.869340034958931,15,4.4422356630524895,1.0,831.1793259146083,3.158630982802334,36.79165959134317,-115.92386480852919,NEAR OCEAN,2.8308657723723325
7.070118898562928,21,5.4093871897355505,1.3840913662710714,1605.9515033714847,2.8485476174488595,37.69111841622568,-123.30055221581352,NEAR OCEAN,3.9803668797890834
4.808034629276966,30,6.055880177032132,1.1248853952222988,473.1621977009049,2.692649178307546,38.07057463508178,-114.78798472257458,NEAR BAY,2.2990304432526747
8.04011477943643,26,5.383188938684398,1.0,781.0239750123548,1.8997700254276848,41.69201486148786,-115.56788772302224,NEAR OCEAN,3.8629949218674473
5.648966885387142,19,5.444491787624612,1.4654323579689268,3799.226635740917,2.0492791200935097,36.95571348471735,-117.03439312249847,INLAND,3.137313833629842
6.268629804496982,28,6.501066741372569,1.4183561799107893,1702.0364526486255,2.9984196111163026,34.13856900707592,-117.31021481039599,<1H OCEAN,3.413728694824825
7.058581175588774,13,5.031594891279144,1.0,2446.9762249320797,2.970831083838831,36.412495905160576,-120.08309771176216,INLAND,3.4503247724567356
5.3463206979229225,1,7.238848266295242,1.8393558350292187,1347.0007497268973,2.961981774509037,38.671375528481654,-114.04095503449844,INLAND,3.2659246909072404
2.5990084853380115,5,7.449879530569958,1.863692509547959,586.1400078486763,2.967854507739282,35.35243737198347,-123.95738857895601,<1H OCEAN,2.249905662931548
12.044122023886848,18,4.505095316873665,1.1629053078441067,828.0670842680876,2.752317551363499,39.956940182982855,-123.52551488928603,NEAR OCEAN,5.0
10.127598657674088,29,4.5477370058797195,1.0,874.9640422844323,2.999408686476279,40.98320400658392,-116.81750606217489,INLAND,4.356251517392524
7.5812875729520295,6,6.563563267375281,1.4095063432519164,876.8817016711636,2.596730382536443,38.200082952446806,-118.03150486147211,INLAND,3.895474101296664
4.649838852610709,3,8.346709999426132,2.134368733440373,3136.1424487506897,2.494874386075651,41.42704637353787,-121.40680716908778,<1H OCEAN,2.3489535950850917
6.693755830192532,40,7.365318611327269,1.6213916055650675,1155.14466216896,1.8615249122213204,33.50149071932516,-120.13129565680595,<1H OCEAN,3.840477941354122
2.5169847036464863,37,3.9730098358653825,1.0,541.7974952918826,3.0918671482811844,36.14681583960271,-118.01188373425182,INLAND,1.0839928131160783
2.7094007559816196,25,5.004399650861411,1.1351747505162997,859.9007350762622,2.4311891885867176,33.32695155955467,-119.8760511115755,INLAND,2.299937066202876
15.0,14,4.11057696914206,1.1152010355106166,1742.5492476936934,3.3224324558706373,38.066713148185706,-123.37700968231658,NEAR BAY,5.0
3.1334679295181793,32,7.997571396800497,1.6363345383703252,499.8255848157938,2.3706203855560597,39.326298345100874,-123.64396139594709,INLAND,2.003402590875162
4.775422181646093,8,6.220496526117289,1.0,2716.487775543952,2.660989670788612,33.82278256832184,-119.56289629712086,NEAR OCEAN,2.690168703802209
5.841230719361983,1,3.797001721156163,1.0609548748549262,3445.5704292838896,3.1940085092160304,32.861372794391485,-119.25600890564726,NEAR OCEAN,2.6703956349009808
6.393032900207327,43,4.756268843507167,1.0,773.3166135987196,3.3774387099967966,41.67585685091574,-117.31643320626686,<1H OCEAN,3.1873398476118187
5.472021931882659,40,3.894998110048674,1.0,1884.8835403252485,3.219480212478897,40.62655124258877,-114.15709730176911,INLAND,2.825152135281298
4.63548222351644,46,4.820367554788036,1.2706211156828473,2475.3019083633385,3.152429189325262,34.29955980293333,-123.2170761350951,INLAND,3.1236796356056598
5.229270756449691,43,6.463061473482119,1.4796779095422716,688.9379114208771,2.2077124863549655,36.470431671499846,-121.20016021559763,NEAR BAY,3.236741794024255
9.129190462478658,7,4.446383144933957,1.0,1018.0493789118032,1.900855253219701,33.03833304764283,-118.1791734779429,INLAND,4.478341311608268
7.295730181698602,3,5.658183597028673,1.0155266912867396,1118.974732621297,2.3645652268426214,35.40346160397489,-120.52164057673205,INLAND,4.163628114095187
7.440309639147103,49,6.026805010176525,1.583111857717462,1703.4113935694825,2.1521387791481423,34.56639018398157,-121.04525354050932,INLAND,4.053121445047257
2.287773287186948,46,2.253007210977434,1.0,3451.763050066988,3.2074873451621566,36.80949857620563,-120.92759093634525,NEAR BAY,1.8601183191237838
6.9359121675186985,24,2.603463862953033,1.0,1124.8686573412035,3.452090197571655,33.94752235162023,-121.84934208697811,INLAND,3.0249036546870998
5.795969967085467,29,4.685360354790684,1.0,494.3692413218876,1.9232524414339247,41.9282310978962,-117.83421568709745,INLAND,2.4752817511246397
4.112539147582945,7,3.9851115976238516,1.0975201862829604,421.3794165775609,3.0044898955484083,33.55636188865033,-117.6603695993325,INLAND,2.7685685356429253
12.53672122799648,12,6.1999849989605895,1.615007884930038,806.0599762178067,3.017778582174196,39.403528980586664,-116.9307196513926,INLAND,5.0
2.826828866900899,19,4.9100427089260865,1.1369280778023196,1101.9420516190767,1.9151592150168493,35.43756083355273,-122.67353086100285,NEAR BAY,1.7145187920085911
5.390282771191218,12,6.718825814952887,1.4368406329015524,2884.4674855574517,3.0624538318253105,40.92974578347075,-122.20132513121432,NEAR BAY,2.803308237049508
9.317699605075537,29,6.350708178307202,1.2703226956530536,427.8613762120083,3.4730900894761847,33.02088602878073,-114.03115306042993,INLAND,4.5510152281798355
5.87177898479851,20,6.963951188235183,1.0,1174.9324711941836,2.21135448522219,40.31120577775144,-121.53946134615822,NEAR OCEAN,3.8492938601618305
2.2640667614859704,14,4.60235741720471,1.2137685702508123,3462.1948950535702,2.547531010452537,34.84879536051394,-117.87275288697526,<1H OCEAN,0.9223251834348212
10.4690579772399,13,5.125367990496898,1.4160805942518688,1710.4705380802288,2.303421640587288,40.72579601225387,-123.12781856556501,INLAND,5.0
2.544724890609693,40,8.91324576321058,2.1276059099322255,590.4343097477645,3.0550837056632907,37.593788627195536,-116.60161057975343,INLAND,1.6464383194840717
3.194505435971767,33,3.7185953339746325,1.0,1475.1002514119982,2.9728213578697185,33.08441629093208,-122.61144436729215,<1H OCEAN,1.7175083874131927
8.457349265635004,6,6.636007195022355,1.2116023373187728,1271.6999739140763,2.611958906077551,33.7675536827199,-120.00246273252067,NEAR BAY,4.5811479156424895
3.547830437463874,39,7.218998296313004,1.803888091750769,2947.718194840907,2.443716048105243,39.46974534736184,-121.79553968463908,NEAR BAY,2.446923604364917
4.878349960421681,46,6.306191373604296,1.5995535286400422,2097.803339352209,3.178445663432011,37.237214228232986,-119.73227942590307,NEAR BAY,2.4002241246087603
3.5304884809671493,13,7.020776523624822,1.1859054899246666,1560.0821088902221,1.9740509219534617,40.915621321156934,-114.7033801067602,NEAR BAY,3.2576580411214446
5.653996638531657,22,5.500370897596868,1.2588373884841926,1870.1346764389139,3.3371450021385383,36.406136452939634,-121.4113771453166,INLAND,3.2219419275404118
9.38035702378654,6,6.321097737570789,1.712769123736046,1332.3316383315262,2.504500498014187,41.50769774910598,-122.23560753508171,<1H OCEAN,5.0
2.6904757765087464,50,5.878248519862536,1.3973018861797462,787.4649132045098,2.7728088585939132,35.02441723543198,-123.23309007052745,<1H OCEAN,1.7112278246134947
6.106461522151837,37,3.1059388414670197,1.0,2069.9783097520085,2.812773072131698,35.53485003313369,-122.0685887298254,INLAND,3.0693851696518166
2.522651057299215,23,5.129851822693363,1.0274816842073338,835.2662169720006,3.1671635050239266,37.32074188720607,-116.1708792929469,NEAR BAY,1.9526414601033573
14.082484427757713,5,2.916996397062223,1.0,1634.7715368467543,2.0171754195561284,34.74786809865097,-121.90488695426932,NEAR BAY,5.0
3.615511707001764,1,6.575179275702028,1.0,2037.263146068675,2.1280295808077385,35.54219724700443,-114.48117063116692,NEAR OCEAN,1.8252520522356819
7.049754020463266,24,5.879221418131551,1.5267137656595997,572.377877698772,2.6878861631701816,35.23346491011907,-121.12901986625107,NEAR BAY,3.6606142847514644
6.245070147741897,20,7.120255012325351,1.0230034271929027,1116.5869777448215,2.922774499383422,41.70601467893604,-121.5032683097562,NEAR BAY,3.964339420737337
5.817391948823922,22,3.5657734587442826,1.0,3550.5080719473563,2.080670449329722,39.72692604275443,-115.77418200680121,NEAR OCEAN,3.36395270409247
4.492009118437381,21,5.667906644241002,1.580748344884808,3073.0893035351264,2.256660897473275,33.558571449633725,-117.99083371672317,NEAR BAY,2.418297227391876
2.9560084770399913,49,5.725660513037476,1.0,1707.078788391587,2.3792081849715414,33.66858669337372,-119.4317905766751,NEAR BAY,1.9419687682571638
10.624180980471879,19,8.919887004341753,2.4433586976007566,1146.8698209087042,3.1601660453139804,40.16537285815114,-122.2581851866752,INLAND,5.0
3.5803473429029835,22,5.170435886033439,1.0,1079.8932262474639,2.4516815730175985,37.822039557603816,-116.90382287831935,<1H OCEAN,2.326824872858392
5.190488469484231,39,4.563416447787618,1.0,833.4780237808453,3.386251322864134,34.44473598569208,-117.72951495366739,INLAND,2.648335746023195
4.683514196665838,18,5.554379978327707,1.0,1229.903323963047,2.357108532701517,36.89182508956079,-114.52799189598288,NEAR BAY,2.6776103719320554
8.519572924543828,30,8.30773811294211,1.305680053566289,2980.216446125665,2.0374070078475124,41.64310658135715,-114.36781861375974,INLAND,4.194720048276429
15.0,38,6.958622200007749,1.1073482631954472,854.7045996602892,1.971277781898913,39.59762542430374,-117.99014375275682,INLAND,5.0
4.0280518542696475,47,6.609658459692783,1.0,562.1655718704892,2.994882666046734,38.65105469375034,-121.19969215507703,NEAR OCEAN,2.315924932834879
5.827975524515957,2,5.103655837680446,1.3031457706387493,2428.817087140584,2.9748305604208207,39.73120350748393,-115.02661314020241,<1H OCEAN,2.8980680303609243
8.880389642853995,32,5.1254756169509355,1.4156971962953342,1013.2662324188249,3.0300168953254913,41.51057474164523,-122.25056659624819,NEAR BAY,4.621313961604356
9.964331716658645,28,8.036051025723193,1.3564965555201756,676.9236551945861,2.463150176064973,38.119084351940764,-117.98544151853751,INLAND,5.0
5.10484803130021,30,4.787719082268512,1.140639703453859,1311.6460540585717,2.4245355589355984,39.44344965906866,-122.21575535718159,NEAR BAY,3.01925637121521
5.192669282444319,51,4.653730118289137,1.0,1033.29765486888,1.8107608380226543,37.03255660612808,-119.38256328293758,INLAND,3.2313349022460534
9.75254483904034,14,2.645652420830669,1.0,1327.8578813403383,2.4321697369315567,39.99941328359717,-122.46071961708131,INLAND,4.259728200912618
2.385476097529314,42,2.8524189900118566,1.0,1763.8416752585385,1.925338745274027,38.709724912733016,-114.09433711734528,INLAND,1.3395328325042455
8.250005580860178,34,7.433144184987166,1.7242497398511178,1614.0048887948608,2.8001002234257157,36.69635932011933,-122.30532542036595,INLAND,4.258833145384583
3.820451272860176,22,2.055995436666647,1.0,1714.1239251894153,1.9305329567143723,41.53097939391761,-117.99234787902388,<1H OCEAN,2.8061559392231
5.853451444502802,36,8.237685451455718,1.6804890603091243,1390.8826399003835,3.304035680024836,35.38047730062549,-121.06185247331317,NEAR BAY,3.5396549058251856
5.629983863187987,40,5.06512012384027,1.0,399.6737951503819,2.6910707009547017,41.2549670349624,-114.74526603668473,NEAR OCEAN,2.6394880654204678
4.165323246978738,3,6.126538468679748,1.5859734626292339,1339.9946406520899,3.202022976117033,34.396373615652955,-114.88045766966468,INLAND,2.4814738652574735
6.295670904042109,29,7.305320513020717,1.6437991210895002,548.2904951339524,2.786640105300662,40.16100614856479,-115.38330237916266,INLAND,3.6109019381339302
4.659474918309893,3,4.475694691917612,1.0,793.8071671955875,2.844942342305308,37.5967849649468,-117.93834473465125,NEAR OCEAN,2.997825737757618
8.630653677524386,2,6.518159616679,1.0,801.536361329618,3.0902286232035516,38.011801717678075,-120.23739028005625,NEAR BAY,4.51897580229183
3.8770016682624306,11,3.759935255546216,1.0,1837.9459814108966,1.981537321039163,34.79033660502407,-117.47595573515179,INLAND,2.501523753054092
3.418426896243779,11,4.410482741116823,1.0,396.3592029618038,2.035668528966665,36.915668060321345,-123.14771950774428,NEAR OCEAN,1.955554314675688
5.754028409559438,30,6.243997284477075,1.2107657217676921,1113.3311520689733,3.344434497111701,36.720745088766854,-123.89279995363698,NEAR OCEAN,3.2680013741505216
5.297797367513096,43,6.208152053670125,1.3889475276184349,1190.7328626450364,2.0565130453543214,40.518973708495736,-119.13815066781487,<1H OCEAN,3.1181731390379315
10.804262416189307,33,6.113951849042251,1.3214789634741828,2095.502157895224,3.382998307002336,39.43048271866591,-120.16044303356837,INLAND,5.0
5.410947730582348,44,8.011542249476985,1.1145824595721447,1350.3074623805621,1.9862013891366135,37.4787606309126,-115.34486203817745,NEAR BAY,2.821607002812437
5.470676636140463,19,5.368839738736155,1.2004380719759784,1804.9142257750077,2.8745603421340573,40.45987105498038,-116.83884250449039,INLAND,2.9607403827427974
3.1769613774807675,47,8.233760204637228,1.3045316254841326,1364.1241509167987,3.176677034037615,39.251262123476366,-114.86340091506501,INLAND,1.9140724414473236
5.969109930960282,13,5.602540551416818,1.171418473269533,3848.0975773745026,3.0466443273855393,41.82116475701801,-123.1882474955485,INLAND,2.706933328228636
3.2741205219091456,38,6.525412848184839,1.0426147337231328,955.2829665560398,3.129800744094645,34.50649295650511,-116.8586523843591,INLAND,2.062340890706218
5.030417406477834,9,6.7459709636676335,1.2272042369335132,5765.840661338382,2.4165243497592357,35.89306964666927,-118.65712772895505,NEAR OCEAN,2.4275346715033415
3.6231708035442733,30,4.641418367858573,1.1110490038405778,883.6176094277961,3.3710145531010784,38.424417455812836,-123.9973489717111,NEAR BAY,2.3142382765441063
6.89779440141202,16,5.857415378958082,1.0,2106.529808274341,2.7098920252591996,41.12459183629725,-123.45280207019178,NEAR OCEAN,3.5823435482057113
5.212197612626144,32,3.03083437446555,1.0,3423.5815623734693,2.140500960563998,39.140390205541834,-114.20599340654167,NEAR OCEAN,2.503579483894306
9.185068748914349,24,5.684056030626483,1.0947456417601542,1126.108022594938,3.341264734641311,37.891361464527435,-121.5504864616007,INLAND,4.255479135634346
3.484228604142861,6,5.619214876752116,1.5665070795585316,1213.508963041365,3.217424150921369,35.27354071549121,-122.77769199286533,INLAND,1.5277925603716578
5.567741895009286,31,6.414185543080012,1.3959442333510266,531.1428143445697,2.851397098301848,39.18031513301792,-118.20992552371375,NEAR OCEAN,3.0913315892569515
5.787323309271724,38,5.289531100590542,1.0,11540.15649888354,2.50964026927656,38.97835350186269,-122.72691209672843,INLAND,3.35913717979774
5.108653521089411,45,8.534550721804912,2.0467725299526482,1114.9963873648517,3.211454550637197,40.63606983359742,-117.50705705728976,<1H OCEAN,3.254952922817072
8.88544534123803,47,2.6126649849412376,1.0,3234.2930159022894,3.1283395447725484,36.72295959002388,-120.2841917957216,INLAND,3.740938257917943
5.278885394498525,33,3.5024145885470883,1.0,812.5208812248128,2.6918177029523096,33.6535690904212,-116.48163476014413,<1H OCEAN,2.5188265069575566
3.404792993123766,33,3.8731700608104975,1.0,519.6159983013233,2.2155747883489427,33.770243913264636,-119.46296219241775,INLAND,1.753278324931786
6.521941988850885,28,5.431766089630721,1.3685259927724778,856.8376860645973,3.0310703907511543,40.172456858368264,-116.26491523614318,NEAR BAY,3.1807217793289357
12.182416312011775,48,4.175049032251663,1.0,1460.4114317310343,3.2121936079605886,33.557499931504445,-117.83154860083418,INLAND,5.0
4.004390811287345,18,3.508263336405536,1.0,1405.5104226363896,2.109194248328476,37.80927930222042,-116.58336055518005,NEAR BAY,1.9900925920192434
5.272976996957849,26,4.642379286601271,1.0,849.9949067985011,2.0359178046108637,36.59247568390978,-115.00501900025264,INLAND,3.2940596669198077
5.964633923184763,22,2.99618354850904,1.0,971.8530046773709,3.0980869215149007,35.41766744297201,-118.16427884920472,INLAND,2.990182967591982
8.307279181459052,17,6.117742189353244,1.0,1433.1936657772474,3.264271150132747,40.31492212392183,-120.80952903314332,INLAND,4.73684205310911
7.627665702276934,33,6.021332036568117,1.0,783.8456561415519,2.3195025974928867,33.40170068291811,-117.55867043907142,NEAR OCEAN,4.008180002714214
5.754818586570157,4,3.34276864780881,1.0,963.8062716629637,2.8065893847022405,37.91323335081831,-121.05096879646813,NEAR OCEAN,3.3554044666383334
4.509425696453931,33,6.9806351779175895,1.418042680051781,647.3282807866007,1.9979053066816954,36.05657990124913,-119.81831854581169,INLAND,2.1012055627466895
4.407912135033355,43,3.231824365084016,1.0,2190.2118259158997,3.1239485026217775,33.30740193765071,-121.50305114867454,<1H OCEAN,2.673805385553257
6.761276679177893,11,4.5827918386717235,1.0,558.0065353627693,3.1749241488948403,39.71042137604783,-118.10108726501775,INLAND,3.375012664701751
3.954167059732152,13,5.883795918381987,1.4194571678040944,1077.5641182395232,2.085563875688259,36.212585908139125,-120.55313608309278,NEAR OCEAN,2.203403681305095
2.92840421166512,42,5.6111996620610185,1.3335353468907756,1864.3429726970671,3.07218093876875,35.04763318265007,-122.6075503769614,INLAND,2.1106869881671355
4.923398882900476,16,2.8429993054609364,1.0,1959.5591804017038,2.4572937628029186,39.833910926446634,-117.74752872561191,<1H OCEAN,2.4068928542213404
4.321759440944134,43,6.2570862520805814,1.2235149935744498,630.4576544893142,2.685310298450536,34.09845497526716,-114.70196950988394,NEAR OCEAN,2.618265876711948
4.595774008673913,33,5.419170278356267,1.2728118770902062,2201.1671154875244,3.3441972025572,41.39567480541763,-123.04904389582087,INLAND,2.1685089598909344
6.941389246189103,51,8.720602890459883,2.438126900654996,1799.061090376077,3.263826324464751,34.80753231277873,-114.01650091987977,NEAR OCEAN,4.479051208735838
5.695066527219982,25,6.511490927852371,1.1756910620963164,2047.6454958913405,2.530391343292325,36.976605815349345,-116.33655243203908,<1H OCEAN,2.7883654201991126
4.917237700012375,46,8.000072833452544,1.3110736798044016,1235.9303318182438,3.2245045859257755,35.43097909967195,-119.98478727457956,NEAR BAY,2.7200562853569727
3.201591801442268,48,3.8977382383579915,1.0,1782.3521529732777,2.2460930537607458,38.43509961403362,-116.57429940891984,NEAR BAY,1.6802474291907472
4.557353943513975,6,2.817875354018105,1.0,1970.2800354266046,2.042263492910594,41.15249569646954,-114.03610042372406,<1H OCEAN,1.8266081158217393
2.6372283316511784,12,7.753457987499077,1.0047084390096919,6695.581263484583,2.4484768672208044,35.34807186505837,-119.34611718408281,<1H OCEAN,1.1074338708579785
3.855012333342332,23,6.09185557154648,1.6601101010457815,436.8868750297384,2.639230854067734,34.98231650195467,-122.11647112194632,INLAND,2.2515082274981344
3.8037095341027114,14,8.607830301014097,1.5179960353341446,1747.3579783645976,2.741650404543492,37.69453626414881,-122.85446302684461,INLAND,1.9605834427937794
5.492202371675327,3,7.411781297150824,1.494936734627038,2146.1407182416547,2.1081737031263423,34.67163324104074,-114.94836820294626,INLAND,2.8023098976367677
5.608778478057075,50,7.315985016884473,1.0,1623.0936469200249,2.606662941556927,32.74109669304568,-114.97198900949813,NEAR OCEAN,2.353301574887097
4.880547792625187,40,6.274936790593192,1.4916721018028076,2584.43067425096,2.1164265321913636,39.98909539865352,-117.2537556260987,NEAR OCEAN,3.2257132371311816
3.2731237756492684,18,4.0438392507263,1.0,2497.3900901540933,2.4235017526981566,39.498893684521015,-115.10663984387402,NEAR BAY,2.2014589947846197
2.5181860929233277,45,3.781343100849544,1.0,1690.400567025799,2.8019271966136197,39.43325740722653,-114.55762729226139,NEAR BAY,0.9400636354064041
10.033238446707642,48,2.0548126237093314,1.0,1255.0654458422705,2.4124920093463627,38.57334742418618,-117.23437154109533,INLAND,4.605170769097923
3.737446162096844,25,4.609890766192064,1.0074962513677053,351.54115422274015,1.8135204948413108,40.92556592187389,-123.95952494577314,NEAR BAY,2.230710657047648
4.803265258711808,7,5.482363499808409,1.4142070771329034,5497.215345648326,2.9530184161090074,38.04263114824525,-120.81389225560362,INLAND,2.4906271591620213
4.403477928435032,10,5.329211336579174,1.0,299.70572673056694,2.655068938089132,38.298807455299624,-121.97846095395886,INLAND,2.5318578037270707
8.063235907585437,43,5.528051604083256,1.0,2066.0425809102157,2.029952049300007,40.11798678411453,-118.34459627200026,INLAND,3.5203928524237806
6.2402651626202665,24,1.8815418010677707,1.0,1732.866950354624,1.9425459318628282,40.71322125474147,-117.83910959671046,INLAND,2.598242490038468
3.9642249164271344,26,5.836361993202639,1.3841623666042782,586.2083869930938,2.4566587886721627,40.45771352880153,-114.48145642207756,INLAND,2.0647175213864575
6.902577980974142,7,8.098948759630632,2.1730596120475383,6044.496193202635,3.3970591000481862,38.91366754324972,-114.62200774647832,INLAND,3.8761372745266884
2.9776523727652666,2,4.146994744370978,1.0,2503.1629485746903,2.423012251185286,33.73771811605223,-123.34286679670957,INLAND,1.5212702928679305
5.230537642546772,5,3.061611970483681,1.0,1698.8216277469996,3.4626844598678064,36.378012024269694,-116.48719242053079,NEAR OCEAN,2.6538704107934437
1.4168010498324157,36,2.8243478038861887,1.0,599.6638873354009,3.029440813519544,36.778195709694586,-119.34991046093742,INLAND,0.41905224387742046
6.302873318736433,7,4.4244153823841215,1.0,3803.342887117129,3.456149779034144,38.72501775751566,-115.31881328433265,NEAR BAY,3.1446167472872797
4.52161561143056,43,4.859771516566945,1.0021381311882092,3976.17495185723,3.257003629059022,39.2322617719792,-123.91697298197624,NEAR BAY,2.8816150121224973
4.943193938518683,6,5.817951715574779,1.054260114700007,1555.1606315276065,3.184635736434902,37.865721864053825,-119.14747971303282,INLAND,2.862726791797078
9.427589180108955,10,6.805260896588176,1.434818190838707,4643.762393644647,2.0991641723676766,33.145271022027664,-120.46622430412081,NEAR OCEAN,4.844546086171093
3.905841646677118,46,3.852975392512782,1.0,1613.4471241555805,2.3323517891423524,33.917248680990774,-119.0231212162348,NEAR BAY,2.573669528748692
3.9824555359378717,28,4.61253860737268,1.108890495379867,1807.9490790632683,2.9557439808092845,32.935706172521876,-116.51941623449223,NEAR OCEAN,2.3471446684987036
2.8012251395101706,2,2.704299596128022,1.0,1344.2524876502862,2.361736871049886,41.170232942191355,-116.84168316181021,INLAND,1.2825360319962107
5.591949728432475,10,6.460305897132258,1.0,2278.3133480499764,2.7904723565076077,33.70152010609116,-121.7071307327813,NEAR OCEAN,3.2057626346947092
5.307484663946011,15,4.826352300228631,1.1844414653005166,2004.127895997005,1.9617915416068183,36.50442319911711,-122.45640145973448,INLAND,2.798337454016535
7.596099096337109,14,5.0806228790711225,1.3368127718701652,981.2260322325147,2.634455717095754,33.71979581306282,-118.57419158929294,INLAND,3.7231626326832927
5.386248219168437,11,7.703150626343812,1.9387347809780688,656.8542676720417,3.0647086873142664,36.50642666681304,-116.31054690973892,NEAR OCEAN,2.8983470356106524
6.362665020001835,18,5.659932446395864,1.0842816896154304,1207.530792531068,3.109002315918505,32.707329789261635,-114.00919687708733,<1H OCEAN,3.674239705004545
6.920158275434269,23,8.358552191742266,1.596815363603504,2201.8808200012095,2.4561750515628167,37.64420355658733,-123.9972890873919,INLAND,4.021382626792812
6.441329575592238,5,6.749432470776476,1.1433848999903855,1220.6679029649456,3.0343016018719013,38.393442207823696,-121.06694225139253,INLAND,3.2628902039696444
5.159790608408276,14,4.750939961404205,1.0,743.9781360855043,2.75114477046003,39.513264580705005,-115.71580579342375,INLAND,2.4580626985324283
6.970931792080164,51,3.582135140170357,1.0,1299.115828690692,2.3813806600756187,32.54458814585205,-118.80525579045916,INLAND,3.226179542263562
7.3174135447463104,13,5.208420984169531,1.183470027490284,634.2350731221986,1.9083136440967516,41.43456874203027,-122.96523267927648,NEAR BAY,4.215662676900706
8.595170107911917,9,7.213551426730488,1.6773781582560008,948.5024825940263,1.8895400245285079,35.58738016151541,-121.81518437535226,NEAR BAY,4.340541466174404
15.0,46,3.117359662233461,1.0,416.4820735016266,2.062180441504961,32.587603948345674,-120.35633971717519,INLAND,5.0
3.491994999794251,5,4.450989376976693,1.0,1468.941961279182,3.1516243833248474,38.94230225960421,-114.02042474163923,NEAR OCEAN,2.1387421700214952
6.90973783563448,34,4.067472343327829,1.0,2259.986422730037,1.9864956888852494,40.17070528508563,-118.35085892351425,NEAR OCEAN,3.56125997327179
5.434935414660755,4,4.763771508070326,1.225945421578149,1384.2920786930722,2.5990017692129026,36.9019010938615,-119.8857934202994,INLAND,2.976357467831268
5.991348176227608,16,6.1592508443731875,1.108915137340987,1755.1408659609856,1.9662904502648617,40.06893088502036,-117.06639558413166,INLAND,2.64696842579409
7.695723103416489,35,5.821283397098341,1.2944134878248108,1500.4854026201563,2.996734083658754,32.74648231411564,-120.67334460280709,NEAR OCEAN,4.052277708559145
6.0493355263038495,17,5.787122879561282,1.0,1842.932027580801,1.931172585160425,34.334838673963155,-120.7848205493322,INLAND,2.9043731894264235
3.3889347085203463,32,3.1165376520792747,1.0,1993.5029863501686,2.859115774507239,36.859835883734405,-122.68816769094886,INLAND,1.5969365382597913
4.329017824979549,19,6.694489971040609,1.4771149683827602,2020.9525392991504,2.9375808303916324,36.88062521944417,-118.52595452137398,NEAR OCEAN,1.9146153681009703
7.083875391837314,18,7.184491317737256,1.6164002883374904,2851.972991186617,2.101761168517689,39.074511990971146,-115.80812618986812,NEAR BAY,4.329424875273138
3.8612847023820653,21,5.083170915723801,1.0,471.5776893059822,2.1753042244252327,36.922181913704634,-118.8973297771133,<1H OCEAN,2.3343829502243025
3.3335210796756782,3,3.9692345301763883,1.0,2232.3295221709886,3.4421043633612376,41.779804744407606,-114.1013099854196,INLAND,1.5628262853173154
4.774634646458549,10,6.878276291961311,1.0,1162.029323536047,2.0002492294999117,35.71258833630738,-117.6311423935766,NEAR BAY,3.0773658467868223
2.856382890821531,31,7.767322171696092,1.669831977917381,983.3846746897863,3.1766449469498657,33.00750649889006,-118.59124494788017,NEAR OCEAN,2.173887670052065
3.8845543675558023,18,6.138071442499381,1.6277665714595855,381.1335383904298,2.9986080691954875,39.84244290564201,-118.93804009869072,NEAR BAY,2.9260854948626083
13.09835902192642,50,4.261011999416913,1.0,477.7908347188279,2.159989388377131,37.346958588706116,-123.21399482307484,INLAND,5.0
4.279920423172518,45,3.6924335313189047,1.0,966.2840074434738,3.288003802100512,35.8893415836606,-114.1861197545944,NEAR OCEAN,2.0488053960551356
6.502894617920554,38,6.459886993174452,1.261652832215418,780.469519356669,1.91945401595016,39.606466547095465,-115.37042974579303,INLAND,3.061602244055986
3.7761335419759563,37,2.8376276144910633,1.0,2558.5594251789594,2.74164572747286,32.85413363501817,-122.45981929819224,<1H OCEAN,2.657686127894247
7.26546083405308,41,3.124953397618349,1.0,2162.2373853941162,2.0680035790824043,40.11653995272692,-114.19439448934621,<1H OCEAN,3.3798342152922656
4.864067151129628,2,5.857423113205296,1.4798985190780507,3558.394648376821,2.7437645107082513,33.27300615501104,-122.32916746190116,NEAR BAY,2.866347733396631
7.8113985641196795,11,8.166960253735812,2.2102240049134894,1212.4241654476086,2.7740968894326383,34.96862577989519,-123.288442834983,NEAR OCEAN,4.304927363234919
4.733775275872114,42,7.4540393346471845,1.1089090014881056,2049.772273793748,1.8015489640826743,37.7074037916158,-119.29652355215862,INLAND,3.019763700246281
4.434407797739471,47,6.145665759468624,1.422529057364556,481.309376822186,3.1512820721417794,33.13545988472648,-121.7646542444097,NEAR OCEAN,2.4267301561631296
5.112129022026284,21,1.948196593039293,1.0,6336.440717945971,2.111191912253819,37.75256589162295,-123.155038454846,NEAR BAY,2.9876083564477502
5.484878552811893,28,1.3230832218461437,1.0,4305.293429388407,1.9828744296476488,33.09885903524846,-121.39283323567537,NEAR OCEAN,3.43632280959285
6.0668035268316585,37,5.204303180366336,1.0029823091657746,781.616139116082,3.114749406915157,33.35691647460654,-120.29742150082245,<1H OCEAN,3.05399951387566
4.0043121847050775,23,8.499829144600962,1.3183865310771217,3792.9668223830336,2.082058461042136,32.63754167607479,-118.65847237922301,INLAND,2.6571533177983295
3.6534851943603064,21,3.983383258244937,1.0,634.2335513594425,3.456170833887858,34.469462200496096,-114.86113155881972,<1H OCEAN,1.650135869753304
2.897629670164435,51,6.966127296998679,1.6732984128688866,864.440399263112,3.3369778885402623,39.01371454794772,-118.93383874153955,NEAR OCEAN,1.7353061361595792
4.202390454829737,40,6.025070746869967,1.4166189349163032,1347.813118503386,1.9495101716470784,34.08984244636851,-114.01772888583884,NEAR BAY,2.3526063830166013
2.5563314844289127,48,4.524500193780819,1.213595943163526,757.6858416276334,2.735610240822004,33.25521306266253,-118.07200773144652,INLAND,1.1569200178534986
3.0772925156894586,34,4.801719462626794,1.0,1985.357448463058,2.821427339148267,41.840160560066536,-115.54675828559157,INLAND,1.4053122842447483
4.9074636488349785,5,2.637516675511138,1.0,2805.4802554121748,1.9413604908765567,41.66924959474313,-118.70070903690915,NEAR OCEAN,2.886986696997472
7.11966709506781,35,6.247461063855981,1.0,532.4070780021214,3.372781910339178,34.746878673110444,-120.99246809261396,<1H OCEAN,4.313721692339177
4.70079981797997,20,4.3866106172948935,1.0,1446.7023705972301,2.330910541622066,33.555955190771684,-114.004086920817,INLAND,2.9189631152499276
13.414674718451241,45,6.942705945056501,1.4609777952631904,703.6856696618376,1.9201447996271577,40.512349386802775,-117.33193206907876,<1H OCEAN,5.0
6.275024376315585,47,5.116743166814974,1.0,1601.3416856898195,3.430603977711966,38.50750469346877,-114.44653916613466,INLAND,3.5270076514840762
5.99887070342908,43,4.996234487004905,1.0983988265463631,1625.897958198344,2.152887320778948,32.6887281240622,-117.6079239742478,<1H OCEAN,2.6192277997420392
3.2892822851856396,28,1.9057693079314952,1.0,885.2438202849964,2.4223601803025416,39.861436761132765,-123.79883573651446,NEAR BAY,0.9380011993042585
7.111403358557998,26,5.989947841533686,1.5193559905325595,1203.816706814847,2.663547139423863,40.06060799014445,-116.8027408562653,INLAND,3.566217655678267
7.094919354719913,16,6.36833450241415,1.3067909974305687,1432.3893508589736,2.2524052851806,32.5319520625977,-114.09177947821092,NEAR BAY,4.020945070929968
3.5733561063475068,34,7.640009259675136,1.0077036975914824,858.5557088194553,3.2604223833218806,35.80424267585702,-117.87505049037789,INLAND,2.1292372195089846
5.571955099001719,32,4.06368862581808,1.0,451.0655375507687,2.693811732223482,35.96297045624194,-117.46669216840664,NEAR BAY,3.1656539738102634
10.89677174624831,20,5.9504991165593095,1.6282002941893035,2217.726292267629,2.7952791805152697,33.207631543381666,-121.86868128922315,<1H OCEAN,5.0
6.156662029946924,49,6.179586389477111,1.550033288125782,2207.1511763314784,2.9756542213433628,37.16657463220099,-115.62508853865177,INLAND,3.093462817682071
8.024416248794159,34,3.3302751849906813,1.0,2141.7724238027736,3.4107334672370464,33.929597401676766,-123.96537411889844,<1H OCEAN,3.7153738941467354
4.701164967546037,15,4.43557465193499,1.173289395793374,702.5048147668979,3.0810942510747714,32.637679112474125,-116.41418136303392,NEAR BAY,2.856866030819477
2.484770857234168,14,3.4825262402081996,1.0,1151.4630264812401,2.120176498973511,32.81672998103713,-121.29216436570093,<1H OCEAN,2.0245510742426185
6.797442886993729,8,3.6247693082680534,1.0,464.09748286610113,3.085516014912007,38.665976884544975,-121.70075820404205,<1H OCEAN,3.2212101022854336
5.098826842860362,30,4.827035519274688,1.0,5197.424249692543,2.753123482785055,40.35177934308534,-115.92216213642969,INLAND,3.09875129178762
6.101798461011414,22,4.323088244970919,1.0,564.7601749781348,3.3247663206692932,33.67905787098668,-120.66150883774826,NEAR BAY,3.115709426922324
5.592335243945139,42,5.470881454198062,1.0884434684360744,3021.886855605441,3.41596390085245,34.17377815440439,-120.03532228528239,NEAR OCEAN,2.685606072517076
3.8438614262873947,5,6.565126837895614,1.0534567096647345,808.7683510529099,3.4004576659051917,37.87546248276016,-120.14298207469513,INLAND,2.5676128167183707
5.632917658025182,26,6.506761188328897,1.522156355784236,1630.7289694364392,2.882339838766889,36.13827785801866,-117.7160723852592,INLAND,3.6095829208471515
4.113684813384809,6,6.8372125739074985,1.0,1133.4667009214636,3.0346598762072268,35.80138874591888,-115.04262951214517,INLAND,2.0526882027344087
3.444190668780712,35,5.048420278609926,1.0,1042.5481252686618,2.483522300689532,36.830689849727776,-115.77460982074098,NEAR BAY,1.5363135581796605
7.784730582330402,29,4.62441380847287,1.2587324282181496,1744.4631230161312,3.212300995990817,37.53564240185227,-117.176534777616,INLAND,3.733488574563889
3.7421923408598854,15,3.4072164399749347,1.0,935.6897681135633,1.8418845731057736,40.088151099282655,-116.30214795758084,INLAND,2.4066481877115784
5.121094588655303,51,6.689329837759743,1.1807875430015713,469.30764341766434,2.6271808132843155,40.13022629395191,-123.02559466020453,INLAND,2.9783124608507294
3.669914958597934,42,7.159867551802251,1.0,1202.6069116938495,3.2836179506019585,38.45183577239647,-114.33512268468715,NEAR BAY,1.8829012990058085
10.493055068455577,10,7.630069470590406,1.263825827203912,2763.8846224174667,3.4091894894849983,34.119612013318175,-120.9282555181485,INLAND,5.0
6.823298063535958,25,6.034270656710609,1.0,1353.8706371397857,3.2523754865908288,34.02865867572962,-122.84363743444558,<1H OCEAN,3.639923725440619
3.498962862211878,36,4.706537733842658,1.1249338329949754,727.0026906719287,1.826997680438192,38.182154097398936,-114.83429448026212,NEAR OCEAN,2.3468452481213027
5.4883661522630565,21,3.653105206425958,1.0,8081.806822833477,2.9497422103950557,37.609303061902814,-121.3922114730292,NEAR BAY,2.8398120336485326
5.534085263960688,24,3.221213321461553,1.0,1346.6773484070484,2.818900587995896,35.0277024855946,-122.53406111449368,NEAR BAY,3.223198523122496
5.744321844694623,2,2.165375180647533,1.0,770.6483414088586,1.8131267980262042,38.566762000966584,-114.09405699297835,INLAND,3.0192388924773743
4.143692867227768,25,7.247728028696998,1.3523841093287028,5411.938211878499,2.2967217402270474,37.03015862987638,-123.80667793032136,INLAND,2.441528055275429
4.042912170327202,6,6.150067583231477,1.0,434.47579753076457,1.902470077971801,35.52293748642951,-117.07719324234854,INLAND,2.237229420220336
10.650940756052728,43,9.471413650751046,2.581852408105121,730.7362932988294,2.709249038075143,39.54422120930335,-120.10012467030289,INLAND,5.0
3.6571479819944805,7,5.295149476540023,1.0854659632296915,2601.9869072079455,2.9300411963984345,38.9748411785168,-115.81982330721951,NEAR OCEAN,1.906251224666466
3.4231327199659485,4,5.59734947035919,1.0,722.9452228050734,3.0074990260494965,37.62776374421101,-123.33797940859789,NEAR OCEAN,1.7819532126335744
2.406938112751777,25,6.115152748252701,1.5528464858594258,2153.7055167661574,1.9760620910901563,41.53505187541535,-120.82855043837975,NEAR BAY,1.2947597546895542
4.883471992696775,21,6.517057417641723,1.0,2339.980933323366,2.66463766705471,38.75163370868052,-121.58354952015357,NEAR OCEAN,1.8486224488438001
3.063753640333576,4,4.351871553881332,1.0131973037372877,5138.686175145538,2.4670123132764146,41.791003841088695,-122.73703793994954,NEAR BAY,1.4533002760136258
14.71757899508541,30,5.4288046018506275,1.0,2672.7146874305613,2.6773109016444803,37.44855777664157,-118.19560557668385,NEAR BAY,5.0
2.966259192815421,32,6.810975572478858,1.8381504114187948,994.5086635249789,3.2279470713373706,37.69069909560241,-120.82937315689068,INLAND,2.322003624986138
3.8727231411544407,31,8.203466985513803,1.7346730811679494,829.8978327144232,3.408074293848694,36.04953084673846,-120.05047671619594,NEAR BAY,2.7866355048900338
14.552480834682939,8,3.9444489208701117,1.0,674.2634750605649,1.8904382387825653,33.074226487180994,-117.44055866488564,INLAND,5.0
8.89747763704188,2,5.8312847511065735,1.037791904788371,648.2620306403654,2.262343106092107,41.68185386553385,-123.25575235436027,<1H OCEAN,4.395747700534837
2.4048241853488066,32,5.6562550575837784,1.1036715229079497,1730.4844327296005,3.368460076459478,37.98619166221204,-116.0295362171703,NEAR OCEAN,1.6327334472166521
5.500330630964151,50,5.029629280060206,1.3228776365399362,421.8903688733261,2.872325635351206,35.534088282248916,-120.01265903933052,NEAR OCEAN,2.7001051293513676
6.089169160426297,27,7.2191731736237,1.3659977631759572,1487.4096585463656,3.0124523261134932,33.14987244064882,-121.37013791737296,NEAR BAY,2.8071780111384266
3.510710892771616,38,9.376185902066116,2.0003712741746726,382.26666994968997,2.5096686243330053,33.82771721836728,-115.85584944491305,<1H OCEAN,1.8946419160675405
7.213193722037616,15,6.122848935025077,1.0,1583.1659444029822,2.0077913451175196,41.72699490806413,-121.56717832308787,NEAR BAY,3.7606603338191147
2.882162575394465,5,4.172034869078587,1.0,938.3537512148986,2.4520080611649746,36.023347713545625,-117.66287199175842,INLAND,1.7181345798620504
2.5330597809245226,24,3.075906531085497,1.0,2021.1039925808727,1.8899031542051987,40.329417946015056,-122.05748819038944,<1H OCEAN,0.8538177782626406
8.377532940854753,4,5.374867454550336,1.0,231.39765648038906,2.0295903295575703,34.496438226789174,-118.41292227393197,INLAND,4.322807729968343
7.059583489871796,24,7.104254547702592,1.2392834407274784,2478.417183564672,2.751132993442196,33.37916021585521,-119.99476468397579,INLAND,3.8608137824122513
12.496444409846454,17,5.147035962510696,1.0,1348.7007310167605,2.630642162880931,40.33095257307515,-115.38010782056341,INLAND,5.0
5.19838846893322,7,5.940646446678217,1.4217390668249135,987.8904898798123,2.4125042136604673,38.99226836270431,-120.01145690378131,NEAR BAY,3.2923898470769575
10.999181533923473,48,8.82228363067913,1.9609199774837258,1881.9114375495883,2.8396174805142946,41.402438561073886,-117.14757687569687,<1H OCEAN,5.0
4.236457202302335,24,6.60196990452501,1.0670163348172912,1789.119659948241,2.83595644980305,39.98451844139291,-114.17224902447579,NEAR BAY,2.1654955961640017
9.13986167768011,33,5.596305161506935,1.0,547.1269801473555,2.9937524553099975,37.43470356447371,-123.97639512148699,<1H OCEAN,4.546541881661014
12.621617302839143,33,3.213432884653746,1.0,1483.4061294779676,2.434252620363441,38.8464650802281,-123.10906362690687,NEAR BAY,5.0
3.6107669075084923,46,6.867822842824465,1.2517598619700585,2155.794554974365,2.9968195239930067,40.30304299138196,-118.28748180703059,INLAND,2.551237179441341
2.435903118756764,36,6.448872401424892,1.3122783595534935,475.5734808102142,3.166792332822114,41.61895135568575,-121.51940544389954,INLAND,0.9656668096261116
6.021567162997051,15,6.903565769713659,1.586841958369588,1529.4364722353116,3.410131558856868,35.82057439569767,-123.93911429329495,INLAND,3.5774135718353013
5.954927267381937,46,3.3701254331561894,1.0,2929.7539198736463,1.9817603686020588,40.36645346314191,-114.55858517661264,INLAND,3.4876538999733526
5.075851119357169,43,5.446273895083527,1.0,1496.7607231003442,3.0414585997697974,35.27034709176044,-121.1492421632577,INLAND,3.196443926063335
8.424648202105972,37,6.486158755030004,1.305471321505853,986.6924926913559,2.003650431040915,38.05233442720262,-114.03289778127551,NEAR BAY,4.972444432087179
3.287480210095975,8,3.005254177142636,1.0,550.0454782573946,2.492609418265224,38.39327701693293,-121.90435010753721,INLAND,1.5558020000216684
5.160441946990317,28,5.724851718601839,1.209259873769955,655.3056323076411,2.576619413443942,32.51967217180395,-114.74658760308486,INLAND,2.7584051274389436
3.849594234887614,51,7.346609603855583,1.0072084055978714,1029.3932146269162,1.909579733165542,38.76835785491508,-123.96271308077124,NEAR OCEAN,2.3630079459601294
11.351967499526268,16,4.408989306298576,1.0,2219.0184443357784,2.537679758693247,37.275862827466156,-117.96442968636825,INLAND,4.99674311823281
7.724512738159042,46,7.300983890564106,1.9976712869036806,1969.0713171897253,2.259881284907316,35.89358025925334,-116.55749614065552,NEAR BAY,4.558617989326397
3.962959272963945,24,5.546738934832887,1.1559702916072598,1032.5644758843714,2.34250121600314,39.341168279157344,-117.061426984215,NEAR BAY,2.6908339058316497
5.564742725154201,27,5.664246324715421,1.0,782.5199992459738,2.7395933151221454,38.85240211723575,-116.14310388144203,INLAND,3.0677710321985137
5.044830490896406,50,7.17303806503666,1.800376675647401,900.3202898493777,2.9500997349745877,38.59244680964824,-115.33757688542741,NEAR BAY,2.525895139768965
3.0130195293184348,15,4.3391065478537385,1.0,2837.7895130570446,3.292999411317065,36.65408999950726,-120.6042483633796,INLAND,1.9399123850386477
11.148922800690668,49,3.302139941521167,1.0,496.3382918007939,3.040710214311269,34.0824759460396,-117.99146188684576,INLAND,5.0
4.497070830451059,42,5.048477854253116,1.3895096147698949,1353.3832382318958,3.120270867593711,39.11928509629522,-116.87017160375733,INLAND,2.1215184865334615
15.0,38,6.057742378000614,1.0,939.602833033688,3.0905128783422144,41.64177682215639,-115.42338826212955,INLAND,5.0
5.54642349055072,3,6.094827779569916,1.083281812294691,2025.3158220754985,1.9585206704484448,39.85721589167591,-123.76980228222314,NEAR BAY,3.7597537567922386
9.576620725907876,2,6.036740540976668,1.6529498643800942,1140.3079288251508,2.416770808060808,35.20094947517661,-123.75232559811737,NEAR OCEAN,5.0
5.534562846989429,17,4.2347847740846,1.1163064638359805,575.8480367456975,2.7544148964021495,36.082250765063776,-114.06235229874004,NEAR OCEAN,3.279560257878307
6.275535813455483,4,6.308049760543152,1.0,3638.422853054049,2.485426351293012,37.59550462608203,-122.75590930233491,INLAND,3.8904990491739384
4.531312775053725,18,5.321405193968338,1.2991846516686518,1499.067188148708,3.2040062559764584,41.213137149445906,-121.42419989005813,NEAR OCEAN,2.3415297295475006
2.4349250484564253,50,8.095455022612786,1.1109015692254465,1443.7140676853387,2.6889883126155287,40.57276037258473,-121.19344572581319,INLAND,1.6136733387399849
11.589205906411296,41,7.011893787724959,1.4952884494817615,523.7881436060418,1.9010378416840485,34.912405645778456,-119.88743788587203,INLAND,5.0
4.152290615420846,42,6.382621916466535,1.4889806052648127,1049.499176669412,2.0865574425566495,35.161649153801974,-116.57228218316526,<1H OCEAN,1.6206390663704138
10.570176697117825,31,5.191799990513998,1.0338021106595077,804.8585861508324,3.1527278605965794,40.65942525052635,-114.62331543665942,NEAR BAY,5.0
14.019046607972989,25,4.894862445002062,1.3684330330047636,1222.6904415090462,3.2761091290581934,39.11391625836472,-118.5532808798406,<1H OCEAN,5.0
4.069619599815982,21,5.114909464888455,1.0234886361934756,382.19804289901936,3.4941517281653427,40.16010864479867,-118.26481897033977,NEAR BAY,2.216911526633801
3.7395921963156558,21,5.9678342111261395,1.0,1407.7007285022678,3.108079017472228,32.9857273906713,-120.02543913155459,NEAR BAY,2.308866777138562
4.208500829787095,22,7.163498993780454,1.0,2223.8721209268665,3.114973796564055,38.99141331377974,-118.02384925697909,INLAND,1.9639997101286306
2.316074099953235,10,3.0071160703869273,1.0,906.4807250667408,2.383175052472478,40.980116181002465,-123.58658221184348,NEAR BAY,1.9007453114752404
6.390566620684606,3,4.64805726346681,1.0,1546.146406434381,2.9724268380300267,37.66196190926796,-118.62567615773277,INLAND,3.234824524725978
9.796728351097078,27,7.619099144440284,1.737925167575349,659.8815049628507,2.574886551146781,39.692045830873234,-114.71986841341074,NEAR BAY,5.0
3.5727723535868376,27,4.5305605704339245,1.0118546439657758,3869.3884250838664,3.128402794815002,33.56084059173438,-116.21966300426331,INLAND,1.9476567697376137
6.757586207452594,34,4.061488295644643,1.0,667.5313788111542,1.8471177751895798,40.284053913597035,-120.13266881266263,INLAND,3.949124559897676
4.9405909698450605,10,7.315539859523481,1.3174102491057114,1146.5215114470736,2.846989919059201,33.002647549527026,-116.11859416912776,NEAR OCEAN,2.429888862394546
4.954874204578184,7,6.352753090083871,1.2526650186970663,768.9104717804834,2.3011547349715245,37.44956398219256,-121.5473091025599,NEAR OCEAN,2.391460980630095
5.423542053971105,49,5.875522393226465,1.1342839517533325,706.6311140294122,2.8361261155281783,34.3948955107096,-116.88630995304405,INLAND,2.4517875153655937
6.351901789289742,25,6.536819228752468,1.0109258860995967,3642.5390398857444,3.3117614087520755,41.98890896447875,-121.4744588817542,INLAND,3.6399335894432174
4.1053353949098,15,5.016702725216461,1.0,3395.0535117247637,2.8714127686090136,38.50828764980686,-116.63881695777387,INLAND,1.5160380257696693
5.499417057356372,19,5.5584986759608315,1.4048998607133762,945.4367898093867,2.6904866035872996,41.969637943540675,-121.62358742845602,NEAR OCEAN,2.2749081523915904
4.173386930253826,3,5.658807070072161,1.4360931756615927,12122.074144220398,2.4244148288440797,39.62659379169005,-120.59133671343257,<1H OCEAN,1.9812395955797746
5.794943927119718,46,4.946760141427447,1.1749195016077754,2698.6113562102346,3.3797473130519866,37.12281392563898,-121.16003499137744,NEAR BAY,3.558340286702023
3.6179642748018663,41,4.936495442492236,1.0,2553.674383368352,1.9764167909563983,41.14932774958864,-115.28713975428674,INLAND,2.2755515931743284
8.23621009684083,37,4.00703676339773,1.0,1327.3055838576045,2.1236909664174837,34.97563058023373,-115.8505425223164,INLAND,3.620790716057369
4.67597722838923,41,4.649252250832122,1.0,2866.683015657954,3.347832650168062,41.77010793778052,-116.86062239223618,NEAR BAY,2.0257748541422114
3.1177108252020025,47,4.753623636477758,1.2952718830445324,1434.2537589957267,3.0678472682561226,33.92178551199349,-121.77722787090086,INLAND,2.368346693579153
4.967009452401392,34,2.3244661238964492,1.0,696.7423523659377,1.8079295708608556,37.34537974500449,-118.74279669454644,INLAND,2.2279083347940403
5.2917708949583755,19,6.523127564211749,1.4910223661884647,1305.3046870401897,2.518993825240567,40.79778797205323,-115.93721114833656,NEAR OCEAN,3.1879298564674174
4.389380247238437,5,5.953429098547415,1.141488932378759,991.9625557128018,3.1278542303554,38.3745828872458,-118.16708444315384,INLAND,2.742286286144893
2.648989289302836,9,8.021243652377674,1.0582339914106151,593.939594280786,3.441909125645023,40.18787742691367,-121.53422642456695,NEAR BAY,1.7050225786488267
5.160602317804096,23,3.259226182305164,1.0,2557.8866184055246,3.1522138722839648,38.08492291330111,-121.65844411200572,NEAR BAY,2.6541952766882084
5.8860977630216444,43,3.7762847221757077,1.0,1485.890086331265,2.463439369024208,37.106124518660096,-116.9824610492928,NEAR OCEAN,3.224857171973336
6.617334315096714,18,7.089527017597108,1.5649177780037324,1268.99719471805,3.2075467819699037,40.10548630930276,-117.33231629269487,<1H OCEAN,3.461657286210202
8.633506401149313,22,3.4435046353647127,1.0,4148.848506650383,3.23452770624233,36.035886087596836,-123.43155462658855,INLAND,3.611329812596815
6.854526066914233,49,5.418724175034105,1.0,1485.0676024902577,2.188046075023485,39.11242937156159,-122.58223866240752,INLAND,3.467933102352009
6.346559454528383,30,5.0818070774450925,1.3107426053497604,2978.462560326405,3.3802084462577655,33.055433678908074,-121.2527801997239,<1H OCEAN,3.067823442538846
7.0686137123184505,46,8.10226825093954,1.4478851426182016,672.9066835150428,2.4164807080212674,35.13993794380479,-119.48465442964161,NEAR OCEAN,4.159626819738755
4.240336546450252,37,5.408803199370735,1.0,800.3232171277444,2.2258279618707015,41.48694229533206,-123.45369790892802,INLAND,2.590816472141645
8.3306060618979,27,5.402282629657535,1.4252881583757846,1338.2194802361678,3.393426429315703,36.666423580710074,-119.76732706938938,INLAND,3.8086275058716454
5.28632423348923,32,5.871333341288157,1.373749359973051,1424.8064340110004,2.9856377335960724,38.61769927059405,-115.61542884934553,NEAR OCEAN,2.8823170547419044
5.023329688089405,38,4.032849853432056,1.0,1624.0188503841548,3.2422839709027818,33.779497534236086,-115.19425381558477,NEAR OCEAN,1.9383182877997318
3.1224929390780867,41,4.63149774933731,1.0,2568.8671558852902,2.5571949656052384,32.765757577496025,-121.13774862951941,NEAR BAY,1.6660909772460484
6.676920910841478,36,3.6276757714057237,1.0,14071.453950427427,2.814290790085485,36.256868653763114,-116.34007069789456,NEAR BAY,3.9682603088987554
6.369170686210709,9,6.600094587301734,1.5464344447343144,469.22929837394344,3.4548196771407476,34.26165247119993,-116.63858988884903,INLAND,3.4201652024857787
7.648714331760698,13,6.672248077317594,1.24554029734441,899.4891219147114,2.950474947004853,36.49697265067951,-116.97792857021732,NEAR OCEAN,4.454540610507942
2.934918631997392,5,4.060718713577168,1.0,1737.1628867029754,3.2881767507035145,36.11282967970712,-115.77698623977693,NEAR OCEAN,1.7403981858836164
7.563540305508594,15,5.059817129818497,1.0,4764.067763698587,3.364503581767625,38.121367556191274,-115.44905187365241,INLAND,3.9824026661818914
5.051930808734079,18,5.768051250004865,1.0,1155.6062177455694,2.8116014260661624,39.567296394934,-117.96287918914913,<1H OCEAN,2.75363347450159
3.6566898667624996,7,3.142152840274946,1.0,1320.003932453186,3.4735797174652436,36.14509318978241,-116.75604802327284,<1H OCEAN,1.1800358221584508
4.4453767093502785,27,6.405684796533187,1.5747367559785923,1024.7720031940887,3.1726979362535963,38.33452987204313,-123.843620518607,INLAND,2.6526303468999344
3.7904852131858657,48,3.6786299990478195,1.0,1887.5526153259896,2.312051339317045,33.317926070743695,-122.55676676816472,INLAND,2.4253705851270286
6.347649753585321,39,2.6215113288148153,1.0,1312.3464065313744,2.732328905202211,34.75352253852045,-123.29272174933081,NEAR OCEAN,3.3372274631176375
4.499770220805125,45,5.59858393494924,1.281382319100452,2274.9531446586925,2.6523701501176355,40.30163496839481,-121.0558559894361,INLAND,1.7494977031289585
5.273959156518235,41,6.527067488608244,1.77775954251434,2964.9801186816003,2.4375571703007366,40.13035493770096,-121.68255404261905,NEAR BAY,3.4154711078811477
4.435931408894496,45,7.025953882424604,1.7444258442075653,1044.0783701808766,2.6985987871558095,35.03435964331753,-114.90490546135712,<1H OCEAN,2.5004013527648903
5.171529983310334,29,6.282791661889039,1.1804530891359653,2488.1412967064607,3.157106831628817,41.569039578378124,-121.17521673418645,<1H OCEAN,2.6538667921414105
3.2821111962141925,25,4.339687281189688,1.0267427490882215,820.4620233027747,2.81901522619211,41.26907321066686,-122.96109811583113,NEAR BAY,1.9460364488265114
2.216060152746566,40,8.641119816812214,1.26393762612674,1542.8786668320768,3.3468696880939586,40.17707386849148,-120.13614942292152,INLAND,1.6871052024144333
15.0,31,5.607060799548517,1.3719425261267342,863.2720894123452,2.816674177995705,35.213782207825176,-119.3864795923845,NEAR OCEAN,5.0
5.565321473153029,30,3.9238455041975975,1.0,454.0966131846774,2.4754387752062703,35.31549466405778,-115.54400896143135,INLAND,2.813460239148334
15.0,44,7.143969651006564,1.2895268158486588,2430.552644778907,3.0807661569244393,37.71502780315464,-118.85503850934312,INLAND,5.0
5.290194994528219,13,5.992352399152154,1.2936390638887152,686.9325563032445,2.1608207582312344,34.847963297401506,-122.95475890205358,INLAND,2.9849068245593404
5.397598046115497,4,8.953878749571103,1.876977960416049,826.3223800682804,2.731398686219987,38.262150695451304,-120.47653076125225,NEAR BAY,3.5823314227250442
4.793764129357299,39,8.130143752843559,1.7084434576311174,1057.8775950116883,3.2004051074062745,36.607578947910326,-114.63101907316477,INLAND,3.3143265018573436
7.0392281282999845,36,4.825090100740156,1.1839167175683698,4599.426453911935,3.316580761301895,36.1591551984741,-114.23329254954581,NEAR OCEAN,3.5147646156228554
5.714092613248275,31,3.4241602642253364,1.0,3846.366811856352,2.1078277155807816,39.387139194513175,-118.49682872650672,INLAND,3.013849773734447
2.982394432842331,9,4.651566226710521,1.2040360584091672,448.86385760873117,3.2998272606971115,37.72986600194449,-118.85940178236672,<1H OCEAN,1.5416921168359865
3.3943094978742514,29,1.5651983952334225,1.0,598.6970737914505,2.86123052731517,34.37536404834816,-122.16620349225867,INLAND,1.7772537676820142
3.1596253343361878,25,5.560159166955732,1.0,4534.346101280969,2.1412184866750543,35.15269684639736,-120.71437147263924,INLAND,1.9504476032523286
5.727501081319869,42,7.16990919123387,1.9736394021195818,5544.852664192372,1.821838916214846,38.70878586940299,-120.10727456391314,INLAND,2.7712912463887007
5.84623842016276,13,5.541562483798578,1.3374286956163135,1827.973063553842,2.4262053357043154,32.69347037098716,-120.33368374687291,NEAR OCEAN,2.8844371013521397
5.723684267534771,2,6.314168225909565,1.0,1464.3845848247327,2.526763603699846,41.76759648125637,-119.45535815224197,NEAR OCEAN,2.709113838303819
3.94478581786598,35,6.812659459237585,1.3061601993882141,1286.1725317616824,2.2301557401636942,36.7970589371234,-122.12430963389541,NEAR OCEAN,2.360464307901582
3.1551313110407584,12,8.0397461095707,1.0,1161.4181886575532,1.8083618836856612,40.748708871970265,-116.16634936397254,NEAR BAY,2.279871305588786
9.084332995812611,19,5.781594405551143,1.1758971295835419,595.1177105335711,2.5804793496858127,40.4988212835409,-117.6762164540165,NEAR BAY,5.0
5.961149699097318,35,5.129707537004763,1.421913896677313,2293.3902468296583,3.3809284397482346,39.099743852870546,-118.43082231129178,<1H OCEAN,3.3260755139876914
7.054868826100365,19,4.529669530724509,1.0122778192595834,725.8080558760544,3.4025626104154263,40.596560067359164,-122.15830417276091,NEAR BAY,3.87126380981221
8.36001689242313,12,8.22435577528199,1.7887701329113055,2047.706919867997,2.6321607812253798,34.25825950535768,-123.54259593656379,INLAND,4.664034810319843
2.1623667639198665,2,4.494807886330258,1.1353162507581736,1369.7251953770815,3.3345496177676024,39.50937192351814,-119.26724315998169,NEAR OCEAN,1.5122567505598647
5.586665202023266,10,8.648445126028253,1.8355205739297167,2729.090449936853,1.9552848235516076,36.526648017717505,-118.96600726393939,NEAR OCEAN,3.5199144671113927
8.98337883354574,1,4.938951206976699,1.1004293205591245,857.7696817289617,3.2426648215395963,39.77518261148502,-118.38406686661367,INLAND,4.792318589769136
3.1157610839924335,49,4.078857368873135,1.0,584.2999556868956,2.7490648883106736,40.83777138920118,-122.90482306149622,NEAR BAY,2.667339494691298
3.264224785138506,17,6.22696029933259,1.309175021435535,694.036679617572,1.9181439999584389,35.62807571053551,-123.92949369623989,<1H OCEAN,2.274490158068294
3.2328020594289724,48,5.9177350426624145,1.4057372219742206,1320.8054044145715,1.9091313527677705,35.98302228323877,-117.8869177673983,INLAND,1.5463776588746732
2.726194887806622,20,2.6802567557147436,1.0,1210.776368882895,1.8442121172094919,38.35850084084669,-114.90840644268371,NEAR OCEAN,1.9150919651251328
7.027687172190615,24,6.686532094993396,1.2371667405100923,582.0058543317496,2.3535834076748787,35.33518327580551,-121.43921525114155,INLAND,3.4973746018580005
5.8989748630115955,7,2.3695097005749934,1.0,947.1368165286591,2.7217895543435513,38.931033804800244,-118.07210759408234,<1H OCEAN,3.5106616967282838
3.0853031403895272,6,8.58363007785785,1.3677790361894855,1409.6450763035907,3.123366126478878,35.20563667617833,-122.54515300694527,NEAR OCEAN,1.9711065140714887
2.3696890470254806,12,3.0860370439056095,1.0,2120.5439482687702,2.8186950688947157,37.05198773672542,-120.69116930473727,INLAND,1.882313175199334
3.6742826987525867,41,6.0014045857513985,1.0,1319.7171937490198,2.6459269918028934,41.86146928057317,-122.82789422901713,<1H OCEAN,1.7766030025622663
8.756471432854514,49,6.422023559363337,1.4174178716135102,2113.3531412242387,2.208647931019239,37.92212300275163,-121.35179987299963,<1H OCEAN,4.996081946840395
3.1739189726383548,40,7.137449357100273,1.6963486191919561,1376.697567175867,2.8311087856006676,37.656690084575594,-117.40082252511425,<1H OCEAN,2.6318315288348346
2.444570793924189,16,3.05973241147544,1.0,1381.9755331916604,3.4575657947718743,37.73339223278374,-122.23579611857247,INLAND,2.0454334025949708
4.991561639011765,19,6.387841694205754,1.0,1854.1838737052212,3.395990989379926,38.238972730550365,-116.8961650301267,INLAND,3.284337569339441
3.0650972230985896,13,3.681248599776854,1.0,617.1510888574622,2.4688829213222694,37.67987293092818,-120.76307428913653,NEAR OCEAN,1.8164311898611374
11.272692731448121,39,5.926050214060587,1.2304597679006866,4566.20969848404,2.6284399147013486,35.31764843443761,-115.7220634066262,NEAR OCEAN,5.0
5.609978452647204,44,2.207606464524516,1.0,1408.6398794616898,2.5092864611123216,35.30038674924134,-120.01315411266019,<1H OCEAN,2.8245114674627843
4.410137177637242,5,6.390773497729513,1.0518072108488212,1264.9621920347186,2.7625404510559814,40.98912553374791,-117.13632893812968,NEAR OCEAN,2.162849853325021
4.441081867931678,8,7.722685197949501,1.3653214677352323,1574.8619842763414,2.4983790683902636,34.857870772639046,-119.05319500134443,NEAR OCEAN,2.586229589036035
3.9980949795987524,24,5.017419384348438,1.0,2808.816228445451,2.177951546978696,34.72623497171492,-119.98987881771562,INLAND,2.5698848216024106
4.179756649336762,48,5.657273419354166,1.0,1755.204378091828,2.145214191648866,33.55643607574002,-123.1690419157661,NEAR OCEAN,2.9736808594382484
15.0,3,6.5505311787190585,1.0,2026.698890489918,3.2097911738216585,39.90425312649962,-121.50864616244215,INLAND,5.0
8.039717521975053,14,6.0778195786507165,1.5894588162566454,1419.1124475934546,2.65119975350839,38.08211601364939,-117.2886773431411,INLAND,4.035069387573367
4.7274495099912315,45,2.7817723820942644,1.0,663.3668127239141,2.0177093200353595,33.74014934969808,-119.17929955235567,INLAND,2.9609916594133274
5.745586542682815,25,3.4251295480604647,1.0,247.8356840191297,2.7314734259846167,38.5363369214167,-115.04221728625332,<1H OCEAN,2.8503165812834284
3.7200834968490373,18,4.812548538796639,1.0,2296.6071816617796,2.9619780435324516,37.14223156290579,-116.51624401094814,INLAND,1.8016058010269418
8.179268498203564,43,5.694195670825694,1.1646506297581913,2580.890241796278,2.097119756001339,36.988257051794065,-123.82414882163008,INLAND,4.574105781892472
1.1393997424322626,9,4.694133562865963,1.2225711911429684,614.7597773489799,3.4801093431388344,36.34349485205355,-117.83692397869768,<1H OCEAN,0.9374759146874492
3.9572565655499448,9,5.66503104426153,1.4529206026300272,569.0609759645264,2.0736547592847736,41.38644299502283,-123.86978874609032,NEAR OCEAN,2.4126894678276063
3.154266063024113,8,7.215456653130406,1.5477228419248001,625.8020531333523,2.6828031468510165,33.49189468071294,-114.46000116142366,INLAND,1.9634872495890268
7.606956722370106,43,4.885817361117305,1.0,882.9096805726793,1.852339975021451,34.5484759163394,-119.04061995095805,<1H OCEAN,4.029814786480685
5.036922159035973,6,3.6246945075376376,1.0,720.2087926920094,3.194467824265285,32.82586425519717,-118.50302595628253,INLAND,2.18754623937021
2.288826985033592,33,6.347064074633297,1.766203735984063,1407.4127442151248,1.9974754688430647,41.45344923294928,-120.7127055511554,INLAND,1.4608942912833733
4.757142285255178,6,7.584309453309981,1.9118281593070963,1438.1178489606648,3.0091777993045232,34.82144837189965,-120.75294179792424,INLAND,2.7883987118194278
4.9520060619522,36,5.987647380603135,1.4059913445136936,1329.6325843180305,2.3115457666919847,33.04904370359751,-116.74912828461358,NEAR OCEAN,2.5386244375007845
9.660545749454139,25,4.705977402190954,1.0,913.2737399662607,2.665429618069743,41.062540560386594,-119.63166272996989,INLAND,5.0
5.622723093915303,14,5.2026580542173395,1.0,709.1176866324791,3.1093955181205986,41.60792733953231,-123.1995706436983,<1H OCEAN,3.582011069750431
4.852042313899386,9,4.682886930707793,1.0,488.55613870811317,3.424883042822996,39.78825085375188,-118.51516509029874,NEAR OCEAN,2.8191735660997734
5.065291246867986,35,5.9921388085663905,1.0,877.8971706329603,2.087238657808221,38.58741392712395,-123.2974791811732,NEAR BAY,2.9850540915227723
1.7611795034428992,39,1.9159986664334512,1.0,1919.4943186392663,3.227980571580785,34.98840430265953,-117.29851475597519,INLAND,0.7908098465337493
3.4082567654941562,30,5.663106193646057,1.414280530171172,443.04848521840745,2.1718697243245835,35.17290937382876,-120.26395594727404,NEAR OCEAN,1.343755070157858
2.0283472601984425,26,5.202062448366085,1.0,1214.1735523346026,1.9005379580295265,36.29749547984077,-123.9779127937322,NEAR BAY,1.2924770410005437
12.219448011035018,26,7.030138589757474,1.1254683202963798,638.4545194308705,3.234660977371436,37.84479780433111,-120.49250335611744,NEAR OCEAN,5.0
3.963917545728698,45,3.0865976954163328,1.0,545.1818582520294,2.3269310059662542,36.868314387432754,-114.63549932656936,INLAND,2.304848586303385
6.594716291501658,20,3.5462180051496865,1.0,2381.133441776376,3.1958150343562086,40.40689961033091,-117.91486158021318,NEAR OCEAN,2.989770540496348
3.108066894853741,43,6.100266672862374,1.0,2831.953086710039,3.314874226436204,37.139668090293256,-118.05175799025605,INLAND,2.0744458701891664
4.122779040230797,6,7.713781492725028,1.4925461762696086,1760.362082694314,2.857414117688234,39.11249733025568,-115.79535518605213,INLAND,2.908090381411869
4.228622476217361,38,5.254795095283005,1.4132710720313468,587.5704614842209,2.395336201531894,35.778816518132814,-117.84150331343932,NEAR OCEAN,2.1232690357684945
6.218749012536072,49,5.106405274822881,1.316006467147042,2192.8022023968833,2.042472449307999,36.012451465650166,-118.73717334300727,NEAR OCEAN,3.3018236691348104
4.581641579223414,9,4.169382819654877,1.0,2064.9286169573165,2.0973003427417294,40.18893230010596,-115.10012733685326,NEAR BAY,3.0744587633785856
3.6502550707443167,11,5.5657962195729995,1.2881405914119408,4674.123375405617,2.8671003692307027,38.11635797340951,-123.65646939152825,NEAR OCEAN,2.061114538913732
1.9395013794858562,24,3.859873402995793,1.0,901.9304978674166,2.635585195666233,36.9647148634663,-116.29412798899322,INLAND,1.1800344524977457
13.33994736631256,32,3.243188075854368,1.0,1629.9165905070383,2.9406194819009057,33.16971411838573,-114.99033647361964,NEAR OCEAN,5.0
3.8629252122709916,47,6.419276925520421,1.0,715.956852165451,1.9224155329513708,41.247796487238844,-123.70112749260564,NEAR BAY,2.292798894169794
4.095571117510738,25,4.018928472078999,1.0,371.61387479972325,2.2429896588818155,37.98463991601252,-115.08206056953725,NEAR OCEAN,1.7355364479169126
3.7599180899944717,39,6.634110505421534,1.3148335331162722,388.38344520215105,2.1206014265683066,38.0756377782909,-123.65091043327571,INLAND,2.0095092644992474
9.17600548869837,20,5.392700641058867,1.2523092355785046,1328.251739772102,3.3712479899341172,35.9926055208435,-121.83253425125086,NEAR OCEAN,4.501145521978628
3.620367035276972,28,7.161806648791558,1.4065084743122465,790.2355757102138,2.222179170594607,39.342617347142536,-114.87605129855035,NEAR OCEAN,2.3242493281296763
3.921081007798154,12,3.6572527119832916,1.0,1796.2009912476997,1.8847950245284901,36.583901864574585,-123.04399970006415,NEAR BAY,2.707701007251897
5.358666697114722,28,6.853627224923012,1.593031801259738,1949.7885682557605,1.9746566451423677,34.82585082006777,-123.00355841343521,INLAND,2.499227167688917
8.4445286183736,46,5.514052597766299,1.010221681660485,1296.9195843345408,2.6929721355740197,38.563959093459495,-116.11806607522414,<1H OCEAN,3.8268870323200272
4.850625969972918,18,2.9859999597331597,1.0,468.48201988177226,1.8379524463621828,38.35312521849232,-114.21569576116418,INLAND,2.8967262124755186
4.9942942247121636,45,4.276553522330151,1.1532365217516687,676.6595785861209,2.2628325020853928,33.93999277782556,-114.2741250373111,NEAR OCEAN,2.459982178825039
4.635994049659107,44,4.326963665411823,1.0,1497.8064904496255,2.7912245050191573,37.78061961129457,-123.71347087590347,<1H OCEAN,2.638045546877099
3.954428799614781,32,6.168076179793678,1.200286569984728,1599.0064100893806,1.9572822728994912,41.16148629617504,-116.90089965875056,NEAR BAY,2.8645884553675494
11.23188563865293,46,3.8774358694363844,1.0,1613.8267114678158,2.6419093488244196,36.33003525973146,-123.96888171243802,NEAR BAY,5.0
3.391883911362999,43,3.403373909019905,1.0,2257.896799111088,3.1400271655996805,37.49573428128976,-116.93622746135304,NEAR BAY,2.03468491298224
5.8507778762088405,35,4.812712772356296,1.0546932687543031,1099.1575517890437,3.109892285198285,34.268550585437,-114.94595473683901,NEAR OCEAN,3.2796240873231297
3.795054803767419,48,7.06902188585994,1.682985047449615,1473.3787674495093,2.140447039253075,39.31317706034989,-121.61525780055696,NEAR OCEAN,2.321554940533446
6.397335404771358,51,5.7114629592721995,1.0499033239552829,1847.9420085599252,2.118422396653291,34.47034976330747,-119.96752367591715,INLAND,3.1722869010008665
4.765287867283081,17,5.009507058266357,1.0,2411.996525203218,3.2551176209102994,38.42530157333875,-121.99056821491904,NEAR BAY,2.7788731279354857
5.4604306222933845,40,6.495386092940411,1.0,1274.669107598337,3.039554485836657,40.63445379505169,-122.12426373394545,<1H OCEAN,2.8829935828846467
5.089122181151078,24,3.844879499907492,1.0,1246.0823526094316,2.452630043831005,36.932398084164035,-114.85823979660051,INLAND,2.672469331146393
2.9766127432108034,42,8.540965421490874,1.5908677217744631,1570.754562671036,3.1828603097034893,35.265938882113176,-122.4170970436331,NEAR BAY,1.9335783464895229
4.753614273529109,8,8.324735770871001,1.9466491713473688,1325.5856731851832,1.9071028308847136,40.640347533385906,-118.17567544237075,INLAND,3.1781376410534765
2.15665754956456,26,4.695804183687325,1.0,1077.1348852218966,2.122208327139903,34.07825312473197,-123.30283556836555,NEAR OCEAN,1.3218100873231176
5.400333014620551,30,5.643745226240964,1.2682405542881718,851.2242722460012,2.850998192812381,35.6094613208504,-119.40939090857525,INLAND,2.546377968953363
3.8899210344164117,24,5.294853567650346,1.0014161167801958,420.99299108269787,2.81299969211848,32.952421180566944,-115.98332099525257,<1H OCEAN,1.9525105837941323
4.415800323016062,49,4.588570984653737,1.2385235663395313,1820.2376213717814,2.882121922644036,36.63495756816623,-123.14737994323752,INLAND,2.048943820566789
4.945772264664985,19,7.0353147285398,1.381077273891968,1739.193182982416,3.003375980625359,33.20321122944518,-120.68178008317604,INLAND,2.4207659583320655
5.220746313951033,31,2.9892236503139396,1.0,1526.6863212298667,2.429344150730556,35.78870836587589,-122.77615737571841,INLAND,3.1341124646594785
1.726596357689033,25,4.84275183458025,1.0223549386800492,1678.9519175120636,2.2341892747739123,38.58429010506186,-118.40726573355887,INLAND,1.5857734218805688
4.1237923418218285,27,6.339460584483047,1.6032140025969819,1154.7169674924228,2.8596402395524985,38.78416656278273,-114.19919023801359,NEAR OCEAN,1.984272271042037
5.497065854370663,31,8.11718078639091,1.901123944721825,4339.553476234569,3.4422819281397876,40.93023967138066,-121.35104319924827,INLAND,2.761342303072759
9.92929570160045,29,7.783242438610858,1.4431491194565582,2287.8724801178,2.5341985827877456,40.82502477366849,-122.84200673669949,NEAR BAY,4.996666899767582
15.0,28,4.30077558735916,1.0,4550.696943393192,1.909968262971323,39.87899165739948,-122.07460462794711,INLAND,5.0
11.97807264683069,48,4.132613852743081,1.0,838.0461435348456,3.111595403027204,35.78993049403718,-123.46512946114711,INLAND,5.0
3.5180698558736543,11,4.753560553197975,1.264073914707695,1241.4047938213807,2.5058941995243815,32.80685123636615,-121.87043387907565,NEAR BAY,2.3391743456215037
6.277361022158217,8,7.896492825779152,1.8973568029188692,1241.4398537876957,2.1540830259797836,36.571063801740394,-119.79665927198153,NEAR OCEAN,3.113081354360717
8.144493307131288,23,6.150448130193957,1.1447685768249856,3307.928783445714,1.9432876026337744,36.54824795821606,-122.46727211086042,<1H OCEAN,3.7196268324076205
6.664299099441678,44,10.302552823947838,1.8592766137982244,336.4037234105794,3.292870669672195,33.32391783451437,-123.930380748066,INLAND,3.6332079870258696
4.867570559554572,26,6.535649431402353,1.0,1923.850437453482,3.407931279711284,32.61662246150214,-118.66950138696214,<1H OCEAN,2.9609134835610478
5.669104502395362,19,8.325736206683388,1.4029459398026936,1485.6849217633705,3.0602147008348735,36.88194199909384,-121.08462070660518,NEAR OCEAN,4.0119537620289405
5.984048774947815,28,5.303434955816409,1.1866294830550321,2641.7326227704852,2.346477490191494,41.10294486021688,-115.70642495128897,INLAND,2.6605014228749493
3.823211495330628,49,4.064896656415257,1.0740306381112155,931.2106725553791,2.950227258361937,37.67358126211892,-118.79561056549191,NEAR OCEAN,2.4723946823292584
5.696671891437798,3,9.54648676609222,2.1667723521069284,433.1908695470859,2.397000555633287,35.43999726935251,-119.31185837128211,INLAND,3.548585530518947
2.9047036992752617,32,3.2164112565017446,1.0,4585.903465559318,2.108757155269942,35.89067824320115,-115.17755735779951,<1H OCEAN,1.208719074299368
14.83565693391239,38,5.931797176530215,1.020997739474029,1329.6628091473583,3.183782359075022,41.62516557762575,-121.06990435585952,<1H OCEAN,5.0
4.348849941674589,19,5.665955854994949,1.3857287162448075,2492.8865485021074,3.067290693251536,41.95724302557355,-118.58841413407114,INLAND,2.4522488468174624
6.625137705315825,50,4.457989952692784,1.1283236148314606,1096.7799131267357,3.277536731146859,41.60738279298363,-119.1330657450532,<1H OCEAN,3.412568515196569
5.75972145278621,29,6.075031084976679,1.0,2808.0019300336808,3.2932881274175676,41.524149482931335,-123.27382985190545,INLAND,3.3113001909714326
5.509568843547762,10,5.206801093062303,1.0,2216.1296568603625,3.113731120574669,38.370636862811516,-120.51805860370364,INLAND,3.5079732758153748
6.866606558803762,22,3.9857542384323033,1.0,2966.0146375691506,2.952787493547466,36.041904109149364,-117.15402542590613,NEAR OCEAN,3.626762987617503
8.657859479363546,45,3.2732636767566814,1.0,1082.38590227042,1.8822453901660345,34.4332631822781,-114.28257510962364,INLAND,4.1981881623055015
5.476151323326168,45,6.210392385661443,1.317536781554657,3231.673892895213,2.0434949187847913,41.08737634341176,-117.97297996011048,NEAR BAY,2.9850015927303426
7.5589022822006875,11,4.129478267729367,1.0,1890.783686128592,2.2450206837219806,37.497236576982395,-123.62694531847329,INLAND,3.6884376302088864
6.511848763876363,19,4.573607627873036,1.0,412.60082038388333,1.930049869842201,39.29246266424454,-119.32438682376903,INLAND,3.3936031793676715
2.9474614967650195,3,4.058734091834535,1.0,3256.408528994706,2.1523826159564985,36.73985670566607,-122.06247454638127,INLAND,1.5206061523905365
5.338727528251745,6,4.104588805463836,1.0,1954.998304507811,2.0772967130784386,32.85958876526532,-119.66986894331585,NEAR OCEAN,2.9961670196726438
4.779732166253322,38,5.206200883900309,1.4087390807059936,1106.7952519679322,3.4833980022233986,39.469461889886865,-114.63623192387496,INLAND,3.1754387510110242
6.960008402737252,28,3.3435655314895874,1.0,1232.917661941865,3.1595494645752895,39.552655100933904,-114.9595227549267,INLAND,2.8685907336221597
7.237208707861756,44,4.923456778521456,1.082365190678875,698.1502924700966,1.8973146056994514,40.71096422971509,-120.45795350391398,NEAR OCEAN,3.4467642834881502
5.5911143147216915,1,6.433245273368291,1.16249627452527,1479.0677967471952,1.8961258159946128,40.91697526943546,-114.94700955565563,INLAND,3.623174284534059
6.305485381094062,44,6.491417370633427,1.0,1925.3728233798918,3.040146112156349,34.17831977474422,-123.48127918553104,INLAND,3.3796953857607424
5.690595546954802,33,4.604877761000225,1.0,1446.9176495622196,2.2106561087535477,41.23675912071231,-115.08844652059764,NEAR BAY,3.5826488900340148
4.102277393326786,5,4.211544905906178,1.0480423773904228,1560.8373988806381,3.3389257371869014,41.06059234845215,-116.98913030715238,INLAND,1.8189465832119964
9.296381209561051,34,7.475866184540568,1.9679503310322413,941.6847364913168,3.4327011522835984,38.26830865517976,-114.74553170709478,NEAR OCEAN,4.9306522723542185
6.949567336798156,1,6.146141504376101,1.0,738.1942799632742,3.0090491304424707,33.02245911907676,-120.26140072070162,NEAR OCEAN,3.522607638735482
12.616144667889742,49,6.331175642974658,1.0,1372.2876795712625,2.3319890547614985,41.611008958777276,-118.24997499281419,NEAR BAY,5.0
4.928783180440368,46,7.591467478151737,1.746368069478576,1589.0130648509153,3.225236542575779,39.275920923490105,-115.48757011057907,INLAND,2.69939881786148
4.1331357742956625,17,7.23698208345311,1.5143466009162145,1028.1202410165683,2.3220404612429686,33.62684627239027,-118.0982767411653,INLAND,3.001419487860626
2.0755610454266473,14,6.959275448881003,1.245394834577924,1826.1296502641358,2.6986479855854153,39.92292549695326,-121.72193217382936,<1H OCEAN,1.3045881879616172
15.0,3,2.4518440230605294,1.0,2354.6775587495936,1.904055475526857,37.34238744664407,-117.15926602174433,INLAND,5.0
6.838199664149553,12,4.488009703695368,1.0,2529.234446227016,2.6520270116360005,40.89897718295351,-122.13077368547383,INLAND,3.435351772042294
7.6938109910859085,30,3.156178407350828,1.0,977.9460097370484,2.2750755572660712,33.96271836461939,-121.83334639388046,INLAND,4.331269035962049
11.697801086670978,44,7.753502070483885,1.2128645473139952,455.9315815145619,3.11495946272014,37.37652475660352,-122.54581245047777,<1H OCEAN,5.0
5.79116543329891,9,4.8599509664661324,1.0,1777.9004420785145,2.8476838427792206,40.85426429646135,-122.83395376211239,<1H OCEAN,2.519898739558349
3.9486626284357063,15,4.1637732773605505,1.0,1113.3408963839145,2.617338537230034,38.58556634398609,-120.59740140200402,INLAND,2.147331349098443
8.16686228580795,14,5.989636026731214,1.6564447069598902,1362.8642686655412,2.9072892244523088,36.25011734079724,-116.63624608636408,INLAND,4.0845734042690385
4.903462323146688,26,6.529206412492005,1.0,980.3597791875989,2.326213086160218,34.944175502820215,-116.7414719827363,<1H OCEAN,2.941615131391943
2.397756334749874,2,6.2707931945995865,1.5180957440079008,3881.6160342630737,1.9783069075108166,39.43019660270044,-118.56928089820923,INLAND,1.6067328869954944
10.760260569086714,48,5.492412943156542,1.0,1023.465915746525,2.4193961381097315,36.233689714015576,-114.91731501376933,INLAND,4.744529448448624
3.318923373578738,10,7.498928241895587,1.5600675608948538,4531.278155730236,2.8231832541368833,38.78459492894824,-121.20840808830954,INLAND,1.9332838497027849
3.8993162399705636,36,4.894992062085375,1.0,2226.072640681673,2.0573744264691727,36.30858047493741,-121.33921461342,NEAR OCEAN,1.9682292080465726
7.719643222412178,26,2.906831661334569,1.0,2657.706997006059,2.6549357756987977,37.0862723660823,-116.46228832032429,INLAND,3.68080765500834
2.1984980682426287,23,4.793526968766569,1.0,1232.2478284653394,3.124038017433534,33.484084810866484,-116.84572337522707,NEAR OCEAN,1.4748224183377556
5.6666771402548,13,4.7272065314718095,1.0,780.8496922017296,3.3801574739763964,40.74477180164169,-120.70104144186644,NEAR BAY,3.4271041396479274
6.083618911256508,26,6.555168469443576,1.0956480974657208,2115.0418746581518,2.373633471900006,39.85606750318239,-114.83781977175644,NEAR BAY,3.6919194823873194
8.786267025776008,26,7.0519187195006925,1.055032008784494,1676.8736602979,2.718096801702317,41.73614296042395,-115.8502700066894,INLAND,3.65988287620885
7.128994871226515,17,4.180664127192354,1.0,966.584545537869,2.3885676306998564,37.70608503161627,-121.34174499379085,INLAND,3.7223070158291347
7.531445962211082,24,1.8236702910167017,1.0,2128.836412247205,2.825659390242879,39.504319360509186,-119.43446728921211,INLAND,3.994108490228793
8.136059775584517,44,8.822511157092606,2.3408876570262165,1965.0482860649781,1.9174333524585219,33.467635493201485,-121.38377300888499,INLAND,4.407811724532293
10.508598803541691,28,5.814629376203356,1.4106921271734345,437.77881050412185,1.893858316794653,35.78267090811436,-121.55843549396255,INLAND,4.979505643837642
4.413320218336435,29,1.9790207763477712,1.0,2005.4942728616916,2.7761734396885522,34.38834635966866,-114.88274196291165,INLAND,1.82326385396252
3.4702092771500963,23,2.701392341825543,1.0,2510.2993002425624,2.3913579037555133,34.78517346085347,-117.82216193599169,INLAND,2.0665442725759116
3.5531401540103205,42,5.869024992084877,1.089649818790565,498.47018023696126,2.517299352201152,34.123934660953374,-122.57614891312781,INLAND,2.1850152889622687
7.189081078875604,28,4.609417579095527,1.0,4774.876052083043,2.6256325707318484,36.218901497367945,-122.90319427124518,<1H OCEAN,3.360776703438167
4.767260817993029,51,7.5942885755956935,1.3157454981519505,3334.411590263099,2.5475468235782754,35.25238336872903,-120.14972100374202,NEAR OCEAN,2.780286321681391
4.137527216794325,11,4.615923245363107,1.0387552780584233,438.6423116267688,2.0501771585067257,37.12326242306658,-120.51588026265827,INLAND,2.0887397735329887
8.796144096988602,25,5.360271201260382,1.0,1061.6286886347789,3.378710699368253,40.83694975734402,-114.49462570822833,NEAR OCEAN,4.226156881817911
7.021232753533307,51,4.4678414380512335,1.0,749.7962571111295,2.1058777535031585,33.71430352968333,-115.86071016573231,NEAR BAY,3.7736884512999005
11.010483563689796,2,5.254528246189885,1.2767102761139117,619.7288113360341,2.399632995629356,34.68772682214502,-114.14884231319823,NEAR OCEAN,5.0
6.149062562363509,45,5.594009257907679,1.5609118071633685,1643.308241289991,2.5512093089161914,39.06985778823542,-114.67786817613023,INLAND,2.938703269827874
6.960577074952684,46,7.768511266180965,1.1004198584518208,1476.2850525794788,2.989474723938466,34.00556219892509,-116.32638674941153,INLAND,3.616742080687031
4.532411761642674,22,6.004961957583944,1.0418073122723943,741.70550238945,1.978299001138199,35.530681318816896,-118.07224861549108,<1H OCEAN,3.114269640432659
2.097301433028634,13,5.638210636714072,1.0258983281554501,799.4658372590333,2.2198438511581893,35.46005062131351,-120.08885717274539,INLAND,1.0661123590419659
4.2764967374397145,47,6.761840472927427,1.4030986636895713,1349.987450842476,3.2366215909176805,41.72903915194508,-115.83133924391323,INLAND,2.5281001799791167
3.913184566167149,14,7.724621135545995,1.525817318732605,1750.4681094762236,2.9152023545791073,36.11341109032671,-121.92552548772449,NEAR OCEAN,2.57017573973173
2.9659825173646053,34,3.2323826952016925,1.0,783.3734810720907,1.8423921937005077,41.335486033587244,-116.03903678178187,INLAND,1.3808423309203668
5.894770070253344,18,4.369517162477879,1.0,1401.7253696312669,3.0418816899604533,35.10771687114069,-120.1358441090669,INLAND,2.802785880530736
8.251446812096017,1,5.845187753131569,1.4645629175062966,1918.7456158085997,2.4103647308168306,33.784235409029385,-116.4026018209738,NEAR OCEAN,3.913671697764155
4.423193671860759,50,5.495679249601893,1.289119773088154,2430.8023142783277,3.1385442172072446,38.08145172917384,-119.26461438596509,NEAR OCEAN,2.0572863103858587
6.515313257152426,20,4.454232648185426,1.2083012594759186,1622.705054668942,1.9791929771899788,40.14423350678707,-119.48334275911922,INLAND,3.7759296559926545
4.21647046508867,33,2.1715271684250905,1.0,1486.6935631073964,2.448136993846796,38.25599712664741,-114.95407818816815,INLAND,1.9033502171186527
5.0954517481033195,25,5.015761859163805,1.0,1146.9717583361928,2.613255879747715,35.32829282636258,-122.19115059688774,INLAND,2.6799204718684533
4.165916645090064,38,6.136238482618103,1.4134247555398114,1027.5630659430503,3.3306858556450267,40.26697083421698,-123.20750395993723,<1H OCEAN,2.040414705677428
6.256114093856403,3,7.947775472218353,1.0,1504.7659178712977,3.414116998786297,40.528052841833095,-119.09684671988745,NEAR OCEAN,3.5688656873897413
7.10654830033025,7,5.54684323466258,1.0,1425.4147940559506,2.5274878323581205,36.97042250153307,-122.77189513664526,INLAND,3.4257859416547953
11.81679402113961,47,5.511380518975217,1.486929407459429,1752.5996736771285,2.705981386274925,41.222870016153166,-119.68769174657028,INLAND,5.0
4.226025487978596,20,4.166992606107251,1.1370840331936205,815.0831535222794,2.508189275942394,41.26542116093162,-123.87460669250353,INLAND,1.9088558583849575
4.966431029630023,17,5.502620786723836,1.0,2032.2016458069752,2.2267733958267453,38.623954828715235,-118.22284454152052,NEAR OCEAN,3.219351318030478
9.080711253801747,13,4.653174422731224,1.0,499.0835579689089,2.3972376836157223,34.83915141343556,-118.45512143815942,INLAND,4.249181024658378
4.694611296842068,37,6.459617031780379,1.7967927689778729,2087.6179590960905,3.21990203725212,39.930424388043406,-123.32426335983769,<1H OCEAN,2.72028208231668
6.861165937516057,1,6.275664686999866,1.0,1167.2004091294552,3.271636596837685,40.856392039851166,-119.29048055668818,INLAND,3.6989325653313156
4.360856701477595,39,7.902966045947381,2.1009682615746046,642.3624694713897,3.1986779179679914,35.57737479165522,-120.68502337504549,INLAND,2.8945225446324785
6.535029019782947,34,5.98006438679745,1.6580060944752844,644.9312400728354,1.8030716200954093,33.77324010660003,-115.60985763019737,INLAND,2.905318253637967
7.158955600026325,32,6.4176161006949854,1.676008273491696,1914.4495822631113,2.402642398430801,36.711578379851495,-119.87436139091146,INLAND,3.391768028799591
9.84068941048023,1,3.1700342377371085,1.0,1452.7108260742023,2.9546447049177216,37.9514639565074,-121.53888473256745,NEAR BAY,4.787843056789106
3.8808096083495944,9,6.075075856882243,1.2842699250335892,1531.8867771670741,3.46597654324533,37.13405575666572,-122.38708621220614,<1H OCEAN,2.6094796608942836
6.8203397421861816,45,6.7570035703623645,1.7968907439159345,1183.7562612376946,1.856151884611044,41.93357180326447,-115.66124240142933,INLAND,3.529425397814883
5.134378510442761,47,5.695309247379994,1.0,1028.4981763921307,1.8603610748952084,40.252865005680675,-122.2350856589061,INLAND,3.3472190605823973
2.6161391294394893,34,5.4245355518495595,1.0,1448.2218069865937,2.0737599138944423,41.693319855285054,-115.02864993176078,INLAND,2.3109932060271836
4.1319913883526596,4,5.197563098445386,1.198715588836438,1309.7952004899337,3.402375549013935,34.234583571727626,-120.33177976813619,INLAND,2.2500436526614838
3.908699777134047,28,8.298250593856096,1.0074560038326728,815.6295345940102,2.4991289105562933,34.752018957035105,-120.27415014135832,INLAND,3.160725137635392
6.636808891727416,29,2.7320471420649284,1.0,449.95033809190465,2.3882129242201247,32.66919223079381,-117.20251957787542,INLAND,3.07784061470444
3.6913169497769722,23,7.635831864404827,1.6707541196741102,848.9559318344922,2.541731686193714,39.749768343841055,-123.80164680035992,NEAR BAY,2.598273764721566
5.702891401727609,41,6.185480298455816,1.347889143437951,1479.6335085267083,1.9962767638494312,39.1878071981304,-120.99853241856083,<1H OCEAN,3.1718997496156534
5.505754573746902,23,4.6689830351343575,1.0,2292.7641385720412,3.2358263229195368,36.137794397249046,-116.80704862912461,NEAR BAY,3.5648789607646476
7.328259211574068,33,6.416200080116749,1.7094140734907146,365.2707942656525,2.6228291103442762,36.4604070026467,-115.138779469946,NEAR OCEAN,4.188354860577621
4.415584425452166,16,6.201124465067183,1.4724455663942144,965.6420192499764,2.6303492718750636,36.34819435060917,-118.02935666355393,INLAND,2.457403632299644
2.812024035501308,37,3.8191416982551916,1.0,1535.9462598680666,3.1646069744640575,33.803881079137135,-123.19620674153506,INLAND,1.35236667227236
8.304840606879718,35,7.30125462823296,1.5753473939246263,1447.7072560946867,2.1070972153699135,36.90729036138664,-115.14471225335929,NEAR BAY,4.694159484993211
4.251931680694885,39,5.854210999540511,1.074573793508848,1384.2494600155185,2.2519021613686516,40.12780911287259,-115.18963816554786,INLAND,2.5915330534218035
8.976199214763612,31,4.174316075885176,1.0095286747557528,950.3742951196899,2.3046181518763964,36.57771011325539,-116.0093783844118,INLAND,4.8027586728134235
5.426477076070084,42,8.123232313303067,1.6181410561993794,806.1903477116695,2.256386237451393,35.245281410824525,-119.89735314961378,NEAR BAY,3.9081290439874956
5.647515551482808,17,6.536292257285504,1.0872397387275399,1788.497190240539,2.386869567447394,37.669138720021195,-118.97012960211815,<1H OCEAN,2.9556157200475215
7.19839171059102,6,6.169006526023393,1.5461908714310242,1551.6314590338504,3.0935474485556966,34.81505277333144,-120.69909206924932,NEAR OCEAN,3.5298890717297686
7.313420717818554,49,7.273851591085156,1.3359305926514131,1273.1339749449933,3.232701219813438,33.98098835208469,-121.46975352997018,INLAND,4.029299525923537
5.291160141665418,43,5.55534754220216,1.5517517591530539,4906.186613652778,1.9669732936446949,37.57242731148083,-117.938828209217,<1H OCEAN,2.327019662115118
4.501694316399401,20,6.976795264568874,1.274990673908214,2948.1339190536314,1.8677697719603559,38.36991739760156,-120.54329174064095,NEAR OCEAN,3.1023380267507057
5.364736770143855,36,6.871874193781537,1.4512816627452658,1841.9714428343707,2.162441314815745,33.36236182580206,-122.91489732040769,NEAR OCEAN,2.6614715973987533
2.4293923864530886,37,4.581835624238272,1.0,2440.7848193513455,3.319543899796952,36.08689645685454,-123.82412032669309,NEAR BAY,1.7264763350945735
8.51367244953101,13,5.23620544919113,1.0764354135511633,2038.5977875641624,2.202062214223695,39.66680859040821,-117.99060812532471,NEAR BAY,4.009720000674884
3.7181253075767775,23,4.723779936191096,1.315894913547336,1120.3313423788863,3.186748773494738,40.25619909952009,-118.03866529833091,INLAND,1.7929083599455038
4.345813823825392,5,7.8795039774718,1.0866336099679563,649.4646573364205,1.9603345913302601,35.33392880308602,-122.80167896746629,INLAND,2.803766900540041
4.576956898264598,6,2.99369252113319,1.0,2505.7774260703486,2.115671697653002,39.0962757281018,-115.12396904665916,<1H OCEAN,1.9388390958658328
6.4781515717262215,43,6.1059945838963765,1.6005703398331927,1326.609736930176,2.5131495482338044,40.29086750757137,-122.14064908282097,INLAND,3.25472321435225
5.161755698058529,47,7.832301029238377,1.780710733176454,2404.2310745903005,2.8638680849663185,37.93905663363029,-119.87876424530896,INLAND,3.5179580254234426
7.387246683994325,15,3.439174727977069,1.0,2279.9842661962243,2.6032962889460842,39.69422998636067,-114.13568643791251,<1H OCEAN,3.7441405046403444
6.903714871076608,41,5.613876432800199,1.160403930573172,505.0548066366556,2.15354752272831,33.841579961797635,-121.08619857402293,INLAND,3.4220060334293736
3.7924969007500366,27,7.563813775857532,1.73682441871123,2014.003486222456,2.0448675583184093,39.501157139881485,-121.8604876579827,NEAR OCEAN,1.810440391327696
3.801317883342435,10,4.895352815531945,1.3337969138818642,4133.355411225616,2.3321477231952503,39.61468078291477,-116.14531749019369,INLAND,2.496079011949886
4.845521291982643,14,5.7530965243200045,1.0083799494180081,1192.7193536549223,2.9537708316277973,38.55348534202167,-116.03158300586816,INLAND,3.2240145021356605
7.55331064003217,23,5.131471911103315,1.3672151977185938,1679.2159499833667,1.8974695764871063,35.60604587140492,-120.05661882350967,<1H OCEAN,3.0157222106346318
6.9676311044289045,49,3.8923018210899665,1.0,2634.6666278103694,3.4895097973591627,37.68786691930987,-115.86803536130277,INLAND,2.9318654888443514
7.283053876931307,44,4.863790955903183,1.0,517.5786299990332,2.123680804444691,34.25059749141804,-115.60462360188366,INLAND,3.960490515169179
4.87353663704359,28,4.409824072400112,1.0,356.86445939693857,2.92252079161299,37.57993807937618,-123.57451860879006,INLAND,2.306113094008917
8.597927209164446,38,2.8860342535757613,1.0,1211.729109819777,2.9432402958323607,40.39259326925171,-116.68044162703032,INLAND,4.423281176758662
6.401452820762226,37,7.960360454294134,1.1965747011172723,484.2459620026406,2.8327167275751073,38.065524321921046,-116.47844073130608,NEAR BAY,3.5694187431439035
4.195374741978626,34,6.26081521847718,1.6140314833714977,3214.728648808452,2.5217078581148655,35.076797959873616,-115.52606733233998,NEAR BAY,3.081368762855848
4.862149298430103,50,4.8503800352039,1.350650843201706,2345.378206491635,2.4070771686015537,36.537743646927595,-115.87766729576234,NEAR OCEAN,2.073291678663145
7.89056108732665,42,4.693257802197457,1.2742351872464521,3122.417178191216,1.8778632637758093,37.79071791064738,-122.71122096540378,<1H OCEAN,3.8008980030881423
10.768722161676902,3,4.782263017006353,1.0,1301.9227419369245,2.491828388467349,38.244202216984924,-122.54353311624651,INLAND,5.0
2.5136346856566254,17,4.222599384326789,1.0,2778.3171232645504,2.294412396476796,37.75317950480302,-121.4449459524958,INLAND,1.6832964166096298
6.16999417686376,3,4.841120667722994,1.0,1423.4479515818884,2.512895777508044,40.45126665665989,-117.3518487697898,NEAR OCEAN,3.1529713755574424
2.658875942063624,44,3.954916401917347,1.0,1738.7235548866106,2.9425292821881373,33.06672264376519,-116.0901522227211,<1H OCEAN,1.4025542214007247
3.9079182650612005,4,6.693144516100238,1.0,5395.856251443351,2.3924244671124093,38.26292232157194,-118.33852121278923,<1H OCEAN,2.1112963970695033
6.757499773193323,47,2.3355353879474876,1.0,592.7560234907824,2.7000802286949614,36.86645201078391,-120.74442688543132,<1H OCEAN,2.545076208847858
5.766658848188121,13,5.843354239270558,1.0,4144.127520390935,3.416892336808922,33.928516705319645,-114.31997002076774,INLAND,2.865796282045951
3.7969362948864607,3,3.9977079308361447,1.0,395.48959328919824,2.0402447236924357,33.02395765289402,-114.73466946351797,<1H OCEAN,1.7433916893634753
4.492676161265469,17,7.048187145881938,1.0540372352960843,1326.5583419516606,3.2462961929976473,40.47426836377498,-122.42751255885752,NEAR OCEAN,2.742784127462047
8.318413796299858,47,5.2083813266681,1.402674526078098,1928.3797672787653,2.262888155995907,41.32485046137248,-120.15761411183594,<1H OCEAN,3.9152927183560156
5.672666421182583,19,6.10261109303639,1.0,972.7272125301334,2.603095247333928,38.013231300464135,-119.4234786244891,INLAND,3.278721094924678
5.46998336885029,50,4.441785443326644,1.0,1614.6395172547404,2.109398299008677,41.9550476408121,-121.71005372814349,NEAR BAY,2.880524236980064
8.660171543908556,44,7.709683211303307,1.0691934511169285,1703.1706040094025,2.1597255433486784,34.92401354141761,-117.61008034889774,INLAND,4.435631443372734
7.7634472261488385,20,3.3862857800041786,1.0,2005.3405057118846,2.003922321526184,33.20169976951684,-122.52529523966152,INLAND,3.740480233755532
4.604561501465495,20,4.368702254925132,1.0,1177.0932246772995,2.4154947687915302,40.47430087103582,-114.60028164956053,INLAND,2.1813628045928906
7.210541666183634,46,3.8294241299458753,1.0,861.7702645969467,2.0404452445120334,35.060703764735976,-116.32201238354175,INLAND,3.578410110349477
4.882297705715675,30,5.384923985048136,1.0425808636841878,1514.6553073136874,2.633602738494222,37.75401106897989,-118.86756042907763,INLAND,2.0798424132324764
5.714508338124374,3,5.653620699898576,1.2132164971008528,1087.2236902038785,3.2656339298679393,35.523999066380505,-117.50433007762913,INLAND,3.173712924897452
2.5271926494909343,32,3.353035884710276,1.0,1365.1771559477486,3.279473162447305,35.73811085997505,-122.52082067473383,NEAR BAY,1.6955086290007706
4.238353891893499,36,3.706470572419353,1.0,1095.623384730214,3.346758994087648,40.98281613215986,-114.4075076065952,NEAR BAY,2.615325678186524
5.86866442322126,12,3.6136692080142208,1.0,1526.0546893501164,2.603865725595445,37.19027223875327,-115.73638330821693,NEAR BAY,3.5727666248083247
3.3045103363480335,24,3.0088723107456317,1.0,903.7455322053889,1.8740972416413797,33.05239945597847,-118.15953625112545,<1H OCEAN,2.4003566691438207
4.7197715344027085,17,4.333094264714941,1.0,982.0238344748918,2.6666783782258787,38.43407091280469,-123.4608424665817,INLAND,2.3584941020576102
2.6538770379263297,25,8.453575188335488,1.3627636463815354,651.5302054479787,2.56027071374694,41.75505366512746,-114.8127844389586,NEAR OCEAN,1.5999031412770606
7.508703957773189,37,5.738507124266925,1.0,1483.4660761131859,3.4797148141406087,34.71830302716638,-116.64613186295514,INLAND,3.6749803783983244
10.248655792050318,47,4.372228536067713,1.0,746.471907689988,2.596127078670325,39.05959536451961,-123.1781556582281,NEAR BAY,5.0
3.47856791733192,48,5.043353388350295,1.4055324283137436,1637.9896659291442,3.0359732959604306,36.58610272767458,-118.12578426039794,NEAR BAY,1.8568667162758694
2.686334645947998,32,2.850461008350763,1.0,2598.0342713564505,3.470793913946687,35.171549666621665,-122.59059665510883,INLAND,2.30567012927276
6.9813839073073645,20,2.952343152271897,1.0,3709.8076873382392,2.9709129214930137,41.221515988791914,-122.79140779486282,NEAR OCEAN,3.386143162227121
6.11726567400297,46,4.045056266696349,1.0,1247.3479149877674,3.2664192137511203,32.88039277367815,-118.81934492199133,INLAND,3.188018019894027
6.695699660311999,26,3.3403055916067883,1.0,8121.717091513528,3.4450003436011594,41.3771255525673,-115.81557607638584,NEAR OCEAN,3.743968326576933
7.5029656452032505,10,6.956471619389262,1.674398825684773,2000.0091131659979,3.2354341576303898,33.29995478805722,-117.8934628873262,NEAR OCEAN,3.7897556108641597
5.826103149493834,11,8.714580624809777,2.0451272361217425,1455.4218686928825,3.044456171162351,39.22840282278099,-121.79786556264018,INLAND,3.444139171620104
10.122380435654273,37,6.966691716943577,1.6201468546800906,4732.352821501766,2.4359659245866765,32.515819618909845,-121.94462150800967,NEAR OCEAN,5.0
10.65020307005729,28,4.153259585672476,1.0,754.828463063114,2.9007312284085947,40.85529099162459,-120.32346110615151,INLAND,4.780118582619261
12.947503013491833,12,5.514958577330305,1.0,1326.8029882053947,3.4873522172961025,39.484883969638794,-119.65769205367272,INLAND,5.0
13.842459649317819,24,6.372099681828587,1.6062740483639828,1104.024399229388,2.3664043705708844,32.90133636470934,-115.37926376626464,INLAND,5.0
3.96810678180166,9,6.176723441888572,1.4781086205739589,578.8821190653239,2.209664020503774,39.169776075112935,-116.03514510611406,<1H OCEAN,1.863807164261646
8.85863085415345,46,8.03558691164293,1.7137760700371867,2549.95198744812,3.108203326534199,39.02968329127647,-120.0526911138986,INLAND,4.752387738374817
5.961793392494638,45,3.4634173570824274,1.0,1622.5905733220816,1.9129698448042884,36.85587839440101,-116.28396516967764,<1H OCEAN,2.88210031503892
2.317108348917709,50,5.754958762229235,1.2219307143295302,2067.6398723444836,2.997386994752506,41.05583353350728,-115.37620310673236,INLAND,1.8372044559373923
6.911257698502015,31,5.409645500486565,1.1621001625942338,2045.8642309872964,2.8455637992151086,41.18529074592321,-119.01637289170635,NEAR BAY,4.093780823291757
3.9679707932300334,20,4.923229256626108,1.348441163554315,446.3524131033158,2.8181348872527088,37.16629008940386,-116.36709942779237,NEAR BAY,1.8702159880096063
5.47119039723195,8,2.8503388581459266,1.0,2912.2366599492593,2.4559543070889758,32.50482861387431,-120.93228430357475,INLAND,2.52151252508282
3.2756687028713554,29,3.0199128638811494,1.0,822.6273319153258,1.8860068282850873,39.293444725937135,-122.74393441967682,INLAND,1.2950952018287512
9.84777161785141,28,7.692805135989614,1.061468788023408,2528.8834857873767,2.840267649785628,38.198998469196155,-116.30994349462135,INLAND,5.0
3.6572769036848163,23,6.950426199099409,1.0928458273407833,594.4134008956628,2.2662036086418462,37.60581324820713,-115.3041094965934,NEAR OCEAN,1.7829087538098618
3.9277527808592176,34,3.5582165548392743,1.0,1698.8583167509391,2.6498897906715695,36.99738954664118,-123.5929647088259,INLAND,2.4043110850921274
9.144124418154323,20,2.4264037986655795,1.0,891.2282019757126,2.9137832381477162,36.415766082622675,-117.52576829253385,INLAND,3.7349727862879876
6.194955832033116,46,5.547706778935746,1.1718839274517574,1553.294906892096,2.1754886387346817,36.60464165025448,-119.0366752617601,INLAND,3.1797934031484485
12.273923062452129,47,5.364197130871401,1.0,1212.0471314758486,2.029140472370792,33.341850849324686,-117.1342997392343,INLAND,5.0
8.163361799861429,10,2.7530485520859957,1.0,1618.005586997797,2.274075792487129,33.372630760287095,-121.30219717586891,INLAND,3.7224905688118026
8.979328775991444,2,8.995238792825795,1.883773936973886,1157.572101321735,2.876374463949147,33.219959926466714,-114.9588383272915,NEAR BAY,4.819212951859865
3.4232479263466358,10,7.6082761679896205,1.0695110107745716,982.431787054682,3.037119705587527,34.774248120491876,-119.66115628760801,INLAND,2.144123301609383
6.4037064253724605,14,3.6646072747109733,1.0,3023.994574287846,1.9072568080955226,32.97811695610551,-123.47122528722443,NEAR BAY,3.0092936460166313
12.46078251746678,37,7.729870830204314,1.15294659187096,3023.263405708037,2.2754749432740264,41.95228925473948,-122.94791488870352,INLAND,5.0
3.35469551542423,12,5.88934377250645,1.4534309945723694,4618.559164430595,3.40040788028792,39.31176355590001,-114.08465128900853,INLAND,2.5400116271314306
5.499375732501951,21,6.731002574058844,1.4186652144379528,1387.0911727409625,2.070321122352512,37.290299645103325,-116.579757507075,<1H OCEAN,3.0203995945222593
5.234134642396183,22,4.067263591229999,1.0,1274.0787205056647,3.3450431018831694,35.35293761976571,-123.92516480658564,NEAR BAY,3.47900603703474
6.193453969903856,37,6.552845409248758,1.0,1437.6661629479238,1.8138422726889547,40.93191411680321,-119.80963576705436,INLAND,3.2676804391861136
7.711913236307791,25,9.276523555657668,1.5789578121052843,880.0975194125543,2.73584100771064,35.45197071893857,-114.73534441035419,NEAR OCEAN,4.019888565321767
5.818321349315638,11,7.506368755351515,1.185918310296213,615.9630757125246,3.2488901128210816,41.7757636716937,-119.86108191806038,NEAR OCEAN,2.8047778948456745
13.631513960895683,43,6.756495002056479,1.6606592667473765,968.2523896873598,3.404936946599034,38.1081812747499,-119.34365205944282,<1H OCEAN,5.0
1.8968056692813333,33,2.34939407394276,1.0,853.1455094698069,2.555454371671087,35.387394932226535,-123.89730762941386,INLAND,1.573371416359772
1.6345638672953648,41,6.951542965881213,1.1326994774145578,1982.9817226023345,3.440636226849059,33.32967211090279,-115.60934283268841,NEAR OCEAN,1.6528415413610422
4.892764834060802,11,6.280914638673461,1.4522369930998311,2290.8408970150144,3.457842338808449,39.186435399841386,-119.81264962032117,INLAND,2.912147172748409
9.722108261066323,49,4.114663926165055,1.0,386.44951691371983,2.1946821643622063,33.83974636104185,-114.9344534773048,INLAND,5.0
5.1025283055259125,22,4.949391670417709,1.2862960159036738,823.0051867120437,1.8858772751787045,35.77324113374088,-123.92279035933133,INLAND,2.948180523125751
4.528926894714176,26,5.350048031058636,1.366780353118476,1778.4507412692897,2.9962692558572845,41.86585937083044,-123.87642299546238,NEAR BAY,3.034292195851052
2.328194954108197,47,6.411111521813357,1.630706037443691,1515.1016716627869,2.515151753992186,33.05053340490358,-118.92628428807424,INLAND,1.8388052324180875
4.770174149781518,33,3.047024075300427,1.0,1205.7431346951148,2.941910934551948,33.786392517294075,-122.72967443679319,NEAR BAY,2.945123878658949
4.313309592659652,12,5.58908836331682,1.0,1183.141691875341,1.8435558488716821,36.603704700422064,-116.96433507276737,NEAR OCEAN,2.0122080544263463
5.071524942676215,36,8.13340733797388,1.6844414008225863,1720.9457882631493,1.991555317395932,33.182702863810796,-122.96010888150371,INLAND,2.7221928190691482
5.136074938933185,12,6.407230475957773,1.0,1788.0580605616608,2.7596942068177865,38.44267006496787,-123.80654526921906,INLAND,3.4479954158404214
7.470406507309095,20,3.6711182591535727,1.0,590.5328214261169,2.2770789901048665,40.50695729934321,-117.37359577968091,NEAR OCEAN,3.4409361566387573
4.49948941106559,36,5.95993922051853,1.4624729773675453,431.2892610506209,2.514650619954018,36.978872491352405,-123.39967178579789,INLAND,2.127987635745945
3.730438279251873,36,6.321218475222767,1.2750864400009563,1303.9485918367136,2.5685988013481604,37.821154698108,-121.44902957184176,NEAR OCEAN,2.3643300306661277
5.5189313334129135,13,1.9872799474567238,1.0,2214.2432738145144,2.8771610965247327,37.44605354119136,-118.15592117426428,INLAND,2.561790335144877
5.4271872107111925,3,6.0192091463379995,1.6845156763857183,1032.9027665693236,2.6267682755942925,36.266481385274545,-120.30200704206308,INLAND,3.4551204289552633
3.15268903575239,29,5.526044426548084,1.0,5667.041904415006,3.159684944642539,41.34481553429638,-121.21018836712695,NEAR BAY,1.5699103350216652
6.477986946654409,2,2.832109846274909,1.0,2355.5409320342824,1.9351946955851342,33.1905845511631,-115.87107230648226,INLAND,2.706205589025294
3.0989854135433665,30,8.752572064843282,1.7641426427317013,1015.4727104346645,1.9563230038328951,40.180187927422395,-118.93417545605476,NEAR OCEAN,2.771466712804462
7.342100279723973,22,6.027680687982528,1.1600133142769875,446.8739911198762,2.7273224431659173,39.74699544541314,-117.90793016788894,INLAND,3.4682292165423823
4.319698437230602,45,5.149533182407715,1.0,2213.775839491461,3.23587909981854,37.05053906375514,-122.1255729849965,INLAND,2.1285578593860346
3.2808331405051745,49,4.036911006846053,1.0,797.860913547006,3.2190526064599996,40.1193917522776,-118.80227746966717,<1H OCEAN,1.687806355076799
15.0,3,5.688475035648821,1.5877750100556958,946.1151690940272,2.2341224377278155,32.79407818508518,-114.14435773176695,INLAND,5.0
5.74081076171435,45,6.211633107433399,1.1084350541175132,833.7459794625978,3.1045804535987784,35.50771261582185,-114.0921569132975,NEAR OCEAN,3.251833782833868
8.808432331968412,48,7.758744672278519,1.618532213255747,599.9471172978785,2.390409395095716,41.216525074665554,-121.65438644855621,NEAR OCEAN,4.107040315091088
5.296554359227017,31,5.302439888902936,1.0,971.5582801964949,2.7557112072558345,40.317423635796125,-122.35840762865912,NEAR BAY,3.2582789473715605
9.88141466454938,35,3.204354386896739,1.0,964.0541762370942,1.948864818739101,41.53584755465014,-116.29322349281858,<1H OCEAN,4.157794942393887
7.626490813626827,10,5.365360036987425,1.075530492444058,789.4010192422027,2.397491449917627,38.93277805559842,-117.28252046184194,NEAR OCEAN,4.104540282229819
4.8352150154489495,44,5.351146319550197,1.0,902.4209582346555,3.3683503331160365,33.76470258101306,-122.33929991116705,INLAND,2.5217087217177245
8.476510309964196,1,8.289219139847159,1.0451634313070433,4342.997296423116,2.874985899849667,41.62330119023225,-114.79821928400352,NEAR OCEAN,4.375898079093211
9.34537648109202,23,5.992442894080677,1.225715282547761,2165.3404230232513,2.3645486957280895,36.953530331496175,-115.20802548636628,NEAR OCEAN,4.879116352614407
4.538564443792277,50,6.150603672432186,1.0,1230.3187936981328,2.423529812177069,41.94143319346944,-118.79679947409471,<1H OCEAN,2.8341929127194714
5.4375584830018315,8,4.566132521292735,1.0,443.26668604139576,1.8765373712633706,38.55093254188864,-116.0745766237597,<1H OCEAN,2.8393014416722537
14.019172603487092,22,6.09984126773235,1.6485430101629042,1906.171011655295,2.2040351981644952,40.01136690728009,-121.60997904278952,NEAR BAY,5.0
5.980521620311332,45,4.071541015387396,1.0,4413.426640044211,2.9474128850574868,34.93053972884053,-118.09449702046247,<1H OCEAN,2.7961129893097616
9.03268889012413,50,5.778386352772839,1.0820257113370253,4124.830338999735,2.0980623421477613,35.9956577882141,-119.36280959524875,INLAND,4.624939532003631
7.944137597544336,22,6.848443100977427,1.3976445493931047,1227.415488615227,1.963714971327892,32.52087587524681,-115.69768941819856,NEAR OCEAN,4.601250717929769
8.949052443023913,8,5.477129257674823,1.4249548836821202,1677.8405210525634,2.7412132928918744,39.86922144786478,-114.98789861809112,INLAND,4.632904060539508
8.578205421325716,28,7.375079617699765,1.1903202688577714,652.4392293294703,2.6280590178854712,35.99321459930183,-116.3103116561259,INLAND,4.0474810214663774
1.6053861718588265,36,7.865158955365635,2.1441426858067882,1591.1890645986755,1.876833421957749,33.114198849691086,-121.2665771786713,NEAR BAY,1.5915146779609288
4.315283341887408,21,7.4315498117914185,1.7779363660175762,2092.7666030057608,3.4360258749899297,33.19999859677204,-123.79591280943121,NEAR OCEAN,2.2879231166189222
4.779453869621367,38,5.6044668761438565,1.0,1861.0347509205383,3.1022081557232832,35.38822935152003,-114.4693764875089,INLAND,2.194573554856718
6.244983596221178,4,3.914164637966498,1.0,2875.8882443581724,2.896300231721187,41.83752739382715,-119.38501894647067,NEAR BAY,3.247966646327756
3.68481464598013,8,3.807473042990157,1.0,2056.2984586332213,2.64873759884882,32.62369531598281,-122.35247353345846,NEAR BAY,2.3330866651222277
5.214521745677971,12,6.424009906251222,1.41193362366202,463.40783362913027,2.866912386425093,36.89877608370217,-116.16098118757378,INLAND,3.0863698097432466
3.1098771652122084,15,5.955717126187507,1.0932199595816885,1044.6788662493025,2.544329350851142,39.55654576618272,-115.83868849980061,NEAR OCEAN,2.035940639072547
2.206528632814542,49,5.4009762114824165,1.334025043680187,2558.016259241142,2.202565148028319,35.43181989696228,-119.55362538010002,INLAND,1.1560700692668342
15.0,32,4.597958751622041,1.1842731599797962,463.80415228340297,2.996324848177445,36.23697395020611,-115.4850997464007,<1H OCEAN,5.0
4.512393191683014,31,5.521789563970999,1.0,1400.4937168248937,3.45776537628438,35.733201878088025,-116.414123782306,INLAND,2.0081224704471246
9.715621802758822,41,3.1567569806730638,1.0,1016.0424993491417,2.606255303074117,32.96180350697866,-119.8434191675575,NEAR BAY,4.820277054900727
8.201347245667325,27,4.4054624245763065,1.0,599.0394479567731,3.4245993709174627,32.92173130583042,-123.0281654128261,INLAND,4.23364670978702
4.540365214755276,29,5.155577086945348,1.4276439616486911,2468.7810940742884,2.40957528875815,39.9282348572,-120.28140850982561,<1H OCEAN,2.5937352645342475
10.874941496183197,2,6.69160468028824,1.3308696886833522,804.2486571429141,2.2802752726804734,40.254063559385926,-114.50577572416913,INLAND,5.0
3.6631610391194016,41,7.156037076788592,1.2298959638837101,5306.605854103058,3.3556677863032958,35.32327450099816,-118.41786530138722,INLAND,2.7395139638379615
5.292166178645299,45,2.1961533325888256,1.0,1165.2499095984035,2.869207996964021,41.85050997812725,-119.42147221884615,INLAND,2.6252320709874506
7.205586169847288,31,2.7984839920708082,1.0,2693.706068525758,2.575919037612832,33.232216469220496,-121.99448804677782,NEAR BAY,3.951538170046062
5.55327006896959,51,6.716026168113866,1.670218479016838,3986.2095958754826,1.864009297652349,38.80825770413381,-120.78484675369093,NEAR OCEAN,3.1844494487598825
5.099023297464006,38,5.674956516803324,1.580191431554227,1658.9459612848689,2.7353974723507037,35.62013707069777,-119.77311352713195,<1H OCEAN,2.237978815551889
2.2725291615946386,4,6.568019240986256,1.4620909029882059,1414.7632783893234,2.4074126171802694,36.904701405048456,-116.05179198245465,NEAR BAY,2.0404983250550197
7.739415649849502,7,4.442236099971837,1.0,2206.8863663021284,3.1369303918511084,36.04679164067129,-123.716907554115,<1H OCEAN,4.332620154474675
8.262494052647368,38,4.53686788785998,1.0,3929.743307894539,2.4061912736519706,32.87586950057679,-115.14004211099956,INLAND,3.7024219512814946
4.4105081136955375,38,4.247128288468952,1.0263759381176647,1655.3639889392484,3.385172923772375,40.59512053970771,-116.31919867997561,INLAND,1.9779157028960404
8.335702427609766,49,1.0,1.0,849.7819399481551,3.3147820036106252,40.060315268237275,-122.53969558495766,NEAR OCEAN,3.9706859087316833
6.127409983952043,20,3.596085699611836,1.0,525.166536794542,2.9720004131773265,33.07283104073298,-118.020645614764,NEAR BAY,3.317909684944726
9.00060568694071,48,3.685558815091102,1.0,1676.1494805599839,2.7200635343627546,38.92585235732895,-114.10152432350871,INLAND,4.5089763340385
7.788947158172678,34,3.9244525475509278,1.0,695.8024806330143,2.911454295002354,35.79501257636,-114.25481302205347,INLAND,3.451838683715803
4.789342100903308,34,3.8459837297204382,1.0,2444.8220498762676,2.864056582931612,34.24949656524422,-116.6840307274578,NEAR OCEAN,2.682220051237392
14.06413546211977,33,3.9377561360049524,1.0,3042.3240177937264,3.3226771486933444,34.75829359609452,-114.2466094122002,<1H OCEAN,5.0
3.667554684338108,28,5.0981445706911686,1.206186174165131,1956.876794579197,2.19495632847874,33.37696838553148,-119.16614966041807,NEAR OCEAN,1.924019549708155
1.4033233495234108,3,6.4356709814293,1.0,1289.992475953987,2.1514881487934563,33.90940986606383,-117.67745812828377,INLAND,1.2432356195612382
1.6832095593124685,4,1.0,1.0,2000.8951049075624,2.9479134624389713,36.963745682497226,-119.06946008868685,INLAND,0.5665545348696122
6.688478074187553,26,3.9013821272580236,1.0,1364.2956960483828,3.490582591986309,40.309462021837845,-115.49621119944926,INLAND,3.333206393873227
1.9754805658961567,28,3.964178705542305,1.0,1130.3745346813987,2.0903351053426245,37.66319827552537,-120.86834286839972,<1H OCEAN,1.567886022658747
4.115870054759609,39,2.8939005850394115,1.0,1008.1443271532944,3.236893604814137,37.660577293417724,-122.54195439536312,INLAND,1.7938021985263994
9.06094592095033,45,7.3822313985289805,1.2165713847274284,1445.031874988212,3.3278681833771975,40.184107690331615,-118.84722007573819,NEAR OCEAN,4.522078382987205
1.7673312225540083,24,3.6108981830062765,1.0,1355.9878158988279,2.863677075848685,40.7217695330273,-120.36381196949655,NEAR OCEAN,0.26157034391792744
4.911812011801487,8,6.201189385294665,1.0,3008.5396525802626,2.9086795928092934,38.44881942392311,-115.78204785395461,INLAND,2.7342761069039985
5.291368771657899,33,4.152936386855671,1.1282418269887946,1945.7904983646235,2.991285224203396,36.870110424530836,-118.87926296708211,INLAND,3.14889759007594
2.7365337663003273,8,7.650700762281522,1.4238591747594556,567.0138303743311,3.007324642731211,34.71029506154638,-123.16484599448029,INLAND,1.479466173972906
6.13324771318531,21,4.055362713530592,1.0,1855.5510324181687,1.9092468762690424,33.69635820730574,-116.86540124888788,INLAND,2.8969316906410025
5.017251459326283,42,3.9339290533296696,1.0,1426.961264888647,3.4357264089190385,38.43977442104588,-122.42035992734544,NEAR BAY,3.166359932306292
7.2164401120660155,42,5.183682266940551,1.088601119616667,1614.079784809824,2.736396877408714,40.79571340518339,-119.87596319629091,NEAR OCEAN,4.152054147108555
5.349189685696552,50,8.04403305103154,1.9322374933453328,1143.0876028693328,2.3258879528789795,40.84508063194015,-121.32656274283714,NEAR BAY,3.2680278906705484
4.39254902149738,30,6.330134659361815,1.2776933686503562,1375.053051101495,2.5342928065559245,36.52290623043041,-119.57602868510537,NEAR OCEAN,2.1481965413216986
6.441486185168349,5,4.364051438097887,1.0,3917.459795573612,2.4083486503532274,34.05270372714275,-114.55261694061497,<1H OCEAN,3.0554663263488777
9.693299663963717,46,5.7942260400725445,1.0,1058.826977030545,2.5203721973767297,41.125596678888584,-118.98460392749081,<1H OCEAN,5.0
10.18673685251872,8,4.5149059488878285,1.1647260557518724,888.0683861506619,3.1958085463700923,38.02359808408417,-121.2459776673308,NEAR OCEAN,4.702499716937641
7.16595185366179,22,8.014835736791865,2.060772451902898,852.0834637794449,2.693833583778911,35.993672124158,-117.80670814662135,NEAR BAY,3.9384037652573656
7.922310645746973,21,6.816362018113793,1.0,671.1625236246903,2.0229764369798526,33.648078317047634,-116.83021584173281,NEAR OCEAN,3.8490420531697334
4.072806383925139,34,5.42977031585091,1.0,1985.7031681677986,2.579495757980009,38.388716826389256,-114.148809454918,INLAND,2.57455886969247
4.8639783278861195,48,5.816538710688111,1.4730398023005131,2881.998099977471,2.0478411355084933,35.01343427227832,-122.40552711475618,INLAND,2.6785027637110397
6.75871653627932,32,4.41258931727329,1.0,912.2825435255106,1.870952200553282,38.90934886550462,-120.3766009473721,INLAND,3.1919303884122043
6.115587166686512,5,5.49698998822854,1.0,1895.1025864583803,2.412063563425456,39.68314645246712,-117.61255106597675,INLAND,3.20600496301636
7.205382453564216,8,6.476310160235001,1.0,2632.518236923019,3.4367379868970516,34.750769921394216,-116.29661073527231,NEAR BAY,4.145528819537407
10.473711832651912,2,7.0037417041009125,1.0605827338703449,1554.3478441618547,2.1562352537156433,35.51093269051853,-116.97541354759124,NEAR BAY,4.9408500447544155
5.195706133905098,18,4.767587535887867,1.0,1357.5954088558733,2.6761647865585165,36.993809688051996,-118.0899650431829,INLAND,2.856990002367944
2.812278776964263,48,1.8412820781987196,1.0,874.7481079247832,2.151588430317584,37.58209607902363,-120.15254570216491,INLAND,1.851810044770033
3.66580326233269,3,6.677395863938942,1.0,2008.8307431967123,2.1381143137539187,39.234841350944485,-114.7314646671047,<1H OCEAN,1.9043258682678181
6.012075615151745,22,4.428997498957765,1.0,1149.2696580509746,2.0897308375289008,33.16823053990874,-115.95046012088565,INLAND,2.790415645160337
4.62879400181475,36,6.927534983039266,1.8528754759819779,1981.4466879228025,3.173049707293422,39.560841294947544,-118.15925572735976,NEAR OCEAN,3.0026707046431915
3.149968703839413,30,2.905622750796398,1.0,960.6482655992241,2.893701293918797,41.22518293140959,-123.80288324307013,INLAND,0.9822391710527277
5.369683999126968,38,6.04722030629275,1.3079915318649604,1655.0303723404445,2.490271099032092,38.628661130432356,-114.92895289075796,NEAR BAY,3.9247047030955793
3.9245670081318957,18,5.14738421151037,1.0,2720.6518639416054,1.8584021326394211,35.39575724071405,-123.65188887559104,<1H OCEAN,1.7807328349426474
7.124672975630403,47,4.736275233590661,1.0,1834.4445886732337,2.1290291847347422,39.46017232052034,-115.31748506569187,INLAND,3.399996230608241
10.848047123592604,33,7.966921605781238,1.6313795759087353,885.8494943622301,2.0501109909200075,35.52868430071509,-117.14429495291996,NEAR OCEAN,5.0
9.256134256369497,4,4.258565521773715,1.0866311273894351,657.381214488881,3.4798320582450195,33.2172518988138,-123.35759261317513,INLAND,4.083377356403086
3.6063738792493365,28,7.809203390395657,1.2344745212677177,1403.1087041528913,2.6727538511090567,34.7304903789641,-122.73955642232634,NEAR OCEAN,2.3581593818383295
4.1379878873025175,28,9.192291447377205,1.3690084734977075,3302.8427623043563,1.859054594103227,39.5240496012088,-114.12010371171893,INLAND,2.7378171149647947
2.73840826936471,1,3.354217463008251,1.0,2240.8673354435437,3.302759476329671,36.004126305018275,-119.042610321174,NEAR OCEAN,1.2366522697632218
9.061784717326073,15,3.949129390921753,1.0,4845.2142416880815,2.8847250118113625,41.50935550944001,-119.61204790611723,INLAND,3.843198244549267
5.824361610367345,10,5.223341586928328,1.0,7955.244006232842,3.3417419001949833,40.12391551994091,-121.89354013182647,NEAR BAY,3.0431930410336983
11.239251927100817,50,5.11477616806605,1.3757946416521467,1255.454809541646,2.0339227301256066,34.159157965230065,-122.17403546360352,INLAND,5.0
7.198824363313881,3,7.377543663992483,1.3594691212690342,2023.8233129005216,2.2199423277518506,40.29264311611077,-123.90237510021888,INLAND,3.8027744373234893
4.47978184657648,30,7.373441790820674,1.6722134824108847,1336.607265882974,3.3268045201550005,41.74817450753447,-121.13727445767358,INLAND,2.681447979710243
2.462421564926496,6,4.66476157421029,1.1879885621540425,940.8818139239439,2.507411361247057,40.223374324275845,-117.26840390595954,<1H OCEAN,1.3546932715838618
6.283104832661212,11,4.165331400262097,1.0490455569036683,1785.7199537371057,2.8428767095239196,39.58187181049854,-117.40753820286635,INLAND,2.3481066186443593
14.122585139139543,9,4.9367902131252706,1.0,1581.0641940837975,1.942130546019695,34.190552063323395,-116.7680803020214,NEAR OCEAN,5.0
8.036609590818015,49,5.869558277207087,1.3857903649835188,1299.0406397634804,3.425737264545383,33.83628606305295,-116.97651729100457,NEAR OCEAN,4.445725405169318
5.168096125807637,47,3.548695179220282,1.0,1066.0409469189758,3.328337467188415,37.023145520198014,-119.34517736865615,NEAR BAY,2.9310112669246324
8.002053465083447,47,3.3592822215364513,1.0,1463.7618032764485,2.835439326830573,35.03943837855401,-114.5991168198079,INLAND,3.480465944774589
7.608951921975889,11,4.219482296147656,1.0666291415285376,1055.9026030294474,2.887448520228159,35.29779482218421,-123.48001148597203,INLAND,3.716304213455177
9.690179547108169,1,4.722983795295421,1.0,1225.5971323205451,2.5691144608707406,33.32417432413555,-118.47459952393181,<1H OCEAN,5.0
3.727321979776634,51,4.8644823860662445,1.0,653.9950224686116,2.434159850043047,36.20674108470598,-115.50836218606968,INLAND,1.8516539327095949
6.657566092544203,20,2.087592934046379,1.0,791.0468227867202,2.315320000300797,35.1647186628508,-120.4267479013429,NEAR BAY,3.40743185004313
2.8030802201228977,47,4.77177182264519,1.0583878529366302,944.800935011661,2.2118946955268854,41.084380135726306,-118.8923863605204,NEAR BAY,2.103178490262672
2.357242312669539,31,3.2773996507457857,1.0,1526.438530651821,2.3440390314326915,40.921657814422666,-116.97219634696005,NEAR OCEAN,1.0845701968154176
7.506828676608032,22,5.613004823629288,1.3621438202128549,1411.9648386844924,2.5105644413646546,40.56619926799313,-115.69350754379563,INLAND,4.711375238906349
9.598538655980125,38,3.350174659038941,1.0,912.6186572061129,3.207376574183415,37.99906611193062,-121.68465293984404,NEAR BAY,4.776338106194836
5.484280122128248,4,6.0501686349785935,1.3351376008394769,967.7434417767096,1.887254141497326,37.55853508912067,-120.92329436142451,NEAR OCEAN,3.3521506216286343
5.260156152526571,47,5.203280827895757,1.0852931570315922,1535.0166385035727,2.6712254206178256,34.116568810213536,-123.88041487935322,INLAND,3.039410872221259
6.4072298964482925,50,7.914663803934131,1.1807838044890553,982.3333862438484,2.247601508075369,33.63862888492438,-116.16510217105318,INLAND,3.7866994507705636
9.206295609826794,19,5.982211220545832,1.2579077369463674,720.6737561409584,2.7706723019323376,36.161557434175656,-121.58422781350303,INLAND,4.851817229044389
8.193610474105643,39,5.164522322307233,1.0397226011527811,2087.3775572570416,2.840806689530163,35.21576480017711,-120.76245204559703,NEAR BAY,3.778325271639608
6.346167219223479,13,5.404051937031652,1.173692463507556,552.6458949315802,2.5938401984139814,37.35478252767256,-123.57779474255965,<1H OCEAN,2.802950066331352
7.459663314828306,17,5.584673538778036,1.1076892419640356,681.5843067864447,2.0136708583051046,34.187492754310895,-119.40104695908795,<1H OCEAN,4.345367795348308
7.921588132573974,25,4.485032798287795,1.0,2776.8246674601887,2.4699665418298213,39.580109830282694,-115.02115719726635,<1H OCEAN,3.5608539975136315
3.377460542806026,14,5.06217605341838,1.2184618466022592,631.666733144967,2.083359245722807,41.515908575762076,-122.20027512468454,NEAR BAY,2.817614962679508
6.97023799558161,35,4.63041820226907,1.2161261806638801,3539.5478524471846,3.103733857781949,33.839025425006184,-115.7957855485,INLAND,2.9872037089793513
3.0666969881556376,46,4.885885611019786,1.0,630.9751096637357,2.981871682468504,38.48320037874876,-120.69383172136037,INLAND,1.6314082287463754
8.887219749581892,38,4.715732292674554,1.2141456003514508,715.7693914215545,3.0691845267738533,39.554510708167506,-122.99819985899745,INLAND,4.432745353667855
8.015654652099885,40,4.86413197800837,1.0497802408119927,676.4115830063114,2.229960551313801,37.10673395470053,-114.8226245732974,INLAND,3.862998741719578
5.626873682743311,48,5.4166800293958435,1.0,571.874362291591,3.1849521364062374,39.11891827484418,-115.52563000802333,NEAR BAY,3.482841305133391
5.036879383464514,11,6.435874041288743,1.150286769160589,3323.2836627676957,2.2091101416109944,34.40847497068006,-119.2615927320758,NEAR BAY,3.6885765806932627
9.185905871465167,16,7.052397036059092,1.7080721503875032,2924.958304258596,3.1721549299064757,38.632044696439195,-116.3282661824215,INLAND,4.412003174174982
6.192440492385052,11,4.425341728270903,1.0,542.2476975773296,2.194283431189954,39.291127146848005,-121.7934718362835,INLAND,2.7955951226419486
6.1470965006822285,12,3.0887811858956393,1.0,3729.1181800353716,2.2512839297483307,39.41215214212599,-121.1649791858179,INLAND,3.12228331912768
6.363786927755941,41,6.82106064157817,1.4425966630954437,604.8647020409102,2.7697083616401676,36.73582339499685,-116.16837204547477,NEAR BAY,3.8218096558556036
6.57991181534684,34,9.16144193131673,1.1631389106446108,9200.330931625185,2.464602138218905,35.866311993867185,-123.79673234448157,INLAND,3.256781727023884
9.265750359498414,45,6.386958612543351,1.2615212037349428,1218.9499392202276,3.1612640788614867,33.598899296298136,-123.80765424737112,NEAR BAY,5.0
2.653798760574668,51,4.921024122728211,1.0,907.9572275429654,2.3744778833610374,33.844734523652626,-118.23877068655001,INLAND,1.2983137966178369
5.1985306660287804,27,5.868080330525994,1.370342005205535,1855.3486188617787,3.1792307252282876,40.02294438935759,-115.64426327325519,INLAND,3.045402824700868
2.202453666520372,19,5.752925792071454,1.4210135325861117,757.4355284634147,3.333751584001505,40.26815437272797,-121.8081285631393,<1H OCEAN,1.45827732685476
6.555827698333045,8,5.424560342218998,1.0,535.299705837486,2.8261183001442607,41.39002951476821,-123.22589590077777,INLAND,3.7465963003283593
4.102353875000147,32,3.9618535581488903,1.0,1010.4053071823171,2.7523061345713264,39.90935225062232,-122.83459683804827,<1H OCEAN,1.8056929436162443
5.837428616877678,13,7.169013426015238,1.6622682768535948,1414.4592640119542,3.1914815128608938,40.89585448112642,-118.93984377789774,INLAND,3.4030370512027157
3.867415470262331,32,4.141371658064926,1.0525409954517526,329.01053408633226,2.7815643341773435,33.923180380312736,-123.97573590280011,INLAND,1.368464315551274
3.787499866052497,34,7.1237690740843265,1.4216936526197355,749.1258277240729,2.8204119831291994,33.66952120618622,-114.73286259465726,NEAR BAY,2.4743293073944224
4.501520919292922,51,6.407771915046142,1.0,4772.861332108176,2.8706475408526977,37.51486281027489,-121.66499407263876,INLAND,2.268911975227379
5.679444970538592,9,7.898546227087177,1.046038173928632,1333.661821955532,2.220243312824481,41.46814970013499,-114.80425949690901,<1H OCEAN,3.3258119408564206
7.455127855912287,30,6.713345847669734,1.2661278562785285,282.3145500077994,2.018186564569966,40.77751668441878,-120.30735621343483,NEAR OCEAN,4.541825230228397
3.928790439645297,2,1.5400387439883025,1.0,1342.4469773765134,2.11060703655731,32.71910353500003,-122.01003044045032,NEAR OCEAN,1.5966207667641024
5.825177481281334,27,3.0951528695376895,1.0,1692.1722761767342,2.8043146346953787,40.89446994422168,-122.44001302019781,NEAR BAY,3.19853066903762
6.568784672940471,16,5.5995444474812395,1.0075299415633723,1325.7127136260913,2.19417911877392,33.953007036506484,-114.58300911054741,NEAR BAY,3.4705535275901256
4.390617562723223,14,8.339279706310233,1.8544066994623871,2233.5800060669562,3.496714174227675,41.2206306466865,-117.06364813596711,NEAR BAY,3.3642294835553064
6.492937642766092,33,4.814998721238522,1.1308391668870017,1111.0961775659362,2.047928393934092,38.18741513633202,-116.9023004085564,NEAR OCEAN,3.434103950005136
3.0542900050512767,2,3.151325747007901,1.0,2595.5979607552945,3.160576290625812,37.725146507569235,-121.93832775614877,NEAR BAY,1.7157917987780817
3.6451939229801362,26,6.840966671930886,1.3920005171686143,1329.3427466110606,3.0324054804435594,35.41330703413192,-117.68930649677978,NEAR OCEAN,2.45394229021045
8.817948075894689,37,8.266794494214535,1.0956538188450273,1445.5758774166131,3.4184638730410617,40.203868856302826,-123.15752787257007,INLAND,4.24328259777185
2.002960047143842,49,4.1372886963779845,1.0,1679.0483414872547,2.23374700652115,34.45651569413064,-122.66908257950524,<1H OCEAN,1.3087491156230924
4.698008185082127,50,4.586717842856694,1.193629123719209,2106.880718250567,3.1857058889021848,38.1956580623623,-123.69344155075845,INLAND,2.3897856625652367
5.6477905715935215,7,8.26943440868596,2.0494655329931484,1689.274865437089,2.692053246637191,38.66644929374489,-117.93589343863177,NEAR OCEAN,3.4312081411597237
6.10946070522925,3,3.3183058703804402,1.0,826.3658477655179,2.3372146786162755,34.29678965171323,-115.06336712740278,INLAND,2.329559260337311
6.214798769533923,48,3.675178947448751,1.0,3796.382688909469,2.6922798753189054,38.23008834060698,-116.63094577620862,NEAR BAY,3.033565720848545
4.954136696779571,42,3.6500541596762677,1.0,805.3827193276625,2.754425114592024,38.527730540405614,-122.98273291502379,NEAR BAY,2.6650385888123886
4.613681536234948,25,5.775752298363484,1.1129995084905544,762.1114222470738,2.0137080234197198,36.19454026746978,-123.27282288542824,INLAND,1.9873927491425816
3.737101723989,21,5.006969145606589,1.0,378.4137476115531,2.982311394040469,39.547783679484354,-121.16425474058941,INLAND,1.4550801711310113
10.979710226172964,49,4.4661825414944705,1.0,1135.218532923731,2.1206093780829467,38.37278664354901,-119.56078899336012,INLAND,5.0
7.737477249788936,24,6.979355161620911,1.5740384044544948,969.0509073575694,2.6269722732286525,38.57115189266721,-122.02240153813077,INLAND,3.972134241830647
6.24486192811602,10,6.886348579843596,1.5721724670564867,1399.885901235739,2.711956431238932,36.03358848390611,-123.66819386861458,INLAND,3.827649672376427
5.303293723608701,13,7.950643301929634,1.1113233489175582,781.3569032136686,1.8926152187692282,41.4985028419606,-116.31461503082336,NEAR OCEAN,3.0078210456936496
4.183215790404872,14,5.590068958915872,1.435392985568621,3915.1657098806713,2.4553130976916004,33.62452520243429,-116.00885695784754,NEAR BAY,2.9549769717302423
5.352164290002765,31,6.805097208086484,1.0918576180477542,914.6756425416525,2.8809008301382297,40.969593088279815,-119.86999382943642,INLAND,2.552043694215783
3.543003875077842,19,3.546429249326585,1.0,914.6059745836205,1.9549264136057345,40.40011480085927,-117.72474054063099,<1H OCEAN,2.1061971024041055
10.14163756814716,16,6.716590243612789,1.186435209125247,1278.6930640640353,2.0874620110730007,34.715855067562565,-123.36913105147889,<1H OCEAN,4.586725664013194
3.6832878869496435,7,6.799597042262483,1.2336213601041692,1708.574668263519,3.4326898744945336,32.549486432330994,-121.15809584456196,INLAND,2.332321095861153
3.117903616770285,9,4.147113689462241,1.0,2940.3134689220756,2.8534127476777305,40.722956582406674,-121.5051941545555,NEAR OCEAN,2.5005466669727774
15.0,10,6.518675414422258,1.5017434817008202,1884.7517541636764,3.2236534142806548,34.54466774604512,-123.47820625186004,<1H OCEAN,5.0
5.133450478232542,7,5.906563714678891,1.3530361720889716,1863.255839316273,2.5828752464421307,33.71712898388085,-116.34634591149195,INLAND,2.875464538842121
3.706804128342476,21,6.277662111477742,1.2902839344272732,1447.5367948822943,2.033980820907385,39.85706797537604,-118.90754226882984,NEAR OCEAN,2.0630232699093196
7.727030062707307,33,7.105377996670222,1.1201137138953579,786.4160761187309,2.8219331631122833,38.4407655589791,-119.61291523932186,NEAR OCEAN,4.170584203701505
3.001816849443315,29,5.792535916182813,1.0,897.1627012479689,1.9236634092819451,38.44263926598212,-123.25030044339766,NEAR OCEAN,1.783759554082014
4.005559905603559,7,7.465484526615594,2.029506555417462,316.7387592578334,2.0343912338810584,34.87316718271174,-118.03671232504765,NEAR BAY,3.482847924367611
7.853266392500504,30,3.6001461698163046,1.0,1092.6374717924123,2.308301256462535,41.60770108784792,-118.70233405217256,NEAR BAY,4.191387868491095
14.364221110010698,25,4.027419084930825,1.0,2030.2619725305453,2.754807580246494,40.87701284123653,-118.20178601157137,INLAND,5.0
8.679318795080901,1,5.221360874013684,1.3080930874522847,1131.5041592853772,1.8594297612510977,33.349038935280525,-119.96757305867051,INLAND,4.09522703392455
7.591516441063376,9,4.1855395092099705,1.0,1774.4169401078566,2.455890602673236,41.59349166542337,-120.45327209231263,<1H OCEAN,4.217820028110561
10.254357358269528,41,5.93632783184714,1.6217222022309372,4604.225042361038,2.8000245892616014,35.671805753592004,-123.3393901773135,NEAR BAY,5.0
4.81513953828191,14,4.923081368769362,1.3540982025856247,1435.1872080330368,2.6482288491484245,41.658556670490775,-116.32965310368937,NEAR OCEAN,2.987851321684613
2.831993075625593,16,4.989103074456283,1.2701249025268555,1945.5330530166468,2.73331187555105,36.594084999909015,-119.31133933983465,NEAR BAY,2.2448431103073365
3.995222925207116,9,4.9398150572083015,1.0,1444.814504978985,3.39172020248131,36.706837660355355,-121.74727392976413,<1H OCEAN,2.0563280879171537
10.160802473391715,38,5.902690498025752,1.5152443708400973,787.2194988692706,3.4717059196592963,34.33968091826266,-122.23900146093722,INLAND,4.826810710668433
3.2089847151265998,21,5.487144197465683,1.265926335789816,1165.9875654028747,3.2289352865248,34.638719287256215,-120.88754791980448,NEAR BAY,2.30741012502706
5.1391499264009965,14,6.1212919779236135,1.6022378066828584,659.7945882105407,2.8233075539350345,34.715728301840436,-114.49713479534793,INLAND,2.42376154205472
5.589074407528804,24,4.835495651382958,1.0,2324.8836640725835,2.3637724642900904,38.62262632092687,-119.4293083934474,NEAR OCEAN,3.294281336478848
6.626977808596393,15,2.3591676392786685,1.0,2450.3129261398008,2.791545195813117,38.69275195947013,-119.42585616796077,NEAR BAY,3.1831369088980184
7.192680950847608,27,6.755091318889067,1.4065897603437858,1261.1753787885427,3.03359010475777,36.8925147176754,-122.46939501242342,INLAND,3.714861005050662
7.348111123546265,31,4.1706922957042325,1.0,4231.3552021127325,2.472401893236024,36.17350351600151,-115.30528403338961,INLAND,3.7244461624367697
15.0,4,5.974416407792229,1.2797772647462349,1156.3629563583463,2.6753104333615805,37.46796737411125,-119.98927204263664,NEAR BAY,5.0
7.74036324337471,1,5.493822246087295,1.4268956952282188,2362.1223237439776,2.6476522349093083,36.537483772874225,-123.09236841259562,NEAR OCEAN,3.5574458284891364
10.509340117053561,40,9.257600001610324,2.3491281626438627,1140.449773067219,3.1132225443728245,33.861507260149246,-122.96966217003673,INLAND,4.768575252604807
5.630483187453761,7,1.0,1.0,1790.8806311318815,1.9890493106145,41.741045405954296,-120.79429791594315,<1H OCEAN,2.3824723103618477
13.481540299031515,5,4.379027340299512,1.0,541.3135355441375,3.225555188612478,38.610340157458246,-122.11176388912659,NEAR OCEAN,5.0
3.864535677232564,50,6.134509847146002,1.4100252959733266,970.9373938159235,2.4797574031645895,34.34214197323819,-119.21290586671063,NEAR OCEAN,2.559319975477333
8.681115315212063,46,2.770121045578514,1.0,1398.4106782199729,2.795210819170927,34.764865653619026,-118.49166355507788,<1H OCEAN,3.6141891504132757
5.2363718959974115,24,5.421495465842132,1.0,2327.8013743297593,1.8391778454332786,40.97849522596428,-115.61220802041852,INLAND,2.742921487982531
8.564004612842597,4,2.64545157998213,1.0,1381.1826599036206,2.5448526123349433,34.310943707880064,-120.85566594909375,INLAND,3.4681542423860705
7.033011546062324,43,5.479263407096848,1.0,3255.877571612684,2.724600570330665,38.572959153899355,-120.06495291630348,NEAR OCEAN,2.734375067109335
9.789036479981409,48,5.5584822365752515,1.0,1058.531785982823,3.0356587463252342,38.24605287910872,-121.01137459989513,NEAR BAY,5.0
6.894552012563291,42,6.702543323107112,1.0,733.8545437181084,2.6121972813174263,37.34815456462549,-114.45083000348237,INLAND,3.455999991683533
5.3738487682161695,49,5.956729890604742,1.6554673002309632,4517.058784912075,2.7613293494607927,33.47638470492906,-114.96752944601468,INLAND,2.9072316852339712
8.643464101577653,1,3.8470800264700706,1.0335820666661684,499.72649550187157,2.924816295730899,41.51303259438057,-121.83296359117682,<1H OCEAN,4.463374730951384
3.7937750555292755,47,5.590245773676962,1.0,830.8345991008039,2.7891674590102133,33.23807040492278,-117.43452299016242,NEAR BAY,3.021505202816622
2.476174651549302,24,6.033409393740481,1.3781927713483064,1332.217879791809,3.086375412949882,39.709847530112675,-122.69640021509214,NEAR OCEAN,1.5072222853781105
2.0458569251855967,17,3.9461879150486014,1.0,1106.7143994894432,3.105702762859634,38.92184558759131,-116.57311064187039,INLAND,0.9710717608841302
12.452542084055407,32,7.146351327420907,1.436999846062798,1454.0828484370836,2.610890600410772,35.92813109916146,-115.77898070747031,INLAND,5.0
6.171956901917921,51,6.448023995961376,1.2982572366226295,1427.8392064591158,3.133376503752441,41.38147132509076,-121.56346144122271,INLAND,3.1888969382578596
6.819386603365564,41,2.723051098062316,1.0,5583.622694300529,2.4411499970538935,34.363370551690885,-114.27436106929551,NEAR BAY,3.4765656816314805
4.6896228163998614,18,5.526621819090987,1.2911616147160274,1146.8432001432946,3.331282425594525,39.865617905324456,-115.69400932292275,NEAR OCEAN,2.5413203543019565
6.345507479346704,50,3.736849747364615,1.0,1692.610958887474,2.2621010417775658,40.90979889821895,-119.03039440432885,NEAR OCEAN,2.921872806474831
3.9997653838584495,14,2.1159795740697627,1.0,1385.7369545663757,2.060845999936282,34.81987230204549,-123.03053682832004,<1H OCEAN,1.5690553007422277
5.444712518290844,8,4.514651489547893,1.0,275.97405599688074,2.5575835729396084,40.154231548633696,-120.04384143437858,NEAR BAY,3.6367192867014877
2.4440238960926544,43,4.847626405298207,1.2355035707689033,613.8214120424936,1.9301160022329265,35.176229665028444,-119.2323654588732,INLAND,1.4678029249459774
2.3564192729518507,36,9.103262402214487,2.323780616802595,317.90491010630967,3.1534306327630364,35.182970823115475,-115.61196711523543,<1H OCEAN,1.4740964651364286
3.0503856927093507,6,4.5607914800218,1.0,647.0314251641491,2.948338960169669,40.03753980618233,-119.65586842067658,NEAR OCEAN,1.0501799702210335
3.746654078569313,23,5.552657093030787,1.0,1176.330931044328,3.419674219455282,36.183273576034466,-123.86013377002027,NEAR OCEAN,2.18981684327657
10.171297147708769,6,6.0018350727839085,1.2924772360772838,2300.5255726783125,2.4208385423489966,37.411634916383704,-120.35590244219713,NEAR OCEAN,4.942544563470803
15.0,21,4.862715917316833,1.039155321373408,3142.0096017187125,2.255153421874927,37.41996798905909,-120.41568045833826,INLAND,5.0
9.197494072736156,30,5.94235173150315,1.2481639282966384,6740.544828475018,2.0808158504104655,41.400354297234685,-117.33292836444238,INLAND,4.816553924300418
1.3118922285027388,1,4.2603025054423895,1.0,1389.1675789580183,2.4327865911043207,40.43905181779841,-121.55590936880625,NEAR OCEAN,0.48754457587706795
12.173872423387749,19,3.606148501477496,1.0,1339.3030380597174,1.8515358927848156,34.931424751243426,-122.46572121182744,<1H OCEAN,5.0
4.619010621841999,51,4.479942525010122,1.0,511.79089371750746,3.4340925420430763,33.979113782139635,-119.87759314950276,INLAND,2.602758093371439
2.7148652247286766,18,3.292844797369392,1.0,683.7922591884274,2.727197837922022,32.97479566251306,-117.93989914870458,NEAR BAY,1.3470609157757178
12.931378156105925,32,6.4871505516642385,1.2966412972571872,2216.910691142044,2.307171076711386,36.582006027252795,-121.22926925643584,INLAND,5.0
4.575207382798907,19,5.337555990868167,1.2950625066933392,4600.913228780507,2.673748883807214,41.435431074887475,-119.58724197165219,INLAND,2.3433515191941408
3.5593118721730086,33,4.620645513457751,1.0208439334797355,3248.0549410786284,2.9042072512949497,37.916369551012366,-116.99975510685816,<1H OCEAN,2.141033774285522
4.306604504304424,12,6.438438865620436,1.6554155081381123,879.0810032312235,3.045648721097174,36.36967664156326,-117.76868929321469,INLAND,2.700210711308991
4.7388013943969405,48,4.433869222777645,1.0,618.2413834655656,2.3832191321931893,38.643963198076335,-123.97490118481812,INLAND,1.6108885436174227
7.2182576810618535,17,1.0,1.0,402.5065925920259,3.1162626348049294,36.745071839442026,-123.36978847001328,NEAR BAY,3.7270201999668044
6.026493468447291,12,4.530634918091192,1.0,1243.2245034497673,3.4069907716910874,37.37250396946403,-119.26399211255988,NEAR OCEAN,3.2155203771430196
4.1019527944491525,5,6.7310614615647815,1.0,4662.984847259564,3.4929898092050125,39.075071555254766,-123.17105245222909,INLAND,2.95772180813485
2.2845393424143197,36,7.14226548307219,1.0112321344517272,938.2507746318244,2.9292512708668896,40.93215087491761,-115.85427965487827,NEAR OCEAN,1.835250783527366
3.854463929767368,39,3.351778847480861,1.0,866.6720986124542,2.1276997530434363,36.95584626746844,-117.92579900755253,INLAND,2.059896144287603
6.130114566184025,24,4.4351387017955055,1.1921216168897677,1109.8749624916022,2.2993644376530833,35.80663878012343,-123.57790954371413,<1H OCEAN,2.9618564506800444
3.9464878150850358,6,6.673575272415502,1.0,1092.0283111182766,3.0483357432429345,41.31950130946783,-118.61885156249797,INLAND,1.8928214019669893
5.848379420076014,25,2.8987325415092786,1.0,1377.3462487048257,1.9352103447485483,40.739018616102655,-120.34433068996239,NEAR OCEAN,2.98671075382221
5.494114800608075,31,4.905286606159254,1.0,254.12246969891294,3.2447514301902447,40.38657175794077,-123.62629142031047,NEAR OCEAN,2.6475164952274457
9.177544745428055,41,5.961169320736381,1.4799058865453936,687.3013682570935,2.7908581718384573,34.25648617004599,-115.36246299219559,INLAND,4.348971765278572
6.229984641830042,5,7.812888248412531,1.8248887631892463,1013.4737839577118,3.159524186826462,40.10032357576869,-123.01180017769454,NEAR OCEAN,3.358639607535262
8.125675769874555,14,4.644355892387901,1.2885606603754536,1557.079290316642,2.9195265823655294,37.3498371700421,-114.59458807573439,INLAND,4.139052608787196
4.957283276479865,49,3.035196986630303,1.0,901.7145617405156,1.8075089808518243,34.099568267622004,-117.20620895534097,<1H OCEAN,2.8247209818919634
11.47313756137252,48,4.09556988467623,1.0,1498.4427853515513,2.709792930776133,41.230698164039154,-118.04176799081549,<1H OCEAN,5.0
4.466689040324,21,9.494366463021585,1.517830351593499,868.5846220959013,2.1374373047200264,32.988200205829806,-117.7887771735041,INLAND,2.8551776523448567
3.750767413857219,25,5.95704980956827,1.0,2256.989387343516,1.995875688268773,35.84447155813368,-115.91425892269825,<1H OCEAN,2.010088231139396
10.010606160187352,23,7.499237470129913,1.5188385561890332,1610.152080143648,2.7695658820932985,40.84724015250296,-119.95306374100637,<1H OCEAN,4.926757253128096
4.129336358744776,27,5.405844415766445,1.3605392949270019,1479.7409958411774,2.7568735684470456,41.48787708532425,-123.74622452698111,INLAND,2.1822622727813092
3.3562262750122005,40,4.0738681267283745,1.0,2218.2869550540545,2.3737690588493923,41.73884235385348,-116.23009714383733,NEAR BAY,2.1327910291050034
3.3109233235277404,20,3.608035809775886,1.0,1912.8953446224386,2.371754737386583,35.62396386290419,-123.8754903984773,NEAR BAY,1.5872744431525085
4.376618971820939,14,4.636008104488122,1.0,906.6929494108117,1.9637121411575627,38.834832854545986,-122.98890115996855,INLAND,1.9891211858559474
4.857779558916592,4,6.651926723995149,1.6447656514999878,777.0980525374293,3.418352295665552,35.31669141413882,-120.9482743786587,<1H OCEAN,3.0491442762539394
6.602555660695715,25,3.2002956550375967,1.0,3159.4395517340963,3.234120318729823,39.52367639104783,-115.03122690934498,INLAND,3.2186261748811575
7.749166454027288,29,6.654443174072574,1.1326003147491654,4676.663879274589,2.3160034140944306,38.346307385027025,-123.95549223037915,INLAND,3.0044869691437928
5.550371997655642,35,3.4551580563389646,1.0,2833.4198506583384,3.237161721455756,39.96827716523911,-123.02878953018401,<1H OCEAN,2.916787888133042
8.391820422282564,34,4.908649771886946,1.0,2786.7907857958335,2.964451715038944,38.506186019191055,-118.01271388024733,<1H OCEAN,4.159528617690943
7.905022079607189,18,5.322948830401342,1.0,681.7010515160924,2.083266651324594,34.139472318341326,-121.73052587931616,INLAND,4.0428066797228235
3.612150221127379,3,6.451173123221067,1.6596713040515059,1196.5519966736142,2.173048022215222,33.55531636932105,-121.18395364601888,INLAND,2.1214472304011016
3.529320223617492,24,4.923502710389193,1.3071469948239847,1099.86410805768,2.452181784590442,36.65023706915057,-118.00957483899641,INLAND,2.5610523533937317
4.481710700381276,16,6.313877700299281,1.577535362885006,1075.0257353528418,2.90818450591685,40.133172403439524,-122.21559845814875,INLAND,2.5017422480559754
2.082373650927311,12,4.886335948744966,1.0,788.7059767840235,2.6894328904308513,34.09314762644807,-117.11772091671081,NEAR BAY,0.754861064080426
5.679014073647327,43,6.0790399004978095,1.4920859238323305,1666.2660794706783,3.1539907886734726,38.085824548232125,-118.17386008252382,<1H OCEAN,3.518769475205553
4.947713795423647,24,5.380234605492909,1.2809737181526266,1679.1356673909443,1.8792378805725365,38.024556146939844,-119.12379477013309,INLAND,3.0008472582370462
11.405753095406512,26,5.751215398420012,1.1047216578061887,736.864577732888,2.0386854227664233,34.57155515318599,-119.24289579890927,NEAR BAY,5.0
8.98301015183632,33,5.727123204033386,1.0068771091547966,824.912960018927,2.8952176681147126,35.15262174783909,-115.72487475130059,INLAND,4.307503844680848
4.786980121155186,31,5.246650609599748,1.4288939275523465,1518.7468166847273,3.011930472398424,39.18164315192681,-120.3955946706452,INLAND,2.8915827630179733
8.503812066795302,48,7.398960159294731,1.4083499977768972,1307.1962102518605,2.153039065390144,41.662651762251954,-119.47566823225793,NEAR OCEAN,5.0
5.091618986137011,19,6.4269528079174725,1.0,902.3460275964771,3.3065507499619424,40.26184491544154,-121.43623278548293,NEAR OCEAN,2.986008446138625
6.770263913830582,32,5.710700991358884,1.0,1170.0101900564146,3.001788301828106,39.328242977079725,-120.90701229206546,NEAR OCEAN,3.2400132513743554
2.297253150471439,3,4.494683850960876,1.0,568.8207952861137,2.0925670471830657,37.8504689984414,-115.80052663862058,INLAND,1.6151662400869473
4.261169069609522,1,9.530606264601426,1.7753915835691925,2059.085857059779,3.0068838320944,33.249982214079864,-117.34587688463431,NEAR OCEAN,2.4116619513225834
5.899503003472708,29,8.036868181058464,1.1334843674888344,1033.0480925115467,2.189690412480309,37.63419214388859,-114.58818854214928,NEAR OCEAN,3.0144876272930783
4.859800493442252,5,3.7263045567537985,1.0,1010.189958263831,2.0797715822009217,39.303836595871104,-123.71440870715338,INLAND,2.4116023400678115
9.808018571128867,13,6.451988637044757,1.0,1823.0680869895211,3.3899652278035792,34.81841687538882,-116.5070220937564,NEAR BAY,5.0
6.4390392817149795,36,7.545864272009336,2.00546402593017,2641.4910724106044,1.927022612906036,34.607743291571204,-114.81388899082117,INLAND,3.831285776243438
7.218508454930844,37,6.270316877926186,1.3805134887691741,1340.8275377304317,2.2748671983207274,37.90981151201512,-118.3754962535266,NEAR OCEAN,3.2611592555307656
6.036216712082867,18,5.418193589946539,1.0151012647465207,890.5677621733765,2.3771602208241154,40.57971400476007,-120.86437818800506,<1H OCEAN,2.9135266371812905
5.523057087982785,21,4.387200634576886,1.0211307691841531,1736.1699313597564,2.869956639800992,41.66054253372493,-117.67441032487697,INLAND,2.2319680241535518
8.293722978331605,47,6.235926001519475,1.658670773862853,1390.6337274337043,3.3667599006947926,34.59814613150511,-122.92917756858492,NEAR BAY,4.840096608550555
12.242779443614198,26,3.892799445317149,1.0,1640.2867267974868,2.479572183075895,32.984109419764984,-123.09743335649014,<1H OCEAN,5.0
2.13856655443199,19,4.7893038851582075,1.101746995087143,2265.383221774908,2.9752758095602903,36.71599815405752,-114.2872108219577,<1H OCEAN,1.4561326017498555
3.4770712339750536,29,4.545763322815935,1.0,1193.8109967858672,2.4518603215742383,40.009325118011596,-116.08641809107388,NEAR BAY,2.168567091335321
5.623558390147682,21,6.3054590866605595,1.3789938411370197,2601.7483685436887,3.2333240681156266,38.73392081972359,-119.03124988454505,<1H OCEAN,3.099921647725238
10.043770463839994,37,7.751014343638047,1.6667283931580943,919.6244796961118,3.22148377578206,34.21073975742831,-114.98906195391743,INLAND,5.0
7.804432351354857,22,4.616977343303949,1.0,857.3409695003046,2.957672584582688,32.91934104457985,-120.74175954397596,INLAND,3.9924148028887516
3.7940709746062162,42,4.782345513631404,1.0841323135966858,2396.749229452487,2.3393105763041095,38.6346017189947,-114.21435270032961,INLAND,1.7723778902673333
4.592908298741898,11,7.631999076681769,1.1356648402209617,1784.0457747343837,2.0720696563723195,36.922973151913766,-123.27798767245024,NEAR OCEAN,2.96996032113
7.683851693154166,6,4.526213929485238,1.1307058371687415,1207.6251154959784,2.4577298025333985,33.70005329028439,-117.68502750173649,<1H OCEAN,4.23576660644663
4.182069350874932,37,1.0,1.0,1325.5901928334663,2.7029392423557,36.31963802275851,-123.81481128844332,NEAR BAY,2.2854328186955586
6.219867064065099,5,8.5886839684817,1.5187607106164616,1103.0568727953694,2.392126561251353,34.6614526275933,-117.60627147748636,NEAR OCEAN,3.3956367775742065
4.03106521638148,28,7.146088441184601,1.7943827204794403,1175.4824909896295,2.2779707587672036,40.00278230066869,-115.55423413914608,NEAR OCEAN,3.039915931918169
6.820877324825022,9,6.802706937733368,1.0845855564359028,601.2926201917426,2.2504687753958676,32.55561982181619,-114.86840123118782,NEAR OCEAN,3.865730367151458
7.2901766566021555,9,6.071917171852645,1.3191996568994426,809.467691605537,2.942926053250825,34.21723993623864,-115.31303582641232,INLAND,3.1917159373322073
1.6305356797238486,34,5.299740227554088,1.0,1211.5220728260936,3.224572636541522,33.33700330606536,-115.46924541316383,<1H OCEAN,1.3758174962004672
12.298703345247624,49,2.260339889635452,1.0,483.2213869722532,2.6673125680495797,35.17888480801707,-116.06999479206537,INLAND,5.0
12.91520559823031,13,5.065961396253558,1.3451526145385762,329.1624079420327,3.017545256174071,40.11384974681679,-121.21916274268862,NEAR OCEAN,5.0
2.1916535956668444,13,5.026738483136682,1.0,469.177711966289,2.1564575826992156,41.25744596483817,-117.72252484437259,INLAND,0.9321783913040158
4.939314891726388,40,5.208967686021172,1.0,2877.912124405365,1.9788139700758558,36.96333049199826,-114.62417203172956,<1H OCEAN,3.045295486615164
2.6267878140672414,22,6.411692827020224,1.631068333719511,4656.964220878177,2.308654110361279,41.37388632459064,-120.4227228633201,NEAR BAY,2.0056943072813205
2.098378362067257,20,7.995870020812431,1.6908048856049402,1603.500335805066,2.071828534419756,34.61435360250327,-122.5425563775655,<1H OCEAN,2.0006835708147603
7.8838087298078525,18,5.301765234561778,1.0,1193.5844086743884,1.9766281731656266,40.716710479265075,-116.42792491752026,INLAND,4.039558716573129
12.37214684034657,22,5.080454778350341,1.0,2821.5393849175402,2.7746924836118816,38.033373656272644,-114.0343556182994,NEAR BAY,5.0
5.4174970476347415,23,7.988353145641829,1.2989498035265028,655.9588006692547,2.1145873896817853,33.14631281587575,-123.88815710908182,<1H OCEAN,3.329550064649862
11.056299918512067,29,4.080583222956399,1.0,1632.5904389645175,2.8565684276590972,40.839423660705926,-119.05559792183837,NEAR OCEAN,5.0
4.0638371476267405,28,5.376570386886855,1.0,1639.3225626433625,2.8473737649743986,32.754071604682935,-123.96346547127153,INLAND,1.9072677211550115
2.850939471498659,32,5.478232579215581,1.0650728910897123,1134.0010278169825,1.8018678562563633,35.826072356512405,-118.10462610520645,<1H OCEAN,2.5974736635404048
4.593773999319705,28,4.081856746581838,1.0,400.4643413599952,3.3463385870944533,38.49014034733794,-123.35859922902051,INLAND,2.06965378172487
3.8482364073831987,1,4.850818602078996,1.188778357069575,2754.7933798027843,1.967192466405026,39.857738117662855,-117.05851443837706,INLAND,1.8393523027801237
6.640116709608752,37,4.872068498116563,1.23690131004445,922.3113816698284,1.8805559178947646,33.261099650098124,-121.71752397362039,NEAR OCEAN,3.919515638226367
8.929323162068936,22,6.748806506551185,1.3803703119951969,847.5770991658741,3.314179537494982,35.005487022719436,-116.1768908333436,<1H OCEAN,4.082923814634034
3.2563175949919128,4,4.937229611714091,1.0,501.3413830034762,2.176104486682376,39.799414730623084,-116.06957890566002,INLAND,1.8231872576335368
2.976215040061063,42,4.984466892812751,1.0612639215360908,1966.0635884129388,2.6719626095973577,37.97793828998155,-114.55067293477485,NEAR OCEAN,1.479428874389326
8.129871529429822,19,6.234996996103624,1.1051517187798077,1700.0661113155663,2.766678489460438,37.8145048618993,-116.8717620484947,NEAR OCEAN,4.135366171389901
4.676071305262558,32,4.603189133290655,1.0,1903.1483595699276,1.94958363840093,38.19671743196508,-121.55188865640916,INLAND,2.1049208343255925
7.772201474754659,45,3.886200045096962,1.0,993.7407147152692,2.0731270249419818,34.086593544242874,-120.69374329868859,NEAR BAY,4.751427466839374
3.779682162519343,15,9.941874564590547,2.7809664536157324,1098.617823440898,2.4336804841409805,37.161871606106345,-116.22156636027827,NEAR BAY,2.422272203774658
4.07162058568471,6,5.340611522863976,1.0,849.4064750668382,2.580120839384675,33.52471774232268,-119.0916448335332,INLAND,2.5116227123586934
8.683058803292006,48,5.817817755656613,1.0,1560.823218526432,2.8713938398007546,41.32130271963598,-116.41912335238356,INLAND,3.853107872170249
7.921754260396861,35,4.977106189574546,1.0,1325.7172540032673,3.1395373525341057,40.45620619063786,-114.98248724634006,INLAND,3.888660200177528
10.242344620321967,50,2.877661425018379,1.0,1087.2559018165857,2.6780766082437317,32.91887081180122,-117.11925905434256,NEAR BAY,5.0
4.981947033712225,27,4.554800836407295,1.0,597.6060782825424,2.0820498184742178,38.435466236637005,-123.1474109468232,<1H OCEAN,2.6541983833434797
9.801946330689812,24,3.5378883572164943,1.0,1084.8423575788138,2.915980855608371,33.46871777836813,-117.65245214018192,INLAND,5.0
6.6885589322231755,34,6.359851607422115,1.530460967751143,509.8641710560065,2.697246589509886,41.28517913195687,-117.90764893802908,<1H OCEAN,3.4479695913738095
6.568812009240741,18,6.141725082254215,1.6603405855448756,886.6316868257945,2.713010067537715,37.79171073454981,-122.56334394777816,<1H OCEAN,3.6703395025525
3.7274726681736015,37,6.4205817577687885,1.789488385144684,781.1734083172406,3.089348297519444,35.644918316052895,-119.3710560220749,INLAND,2.2548735976450307
7.368861983796751,45,3.7612429131765532,1.0,1144.3492807517575,3.332486804237665,36.40624223512336,-121.08334750687963,NEAR OCEAN,3.268761441267203
4.882077847327903,42,2.0364097157410916,1.0,1588.1942949197125,2.400765381585477,34.103040099630064,-116.55533796570963,NEAR BAY,3.0035833863888723
12.646419696683774,15,1.57368612521282,1.0,1202.0247272693532,2.9331158946810083,37.05620896306263,-123.25715796828668,INLAND,5.0
5.46995755503051,25,6.112949035119997,1.5843366634532272,904.5121794139986,3.1254664485980896,41.78475847690399,-122.96672230103331,NEAR OCEAN,3.1072918738182
5.044121926795876,38,4.759916118042875,1.0,1123.1483892383187,2.217286903139165,41.137433012748325,-118.36242421344532,NEAR BAY,2.830990489422739
9.727611320881145,4,3.259906993843632,1.0,1473.645247032441,2.779142995312318,38.9302515365023,-116.47449245032966,<1H OCEAN,4.736099568474145
5.685118928539248,35,6.36622483430316,1.0782465104819745,1760.8057457932573,3.3955947053393976,39.81471463595548,-117.21594203710949,NEAR OCEAN,3.0655972450193527
3.731141098206292,26,6.9103693488825035,1.5881990838988829,3202.9258877823045,3.0823381892969097,37.20186335670466,-115.97992322079126,<1H OCEAN,2.9258840610139285
2.747803448036536,33,5.3301293853220315,1.288180210184802,6275.163905944236,1.8514715759890599,32.679289355819606,-121.47443988933459,<1H OCEAN,1.8528328882739553
3.659274433837755,17,4.4397660787714885,1.0,3439.2681738093065,2.515667259982484,33.71403399054539,-118.58927630541903,<1H OCEAN,1.8412629180283722
2.40655446789034,9,5.050441910228894,1.0,1332.0186460759098,2.377335417605594,39.66529943249802,-116.66112249094512,INLAND,1.4047293596253105
5.247475653808973,9,7.419885939560407,1.36335508736799,729.6617355125182,3.303461280552602,39.51934754638431,-122.13895209421435,NEAR BAY,3.199932748733324
8.05852095476922,9,7.227106095595111,1.1198172736872427,1053.5715199082492,2.5419776949231427,35.720888189014985,-120.00275642541322,<1H OCEAN,4.053095025465588
4.237717375980985,48,5.043785970708108,1.0,1524.965544789702,1.9804405919927206,38.54051649707013,-118.60218280840274,NEAR OCEAN,1.8508822533771558
15.0,20,5.661018742862823,1.5691715170935328,1017.3201510769485,2.926203376140924,34.95506741167355,-114.35020982756818,NEAR BAY,5.0
2.892592554533766,7,13.161467881907928,1.649468486004275,1080.6739408139165,3.430118708914127,32.76470101771437,-114.80570946783354,INLAND,2.671386965270866
6.948306812951543,28,9.024269115429751,1.562470273409411,2037.1695586902272,2.7861395437690533,38.90815785791689,-123.71229508478562,<1H OCEAN,3.5994478187884145
6.65804233494373,48,5.508829020693,1.100427755303643,1175.7410471345206,2.026716115175565,37.728220952117894,-120.34297252576249,INLAND,3.5006152256073584
4.524730081555635,19,7.863332179980987,1.546640259317725,1646.883130759992,3.2658349474972606,39.83091138581399,-117.77446557296474,<1H OCEAN,3.0922182226165034
5.103488852665147,16,6.085803972021759,1.0,1156.7382850946092,2.2560789234733782,32.68420455148991,-115.71594652365977,INLAND,2.6198492790056003
11.567770567053714,38,7.953759432055719,1.93735577289245,363.0246431738573,2.148098921589487,39.44978084038182,-114.7395382097632,NEAR OCEAN,5.0
8.871436234650723,35,4.220300941163213,1.0,362.62147972998554,3.240182657603902,40.606229161466075,-123.52476140142102,NEAR BAY,4.286887223538211
8.339806451446565,15,6.694319618346263,1.0,1712.0493091940937,3.065866857917063,34.57513928224005,-114.17180684923879,NEAR OCEAN,3.8592751220697132
3.5933662630450134,1,7.175021782600712,1.8440881521164505,1262.8013237451144,3.275730727909365,34.69528048419276,-118.11986034156378,INLAND,2.1605665746171843
6.841796805876918,31,5.404357344399276,1.3413394016346047,1466.8530727553864,2.94027306487645,36.673122659893565,-121.67904134527974,INLAND,3.041305877623594
7.905046267706862,48,4.716812669571873,1.0,1602.2321845678264,3.0104225190601195,36.20191414554039,-115.97340611641096,INLAND,4.2166793048368305
8.080291014081864,13,5.827490517544031,1.0,1541.7713812185302,2.423374078554073,37.88922684680746,-123.22824784079481,<1H OCEAN,4.155443029010599
2.91960076763105,23,3.1389936876047315,1.0,1295.0382424689528,2.0694668312980666,32.94170495589495,-116.8801226652045,NEAR OCEAN,1.7908750294058307
6.3807875922033785,23,4.774860269165692,1.0,3072.9684241543678,1.9634954711169366,39.111173109049886,-114.15596997806288,INLAND,3.4324476981121466
6.353936204030547,24,4.5087672023040755,1.0,1536.616785624807,2.1876783709975594,37.10236686954354,-114.3872004125849,INLAND,2.8225542993071278
9.060021609120982,22,6.897461480152341,1.8214213646588668,1563.9908948803677,1.9795789894210216,41.676879021780664,-123.77663041450148,NEAR OCEAN,3.833454407611816
4.861130454510648,23,6.320439865341975,1.5264638719366956,957.2642782334004,3.1957539787635447,35.96574008024062,-119.54237777687746,NEAR OCEAN,2.9785248304239706
3.257131785643029,26,6.542760665556136,1.2879772607312316,631.1107991897669,2.7169276669740636,41.666122979823186,-121.41623932616632,INLAND,1.7352986028474462
3.5722247641649703,49,7.447144852024933,1.4331901030985756,5482.301628200146,2.5998185614487204,36.96225720986072,-115.79102703841961,INLAND,2.39276216469519
6.445932911678107,39,3.54651205728731,1.0,2279.9818993568715,2.443490732005729,36.84032700552339,-114.70204915579923,<1H OCEAN,3.116346735242145
9.233959633008181,10,8.196186846057577,2.023105850865485,1573.2614333227866,3.0660679947155405,38.72175230296828,-118.36772302435263,NEAR BAY,5.0
4.642510365002936,18,7.00217585209485,1.900779632480826,1149.2192986445796,1.8952780671301106,35.380067233442446,-123.16341176449815,<1H OCEAN,2.967819131263468
6.244813073278573,43,3.111112568758003,1.0,2005.2317881752788,1.9876704622326893,37.35777518298461,-116.07152129982903,NEAR BAY,3.0154180824305823
2.17730623054848,33,6.769566619277879,1.300845622172049,962.5414376275912,3.4035093964836785,37.383244351903514,-120.81889905214797,INLAND,1.256617465826388
2.098506937672782,25,6.412783752917726,1.7589645726821521,2112.386833337608,2.0128326728007186,40.74090914127444,-116.13590029620238,INLAND,1.9072984185682633
6.781770667153528,46,6.147610510066594,1.0,3536.7599099445097,2.1512190659465134,40.525431473314804,-123.3510099416543,INLAND,3.8332120828190135
6.7277063616763755,25,3.8676955833450664,1.0,1271.7166903242035,2.030562978083726,35.81086192869555,-120.68728813126987,NEAR OCEAN,3.469611373363555
7.551571107166753,16,5.429936588699567,1.3408909623674663,3665.7257546521896,2.0198368265876647,34.61686597211773,-114.93789451522133,<1H OCEAN,3.3235558988227307
2.1368122252608837,37,6.5800998110859945,1.799170162704129,1127.398209759173,3.019821818022539,38.53160969136685,-122.59502466599811,NEAR OCEAN,1.4025650771263367
10.53408958007563,27,5.522777871940487,1.5176882379663132,420.8464241800478,3.1613036044122174,38.06473226156902,-114.94689825121245,NEAR OCEAN,4.814115894833896
4.25388383736467,8,3.2114943933877607,1.0,2285.080433684834,2.8297311638467177,41.502826928277194,-115.19537970930187,INLAND,1.9262251970694906
4.167574623153111,16,4.845055506653637,1.3188424988539797,1254.245204328046,2.4922539057015047,35.70395048497918,-121.86817937294796,INLAND,1.9649770676537137
7.390558327787702,43,6.063312480017348,1.3143156838231862,2293.850898925662,2.2034850243977147,41.37482613950777,-120.48264141083128,<1H OCEAN,3.4192002061785622
5.679794564887712,43,5.150009163148565,1.2267928663282022,646.4785989284543,2.0036171168534525,36.1938759622478,-121.63626706939372,INLAND,2.9552752196257766
11.725692307503195,38,8.659406698375838,1.800802210504271,976.6354018705354,2.8700328568421574,32.80365532596634,-114.93186082190083,INLAND,5.0
7.567195375637044,15,6.741572223376087,1.1230707035634881,3207.008433586438,3.0002258160546695,35.509514146200125,-114.64473661407237,INLAND,3.74741618711628
10.956576421155638,9,6.6754623715765815,1.0,1622.7525783899214,3.331639494884004,38.44612943720962,-123.82915788522743,NEAR BAY,5.0
4.53746354842058,51,5.773937885603496,1.2893246771281586,3544.2464729410176,2.719201459148511,34.61406580371832,-115.77121450267336,NEAR BAY,3.17628046035324
9.505883783319803,27,4.72397896910792,1.2211107738159903,890.9266917823016,2.3093751885269937,33.72246254663164,-115.77279382459828,INLAND,4.728746689342439
2.014816981218003,4,8.35760729668699,1.8255631343253973,6217.155001633308,2.203839496954818,41.1436114970337,-120.59724841070856,INLAND,1.6884366260936496
5.2704145794764505,45,4.846382472763924,1.0297834984298408,5883.455441861542,2.9101772205193295,36.34724768668496,-114.84488634125607,INLAND,2.6535407893903677
2.989623892564024,46,5.601708097508963,1.0564616803748776,2187.0919358796127,1.8258557098974977,35.45015097254886,-118.42878851007862,NEAR OCEAN,1.7598628431439005
5.807766762521075,25,5.339295491611349,1.0,1479.9257343731351,2.8989427541374333,35.818336429823475,-119.60302224882197,NEAR BAY,3.3579158449903974
5.947467390370356,41,3.1332624341265243,1.0,1775.757674428804,3.4091804781961588,36.99280507044503,-122.3008787888714,<1H OCEAN,3.4396986322642897
8.420693618664894,45,6.237833125070652,1.0,2641.1109160985557,3.4060224907632364,38.80769496442327,-122.96514110873441,NEAR BAY,4.898260659964496
6.142918033887784,8,7.143338431220116,1.5085580391578821,1578.015827330978,2.7600370145167643,36.14899888058091,-114.0140055557553,INLAND,3.3561762645674262
3.9423888234232294,30,4.5121777022966105,1.0,1069.2962104238106,2.5913857741225823,32.94281597012795,-121.03147951258546,<1H OCEAN,1.795647987987547
4.4584962713527005,35,4.984571784303522,1.058150974198265,687.2349765839718,2.254221587858021,35.56537153897048,-118.3676145306007,<1H OCEAN,2.6356336360927854
6.006810485307809,51,4.0921257326830185,1.0,326.5623518015687,2.3189834631859005,38.10502901561543,-121.86684987946927,NEAR OCEAN,2.861000966550079
4.09976263012993,2,8.538729583036853,1.1584002648999647,1105.8297238794403,2.348874575018958,34.220815633639575,-123.77929527622481,INLAND,2.362456882521548
9.371395836203856,7,6.224016683840479,1.0,351.2032831652755,2.8815308054531497,40.71212170693652,-121.59371311857883,INLAND,4.646030537616739
4.632589515874417,3,7.727566551632017,1.91154990041531,1213.324181143439,2.067305682962351,35.95076768077217,-116.18024380688796,NEAR OCEAN,2.7419758622972017
8.695857863745116,48,4.788388481606734,1.0,3696.2419970063875,1.9860273086631552,36.9230247622583,-118.66054029223123,NEAR OCEAN,4.599528503222823
4.041656912750051,29,6.436511092901437,1.7754824459711658,1279.177682640299,3.3596500669279226,39.48438680764568,-114.96366310521587,NEAR BAY,2.22464850280135
7.257347160786119,15,2.831944959116026,1.0,725.4806098230756,2.2238356197984666,35.07338708082349,-117.9099176532552,INLAND,3.675716675213402
4.984329687950196,30,4.472327365096192,1.2375163806934864,960.1546085843395,2.738854365700436,41.102678658952314,-115.8715088579424,NEAR OCEAN,2.4851956299097986
9.257551358977024,14,8.94765605982824,1.6519244270288442,788.7937309558255,1.970757045693654,39.15438043732758,-116.62635771129484,INLAND,5.0
12.960077895840659,16,6.1902434492252345,1.5287602184900742,4047.6710049005596,2.238890314025001,40.17885608749505,-123.22163436697558,NEAR OCEAN,5.0
6.014745066386673,7,4.937810144651104,1.0,874.075179802288,2.6223083709466612,37.25247711703335,-119.89840767080766,NEAR BAY,3.718830587021103
12.885986221854996,45,2.3689781872228513,1.0,419.11270110911084,2.398810572609937,36.10165391046303,-118.97337865187305,<1H OCEAN,5.0
5.11261953675665,32,5.806987427146819,1.2677861145387053,7016.677718181529,2.130406588076175,33.73752817859061,-117.77181430667459,INLAND,2.343259470939161
5.990886785854426,31,4.783597764704932,1.2979447295918252,1183.4470833914884,2.604737337677929,32.84000788550791,-115.92967606047446,INLAND,3.0609305724734983
5.219615204324125,17,6.94045671286071,1.8375361151145446,756.080249452987,2.084646563375374,33.39404251052904,-119.07018901733629,NEAR OCEAN,3.0724317616164565
3.4861271958010307,33,3.0289793071511437,1.0,1347.2400750357347,2.0985060124390515,37.05313233557534,-118.02548802285295,NEAR OCEAN,1.4869608062020627
10.580148627405112,44,7.012500429135557,1.7448943103432304,1148.4629169620464,2.6564133541003936,39.241729957553304,-115.4000521312449,NEAR BAY,5.0
5.875527242249462,31,4.728716527429845,1.322385275366435,1817.2293842589215,2.368070684564988,41.247219139531346,-122.97377009725784,NEAR OCEAN,2.904348895843566
4.533069053300013,44,3.737118083790101,1.0,1204.96199752374,2.841547675274432,41.97097190471895,-121.86190244885313,NEAR OCEAN,2.605906201852775
3.9689931724357126,21,5.813702670912226,1.053319747915462,332.88047776648716,2.3457892438943926,37.18749980245241,-118.07715912304862,INLAND,2.817443220863668
12.836583402249214,40,8.589059171470169,1.48111642104922,1192.0060049513083,2.4173008777966642,34.91232507034315,-119.64148394310793,NEAR OCEAN,5.0
5.1329503864298625,4,6.727744983343618,1.3470801340015832,2382.71287873116,2.3342751687404166,37.04403552727774,-116.0025850034616,INLAND,2.489909137870329
5.109236553209853,41,6.02583531656597,1.6263168024150472,944.3718299156051,2.8605014540096185,41.55737409555333,-119.41819365345526,INLAND,3.532221203235279
8.689620187139647,29,4.585832907383302,1.0,2149.7754671815424,2.330827878123441,37.89239664813432,-114.09672117209763,NEAR BAY,4.705110398929897
10.986011399454346,15,7.908984169637055,2.1170641539065183,2474.322873418168,3.1749758461976794,39.36487796223177,-119.5527627182869,INLAND,5.0
4.342811285851614,43,6.09086879977785,1.6355506486283407,2882.716990658546,2.656465303328665,32.77614065913883,-123.04472962011606,NEAR OCEAN,1.82625141090069
7.253257497779541,31,2.1432097399316627,1.0,682.7644009386578,2.495898378141002,32.84715155145205,-119.28688421431296,NEAR BAY,3.114384935658977
7.24680033282662,47,6.794228681877218,1.0,730.2838972425652,1.9069182674291514,40.69465041440059,-116.10857170751316,INLAND,3.670301626767329
5.060571345655698,37,5.906713464075566,1.2883138483360135,1358.8109710802946,2.9472076675254244,37.79475611813997,-123.47186467818045,INLAND,2.9407889347456497
4.608597382550907,7,5.290865082608377,1.0,411.8809560822007,3.1529227346411055,34.09781187784157,-120.02632942335596,NEAR OCEAN,2.5030219702541934
4.164159842184406,51,7.606685296470374,1.8040715151921347,663.7324923732147,3.3362129849483657,35.60929207783027,-119.65783426719797,INLAND,2.2600829892841983
8.74086870960765,38,4.239638355777516,1.0,1625.3490091961523,2.3209769116134,39.0862206458631,-114.47845091774668,NEAR OCEAN,3.866786336910875
6.133779979648918,44,4.596891320139834,1.0,345.4913926804314,2.618856351905813,32.904864675793426,-123.07663096547229,NEAR BAY,3.671943522853339
5.6737810231623875,11,5.190001783938521,1.0,417.1079346039501,2.6805541931944057,36.06247478607796,-122.47762337704417,NEAR BAY,3.395426330375463
3.970324258667969,35,6.191684278307287,1.568690187385906,1865.6317390355914,2.528438468011129,34.0825621993762,-119.13383564319592,INLAND,2.0389280248204655
8.74434474021365,11,4.452564739084598,1.2032391866020613,466.9414587385818,2.078230859769539,32.64164040938394,-115.02938887662361,INLAND,4.25859497671611
6.314742798383074,33,3.796510865630266,1.0,7699.3265991537155,3.1649523452397115,35.84322702696321,-119.58161194943712,INLAND,2.7789298783954024
3.7028550812077192,4,5.14182246485761,1.0,690.3593844870849,2.5330774697006544,33.62945675085852,-115.71805783398744,NEAR BAY,2.0225789619472687
4.683492870924064,4,4.629260822676036,1.094886318319948,662.1707992659923,3.419364444540471,35.44304451849344,-121.4487460046309,INLAND,2.5423941703703523
7.711223245691576,50,8.287382594104855,2.2090436154879907,532.268034437844,3.1538490777696264,33.62704167904242,-122.23581314014254,<1H OCEAN,4.838242657493466
2.4789058448671106,7,1.9849130827664503,1.0,1306.794536439135,1.9705469126967046,36.64498205891453,-115.40957339936796,NEAR OCEAN,1.3669839365931848
5.388785769154035,39,6.97904145542552,1.8151114623360076,1160.7516483297522,3.0901698633884123,34.27901798446283,-119.88347623218087,NEAR BAY,3.426066047510056
7.974529209915739,36,1.998364255146308,1.0,1701.5764047245457,1.9434601276679309,35.69598019637622,-115.99198553533155,<1H OCEAN,3.638375416828735
6.121172736693725,18,5.3354897088312825,1.0,1124.1867768890193,2.3521213290085647,40.434931868493635,-115.39953413498338,<1H OCEAN,3.089352918408914
7.631787267858575,3,3.6286052710264016,1.0,2405.91939559185,2.6508220482693603,35.050358524195595,-120.37077909708965,NEAR OCEAN,3.9115596345475545
2.1404229541721893,44,2.829657988116689,1.0,1136.1891048418408,2.0383613288418188,36.95584240481601,-123.81142223774111,NEAR BAY,1.5112961440988864
3.049150056895271,31,7.713118941733555,1.5521646666927804,1035.532813428741,3.415617546480905,37.04252692183046,-116.03733212436548,INLAND,2.167650312739947
8.194174146137485,8,6.70253308332318,1.1155935945305435,1531.7036454081763,1.8594964607896158,36.84341439050223,-120.4738544583902,INLAND,3.796296828218245
6.563664033910722,29,5.568939254942365,1.5390600368138743,369.2912224951927,3.41110583015983,35.20584023458657,-116.55811799577918,INLAND,3.353923622577584
4.857787325835213,18,5.684992561117543,1.2683825974408103,636.8678648971082,1.928571920295634,41.34762072327796,-118.61185910549781,NEAR OCEAN,2.6311177139345796
6.20169621845296,32,4.163557864675891,1.0483422261036297,3993.374624445115,2.487876306683856,36.30634410708043,-116.9727556445291,NEAR OCEAN,3.292182179377277
7.183844063604605,3,4.679478401124487,1.2377781430626702,414.5270420678082,2.223587901594821,35.34685759204377,-118.90081365783593,<1H OCEAN,3.730956150948698
4.399855478043157,13,4.290570603360511,1.0,2342.3295759690336,3.144221829855889,32.67182074245336,-119.808320133937,INLAND,2.0529860589192888
4.008644014325414,23,4.5696649673094445,1.0,278.82899997134336,3.421363341754696,38.93812880715059,-119.06242705542249,INLAND,2.563508286680363
3.0041572067646385,47,5.102126770600464,1.0,462.5633482165136,2.5796884687495396,33.84515213496612,-116.51333825575459,INLAND,2.2310490651870167
10.537202724805688,13,7.72496383054208,1.9257941302014265,790.5460453267855,2.7500061861364333,36.534686714819316,-120.69476900417585,INLAND,5.0
5.657947118696425,10,6.471185820649908,1.0,1735.3029956931612,3.328582605933394,35.306049105714834,-115.31479637917272,INLAND,2.703707667697719
10.860771709498515,51,5.991315082888414,1.2624705053448044,1192.7976414877246,2.306147654188681,33.84179011307054,-120.23742656679771,INLAND,5.0
2.996206891302384,26,3.7752632444866165,1.0,1694.5603700137774,3.104645249170759,36.34958701381281,-115.97474738568788,INLAND,1.4001972824464808
5.8047959645697285,10,6.222994183262743,1.2426555458193984,925.6971433625704,1.824608312222511,39.483381103238514,-121.84887535438638,NEAR OCEAN,3.0972680267938952
3.2047459715277107,4,1.2297803278205315,1.0,1178.423137518483,2.0282824597669604,34.85722235665464,-123.43551398704328,NEAR OCEAN,1.8969271506718206
12.0803025299029,9,4.284713463079631,1.0,1338.8567365763315,2.8701752527601507,39.22334486993813,-123.4980387817507,INLAND,5.0
15.0,17,3.36512094146414,1.0,2426.641146539472,2.5468320733764287,34.42315948097535,-119.71413402683041,NEAR BAY,5.0
9.62371032637472,3,4.829811098590221,1.0,4038.0722136828435,2.144955089510612,34.545725884515534,-114.07154162425273,NEAR BAY,5.0
3.3081998432246165,7,4.973535114919883,1.0,651.5678978445209,2.1806539674547185,41.93373156057491,-114.63129294587971,INLAND,2.2387045398977836
3.2533157546001514,26,4.72369052339977,1.034722118243917,1180.8292528878544,1.9130354940978231,36.923253693652484,-116.63975668113935,NEAR OCEAN,2.173557212467414
5.240276105847362,44,5.430163472979764,1.024016486441004,1009.0349815291869,2.036784927728923,40.264983464228,-123.62435268889362,<1H OCEAN,3.096409058260978
5.827973419128256,5,5.715900603752224,1.0,1605.6009928029102,3.1444832187380216,34.06451279398661,-114.03022123963362,NEAR BAY,3.337413905470101
6.916465325671491,38,7.737607676935038,1.6584753192455706,3277.546532502248,3.45193938781227,37.69636789154491,-118.02898868271195,<1H OCEAN,3.3165284652202223
6.777321861642769,39,4.084018791228546,1.1267087577316166,1402.0066238968275,2.034810976424603,38.021318950443934,-119.88290886144749,NEAR BAY,4.014736287187917
5.517217123951163,46,4.043841966916392,1.0,912.4866135577718,2.4041555419439637,39.28269174321398,-117.86474451189792,INLAND,3.0978309850066115
4.940904875790374,22,5.276797690471489,1.0,2579.7537640249934,2.284659831354278,39.918045013520825,-120.29746812851954,INLAND,2.127762535133325
3.7831722984544514,40,5.976270209447481,1.3734144633899816,1128.595824900445,3.142426158589969,35.07056086210166,-117.95364174497026,NEAR BAY,2.3513474033583854
7.426599993108132,51,5.524754745795231,1.3958012154779165,1199.880754480776,3.3014251087752013,38.48536945342793,-123.1367959862313,NEAR OCEAN,3.7697556119495053
1.8766895976732385,34,8.565744852475206,1.800503325411399,1960.0677673735806,2.0585066108402694,39.0857528878595,-119.61265836956876,NEAR OCEAN,1.371429338984818
5.724736855787239,4,6.899799883767616,1.2292657612902516,561.7775906166414,2.3039316752898076,39.04187257324172,-116.06080683232877,NEAR OCEAN,3.4584254132229386
6.063856637910472,20,7.795214196463418,1.1304215198913377,538.9454328991839,3.152989015663821,34.60124406582267,-121.62451142866207,NEAR OCEAN,3.6317970022704937
4.954487138327319,23,6.229105647957112,1.0,692.0846092787804,3.2091539611481035,40.00897268227469,-121.56450105009755,NEAR OCEAN,2.9712666698125365
7.896901517229404,36,5.602764951029666,1.5206188795855058,1105.225698759259,2.9795284297333913,38.80503134137403,-121.89525846925766,NEAR OCEAN,3.9226339081857198
8.526826239301355,50,1.1555300285351011,1.0,2608.994249134821,2.6574601395420974,32.89293456774587,-120.15250774439204,INLAND,3.6427817870980195
6.00128257358203,4,5.538418613206825,1.2509447916596137,861.4038877129665,1.9410508935275823,38.031148628345115,-116.7365088919236,<1H OCEAN,3.57581384023015
15.0,22,4.897412122388706,1.0338027085716468,952.1561238565037,3.206320403790766,32.77473801425587,-121.24262834540185,INLAND,5.0
4.002288481831623,42,4.941869123713269,1.1998384806773135,1496.4079921967593,2.3288838655719237,32.88680304010185,-119.58353867123553,NEAR BAY,1.9298813833127726
4.444089437931483,18,7.127299969079642,1.0047266045090517,727.1831643090833,3.0705515150639213,33.56057852724696,-119.47961382943782,NEAR OCEAN,2.4993495741188414
4.54039251160991,48,3.1888281427109746,1.0,981.0841814783953,2.9382610830322777,39.26927306968174,-119.26138657807154,NEAR OCEAN,2.2334976418049886
9.09814228560243,7,7.292286205023664,1.5906304111955059,1303.204363402546,3.4276684351029236,36.6070392669806,-119.61498710014975,NEAR OCEAN,4.745993124973816
6.446433578392866,18,6.511695134966131,1.647260112178345,1934.8193368524867,2.2255595661273424,38.8013359734991,-123.4330753361896,NEAR OCEAN,3.6923285393656773
2.3042933037945557,31,5.814393831574593,1.6271033536402446,2470.672848185003,2.4615493492098066,41.92943916830016,-118.42050436709113,INLAND,1.806780811952992
4.72041495005425,32,6.814022120412455,1.5572374715293733,1206.4859665030551,2.748500742919258,41.38969806310637,-120.86731853196542,INLAND,2.8954103319651474
4.179792108749788,16,2.3767583667434145,1.0,1103.6467324203695,2.2386696649153706,40.10926416710274,-115.75230298994782,INLAND,1.8761588912946234
11.72553247758371,43,6.069561782806578,1.0,1165.1151556382208,3.4990279082521756,35.33834420280755,-123.63432127829938,NEAR BAY,5.0
3.8045208226497786,30,2.891339836671249,1.0,1529.3921901915503,2.3616370601580012,39.83981847527502,-120.19165908814173,NEAR OCEAN,1.9191409887599162
5.433734144721706,25,6.0150345940028105,1.4491719358134205,3478.049332222639,2.973101613047163,36.00957526457704,-121.90331387217965,NEAR OCEAN,3.4363009170448615
2.6953653039765366,47,3.3652443768071776,1.0,5506.110196991505,1.8036381950843545,34.20619304886674,-119.13760620604887,INLAND,1.0877272701930596
5.876013082403865,22,4.04797327739673,1.0,4455.27129156934,2.6662159190334327,39.44350528733133,-121.24694063876117,NEAR OCEAN,2.744183777412935
12.767879558353314,30,4.629427803877331,1.0,2678.184076812504,1.8228577911875747,40.41906295696902,-120.45763412584189,NEAR OCEAN,5.0
3.7628366523878856,35,4.916328830286614,1.1939052366305682,689.246248205058,3.180226973145498,39.60438761582407,-123.20422783764924,NEAR OCEAN,2.5608949762077677
8.32543271873298,4,5.720320018234805,1.0,1542.8304522543322,2.519735023640951,36.04542630623122,-122.74658797404344,NEAR BAY,4.453621067617279
4.989461415381565,9,6.598017925554136,1.4828552975792038,1056.2370795070042,2.706294236915114,39.175815686586326,-121.40424803445,NEAR BAY,2.9497325711970404
5.425927378494851,26,9.473434016196874,1.5050842155323763,1225.4170151281396,2.7106507321418714,33.896357662904876,-117.2097255694048,NEAR OCEAN,3.5123520788064266
7.236712660283046,25,4.238780620549336,1.1521077448289772,4151.050875775947,2.0279327953689066,38.76305938288111,-120.45753084240721,INLAND,3.930892532010994
3.1100129866004957,37,5.602238484069492,1.4079583302698955,3176.7605880245815,1.948266978422019,33.878448945628016,-118.9261601908002,NEAR BAY,2.065382793563478
3.8765129541064467,30,5.230804359003138,1.1242959058645585,2322.9415687272253,2.8489611390486687,33.01205120566802,-123.55429721326642,INLAND,2.822926104781395
3.6414247335372725,31,3.5682904319885727,1.0,7334.028138731492,2.451155698365869,32.72421670920078,-116.76732811301773,INLAND,1.8026729741930982
11.715333721182121,34,2.034253966611288,1.0,2291.8945255758376,2.339634083539609,41.71590684112782,-118.09176758452372,INLAND,5.0
8.797331568731343,7,3.754391194664827,1.0,3521.901519925689,3.401869398919697,32.67314787459499,-116.18406521246874,NEAR OCEAN,4.752674722268456
8.537808377073702,26,4.419865285035624,1.0,1922.4480134733194,1.9804887320290878,36.403929054506456,-123.86197896081843,INLAND,4.129642508111746
8.62489814573027,22,4.720895069131027,1.0916972595885805,1523.633819374882,2.2532345305214987,39.74536433956725,-117.18845206775063,INLAND,4.879429978607526
7.877194370830273,36,2.938202798522426,1.0,5014.037146313179,2.587789403515097,37.70580880639287,-116.91555010577763,INLAND,4.004917845236199
2.6370421219436944,28,4.851586245156787,1.0,804.9425473740909,1.873992225192139,33.38394546263738,-120.30657508912932,INLAND,1.3560732737560433
4.185497201769351,25,5.0665808824403165,1.0,469.6766350133695,2.672584835754076,33.5146002903584,-116.73283938813354,NEAR OCEAN,2.8048538061049957
4.964378704854308,20,3.8353077972593006,1.0644957727202855,717.144022627878,3.098676500925787,33.92164042711972,-114.80920957948726,NEAR OCEAN,2.3633185430367427
5.809238843212636,45,6.6514603365480065,1.5964660946741347,995.3085274241249,3.0486921783692105,34.439506699469085,-121.31964257614823,NEAR BAY,2.9872424584436796
3.4635679712751273,48,2.4592775280834522,1.0,2430.4646730818513,2.714409617011507,40.60897876846475,-120.6201210416072,INLAND,1.7408552177584453
2.9345064751547394,38,5.840704265013928,1.0,3034.606013959231,3.4445552186861135,37.83838765165838,-123.33313633282144,INLAND,1.5473734642289678
3.4075291945723025,51,4.978563313655206,1.0,804.2855306727644,1.872941448290664,35.48448616467208,-116.17437395033889,NEAR OCEAN,1.8356962321495929
3.8910976277660203,2,5.5146681990976,1.3739605420732335,902.4726334703906,3.3156713048941504,36.14436830672763,-116.77102560271716,INLAND,2.026471337476273
4.638939911230351,39,6.07563803535216,1.0,1005.6226210868264,2.4194010142117968,38.40383633087256,-122.55126646028013,NEAR OCEAN,2.265114011278292
6.630743702789087,27,5.86873977311621,1.234180923008433,1381.3961561581364,2.74346159077889,40.722299096825196,-115.8701089013538,NEAR OCEAN,2.8677844002442265
5.107305635160351,47,2.0421916684669434,1.0,1344.3477687119978,2.0491331773376786,36.81337194308588,-116.15252310817536,<1H OCEAN,2.7330305451307746
9.471702636730685,18,4.934902588758226,1.0,1699.3452291696547,2.35013633607951,39.29900414019209,-118.4094088857178,NEAR OCEAN,4.85766376585407
7.238689832554124,48,6.163307909678155,1.659516470296053,726.1069082963157,2.6474409243026797,40.59657898115366,-114.72434275604505,NEAR BAY,4.207537186868546
4.75871135948233,12,6.220484963721429,1.4798391320684965,667.6483893918362,2.1956223569653455,35.86320064686552,-119.69711527025189,INLAND,2.7291778559508177
6.7002499352886105,18,4.014747092649157,1.0,762.244327507047,2.337095418149252,36.95591038375613,-119.7346765320406,NEAR OCEAN,3.0254508513385603
5.225058460202611,22,3.532275424086417,1.0,1378.4051965829904,2.071182663726481,39.38879735855697,-119.19188682999554,INLAND,2.7656529483529217
4.198686752980371,18,6.341213826668747,1.0,606.2673691750508,1.9358552901718202,40.28349962536374,-118.94662527541432,INLAND,2.1814465054867025
5.620223475777346,16,6.202112496211123,1.0,745.7701371229758,2.656681951134141,35.85621693232452,-121.57837497457226,INLAND,2.763255775808171
6.5980092654770575,3,3.5368054928988673,1.0,1869.3386190952265,3.4190088127013993,40.08461276759843,-116.0482835212779,<1H OCEAN,2.5512197927777587
8.598266008098616,15,3.1863009032243603,1.0,3482.2379749604393,2.8256051787244933,39.94172638223321,-121.11723716903083,<1H OCEAN,4.436874307040162
14.76700560543667,12,4.673723724156308,1.0017757984598288,1724.5161083273952,1.9204970543944055,34.096692323815624,-123.78868539893848,INLAND,5.0
9.707268046537331,15,4.019829114214073,1.0,660.6299264201579,2.839137304378031,38.59557456465777,-117.51417117141129,INLAND,4.897989317941587
3.4939908865965905,8,5.5499325124331005,1.0,2100.694564956499,2.1308606691602634,41.70908443486502,-115.03657662193612,INLAND,1.5280944041114473
2.6697355874617714,46,7.622759866044959,1.2106006604697768,923.2428269425073,2.837071668667677,35.36324756056898,-115.198449774316,NEAR BAY,1.796021338578861
9.797771581629998,9,3.2008526255714203,1.0,3334.6266147552396,2.0280927329266887,37.00934425927603,-123.22507812978706,INLAND,5.0
5.176513868208558,2,5.080417671673977,1.0,1772.427185372685,2.4285139219608447,35.34998666921838,-115.97798500349124,NEAR OCEAN,3.024910825595533
3.987292117526808,9,3.993472262831331,1.0,771.3495043076286,2.7818907484216067,39.236975621520926,-120.98195959665979,NEAR BAY,2.7971566990148795
11.40694648646923,4,6.585431343008824,1.2928395592567887,1448.616861920011,1.9727036136643303,32.875907214145236,-122.29105603214056,NEAR BAY,5.0
5.030110868365204,18,6.695399299573953,1.5758618340934603,538.8143012241255,2.9757084364511632,41.05792928754436,-115.82228202497399,INLAND,2.4267696583735576
5.208260646263589,38,3.754834519659691,1.0,1499.7113223703184,2.2998892810358407,37.808020634039366,-122.77350182374764,INLAND,2.785791470284772
4.1063609827002825,34,7.152617155318158,1.1549043100887653,1126.9993098160676,2.3990765656417774,36.19402420074232,-119.17193520207427,INLAND,1.8599901416146412
2.1917153522234325,34,6.7012113228474925,1.5202221774572342,5249.507408401865,3.0246247388846994,34.8944323458647,-123.43259958508021,NEAR OCEAN,1.2580177457966106
3.6140293868418047,45,4.99810965559126,1.0,1535.0096921685579,2.3350501863803546,38.37639135114467,-118.14187975381296,INLAND,1.7473927939199505
4.111557243422376,5,6.548420732020628,1.0,1392.7162621205432,1.8296469620050548,35.800253396437924,-123.01561178430623,INLAND,2.891203323184478
2.6170679755186095,10,2.95514042154346,1.0,283.87877118262804,1.9418038156471378,40.92016264299147,-123.58920544010246,INLAND,1.1835842655497593
5.673670963309709,42,8.520232553922561,1.30266014811974,2020.5632224798578,3.314639882580194,39.262203893682816,-116.18341462499018,NEAR OCEAN,3.2736462613677317
6.172366648475768,34,5.371210698277421,1.0,2863.3231396802935,2.9134667061388972,35.612812743558074,-115.63864992015141,NEAR OCEAN,2.722392776050854
8.243184671166844,49,7.415955994196255,1.4787784260727426,2876.4177219899348,2.809749307885074,41.87791895944811,-117.71489325354216,INLAND,4.645128401728872
3.8942309067405825,27,4.256278503664889,1.1311122888459701,1235.8866792350896,3.218642001410046,41.261360376302086,-120.167096696513,NEAR OCEAN,2.3330210438400614
2.3570423606351656,22,2.583856617872254,1.0,897.6973345890314,3.466207175758009,35.0074084316961,-114.38258513506733,<1H OCEAN,1.113138783126397
4.723664451739887,34,6.068791844092556,1.0,3004.210258047255,2.6323194189611403,34.06667344803846,-118.76886717507554,INLAND,2.933982694561327
3.117543833309766,10,4.012313341529866,1.0,1265.9790164155506,3.1393003760896763,37.50822560994226,-120.00630156230008,NEAR OCEAN,2.2071956320250594
5.4093144952636285,1,4.196607114094792,1.0,1308.3183190838522,2.054738002236776,38.226394819057,-115.95346048357317,<1H OCEAN,2.601983649516179
8.088422464461754,18,5.677652651410807,1.0,1079.970496162023,2.4351850123697645,36.24283194133563,-117.45207109776594,NEAR OCEAN,4.476526811618535
4.311606041922063,43,6.689985692557819,1.0,310.8972147557333,2.538852209843771,37.516621834359746,-114.91937148974269,NEAR OCEAN,2.469324068596372
5.299958549447716,16,5.8766503124998275,1.2689261585471627,785.5097579550171,2.4008426202844984,35.560777897382,-115.6233332984213,NEAR OCEAN,2.3749078035378512
2.176901216012985,20,7.064792915944938,1.9565588875786355,1427.7096706490327,2.4320094390402804,37.48617538629529,-116.1289587259656,NEAR BAY,1.9122283205762887
4.594753867752405,20,4.9268695294101805,1.2885864487045795,1977.8270959563863,2.4767872201691867,40.19011207114816,-117.25369104593933,NEAR BAY,2.510722166818178
11.268138410458793,40,7.5821382209836266,1.9178022926571625,1312.753332260314,2.8882477399135036,33.073362424868655,-115.44840024430103,NEAR BAY,5.0
7.036366045714535,9,6.6677463420801875,1.0603725129309802,1901.2769834203948,1.8045621243161918,37.2383334461015,-115.6156292712408,<1H OCEAN,3.7590699514629464
3.8512147997950312,18,3.4219195193075973,1.0,439.9325226408982,2.3792649002622817,33.52149757229436,-119.31838325719033,NEAR BAY,2.389853265857949
3.303165065012743,49,6.348745269795524,1.0,720.1980439866056,2.957627178256776,37.80462779216803,-119.35698635626377,NEAR BAY,2.9326942960338007
5.411475063615614,50,5.311802354314885,1.004272927892708,5982.939821715466,2.8044346362033608,34.934948467944245,-117.37370693374304,INLAND,2.75271281182585
6.882540851936961,6,3.91064699727493,1.0,2120.618138662271,2.552777345523832,41.02582279400422,-121.21130916785435,NEAR OCEAN,2.9560812634740627
3.875394033320472,35,6.24008428647236,1.0,3230.172182415464,2.074482309359324,41.14744521831015,-114.86520040121947,NEAR OCEAN,2.0538153800992442
5.0164461964207465,41,5.981672159346362,1.5392258473911902,1122.6029118027225,2.538601260412796,35.73109872770466,-117.56642223110627,NEAR OCEAN,3.0936101122783053
2.2959078767818313,48,6.392386024837305,1.5192521963425267,2618.078932323368,2.977906581362043,36.92998680587524,-122.72005896435597,NEAR OCEAN,2.184741851507818
7.89103117592254,24,3.389351438670143,1.0,2552.5086411325833,2.769985143442994,35.32194429101592,-115.12610425797764,NEAR OCEAN,4.107181119417381
3.723515915928796,22,1.5291607557857465,1.0,5440.765187589249,2.200112554514375,33.69164287808137,-120.83251894591743,INLAND,1.8950554118167695
7.280902783398573,45,4.669672453398998,1.0,1789.4112496680523,2.565304613169716,34.73101803346219,-115.89300783064593,NEAR OCEAN,3.482720831293294
6.403170154213763,16,4.777247286483062,1.2948452498926524,678.6619700505037,2.4966721780030987,41.13362106060836,-122.09692714542807,NEAR BAY,3.3306318894013844
6.739286732055852,39,6.06030301573017,1.1076205697043446,815.2334199145936,1.9423505167224173,37.839001410391816,-115.03592607512381,INLAND,3.6877991593986175
4.872348556151599,24,1.0,1.0,1632.6188807417186,1.9974713535047726,40.13420273586853,-123.43589866679815,INLAND,2.3328902099240794
11.476765156917903,30,6.325395303623509,1.5907518018155196,245.97179314895308,2.1314682984247235,33.52794801181052,-121.80562369238162,NEAR BAY,5.0
4.084122176426517,8,6.641313124747088,1.7092005717921588,1751.977841702508,3.3603118875013416,39.51165165140314,-120.50022836930859,INLAND,1.9162908990709537
11.555887915955518,31,6.749832054461798,1.5836425102894423,1930.3545881006103,3.010876672536054,36.22856461531248,-114.84787985219495,<1H OCEAN,5.0
6.136043610114873,12,6.675046415203253,1.2198268717510408,3508.5313304271626,2.1828970736292974,37.22248092803038,-117.00716747420313,<1H OCEAN,3.2804927515405646
5.78723791657027,20,3.3896232683154146,1.0,411.22971651858467,3.3878715068998195,40.5072161076513,-122.20865548716083,INLAND,2.6548564964722208
4.93447116382491,20,3.767170190602766,1.0,650.9087061231307,3.0278428639767667,33.01029954206394,-114.1581829905975,<1H OCEAN,2.6381872458569937
5.757316340465707,22,4.9114510309921,1.0,1444.405752887192,2.96660572553363,37.224705334302435,-121.2565985848139,NEAR BAY,3.312276653788492
5.498186681708864,18,4.991428710245932,1.0,1302.2209142986903,3.4581080032206817,40.13445999701835,-118.0514516178262,NEAR OCEAN,2.9988620182976273
11.992883782509237,50,3.6434397805996332,1.0,1357.2439835670878,2.5539705084803166,33.746194024056415,-123.42838658684651,INLAND,5.0
3.1695792451355893,3,5.558243389925973,1.451558588968386,2524.5552138596754,2.690378989168122,38.77465671386312,-115.60309334019249,INLAND,1.4625054538228976
5.015720216654309,31,6.051130742367459,1.5283035870720398,1677.8080599938573,2.9554141133033696,41.259078348731975,-115.48429795847501,INLAND,2.7680124139624587
3.575551286774982,11,5.852782653432812,1.0,3634.002206293017,3.3831573382464515,35.36981108140289,-119.15236135982938,<1H OCEAN,2.113922093725121
4.225368702505475,16,5.533611401299364,1.270989754893173,2928.9807416854114,3.2852674876810135,32.86783899464334,-119.47965130372808,INLAND,2.5596629634798327
5.517079090049589,32,5.966790284944166,1.1901209612344186,864.6658156044195,2.948677742413968,41.66190168502756,-115.91336656042978,<1H OCEAN,2.948482569966151
10.773909558149754,3,4.885295505124372,1.0,1629.4674195220264,3.283198558543304,34.15531299402083,-122.51560563839492,NEAR OCEAN,4.926354841845419
6.80182579506075,46,6.223329881560291,1.0,1939.882770897972,2.3878815637620163,38.914866768471036,-116.29916185865974,<1H OCEAN,3.517638700582657
3.55930724932944,37,6.0202798261925246,1.1302204014951747,4616.401252785653,2.700706611492912,38.944000682809914,-115.25746112818305,INLAND,2.0277042735114246
4.796737488664777,11,3.9912007951995205,1.0,1558.9018111083342,3.09809392802379,40.51089467849508,-117.70774313430056,NEAR OCEAN,2.4867377336091745
9.19478970747841,46,8.46789231800835,1.3512902420084318,1965.081781746405,1.8458362758277267,38.6449645672517,-121.43210513422386,INLAND,5.0
4.207991196512606,11,7.928488272514604,1.7365792453645206,992.0122828559703,3.1045393388971285,35.77987814975359,-121.15537295143395,INLAND,2.3165074257617215
5.8173271500967125,40,6.523463700960566,1.30431660931133,1917.0684674986112,2.79893406798777,33.86516205874101,-119.201772391764,NEAR OCEAN,3.211256476052243
6.579720671105348,39,7.279274670049011,1.1182007920600436,670.2204304902259,2.9841254168587734,38.98133970201091,-115.96862849016121,NEAR BAY,3.1388540389627746
4.959453341007299,29,5.884555678514282,1.5508215450256897,878.4449614234605,3.285400897266415,38.532274351654344,-122.21730727991203,INLAND,2.4018468510114452
3.6298862842107606,33,4.774574233722577,1.0,3067.140249727112,2.5646343678393584,34.96617324614498,-123.81336948325003,INLAND,1.8050660069027913
6.129929070496592,26,7.275511645949696,1.0,2353.786394437293,2.2476653140079046,34.83410183631531,-114.2580636838093,NEAR OCEAN,3.192635512440244
15.0,46,5.86402382501637,1.0,3259.03342566794,3.438128293536953,39.8833103839714,-119.91175400707978,INLAND,5.0
4.438359114242307,2,6.595192364474115,1.8156178846997135,5856.312982976572,3.3674341861418693,41.93267065413627,-116.72179974305425,<1H OCEAN,2.8217456477004865
4.301722358910149,8,8.01048633575502,1.5720009400737858,2485.5989570298066,2.4282526202703765,41.41363926127008,-118.00212547759065,<1H OCEAN,1.8602443305978744
7.6422822415192995,40,2.763520581449934,1.0,1581.860633829751,1.868259015644766,40.54480735929593,-116.37643758716789,NEAR OCEAN,3.567129287111985
15.0,47,6.183307429930656,1.7287709914248695,937.6456560882659,2.4342642510006485,33.793738755974566,-123.15927670055757,<1H OCEAN,5.0
3.7337782120636036,27,3.8720144246179906,1.0,949.2967941837398,1.9905819116039956,39.64021215988433,-116.2669339767013,NEAR OCEAN,2.0673446975959333
3.2158937562247036,15,5.1255576340720195,1.0,1362.5846345260684,1.8199741297970988,37.63577137655137,-115.22048503037479,NEAR OCEAN,1.7961826493328028
7.83281692129838,32,4.103765358355519,1.0,1297.562244280939,2.604203311588922,37.549933815067675,-123.37066138445853,NEAR BAY,3.927939738776521
7.914272425924946,15,7.397614313993882,1.0,2368.341165358245,2.256456162403411,33.608770304516874,-119.12893608327173,INLAND,3.098237713947452
3.5279537543568664,15,6.210341922418297,1.135510719980387,759.6354524187826,2.6073576855137968,33.90374808450461,-115.53119192928699,NEAR BAY,2.332349677851275
4.788506956150377,22,5.518934304088583,1.0,934.0239818144097,2.694771819500663,34.74268484144571,-117.88449403810897,INLAND,1.986930254037261
3.2504336910048637,6,2.784996733392605,1.0,1699.9414542387701,2.8150308091825904,33.65835919464197,-121.81418867592872,NEAR BAY,1.8407709116704902
4.640997512727811,50,4.512211205606819,1.0,515.194776832211,2.099364769318765,36.277248265059754,-122.05883338361356,<1H OCEAN,2.890774135531257
4.807499143192711,30,4.612828027411335,1.1994148871705679,3485.9670609753866,2.8755508323835257,41.727629901710486,-121.25561749422873,INLAND,2.710835437965804
8.399611598709953,6,5.934781381804579,1.114301748048706,2357.265633886535,3.1359755117886303,41.92327190803394,-118.14990765951369,NEAR BAY,4.1627826655899645
9.496411937755122,5,4.6862870798559,1.0,1536.4443646029245,2.730651942848208,40.75045713246923,-116.62195104387312,INLAND,4.6730317014571
5.242703810949241,32,4.8743826883440935,1.0,691.4014081211569,3.4140081885181215,38.196731687647414,-118.09385054848794,NEAR OCEAN,3.197825151957093
10.762813165461507,1,1.2729162914304295,1.0,1226.9704009987922,2.6566478020489668,38.65549758157751,-118.87973736590386,INLAND,4.837590265683687
8.429225175101209,44,6.993575455295737,1.6258352121652624,2136.0701132993345,3.491420716655055,41.843856271416215,-120.25925106822122,INLAND,4.483324276109028
3.022605102551026,37,3.4037037108010484,1.0,892.4359567017266,2.710996038568858,37.91040369955439,-123.21066851974045,INLAND,1.768708334446167
9.112747374874644,49,4.226081622211934,1.0,461.8170172296368,3.179540815108563,32.534768281965164,-115.29933605595545,NEAR BAY,4.73262679562698
7.8773495514792975,27,6.298599241211404,1.1981914303187586,1819.2261560846378,3.377231460139499,38.164000737373826,-122.34790413426056,NEAR BAY,4.159303666418022
12.998538550476141,40,6.895043543070461,1.738355496638034,1647.692180874917,2.0868194972176575,32.551607697951184,-118.6193043212273,NEAR OCEAN,5.0
6.172054468233884,47,5.435080831794099,1.0,978.8649049863786,3.123516819464422,40.16254847003147,-114.93292465073486,INLAND,3.742628025336767
12.156628379914663,4,6.025052395911936,1.453913961008076,6159.888302328509,3.1992963387622693,40.35689234353151,-122.93088705578313,INLAND,5.0
2.5097327995752723,21,7.025358282611282,1.687612905740953,787.0872377380981,2.1158242151871884,37.42459079983201,-119.96703632491514,INLAND,1.5730184760994403
4.484342652648104,42,1.0,1.0,3316.6754727507864,2.576013747749748,34.21262029583325,-122.82203814240356,NEAR BAY,2.481783871269967
2.2444185624470325,7,6.898129727820786,1.4567470624716001,2077.3017412281188,3.0972827589179834,37.0920322389878,-116.74432267096189,NEAR OCEAN,2.2368639175500933
4.765381971968891,40,1.7292168968203083,1.0,1703.5870853940878,1.9788655619663338,40.32261328978072,-117.52053844531268,INLAND,2.3861476188272506
5.898712925953434,37,4.850970817231997,1.0,6092.969519198323,2.2673041292585614,39.373879197149904,-120.11109964657858,NEAR BAY,3.6088488317307874
5.411643001652435,49,6.10880811684426,1.5735019237844146,2857.850478413398,2.079813994421365,34.75951911166737,-116.11486638084702,<1H OCEAN,2.610981340293274
8.32242884338099,23,3.740632254880823,1.0,873.436328711417,2.2677422697701983,33.38992477172585,-114.28244562601131,<1H OCEAN,4.214606503206187
15.0,10,5.053962806526255,1.0,930.6021657260694,2.665004463257346,39.7392737235609,-116.91005311419491,NEAR OCEAN,5.0
4.657479892094873,21,1.0,1.0,819.7179438984641,2.0897929034516274,37.35459206587783,-114.26481859567839,INLAND,2.533526966424245
9.70280706962842,26,3.1787905899692643,1.0,1650.0988479448197,2.183479236477082,34.92163635975711,-119.61312904257728,INLAND,5.0
7.5374045211822684,34,4.020625680096242,1.0,852.518684078732,2.1444052686710107,39.00959328297009,-120.55633046039935,INLAND,3.64390457734312
6.473503965303861,21,3.6979273942362862,1.0,343.00698294192364,3.340057459862366,36.703359016679684,-122.01111953314953,INLAND,3.0366511268494327
8.047629467445192,25,5.123747635838134,1.3026987875299034,987.1616204957568,2.454167384681673,40.37567918269617,-116.76158733213515,NEAR OCEAN,4.3897436200033875
4.695389959068496,36,8.307241951238101,1.3355007135754318,2463.2487885476803,2.562079476829366,36.12766782457657,-114.40705432658982,INLAND,2.5147832534495445
8.806712888103656,17,6.8290459755166335,1.0582874865017893,3279.8663045876,1.9976255234455451,41.12779786430633,-120.34098372267667,NEAR OCEAN,5.0
2.860189765028413,9,6.895458194330472,1.8748247346633988,2334.1222450436403,2.779107854378675,39.60999579513765,-120.50398159583771,NEAR OCEAN,2.1769467227558246
5.8793988210666255,38,6.163331581170595,1.4422124271229166,1250.3169361375435,2.1202015496252797,40.96516950293091,-123.16439457045779,<1H OCEAN,3.811077606761728
4.770651191457711,3,2.957414992782292,1.0,2694.138326190577,2.746375173986526,38.5260205103033,-115.5063367411431,INLAND,2.1968171372320793
15.0,34,7.397071193707166,1.3132143253262722,4831.945349274259,2.722951124336415,41.38116310101907,-121.20676904265596,<1H OCEAN,5.0
3.3725878988397278,17,6.023588538501071,1.6090125843880514,1911.3334272074414,2.6903472718544177,40.76593324391319,-123.56511107825638,INLAND,2.228318404202599
6.836333568463937,48,6.271594982152676,1.3458729722581018,1394.1529538129596,2.5443657495061087,32.57650431212847,-119.70631674147583,INLAND,3.6645389344109893
9.67153710547007,37,6.7570137123534515,1.4146043603921215,4219.0422495553275,2.0573459516528425,41.85455235354031,-119.2340373865937,INLAND,4.5253119436874885
4.254478355530046,33,6.25030897936102,1.011892125774766,899.0773779923527,2.3963427030136657,35.78055192754933,-116.04824389631892,INLAND,2.6933170241066278
5.570252089638097,33,6.0091395458971215,1.0,2239.822541620738,2.434929279603275,38.7041801499714,-116.76448889789341,INLAND,3.585970079278736
4.35803680197092,29,3.9937214202414317,1.0,183.301462159871,3.0450817689641796,37.64247891796337,-115.66760202142548,INLAND,2.9099156132331716
4.504812633319274,16,3.6467957890033214,1.0095457136413934,1064.7093475133547,3.4792973677719257,37.58994565503919,-116.64582256852336,NEAR OCEAN,2.2852475980997347
11.70826799774937,28,3.659353849276762,1.0,318.2091013811204,3.0149825454844947,35.87687205730101,-123.48962687007489,INLAND,5.0
2.3433179998471836,31,1.0,1.0,2235.352509982452,2.564862126998399,35.59621322551505,-116.03440396840894,INLAND,0.8959180984373624
6.203493318224777,50,4.519766596875419,1.0,812.8191097476279,2.2911426737345746,35.85798011220264,-117.23989408081216,NEAR OCEAN,2.823801840864943
2.1435277569716127,28,6.304028137840079,1.0,2093.619581766595,2.0956500125130186,38.900215565619355,-117.76556299208477,NEAR OCEAN,1.181866851433081
8.413998842195538,30,7.291780981086337,1.2059683158781895,935.989339790814,2.0460017960108194,40.955084772126185,-117.70477434608613,INLAND,4.445699460378721
4.610534153848502,16,4.1496915759321755,1.0,988.4219467025971,2.0575662558305865,36.78069031626989,-119.17862755756029,NEAR OCEAN,2.1120965507441047
2.5214275530289316,16,5.210564571483681,1.0889148814850813,881.4615591988502,2.76509762237066,40.608054995868876,-116.2343168081244,NEAR OCEAN,0.959196268207659
5.129976713091044,2,4.523638602608522,1.1495601002453821,1961.8266243722383,2.669154469439344,33.76218121995926,-121.14746014960103,INLAND,2.319836856233964
3.1836590352247947,51,5.77254040271748,1.2201114874247674,1702.1607105166518,3.2195449368348785,40.748083785777375,-120.99550443353208,INLAND,2.3972482359175697
8.571266124719637,26,3.0649099400685382,1.0,764.8807901537633,2.5238171182396547,34.130166819481104,-123.610738750644,INLAND,4.355595268649823
8.756126481785735,12,4.492650400145121,1.0,1290.310820115524,2.367059156218691,39.79378777222385,-115.07174512617749,INLAND,3.922161472825037
3.2785629272865937,1,4.032591762276751,1.0,873.3755358238404,1.8206652655386455,37.57593924199159,-121.51234730476155,INLAND,1.9775975125819332
7.00816045714866,29,6.477398880389559,1.5187924189256863,1003.3398188843688,2.1971610590462176,33.103930736201576,-114.02367165336946,INLAND,3.6678238144068724
4.100715963031473,37,2.4941332624194823,1.0,999.722341449421,3.332951046580405,39.57983360401082,-116.01289049725798,INLAND,1.9413235142003993
4.815363436731583,1,6.036177605018878,1.0,949.0028067794146,2.0737739805932502,41.51532917020452,-115.78749545040237,NEAR BAY,2.786343953817618
13.447103272099001,11,6.973924304017903,1.8219658249023722,2141.0095356140496,2.052535198307654,40.07608930214081,-122.67641130449013,NEAR BAY,5.0
4.632974929262275,32,2.939455465350529,1.0,2123.404328556091,2.6286820434564335,35.11899168457836,-117.89907586170251,NEAR BAY,2.2386335270149975
10.608319659894143,17,4.339493167923701,1.0,491.50266211192195,2.581524586115491,40.3717548608583,-122.9932518963077,NEAR OCEAN,5.0
12.158222573142977,24,3.9750536798381875,1.0,1173.933239082799,2.1544254748382135,41.66360239443367,-122.01994927116377,INLAND,5.0
4.764015161439161,6,8.153756638298441,1.3448320998132925,7443.143851948937,2.197480637260417,38.178045928715925,-114.10466817307349,INLAND,2.283329794293028
6.2436480618601315,34,7.774252282182257,1.8280812427346278,3174.5187589525603,3.2835597766729707,40.03962414255474,-121.30552868394548,INLAND,3.762727851505506
4.447377934330477,29,7.036357453096548,1.4861864263492177,5648.449429001276,3.4316587923811523,39.098476380699545,-116.92436782246688,INLAND,2.956579758031525
5.544975300868674,50,6.1689402168471315,1.2763522360410495,718.4741832825631,2.232723690613244,33.259808220020986,-118.51066297384045,NEAR OCEAN,3.01443302181435
7.407711946735799,6,6.985008854274001,1.7273945284651826,1077.764356290358,2.0646458543799016,33.55794738780895,-120.59077236858806,INLAND,4.199111096385289
5.304388916583524,42,6.4970483077736265,1.537889181275055,790.6175334861666,1.8592804887123144,36.87841256401527,-115.21562489196931,INLAND,2.7273188271059303
6.576833763319209,23,8.205933882978616,1.3585326089403553,1396.7385532373803,3.450686443170512,35.37530275845668,-115.57892049138661,NEAR OCEAN,3.866469574872169
4.032877758154395,48,5.570771705296774,1.491731375348883,1632.0381971065474,2.4695810215748417,41.92543284740325,-115.82530916013317,INLAND,2.2352432579159713
3.6825646390903564,34,1.2985388171055083,1.0,1919.2513207589698,3.11236117196074,33.49979105942441,-114.37462646944797,NEAR BAY,1.73728387548759
4.674175264170845,31,4.661827332298885,1.0,1023.4942234912152,2.6562941413387167,41.3783643976376,-119.85700354008634,INLAND,2.4235406203899625
5.882218428010808,50,6.4266157843528084,1.2972949455443359,895.2396060772774,2.5541583261734857,38.646373966932046,-120.43883769055621,NEAR OCEAN,3.152651310878535
9.864534860049373,38,4.945847539522308,1.0,769.001053977144,3.48856446650423,40.88022686671342,-115.78065550254787,INLAND,4.996371357233516
5.082041534966768,27,7.524141265492551,1.872516238793161,1237.4372021324964,2.2578095161091576,32.958145051874695,-119.35243116297147,INLAND,2.0434673282227944
6.639330600089035,17,4.077700624888017,1.0959007694519443,2042.321728602369,3.1561540412434934,35.54562016110557,-114.59018335466385,NEAR BAY,3.3991869188061714
3.613208801325817,12,7.030595563705174,1.085925265255366,2229.6323230474595,3.106373987319996,34.96523783012932,-123.83866222025236,INLAND,2.5927310775051726
8.124193639202916,13,3.0118490691529107,1.0,3145.3056609407563,2.5676220077419747,41.34459505687499,-118.71220822146677,<1H OCEAN,3.829491105853341
4.631369303842673,35,6.070718041940364,1.2517899520319022,1735.8777865224856,3.100299191216127,41.92573437759182,-123.15861425637095,NEAR BAY,2.357011752260644
4.993650039625572,12,4.122803495944064,1.0898238450296762,2293.4849015220575,3.1365692967153693,39.50715921387475,-114.52671279897874,INLAND,2.9094160810556047
5.672250669888781,16,3.226785272011173,1.0,543.9032656869238,2.10783748917448,37.79481705152468,-119.93078154245268,INLAND,3.0111389934829904
4.321024300943981,36,5.401145851105083,1.2605810034856693,2667.378366363289,1.8968986209661771,33.87432410917856,-115.24935088560727,INLAND,2.0762211323580373
3.348430772525608,15,3.4339324548928616,1.0,2873.0259112096146,2.465181702637519,39.082953071935094,-119.34051685620653,INLAND,1.283747892865281
6.773049529179416,41,6.809921995640105,1.445117611844834,4356.618849008462,2.364758017647274,38.73646397248943,-116.14267937738943,NEAR OCEAN,3.798616213895841
8.3012300758528,33,4.887288706425745,1.0,5426.066430901095,2.6059815551572556,41.57220507846775,-120.91072981495849,NEAR BAY,4.193875467565325
3.0268318852250724,3,5.658712850872962,1.2771506333450324,651.8878098237936,2.1210488386253576,34.47559083471884,-120.90994820858579,INLAND,0.7825949530880847
6.172159560893007,3,5.40814447046603,1.0,2514.061172917731,2.269806546205514,39.420345785799604,-115.98582986790153,INLAND,2.7612293709391786
6.130434564605177,35,6.458637204588136,1.3470268820554077,1095.6450067193687,3.0274991506145326,34.74382271395483,-123.6277190762486,<1H OCEAN,3.133686875043775
4.690444503409067,20,4.318195627140474,1.0,1012.729084629793,2.534935464757297,41.8495863056682,-121.93924839721898,NEAR OCEAN,3.075502042282115
4.680519321034922,11,7.403673826309433,1.0243338340092383,1091.7979141357894,3.229684162477367,41.45473355264997,-122.53063258426785,INLAND,2.939400670257494
8.928330396332719,19,8.975165719357125,2.3849147582975148,1010.9285081712401,3.1825304891582396,35.854513599097345,-117.20798109797595,INLAND,4.178885149669233
14.634419044103318,7,3.6167493053157793,1.0,1255.7464155067762,1.8264935222743517,36.53891265163607,-119.57256084031323,NEAR OCEAN,5.0
9.89646322118358,8,8.210056730884514,2.1406733193829215,1050.6639576896098,2.6865636390283565,37.297244296936505,-115.33119265047362,NEAR OCEAN,5.0
7.034560979635796,43,4.562924778368856,1.0,1883.9793371226756,1.9536884256659377,33.98811938570125,-119.93405425717188,<1H OCEAN,3.107775529742763
9.383458139670754,31,4.6412968067318445,1.0,2181.5662480072374,3.310026438854173,35.34207955529228,-115.71593895763004,NEAR OCEAN,4.823731222057705
6.818782060107774,51,6.938881922925253,1.926342555948791,3001.4382071283153,2.05130508455318,38.918897523527,-121.16558447597794,INLAND,3.291785812585756
4.0470949137997865,40,3.620083606769045,1.0,1972.4581545123942,1.8295586359193245,36.503337422080435,-119.16436538937266,NEAR OCEAN,1.9557328433450383
6.488324376340895,2,6.51858872699468,1.174304204228285,1315.086139372223,2.145755554485864,38.68613802340491,-119.19741104250578,INLAND,2.7969242496081
3.007751874738861,16,6.436617877264938,1.5449483843352725,2192.3307809797216,2.6798004480960715,39.859459108914905,-116.84583104468858,INLAND,1.746472807526599
3.939550496760719,42,5.37687831276432,1.0,2697.4682777009252,2.4735135765445913,35.227888783460045,-116.75878324462086,NEAR BAY,2.3201443634603596
8.401851329382279,20,5.311196051863312,1.290389834210672,2055.427454913825,2.32755411097557,39.64864780120178,-120.46460649198872,INLAND,4.050500063248453
5.049239189225561,24,4.589183887351032,1.0,1978.0227791590537,3.027883228330655,39.65996118628054,-117.37128525307428,NEAR BAY,3.5651319773020806
3.785833382340061,20,6.729383136131788,1.0,8267.169109383774,2.6811057214605736,34.414867687914246,-119.37273846786037,NEAR BAY,2.70209612611981
4.188533053564661,14,4.840132986389714,1.3505059126217813,949.4186382741981,1.9251296287432464,32.72297273920599,-116.28063044416538,INLAND,1.962310394130673
3.1694588078131094,30,7.391513405326808,1.1253356464207793,2525.9069502806547,3.0517375134598863,40.68255827669278,-114.47277995073642,NEAR OCEAN,1.6519025269281375
6.348370070424376,5,7.445338360049496,1.963735095415586,1548.3449087985257,2.4104086073152673,40.51944116323466,-121.85586135346048,NEAR OCEAN,3.725091157122715
4.5274977646732095,40,3.0260839354651985,1.0,474.34838551433484,3.116234169048312,32.93737667205092,-118.1282422158815,INLAND,1.887710886879864
4.910457908229356,5,3.2511083079523533,1.0,457.96582207383227,3.2674827401638478,34.70737652747331,-114.9767857671599,INLAND,2.305630624970219
6.604935040069856,8,5.183653163337563,1.0543268044916967,410.04346284422246,2.395722197754652,36.04434678267653,-117.32697675581744,INLAND,3.742474808536527
6.388194003333446,37,3.9008515194232007,1.0,1424.9014076912604,3.053559334284654,41.34050890615403,-123.5808143892436,INLAND,3.022337369882357
3.2128378468682746,1,4.328569391225179,1.0,489.5095698382142,2.4018787617646615,32.88699968934797,-119.92282474137052,NEAR BAY,1.7942626945003886
3.2610120981647386,19,4.1110295086779445,1.0,1309.4288806916425,2.2866022299826794,41.749092261007455,-120.81852444741551,INLAND,1.5382281912057911
5.306248607597102,38,8.774965694901681,1.733150132134152,1539.741853928027,2.8722958911378584,35.09935833170958,-114.95257132711168,NEAR BAY,3.016149515647548
7.337380490238225,16,7.446594499125274,1.6864866067073454,1016.52307303137,2.3949655532801217,36.635328136599,-118.57552463957971,INLAND,4.257412405884393
4.052314382235982,18,4.0678576174926295,1.0,1179.4740977625538,2.1711616409782653,32.52782541562677,-122.09581268591664,<1H OCEAN,2.2003488818217214
4.3141210430256605,49,2.2204781047728117,1.0,2531.577793363241,2.7896740747477473,33.726813632525975,-119.0812251458544,INLAND,1.993617600997744
5.833304730670532,27,4.530404250200041,1.0,784.9894195806959,2.044877529376081,34.49170170229647,-117.50797099456544,NEAR OCEAN,2.919692111916154
5.786554382581443,20,3.320045740868395,1.0,1449.8879810140716,1.8100064875632498,41.82951543076558,-120.20888593017115,NEAR OCEAN,3.101634417864511
5.349613313644117,34,6.704347141123478,1.692077995874303,324.08270441894007,2.1502643647038058,41.84347674292476,-122.54356262923457,<1H OCEAN,2.761932266209901
6.507557718897371,28,5.600893786516844,1.0,1641.6583747236837,2.5943721707166465,34.93550735395178,-119.89589764326264,NEAR OCEAN,3.3566571184961442
3.640247687408099,51,4.520234879944839,1.0,3252.979450785668,2.531004217900427,40.84682671775619,-122.83625423276195,NEAR OCEAN,1.6381351366987353
10.819735517297513,14,5.3542532108821606,1.0861976638964683,2333.730682395789,2.9536959715259723,33.52428094856866,-115.22935356929844,INLAND,5.0
4.783201076401256,40,3.536479231668837,1.0,1183.9438871089608,3.44051837828958,36.483849450711716,-118.11357801371618,NEAR OCEAN,2.5693170353992403
11.66176536328285,24,5.102137250785175,1.0,1062.9698522395927,2.1707082165179643,37.441452477534966,-123.27223227336158,<1H OCEAN,5.0
2.0556820253808725,17,8.273252033441661,1.276633288255629,4152.602095591746,1.8332221171270604,33.937648583331246,-117.48483475593869,NEAR OCEAN,1.3409061466959797
2.554067581625317,19,4.331796716846798,1.1158052147944382,2102.8987026092655,2.249755436221423,38.29787097002364,-119.57060030720082,INLAND,1.2465910108233953
5.273351480536315,10,5.668090766424611,1.0,1453.7061740007132,2.45933480557092,37.107447909401664,-121.64538981969972,INLAND,2.7403814939201787
8.588441368963341,40,4.167241016811452,1.0,2130.6935637642346,2.764628501304483,41.951535160452686,-122.02217870174671,INLAND,4.816676811331848
6.080332009222798,28,4.13948399754595,1.0,966.3357900023406,3.2451520148406026,34.802505792685686,-123.9875245517639,INLAND,2.8931726408941363
5.214984864601063,37,6.908110049811411,1.4731519673606963,1262.7968150803506,2.4418184887579404,41.523141550459975,-120.5683998749713,NEAR OCEAN,2.8176330250808785
6.223506198246641,26,3.3933767433062183,1.0,862.2308938973443,2.4850385319207406,36.208642447749256,-114.97258228830145,<1H OCEAN,2.8020194281483253
5.422351752070046,46,5.188021986431437,1.305492995222819,2472.017676505921,2.1437544001751654,41.45843145192466,-120.38900082089314,NEAR BAY,3.1245634835298004
13.238302147926158,7,4.005631295930042,1.0,750.6502527407487,3.1500352910661014,37.58516955150119,-116.74395137159439,INLAND,5.0
4.342115773746131,21,7.834678876824633,1.051236978692777,997.0187134603133,3.4549887361641844,36.899954760466656,-123.71093487320458,INLAND,2.3008346455034667
9.713594705706043,24,4.321757658309955,1.0,1802.6789096553462,2.4136398414167446,33.03002709481252,-118.42802724824699,INLAND,4.519930157410896
3.9231762201813978,49,3.337993654518642,1.0,258.89018810810427,2.478858827177196,39.42498382980019,-116.55832754813943,NEAR BAY,2.3028033685223868
4.795471556173182,50,5.224585714948605,1.3182491051940537,816.919439057281,1.9214309299411594,34.055421720790264,-115.38464145667116,NEAR OCEAN,2.497358929575251
3.5363333126537757,32,5.230776086875913,1.3648922036069375,750.5543800086499,2.5824969415040884,39.652380829570355,-120.47623355905871,NEAR BAY,2.2256152274892336
8.034511857354254,28,7.360637078818868,1.1832193159707918,1526.0623154879563,2.416811363133508,38.392772985645095,-121.6211899159694,INLAND,4.476827898325507
9.447683544573144,9,4.5671067613953324,1.0,1510.7486171770947,3.1425968711188155,40.60451110517516,-120.22043588271164,NEAR BAY,4.40572653321252
5.061880860370512,51,6.2179482821005525,1.3364402120406826,4888.5899032673615,2.2233583796208682,36.95169071681613,-122.41468355668833,INLAND,2.775369134239368
6.99663254535563,20,3.7971398151949907,1.0003236415597636,735.1449193378452,3.2927037746157737,38.31790797581614,-118.67733872748593,NEAR BAY,4.095422958038588
5.797997171713708,11,7.346509820079291,1.9287071283430264,501.8429784725972,3.39554579672807,36.57893042351084,-123.08846891123486,INLAND,3.5716814004705153
7.151809780521721,2,6.999310582761333,1.2038261234775403,2943.5697860457644,2.2639989289575495,37.67310172119123,-118.63312389707282,NEAR BAY,4.048533874031042
9.320058308166292,30,6.44204946998713,1.6662816554469866,881.2908742366096,3.123572995940632,36.27703990531502,-120.09447050957823,<1H OCEAN,4.919662879072666
3.273195794458537,7,6.916396750744619,1.2589997929597054,1458.0627276098771,2.0901586522301003,39.38607344147684,-114.97879215074492,INLAND,2.4360277458062956
3.403372131875854,6,5.938485499719403,1.0,960.3119786461027,2.6850715223750115,37.83712782351682,-116.35929765225598,<1H OCEAN,1.720375068746518
4.271926252449776,12,5.693582054884026,1.0,1992.8228660392397,3.4745863080666073,34.540938542242344,-122.67476027687057,NEAR OCEAN,2.2199419786475287
4.490361348269068,38,3.5466852003337737,1.0,1674.6724496501101,2.7273113759280116,41.46694214263868,-114.61386737017948,INLAND,2.0758742639761256
6.0164856829854765,34,4.357652624956165,1.0,1049.6883042004242,2.477334150815408,35.71302059711666,-115.86036972628949,INLAND,2.9602422454952655
5.502307903984698,15,6.93353731557749,1.454407035477609,1357.1415050845897,2.268391357807046,38.814951122890704,-116.34797085045652,INLAND,2.7164672322330827
5.0023106055920135,48,6.869327320062258,1.0,974.564417695006,2.0989236194267114,36.61773066229213,-120.97528930339597,NEAR BAY,2.880296713808729
5.294662505122071,49,7.009603014759794,1.096235316988882,1385.6860551810944,3.41339812694656,41.78201042831478,-117.49799807582447,NEAR OCEAN,3.10850068575657
6.048876944295009,7,4.768243307221204,1.2484370365573212,997.2172566159634,2.5219663089329183,38.41871008666944,-118.39957353640146,INLAND,2.9508140014715174
3.876432411380673,2,8.351676232464648,2.2113778622593303,3463.087953847553,2.9885934455535383,36.18326045526236,-123.48002561188594,NEAR OCEAN,2.4227379359118735
2.111644207006059,50,5.208337344483468,1.199708015705481,1117.493956071057,2.3212399665650016,37.71149710358528,-116.29995643266669,INLAND,1.0836546261645683
3.6416754765291484,29,6.28015817122789,1.0,993.8633205854496,3.4191349239758537,41.61815593434053,-114.134939106993,INLAND,2.4039194963099515
9.014074126640967,41,10.221425224057082,2.714712030810544,415.41589180911325,2.3133880054328237,38.967482473069175,-121.08284112282102,INLAND,4.326037101043554
1.7070108916820856,36,4.626589423620642,1.0,660.9558256582684,2.8785473815714573,36.37971127884919,-118.84153069386242,INLAND,1.046005194645968
9.118422857713535,44,6.721615168870821,1.0,1971.4550347953452,2.194430418054945,35.98413112993561,-116.16844279896037,INLAND,4.950735907380914
4.2409181764829755,22,2.9293863628492716,1.0,1204.0513142460154,3.3714976293575907,34.50264084369756,-114.94088022227362,INLAND,2.0120469874670817
8.029853754095365,24,4.869745963812244,1.0,1079.2852093480776,2.41466403287329,36.261001043598405,-123.96162950837832,<1H OCEAN,3.690585272752571
3.4571164620153207,50,6.51180413901248,1.516793062618727,2159.9379583961063,2.13847358507143,41.71753927805557,-117.93813905703468,NEAR OCEAN,2.44195523739044
1.771555469379209,34,4.448629877154589,1.0,3133.9059966814093,2.1218530789069905,39.41389499350467,-117.07757665022862,INLAND,0.8603341856132328
3.719675956939289,16,5.565243524037724,1.1999318644853911,771.2946862065608,2.9370346481722907,39.048718029465824,-118.25277724571288,<1H OCEAN,2.0060676337187204
5.158492084404754,23,5.88457044927417,1.6153013286962252,1150.1640060811203,3.097758071163897,37.80859515992119,-120.40083016920681,INLAND,2.6584792234585923
6.515411656721722,2,5.772904881911723,1.101153888312018,343.96955281692897,2.297568286120734,40.308887485848544,-118.76473599755633,INLAND,3.219098927182791
2.8976358390561208,51,1.7509087784794382,1.0,2490.620459294078,3.451571243821988,41.9338842286529,-120.42797694310872,INLAND,1.8096827377931513
6.486633219064526,35,9.312224890896315,2.0017159261588833,8524.932043062065,3.3038362620267034,41.20251763703348,-114.73070159618709,NEAR BAY,3.2993723742289807
5.542000175987996,26,3.614947352086377,1.0,1064.9987783654929,2.3767119965331758,34.23288472120842,-116.08627730984767,NEAR OCEAN,2.532215495650227
4.146523678002421,27,4.131712858677754,1.0,1047.684821393637,2.0106371330025588,39.48099681822365,-117.94216272327296,NEAR BAY,2.3929879758814465
5.769406119632428,51,2.740376531526997,1.0,1270.024912576747,2.0916917145287997,37.60245737997415,-120.25497862397847,NEAR BAY,3.2306244869659095
5.698925694180442,32,3.7504938170445348,1.0,1563.9650679442198,3.2482292453412565,38.120944462024724,-121.76406785359747,<1H OCEAN,2.4472580083503916
6.938137541469509,10,5.379234201820389,1.390016996641609,1608.0473033540868,2.2314309205060896,37.69237814707937,-121.23970165003051,NEAR BAY,4.003076329432211
5.9917754852407095,29,7.172799335531354,1.0815016266625426,1605.5097555192294,2.323283224692189,41.184471979996694,-119.92642073120514,INLAND,3.3973360151496212
5.739784036612718,2,4.404882556070707,1.0,542.3235058288445,2.4198024684460275,37.64166114817776,-119.76727920548228,INLAND,2.4576485043334655
13.330624928958727,37,5.670501064410345,1.20230119891666,1292.0261270854894,2.7295025089219056,33.39020429847597,-121.26268854956137,NEAR BAY,5.0
2.2809816916468315,36,5.983590394030511,1.0,2030.5441663864426,3.0608466133970023,40.17419371253265,-121.26872603780788,NEAR BAY,1.6433855771307093
3.0455565065998367,25,3.5186440378423702,1.0,616.7269955473979,2.207791342378701,35.7935005381079,-118.55069074670702,INLAND,2.037940531410432
8.939772414995863,40,2.2712900572265062,1.0,553.0378184660294,2.5851821941304713,33.00159002974984,-116.33673828216968,INLAND,4.643303905617959
2.8296228531528507,4,3.7899112943140367,1.0591698526162692,932.8539121425498,2.5441615003494373,36.51738281854852,-121.17374364935606,INLAND,1.8351894665137236
8.194523801426817,5,7.686804088846755,1.9273638034031124,1499.008588820412,1.9948952721386397,40.26507618982111,-115.65922501025229,INLAND,4.094453270814695
6.320463546953429,3,4.048027391728792,1.0,2006.8306438291695,2.769317369866796,37.3385172101638,-117.95087319797594,INLAND,3.2333930394462076
3.0393955981861005,27,4.154710764920921,1.0,2224.8745355900955,2.0470515879060254,32.990710561698634,-119.70419597414146,INLAND,1.7761076701462175
8.548029993535769,2,5.976419870761419,1.1268485838640816,763.6997671328955,1.9786372847467397,41.49897817629486,-116.68209583679722,INLAND,3.9054092049261753
9.34451921754754,13,6.469692741589624,1.021244397822361,394.36851343273406,3.441182266012463,40.21948522817643,-121.85104800502552,INLAND,4.656522513648959
5.551484428255049,50,3.4376595995206127,1.0,3720.2830948258925,2.3743668662586987,35.08378357910981,-117.94873896361766,NEAR BAY,3.515164606348769
5.23576136604427,10,6.632334651479423,1.788206044328245,2993.4425075779395,3.3209131969216314,39.32677212715429,-117.02773546188203,INLAND,2.464685319898302
9.814780540616523,49,6.210332225900657,1.0,1002.0833237138431,2.777385535257501,41.68434075362819,-114.28956302938509,INLAND,5.0
2.548947881201286,41,4.388663362883321,1.1745645427458387,2200.209688636981,3.1322963290768953,34.30231880349949,-118.95027014940568,NEAR BAY,1.7348103173634974
7.483515459500826,20,2.186105835177779,1.0,1608.9416230523784,3.4589364838313346,41.27475845797054,-117.99139248231555,NEAR OCEAN,3.210746272295293
2.861193207660049,38,6.7190362532118995,1.0,1191.6198029141424,3.21957879971293,34.28920567593787,-117.37950400875519,NEAR OCEAN,2.065809603752137
7.108175065849056,35,5.961201955660472,1.6636300863909392,4313.594022529248,2.6858800804521517,34.76458653319447,-122.82653409711766,<1H OCEAN,3.441290403411558
5.164869229526212,32,5.672225637595043,1.0,877.170110887912,3.1758800280168327,36.79611047134875,-114.79392768175163,INLAND,3.192150567037846
5.390636496472998,3,3.002612131271005,1.0,537.6423755146293,3.2127515359360057,32.62356654765839,-116.9982314865952,INLAND,3.4681708673236424
11.483671248613716,4,9.218403390109126,1.9939537482909135,1474.9709515341951,2.706937726377494,37.19954895446308,-119.717604354628,<1H OCEAN,5.0
2.7057963244667804,37,3.632954946999651,1.0,918.234142936274,2.366937447634421,35.46055715787675,-123.15820701177046,<1H OCEAN,2.135314564701261
7.564267897461375,20,4.422223597172967,1.0,1502.780699582224,2.213570362319225,33.13114516040455,-119.30139229964182,INLAND,3.785918405960106
5.301343704823231,24,7.007238954005393,1.0,1106.8173090265934,3.1052903467231308,37.09770015208928,-117.09410763489255,INLAND,2.178854092658708
5.7257795010775085,34,5.5203025045652625,1.3334431258944297,846.3836310993607,3.3962514267914754,37.46404127100965,-120.68266557986442,INLAND,2.9049299502528485
8.054907291835109,26,5.6943333311921736,1.351882311666949,1161.7739563118066,2.2485261723962084,40.2986583890814,-117.96257758221289,NEAR BAY,4.29827616784488
7.873330085797391,19,3.3177160431891193,1.0,496.9163300999138,3.3826460722556204,41.9668783049437,-121.65610708145351,NEAR OCEAN,4.4192088109550705
7.2452440508386635,6,3.1873830350311256,1.0,494.4286508658217,2.8969252298588746,41.126984371873846,-122.80804251788048,NEAR OCEAN,3.5491976827474656
3.699904309771599,51,6.023475897888175,1.0898115837735736,1135.489297951195,2.556028329792784,34.21923961085593,-115.07308143591887,INLAND,1.37139961968702
7.228387165954713,20,4.67995958133806,1.0,1728.229128868708,1.8848144579968076,40.67449992633479,-121.92675721393155,NEAR BAY,4.011247070785027
7.708911354548083,41,8.609896928328812,1.036949675512811,449.9453963350598,1.9300674207193962,39.56355141693945,-117.68200941244406,NEAR BAY,4.439079603252598
6.864910811210675,10,3.3913278892363516,1.0,1798.5663199510045,2.9969037518384765,40.31036145852271,-117.52265650920667,INLAND,3.2791348291091533
7.274806523959974,17,4.7033456916117675,1.1795824794019827,977.5369893602228,2.263438093868958,34.94906335495157,-115.55166341924873,INLAND,3.638354673045536
5.71749304679737,1,5.719401915797618,1.1122006271535796,1726.760179475191,3.260731376959086,39.44711621898236,-120.19275726967254,INLAND,3.416434704211787
3.245212509491918,4,4.6435211247456385,1.0,1560.7309865644982,2.5549176324958154,38.99501239671193,-121.27450028155633,INLAND,1.872016708129
4.562634041890358,22,4.05287062734086,1.0,2525.8903108874597,2.493175597262605,37.28791274268293,-123.09081333302555,INLAND,2.419557458906987
4.437181884381992,17,5.53300126256991,1.0,1216.8986275489326,2.6142271333619536,40.41265274620313,-116.09277213341771,INLAND,2.2518929586381033
5.546253057614742,6,8.84938540443915,1.974573288258212,461.05526478527355,2.6642308496359592,35.13692231999949,-114.79152159585358,INLAND,2.756816258821864
4.576813159541533,12,4.3107105849805905,1.0,5031.813659976852,3.453691816241918,36.31166042028647,-120.0087187512559,<1H OCEAN,2.420352554099964
12.33981804956522,10,2.667218434193322,1.0,1429.1876700011474,1.863753901919513,36.30261295651699,-121.08724295851728,<1H OCEAN,5.0
6.719154440130046,39,6.354377888808554,1.0,1478.452369743654,3.2255845085961914,37.91744438753704,-121.3621571622296,NEAR OCEAN,3.5693874746945586
5.33358050526754,16,4.8008398077717125,1.0,1225.9357495693714,3.12202925453684,32.785437510843025,-114.89087170408702,NEAR OCEAN,2.06560449902186
6.2187761816439675,17,3.6705132655870396,1.0160783467718175,3334.2152015415595,2.575235654958639,36.97899464870567,-120.06646603571475,INLAND,3.0961578211836502
6.628298215688272,24,6.481613428929931,1.7320132077288435,604.7841056771431,3.148058901256377,33.38924726190928,-116.68297760518799,INLAND,3.475372778384
14.538915561841785,10,6.228925853292264,1.0,545.4444084386321,2.442063604532427,33.48219552006842,-117.79069515529935,INLAND,5.0
6.709518047043291,13,4.269427335995465,1.0,850.4980494654016,2.113743479125936,39.7741338414822,-119.1106006501781,NEAR OCEAN,3.4340148315069947
4.56970908760209,11,2.601034635328234,1.0,1728.5749598266718,1.815295705316777,35.614070147852814,-121.18058071308842,NEAR BAY,2.6651336660235723
3.454517526355854,49,6.996409442035237,1.2508676322205619,837.2769211855639,2.7381944823605933,34.15068617990892,-116.72046725407162,NEAR BAY,2.551463862714673
6.0706282768332525,32,4.2741867355204555,1.0,815.2195026371645,2.868786175183013,39.97871544948182,-119.62569499319831,INLAND,2.99955618527599
13.787166220719854,47,5.888556099094458,1.4071973790481695,649.125281433178,2.075033641311835,34.07852759049705,-122.65382371547705,INLAND,5.0
5.106407182448238,45,5.213478701284688,1.0,2335.857180937946,1.9533657519732335,36.150567570408576,-119.52475220721307,INLAND,2.663660998984768
3.5982529358790756,13,6.305880183012985,1.5475650166387758,1689.907445243221,3.4754111241477146,39.56781676364221,-115.03226948483459,NEAR BAY,1.8838221048098134
8.560552444765653,3,5.847469162562309,1.0,2246.3678290108246,2.014226879235199,41.8169079386474,-119.0852864742607,INLAND,4.543795273094507
5.782147461886209,23,7.684616730832677,2.0249471107482164,943.1403803107753,2.0304489872048097,39.2410654294122,-115.58108432857628,NEAR OCEAN,3.1384530760971856
2.628191156448767,19,6.576555908852029,1.586414310882561,1277.0579304973508,2.2592491510849064,39.032193922106934,-119.70324836289218,INLAND,1.5663546192185227
6.015898080656274,31,2.114238781577074,1.0,2183.652702091026,2.6545670827675023,34.730213155600744,-123.75781288911209,INLAND,3.371303457163483
9.148983651454165,9,4.859347507330388,1.1458358542675313,791.2127939987826,1.812232548427801,38.93525487170986,-119.21122503025775,INLAND,4.421043251810939
2.127875169596364,10,5.71319028475111,1.2162250781519361,2571.850618146627,1.9400979975879915,41.60190442175441,-123.73521093074923,NEAR OCEAN,1.4908338617022863
7.5643835102560475,11,4.789675938918246,1.0,1772.966590602643,3.17659971191218,33.01322181983077,-121.85510301984519,NEAR OCEAN,4.134376679869733
3.1175892728704784,33,7.490564755077286,1.3220573516207894,3098.3620491511792,3.372637631452621,35.87914834917696,-122.15499843740513,INLAND,1.7866627575380651
4.995418460333288,10,6.258978159306757,1.3207016347441918,2464.7886611782396,3.4587543906247604,34.75260770256859,-121.6212750333394,INLAND,2.982880477141535
4.423258875920797,22,2.255416366436675,1.0,462.2110023869243,2.4871240149571627,33.68052187826215,-121.62615661427157,NEAR OCEAN,2.226582306708034
9.027549083060514,14,4.859782875668419,1.0,922.9888536755205,2.869902122962567,35.52078898468558,-115.39323403660136,NEAR BAY,5.0
8.578405779748627,2,5.530997613831923,1.416895827100417,292.94972267290206,1.881890347201028,38.109324264651555,-120.2056419153411,INLAND,4.102965147392013
2.976728897902218,10,4.132934043126389,1.1187683784908407,376.3342721140248,2.9116955893999856,36.00609095323211,-116.08990126102869,INLAND,1.4435364184108328
2.2351809389119457,14,6.6490423615411265,1.5173483006436916,705.0277206285738,2.985907519898067,39.13882043670076,-123.46281884329255,NEAR OCEAN,1.6320011434531048
2.769367665678988,42,6.434905528430527,1.3965727785108035,3190.2566834196514,2.757681618877462,38.224535384902424,-122.98727478841107,NEAR BAY,1.6386969671827494
6.629335403735803,10,6.151553439034846,1.446932968410817,1320.7721064194998,2.309900777078129,33.61627792500759,-122.28240670791294,NEAR OCEAN,3.8999053499645036
1.9601568112756136,30,6.734922009360744,1.0478766830580186,1784.2734039161805,3.114548338171517,34.07475119909931,-120.94555555954454,NEAR OCEAN,1.3043915812142228
4.096808595680274,42,7.770286184203419,1.2743290012793596,964.5782721583752,3.3336587629837187,34.0404889059744,-123.7349253315476,INLAND,3.059199770633437
8.320271260475653,50,6.903412539764284,1.0,1080.8821501297373,2.1898356506381753,38.02523311005682,-123.75668697361594,NEAR OCEAN,3.937257929642928
7.166839200170792,26,6.868478875256674,1.0,2063.642791343263,2.8838663687217956,41.55055184622065,-117.45931390531874,<1H OCEAN,4.119564755360113
2.551033827985457,2,5.467334964055413,1.0,1193.7348353168811,2.234172685047798,37.6630957703246,-114.12155690486918,<1H OCEAN,1.486382316865778
5.984473674016076,10,4.513342098279956,1.0,1160.7803191330672,2.33532172707805,40.09317076761452,-118.06952280575666,INLAND,2.8323820217578026
3.5576200240149323,28,8.977472239866124,1.634807695050965,1871.1198640145353,2.3003043541994486,37.50851948563525,-118.20184790399652,NEAR OCEAN,2.4559588737370293
4.093434669918822,30,6.203594489353135,1.0391982602870413,664.8255867855939,2.491473622517572,37.221622100188675,-123.54227309181736,NEAR OCEAN,2.380852031839156
4.231435955331918,50,3.859888317468642,1.0,1504.4905859321286,2.344234120759705,40.39771417107756,-116.93533120400747,INLAND,2.3944389177965553
4.461285545384584,23,5.3676610632295265,1.4949674852183614,1552.6886579843447,2.2982717162803317,34.89339301814914,-116.7966171969083,INLAND,2.1754296412323164
5.265683520833995,23,4.90580132227537,1.0,422.0263281918087,2.832727999552961,33.914561338324425,-119.87134392364318,NEAR BAY,2.4655982066803643
3.9288532648135948,22,6.906934032930958,1.032737391705321,650.8173137151956,3.2696032510754898,33.50581802113784,-116.18115706417207,NEAR OCEAN,2.5415501980605217
3.9999018154057846,15,4.967484047680692,1.0,872.1281500993372,1.91534695653178,38.37559286630261,-118.78978073116923,NEAR OCEAN,1.9540309817841783
8.179726576588248,11,2.880212925060281,1.0,971.801236802507,2.29780705386505,34.591661586170474,-123.66331696457209,INLAND,3.919744060942153
5.484869579066716,48,6.495047725982599,1.3341517039546187,1835.9328916641246,2.3836661994750803,33.42601381102773,-123.94400875679018,NEAR BAY,3.434637482666758
3.350878187989117,33,4.592569823541222,1.1697735979728234,734.1406485573411,2.8118216508505025,41.0947586698162,-123.24242561060593,NEAR BAY,2.1726865434257707
5.729346247408838,44,1.5784311891022074,1.0,725.9758317661582,1.9578504575776792,32.56641735080606,-122.7703354405768,INLAND,2.6276328736879337
2.8039482761712224,42,7.04058933846761,1.6996769048544014,2015.997429200811,1.8867972529611001,38.97209217926297,-116.11299157024273,NEAR OCEAN,1.6100149342607133
5.763036328267493,45,3.2691075063456267,1.0,2481.5199003079797,2.0699587073092873,39.811762669614566,-114.57667229990876,NEAR BAY,3.462813878831458
7.0432721495973505,25,3.818709546584801,1.0,2537.532954422363,2.2855608621420416,37.93129848452359,-123.30791442445621,NEAR OCEAN,3.7185210264681463
7.87021428679896,15,5.636376918219274,1.2039950257695944,642.5067797998646,2.303288669959697,41.584961438497594,-117.18556625797785,INLAND,4.389305602019439
6.618861664499979,8,5.738449199844083,1.0,733.8176084572451,2.3860767111315297,40.85506081665757,-118.11811122319214,INLAND,3.041168229469474
3.363715782826076,43,4.577173474625071,1.0,439.36704992206774,3.4428553427694526,40.72476368893487,-123.01027941171444,INLAND,1.6481010308791393
4.243581468391421,14,6.120739685369931,1.0,245.96961000880756,2.1819080831299162,40.87622761000327,-120.10288649366038,INLAND,2.2619584667695616
9.141062939784764,44,6.924601531340805,1.0,592.907656051073,2.5187477112831753,38.76450454423121,-118.07410866880066,INLAND,4.7819234481646244
4.751469979057959,17,3.935108680367454,1.0,869.9788507562386,2.845961350603586,33.49450491548803,-123.04089079917038,NEAR OCEAN,3.0319616995087886
5.264641550079452,8,5.622983767366635,1.3704664318245887,1521.7568388787984,2.4711967656083256,35.254336076918165,-122.07565532136451,INLAND,2.8236384899614295
7.425592709052752,46,5.721606790226805,1.0253058582475585,2293.392498707719,2.5178814663259845,40.287299520160595,-120.3859920985312,INLAND,3.6260320187200623
10.789043528444909,18,7.533601512000687,1.9414340669307426,1244.0221768286622,2.513386226468934,38.09328946879029,-123.85394577458979,INLAND,5.0
5.289683009659737,32,5.858456355131425,1.0,3375.5647306114865,3.4236515134750007,34.47213209003631,-117.44993231754886,<1H OCEAN,2.3377612091109885
4.592526989363188,21,2.362458820366022,1.0,739.8104416769501,1.9863941931194486,40.711673655748925,-121.13383082243723,NEAR OCEAN,1.508941341518142
12.841875901308546,48,9.418350672819297,1.3562116494441134,3231.380848653891,2.406925470319443,38.554917709481686,-123.28590422402151,NEAR OCEAN,5.0
13.262621640784003,10,5.678930118737618,1.489313802149587,773.4487345090917,3.0930413961609116,34.39143382720118,-123.0017983616401,NEAR OCEAN,5.0
5.5669137499912775,17,5.9220703880803045,1.4290479296563696,1826.7184965692281,3.436416571586148,39.776951299455696,-121.745298685348,<1H OCEAN,3.1105303149932793
5.521384754552928,40,5.304592282619809,1.0,1535.3990831096753,2.251408007467965,33.93346912871111,-120.26422276378129,INLAND,3.2842183852056017
8.23469796037156,45,5.9490531015668875,1.4563911411579253,2877.3854394454233,2.7368016316442847,36.09532499850329,-117.78588234200882,NEAR BAY,4.866782156544888
6.666190371154649,30,6.207990398740441,1.5317046887946375,3489.6045419087045,1.9694802523076402,37.530523436173475,-115.20592081373061,NEAR OCEAN,3.7768979585200126
5.544301905476146,41,6.797147473960639,1.0,691.4894051398186,3.2663387657270335,36.490131387662785,-114.5440093504202,INLAND,2.5740578056990016
7.629442856866458,32,5.2198686639806695,1.0,298.3800641335877,2.340906657626763,41.193724553796166,-117.10876389607361,NEAR OCEAN,3.771790462032754
4.091364740802835,49,1.4207356910240305,1.0,1165.9848028283357,2.466442198334838,33.943651865626805,-118.00594415303266,<1H OCEAN,2.4390306754044317
9.034683766394116,49,4.732935430409228,1.0,1723.386811656044,1.8758627240969932,37.81946987737925,-123.68310433599173,NEAR OCEAN,3.935797130550519
7.378859464886327,13,5.113769379904724,1.0,1327.5756263752191,2.8914469510165453,34.76843396282871,-123.8386539975865,NEAR BAY,3.9694486823005444
6.712982488701638,18,4.307941033627095,1.0119964185670423,8864.207891546315,1.9162612902584666,34.926542844514145,-122.56030458891705,INLAND,3.2848939294928545
5.2148805783204,49,3.6289995996161433,1.0,1906.1701233903927,2.5815865648498018,40.94266273664624,-123.09319273958432,INLAND,2.8969635301698284
4.138991954178344,15,4.657827192587944,1.0,1902.159756760326,2.9343770059547714,37.73215455757419,-119.35346163144432,INLAND,1.2310515313699613
2.4734031636426383,34,6.927923028606752,1.0169725935248837,574.9386444263762,3.23986945275119,35.62373653847604,-119.38212274524884,INLAND,1.873258577140358
2.4761830938091958,51,6.007083223529278,1.0,936.5738985826205,3.005057961443308,39.60122442762362,-114.04672749972413,INLAND,1.1594249505894205
2.578924591334241,38,3.1703484122632735,1.0,1823.5208193852823,2.1313712780486815,40.6900269206018,-114.75787239382254,NEAR BAY,1.949590268013949
9.490716159528903,34,2.490581981058386,1.0,1640.4637496752437,2.591916554119649,38.77675836375401,-122.56443682806977,INLAND,4.012574767287397
4.07209642419171,10,2.467811557092334,1.0,1399.1602017465045,2.159636122454068,32.75187970168635,-114.75192809012654,<1H OCEAN,2.0545235717125125
3.176344947898032,11,5.88168529302008,1.151130787029968,3035.876306947402,2.577482338749644,36.70405326741028,-115.58146749614774,NEAR OCEAN,1.1824271155930912
5.255504099336497,12,2.9022881232334137,1.0,861.8954261137524,1.9525665728213297,38.959247388512374,-116.7672891031882,NEAR OCEAN,2.226655371605578
3.5689845777027003,4,5.315887102424725,1.1790267507533818,1761.8965813400182,3.3493969710335603,39.52965852162898,-119.1755407021385,NEAR OCEAN,2.179549659067205
4.58720651506401,51,6.570214408060492,1.0,876.7362062928528,3.2173634078121176,41.965109000558144,-114.6516354983045,NEAR BAY,2.593156190565702
7.028436439832867,43,6.133232897983522,1.3186321690066916,8497.122389229438,2.673378027520134,33.35933258757864,-122.07259150595353,NEAR BAY,4.027549911901737
4.72004847183584,40,4.869537436310614,1.0,817.0587252835052,2.735351176112319,39.48036133723704,-123.38144831764863,INLAND,2.611129588490097
4.72205547578448,40,8.100836858592467,1.0075699143987025,5188.732811820488,2.701910893239793,37.94228339218535,-116.25300971942441,INLAND,2.664833678384423
5.423973878808984,46,4.417117467930219,1.0,1145.3115413764517,2.9322817203689713,32.9415070838295,-119.16487661473546,<1H OCEAN,2.024086520705594
2.9174910489827357,37,5.6822551328683755,1.4458854291831533,881.4614426644833,3.060501942099858,33.810698759401646,-119.31281372456816,NEAR OCEAN,1.8132475244138246
6.2344770612679365,14,4.800268731616981,1.0,1310.2614171694008,3.1629428217027318,40.00779191902309,-120.13845453954745,INLAND,3.421268320055082
10.399951690991166,12,5.116189602978295,1.0,639.0927920990601,2.2972432420285522,33.362564045898246,-114.03622097886712,NEAR OCEAN,5.0
4.641787252974057,26,6.847839859473897,1.403387990515406,739.0497355605085,2.4171658380010412,38.589828790071195,-119.87220790720724,INLAND,2.3299909486811825
5.721802104360864,11,6.551070448066142,1.3823017908959963,3886.6144074781964,3.22729044385522,36.240245992722265,-121.75308360750498,INLAND,3.139394101237623
3.7561948924057247,28,2.364916500932432,1.0,1805.5447908399747,2.004207323510201,41.325298153726195,-119.61304373984039,INLAND,1.7895493828255384
3.956319409606391,38,3.70209993700729,1.0,2448.8647979132793,2.5991357875835686,37.70969851984641,-118.05682729012103,INLAND,2.0988210622082972
8.521523486853123,14,6.856340993912129,1.4577277463313325,991.8375458005632,2.1986525108288633,40.15070702583067,-123.5492576332609,INLAND,4.794709720993334
5.884992424433321,12,3.223260838633676,1.0,2110.321075239544,2.386180203904687,35.259253505840064,-120.25561748653512,INLAND,2.979358495191557
7.375691493064836,8,3.7232255773527227,1.0,1471.3118582510415,2.4991145049562102,33.562620978569825,-120.60280408406392,NEAR BAY,3.6655484440868586
6.173180195827394,29,6.033966152413803,1.0,846.4541774179689,3.013714971590824,39.963367874408476,-118.21463531435008,<1H OCEAN,3.435037601917005
5.10103990918915,10,7.100749394129346,1.4181578342380057,10592.861639445451,2.1185723278890904,41.18886949138653,-117.99029474852163,NEAR OCEAN,2.7868524046431373
9.447803368650346,47,6.887170747339667,1.0,542.9409029932899,2.4197881611167267,36.12202460145522,-119.96970307289747,<1H OCEAN,5.0
2.4509662514716113,17,2.7092620136041203,1.0,1417.494807008599,2.7655321173818384,40.28912240299704,-116.1054444841207,INLAND,0.9134690504626946
3.804708054333999,41,4.985878315415734,1.2205795221413305,1930.664695492767,3.1758102881666535,33.05272468546612,-117.00378292417852,INLAND,1.6773175070883342
4.6140028560297734,22,4.800933929907836,1.2686645032507637,1641.0109612681613,2.904633125790596,35.777608037427015,-114.53696384799177,NEAR BAY,2.6058412575583745
5.5867790537134585,44,4.426591481146755,1.1412856533928222,1004.5043817580055,2.731681063317965,32.9778446191542,-116.98199467868547,INLAND,2.2478109255055143
4.786930857772848,1,2.7699519852525456,1.0,882.3669523683672,2.2747946591272337,33.85328206614953,-115.08750345910981,INLAND,2.2152062960025005
6.01426555752691,12,7.7726611134786605,1.4932713594765534,1683.2993970240445,3.4589912135028396,38.790043933032294,-120.83788634439328,NEAR OCEAN,3.3742843757072096
10.137071139057921,25,5.253281641222791,1.0,833.1820111056983,3.0465917108033973,37.94425064575753,-114.72058877660413,NEAR OCEAN,5.0
3.261016888356276,28,3.7876775160817577,1.0,2849.85966683301,1.9821283086760983,41.577046958298794,-116.68314723423764,<1H OCEAN,1.6086428406816768
10.866178642064064,27,6.057480309384159,1.2450982559702024,1565.6380505937746,2.17278041173563,36.57039898296151,-120.82185245866361,INLAND,5.0
4.9629862036992884,36,5.158874836451412,1.2256031696047884,1200.0622365187287,2.883360521252129,38.36892079092563,-118.09635184147227,NEAR OCEAN,2.7050308636723113
5.972272687407287,25,6.873070117499735,1.1285519246853986,1453.7567564635615,2.7372381707622697,40.75973300311931,-114.65551354507801,NEAR BAY,3.421147735218133
5.53391262204681,40,4.612225175699468,1.0,1895.2194976607934,2.780001069008892,35.15736532979026,-116.53497134474198,<1H OCEAN,2.4915904590630373
6.206049356125297,31,4.708202846294399,1.2174167586604505,3175.82096314558,2.4534069550347244,40.210187010562215,-117.34297461616383,<1H OCEAN,2.927139487276197
9.406062803582557,47,5.494539619993872,1.2363665013287595,1747.6531733841668,3.4074961652168687,38.93864448462596,-115.61480791021229,NEAR BAY,4.709937168344424
3.264607540921458,5,6.623819001120611,1.3917160313026282,1536.7386669116647,2.095944378841316,41.04260902083222,-121.48661806651647,INLAND,1.86840226306268
3.9616743007801607,36,3.787780646308204,1.0,2434.3354209995614,2.143073279495069,40.34037473761241,-114.04124664080257,<1H OCEAN,1.8686539674059954
7.258746886310869,45,3.0760109898485717,1.0,533.0619373604831,2.358087648436068,38.29362483307223,-123.87493357881404,NEAR OCEAN,3.7978444811762078
3.816312698175948,4,6.3257208152116675,1.063867063478497,945.2918648156741,3.197566839126356,40.5298270830072,-114.64896343015073,INLAND,2.158533152090164
2.3607619382291234,12,5.937484139693659,1.0,1217.8705283209417,3.3784974799686367,36.65711444853105,-119.0111066161948,NEAR BAY,2.3407167600794616
7.32059635095348,13,5.54699957142728,1.179715323105332,761.4701978616979,2.3580639185531327,34.45147896272833,-114.39724843420964,<1H OCEAN,3.4080565786535653
3.869147181808828,23,5.602312644034181,1.4555596901216648,2157.5631508726983,2.160489575813461,34.41033450538992,-122.75161810780412,INLAND,2.4405716305969096
8.1328260973483,27,5.513756932935834,1.541496426917373,1369.2770597857602,3.013025735144801,36.61167094486158,-115.08138112339383,<1H OCEAN,3.6824375155628224
4.4734583856324885,44,7.7570124592226595,1.0492638223200956,644.9878318634443,3.145107552108894,37.16747885136709,-117.6218186093019,NEAR OCEAN,2.5332060268300944
9.14603388372318,20,5.8192446394680495,1.0,599.8095422228241,2.96129213904787,41.01414305995564,-114.55141054705176,NEAR BAY,4.7344901012223914
6.138238921802395,37,5.132928342382405,1.1947046739930571,1336.8776021548965,1.9604389888770506,40.75834826214034,-123.8957763445334,NEAR OCEAN,3.078963579734229
3.9979834571604154,43,3.7022065545245155,1.0,2061.6175417667187,2.4930366101591144,36.97762777320131,-117.95721556997714,INLAND,2.4425335960045236
3.1542417879667295,37,4.8116996177203,1.2471007268404644,1424.1898258613596,2.8974171648049256,33.14096966821954,-116.78274145954933,<1H OCEAN,1.8168357439731413
4.929856328610273,47,6.409252593455007,1.1382071438513937,7281.646448182993,1.818782994220192,38.04200613340692,-116.95880891646418,<1H OCEAN,3.2359847766588636
5.613073790009849,41,6.727134085621277,1.4274463846325613,1185.2905457747738,1.8121330841695142,38.703435663940205,-114.5290040138724,NEAR OCEAN,3.48445436309604
4.101509738293832,19,2.980914331539961,1.0,918.6193398159304,2.5671161659458743,38.651021165307974,-122.19631973812712,NEAR OCEAN,2.0395311658154824
3.05937075747117,50,6.973999354997625,1.5813084891599418,3144.514489288743,1.9113594215112566,35.299537385646545,-118.84292129577346,NEAR OCEAN,2.2413771690475666
4.938246037124016,49,5.261898181978893,1.0,1659.846962708861,3.3014606742476307,37.96984468769776,-117.13272552553525,NEAR BAY,2.4506825365426383
10.92919168076438,3,9.467378366716293,2.309599938891286,3205.227655627947,2.5265331314888333,41.151364080946756,-119.56961517781623,<1H OCEAN,5.0
6.120219950108406,50,7.535990599926798,1.0808632331877193,3397.661120083685,2.950505824075065,37.58795710876721,-121.01426316606967,NEAR OCEAN,3.258837022489492
4.090561281479748,51,5.152609883617809,1.0,1068.28728011317,3.4852647852874963,38.69739883432907,-119.18889874780137,NEAR OCEAN,2.383266939231379
5.846835586594108,44,3.474192164523743,1.0,914.3577003828892,1.9944474190090986,33.220889859163414,-118.10527132678008,INLAND,3.1014921879195803
7.266347159964811,48,3.7028477059955707,1.0,2157.066796693644,3.2110443031846634,37.034552221546264,-115.74064213970169,<1H OCEAN,3.2422572472864726
3.6078162807729486,43,4.543597751200027,1.0444898292649405,792.1485546021453,2.0374447069048567,37.351145696520184,-120.75302066798996,INLAND,2.1084538535580966
4.87516764636999,8,8.50287875469799,2.093500096240715,987.9452619880042,3.404742057522947,34.21235102849395,-119.47572247945098,INLAND,3.2881724196455755
5.123203518713825,2,4.919903191701246,1.095379407611671,381.5498164313866,3.0123512989321357,41.255639937939094,-122.00360187474837,NEAR OCEAN,2.928451124409882
4.568833634423516,16,5.811308758193415,1.3941443062376024,1217.7025556987594,2.217461455239732,34.24964470865687,-117.93576789932622,NEAR OCEAN,2.6301963037780105
3.1428202012090125,2,5.1969394331502565,1.4539392781067224,3504.3690219309997,2.0840552003812665,39.35113453141137,-118.24516427981553,INLAND,2.08540438013534
7.371231743488495,34,5.106118646911466,1.0,1370.074371503783,2.7801185361343874,39.12000602266362,-118.16058329203649,NEAR OCEAN,2.924534250824559
2.1219353067158147,44,4.725810388753068,1.2182168264441322,458.5902588417047,2.297130837823484,38.46297284067915,-122.61838966044498,INLAND,0.6973142899501157
4.0686450173893585,45,7.921923894243788,1.6554228139507816,5142.701357002044,3.471013143949002,33.45271505904726,-118.43824188200496,INLAND,2.955336477138588
3.947314614008857,5,6.905415154815469,1.2594947086219548,880.2682016834048,3.089401432173344,37.641238346707546,-116.31548496646046,<1H OCEAN,2.5191387083054004
4.256261065774899,28,3.009100095652748,1.0,1383.2202872815494,3.285785977258543,38.92736318967468,-121.88755378261871,INLAND,2.231343695918672
10.558511888563975,28,2.6231431744003886,1.0,1666.9610940975379,1.9091409513191537,41.6461171095849,-121.96497603362859,NEAR BAY,5.0
4.763300623482496,27,6.817628133043035,1.4838072153995014,2355.9115254415206,3.1140229262758106,38.3548822128574,-116.63576066431901,NEAR BAY,2.8939552851342807
8.842102062787632,46,7.268799941321016,1.5947139616484214,1823.6543343891717,1.937815483649954,34.724379370603145,-115.3923043473078,INLAND,4.67680040564346
5.812908806233538,7,3.8674643903421866,1.0,1224.237261345395,2.533780834642258,40.900216669064186,-116.1275883936363,INLAND,2.9981509778581694
6.695508702023632,4,4.707873314106665,1.1840426442159193,1329.6643766140498,2.427179095713414,38.53779981405668,-120.44424657827201,INLAND,3.237180247918666
4.791632793417123,37,7.311722814150592,1.450166606514444,851.4256972902602,3.2097270416181467,41.861554581299416,-119.70308569762032,NEAR BAY,3.05378532198334
7.579245693609387,31,6.529473473803311,1.0,681.9257905140569,3.426327970282231,38.30542659826233,-118.81216444277423,<1H OCEAN,3.990436832767138
4.148911337905751,26,5.451396358027743,1.0,1099.1382483116527,2.596807762129157,41.62458122127396,-119.79987412489166,NEAR BAY,2.335139917426159
4.480644502829901,10,6.421483282201995,1.7796577445713175,3670.1402709777326,2.229465771078726,35.47192348789497,-123.8156742867913,NEAR OCEAN,2.852027060164911
4.331686522514859,6,5.029490785779066,1.0,671.5608869232186,2.9166802722484895,37.81329058702464,-120.72522537714853,INLAND,2.1365659633560967
3.4193146033711783,33,4.766643924711138,1.23575748675998,567.3123460995592,2.755903572676415,35.524444864181184,-115.97061076747764,NEAR OCEAN,1.6678962273242335
5.421641395818607,47,7.2703633154829115,1.018498811462146,1505.306674785613,3.1542340990827804,33.47854078434938,-121.4485947460041,NEAR BAY,3.1018440266856153
8.089374598273281,49,4.329967202043935,1.0,2605.6455792149895,2.214037913770071,40.95364231009247,-116.14348720391243,NEAR OCEAN,3.4779887628231614
4.700972953010819,13,4.66268654800227,1.0,864.765589580444,2.7160022474968915,40.94390678454548,-115.51992950618457,INLAND,2.4290009332742817
3.8211212926979963,30,8.347742945534605,1.7194989468038695,711.2703806673925,2.620881386044503,33.05230388553802,-117.04617046789598,INLAND,2.2365063980381734
13.163731402068288,28,4.000592915851011,1.0,1700.2263571251424,2.1892942608085093,39.1606712711138,-118.31210528849438,INLAND,5.0
4.593154442315216,49,8.294235315100657,2.1160051831904245,1494.5500898493076,2.7050150840672673,37.27536434110031,-118.35632016493808,INLAND,2.6766211694579574
7.606880997495979,43,5.762960764032901,1.0,3594.262059047422,3.2581792260947076,34.72858498112719,-120.31890430756474,<1H OCEAN,3.3002922102483714
5.485562716045335,7,5.471208242006585,1.338874061380915,2931.755491544066,2.9600869111987818,39.37015474725959,-118.72631916950748,<1H OCEAN,2.72400131011732
8.88314320822194,35,6.349125872871533,1.6510368769418116,588.8881420301998,3.164072600745408,37.577003196943714,-121.05364766686357,NEAR BAY,4.279402354174003
5.3482659344558785,42,6.889115234837497,1.3474381553455206,684.5104682845231,2.7426366160958153,32.65047524855466,-117.23700270162178,INLAND,3.2754627666508584
5.3556016280838135,12,7.780097747012536,2.131260819120345,218.34272237042663,3.3450724993736682,37.126152911479295,-118.90543452436461,INLAND,3.371466854469339
5.333766891027856,18,5.081702967506186,1.1338578949964535,1519.4791331654537,2.4642159588729964,36.41158639816616,-117.02902663574937,INLAND,2.9130527343322985
4.88036677228838,51,6.2201038733551295,1.0,813.9826886063443,2.8105216618925306,39.27386204717473,-116.17465684904701,NEAR OCEAN,2.915027335421209
5.628814153820081,19,4.703804295596288,1.0,4861.949924421427,2.7927962982152987,35.28785881752517,-117.80775372903639,INLAND,2.8876539088443605
3.8706149963713585,5,4.5330331803953126,1.0,967.0192604717868,2.0650041944681288,39.40166230821919,-122.43589245160801,INLAND,2.1810538246686013
6.8417414759883455,50,5.669442218175032,1.3513678217705303,1079.6161932620157,3.2026453769445506,33.49548378063461,-118.68659773547759,NEAR BAY,3.5633187017538286
15.0,42,6.712765437731401,1.6819986171756567,848.4521241297314,3.3376551596864017,41.747466311611745,-116.77090996233551,NEAR BAY,5.0
3.59440313069948,4,3.8959669096709058,1.0,1419.5254110798087,2.6728602380963418,34.4345783178851,-118.56377139402633,<1H OCEAN,2.1582835318020037
6.310605324079478,24,2.746734812371769,1.0,3220.838339176229,2.6101919156635076,39.65293788352306,-123.93683735580849,INLAND,2.72809176031889
5.5135650591909755,39,3.724087787971348,1.0,340.40019143198055,2.751944390420026,36.430673046982974,-120.2501994701143,INLAND,2.8206961873702445
3.2890260698338807,4,4.646160741571,1.0737152616117889,2770.3841362390626,3.2678766140787143,36.59332420838892,-116.7917010287771,INLAND,1.6185852721969058
7.779203744616965,23,7.6481952841817815,1.6923784718258001,374.0574754316492,2.0231368187867096,41.727147249871194,-122.99770486343127,INLAND,3.889049036677883
4.483520463917887,13,4.027685952938546,1.0,1105.5093966222314,2.0537191568926714,37.883306768632686,-118.15683026414234,NEAR OCEAN,2.6862617565871636
4.016688465234426,7,6.30499460776893,1.4028124724180002,661.889670807658,2.329517831054213,39.79968142949866,-122.5512579008036,INLAND,2.47482985063641
10.12877514663708,5,7.388777078215359,1.403700149224104,684.5725317744761,3.495849730583752,40.0466388441805,-116.92444847868319,NEAR OCEAN,5.0
4.6947129931639795,29,4.151011605821653,1.0,543.4025153659713,2.42040471674026,39.915508286396935,-118.41308491713646,<1H OCEAN,2.116393914127307
9.256417569643661,11,7.772480381312285,1.9493400937172007,1727.1565646091888,2.865442586480076,33.3872374836979,-114.51660808180648,INLAND,4.7704252669819915
6.980487091006945,37,6.440417117048295,1.0,1000.2027706977559,3.228011068827287,37.66684637240859,-123.91162933861149,INLAND,3.543515394453677
5.713089535621875,46,3.814332611547987,1.0,1894.0711793948428,2.7487667804315667,40.824214332862724,-120.61166923395656,<1H OCEAN,2.456158862799777
7.289042516676563,26,4.790651564340472,1.0305997507546234,2053.9743909069107,1.9469208371686952,38.785632596482934,-120.20230738682764,INLAND,3.815905044693977
7.796939905025518,15,4.112573499216297,1.0,1117.9219767331724,2.9455427927564806,34.99075735422879,-118.1803596567222,NEAR OCEAN,3.97501582059666
5.058938578444542,11,5.019558003766104,1.0,2048.9319820137625,2.5519544245454866,36.575021220478654,-114.51037000869437,INLAND,2.00204705268851
4.638286212108458,32,6.1324491628958135,1.6851997869001474,1403.5115382152148,2.792407464056832,35.38794259431656,-116.32500565091284,NEAR OCEAN,2.5001814825629216
8.05207401898674,37,4.3477471931087415,1.0,979.8768654720968,2.973151918224036,35.68345357211557,-116.07669143577107,NEAR BAY,4.755341548744946
15.0,11,6.082093726853802,1.3739290582252162,2427.2638872459756,2.1821288193171,36.713597600913786,-121.69625900107117,INLAND,5.0
2.6390982246896506,18,5.755944170464756,1.4920520686512109,3492.377387106628,1.9091961591580575,34.50142114555176,-122.06385759843175,INLAND,2.155695131032861
3.3143466676418387,13,3.6481548673614514,1.0,3031.419319801747,3.3703691932499056,38.48747107447466,-119.92208267414559,INLAND,1.866204917052834
3.5486074050582372,41,6.0901302935803585,1.425588820925046,442.8976774361078,3.067670715422004,35.83724525402469,-120.96294501369323,INLAND,2.2557477489771878
4.730274469225949,18,7.282507276401383,1.341674048074288,1395.1534925404462,2.9951508517234613,32.674144309931926,-116.46413397649583,<1H OCEAN,2.6308887148406814
3.5301849884813694,33,5.049377017769006,1.0,3124.693937158289,2.754969812734962,34.3755566342914,-119.37301303507404,INLAND,1.6796599741601281
7.209791264675587,49,6.707858329907854,1.5127089822206907,603.1149246253087,2.6820272599225525,41.873835209769425,-116.37773127475033,NEAR OCEAN,3.4723260114625996
2.853252573348902,14,3.7172057159800342,1.0,1258.9337965696805,3.099488124156913,40.2271220053739,-122.87603412190973,<1H OCEAN,1.9166352233032562
4.516150461343728,11,8.075278325115228,1.371228827879377,822.1006114638662,1.8607482457873514,37.17237604635642,-115.07955311913106,INLAND,2.595704321051768
4.380035467635306,19,6.488886622088488,1.251092189966733,1594.91235559909,3.0558809517225165,40.44875898541789,-118.89759125846936,INLAND,2.3093791141523723
8.563721810356624,34,6.657373009850118,1.0,8943.181217497164,3.3870999117177654,35.481836479721586,-114.08735263051241,INLAND,4.88807323878542
5.35508785808432,20,4.336366792172023,1.0,1331.5744252608781,3.1531288617813154,35.882475180061945,-119.15328353916918,NEAR OCEAN,3.415860698405543
2.9965903461610455,19,6.661956033854608,1.628091473742558,1200.9287134159672,3.444647135395596,37.44858512809447,-121.62770350487406,<1H OCEAN,1.935179411122402
6.2552911972488,44,6.165142119914004,1.0,5687.535619835299,2.6065071358566096,34.53817191430739,-122.3430914250733,INLAND,2.7088734426130174
3.607990115788607,8,6.725118529640474,1.474215021006104,1523.2290819630084,3.2882429989689523,40.277207597995194,-117.66420551071985,NEAR BAY,2.361748378806705
3.2007196995310343,31,7.674148903741678,1.335171724921127,890.5179066851317,2.975810637277507,36.958664638453065,-116.03101485844772,NEAR BAY,1.9688673259732286
9.015379612112993,29,4.636582072483634,1.0,457.9360584921015,3.239883368359694,33.42896771620926,-114.80751165170875,NEAR BAY,4.287835520839353
4.508619932689972,22,7.673754796483294,1.6564457778273924,2711.7074138096054,1.8904128979790538,34.70459774395966,-122.30107158208003,<1H OCEAN,3.0529588771007172
6.826138512026468,20,6.762745708146369,1.6623845892678675,618.4816335392304,1.802243784851932,37.88519164716544,-122.0984900486095,<1H OCEAN,3.2086596982223
4.417936220968962,34,3.474871191404894,1.0,1176.8061023559594,3.120311844196174,38.238967070754704,-119.51731700362413,NEAR OCEAN,2.0341018846732797
6.116177985743626,45,8.280557643581874,1.2027455915248513,1770.4921182125647,2.7228495238360853,39.76250889294553,-121.61374735007527,NEAR OCEAN,3.334417597926878
10.272479503548817,4,4.578218906329999,1.0,2022.599881910153,1.9685334402719374,36.320949940840094,-115.91801865997984,INLAND,4.6005568705783775
5.958391290872338,48,5.829667694761502,1.3953576189156947,459.9598433162963,2.1113874728605504,38.95914228161255,-120.73516958184366,INLAND,2.9526828542850234
4.654034578490243,1,5.903274882478568,1.0,663.2778963637286,2.061206583211949,34.669763134100165,-119.83236487858971,NEAR OCEAN,2.204777186003645
3.025329477001134,30,3.862697829745655,1.0,1544.014348505214,2.166258798474513,38.318187134481356,-123.90453527493877,INLAND,1.2465459760646154
8.168345744490182,21,6.961167558854952,1.0509858595908737,477.4126293408002,3.489508554484946,36.17327281811187,-123.51057854998623,NEAR OCEAN,4.18716529119508
6.796500630329859,15,4.7465308624337945,1.3206160084626088,2083.8109977187073,2.7121045292940997,39.92482088876672,-118.18305795239392,INLAND,3.4023748408923327
6.335134729997647,41,3.324297687756144,1.0,562.6238393517533,3.4627661149670135,41.02100858434969,-115.42333000972695,NEAR BAY,2.916163618282866
5.280226729041732,28,4.0993689562004345,1.0,1104.6287176959936,2.1359290513607356,39.542866120537674,-119.51694367657993,NEAR OCEAN,2.2693428159094045
9.075528979093566,12,2.410063760074635,1.0,960.5308554848059,2.600300594098195,38.44560492051451,-115.09920448651195,NEAR OCEAN,3.8486663851604646
4.494506563639096,46,3.226709641072581,1.0,2235.300836154234,2.6877826348344804,33.71242308490039,-123.55665520974773,<1H OCEAN,1.8356165981435588
7.01414751039504,18,7.175860020971803,1.2061165930145552,950.6131507925246,3.1942144103307664,38.6763063375382,-115.07509708334872,NEAR BAY,3.924436001166496
12.400893859962109,35,2.889089521641572,1.0,2118.663995060763,1.839226365611727,37.64229607766988,-118.14409050881466,INLAND,5.0
5.675848813660911,8,6.076990202206359,1.61161765685436,2820.5134066245832,2.5556715877649974,32.776759753504,-120.60529251575902,INLAND,2.8538664116528656
4.70346164545458,5,4.503047767098736,1.0,1300.39807002475,2.1826959879305585,33.6867290279419,-122.9957847862628,NEAR OCEAN,2.8758635394351146
4.263876857776046,31,7.330627344294602,1.7567242230670403,1564.5838000384229,3.151073326455554,35.76639191575976,-121.63297960331509,NEAR OCEAN,2.9276688680928293
4.239148310210503,4,5.45782048783629,1.0010036529746695,848.8491384801146,2.556182949582707,37.08036767989592,-115.72293614390598,NEAR BAY,1.9882011292414403
5.5649047814830475,49,3.446358438604665,1.0,649.9577648769953,1.8032034964686587,41.25367452713803,-114.1558674077198,INLAND,2.8041145635348075
11.525015242768163,8,6.487439436922001,1.0,578.4062770328153,1.9474738797465485,34.367452372331925,-123.28706677655676,INLAND,5.0
6.65100983502593,26,4.842039768828685,1.015201081992446,1425.9725603227673,2.088583511633053,32.969045818197756,-122.43550019579396,NEAR OCEAN,3.3967875844157676
6.000834416276828,29,6.631399295825624,1.0,919.6741611079464,1.8345139577265959,39.486821316986706,-120.31351920377935,NEAR BAY,3.802039995052242
5.843658291573549,44,6.043897128503168,1.355090862053363,1757.9336144575097,2.350089831347992,39.40726553984079,-114.22326286370117,NEAR BAY,3.4566322550116477
2.724057648459686,9,3.696539012216923,1.0,1102.9658918827429,3.3400119026188317,39.913184289036316,-122.68418894632522,INLAND,1.2265807960874737
5.240436091744162,48,5.270755859325058,1.0,963.5445043028006,2.890348284902567,39.787438861000695,-114.62290620685766,INLAND,3.1442711577035047
3.60785662537174,13,4.520886102876029,1.0,1176.9015549793414,2.2064312269150914,38.24471627697005,-120.97268467592015,INLAND,1.7116142171789759
10.7758996281538,50,5.051208044797697,1.0,334.81603832262596,1.9636269895853697,37.27011351326642,-119.31191241413033,<1H OCEAN,5.0
3.6968123727970714,27,5.255654193709607,1.242138440615304,2425.0377345515294,2.2548810043781855,33.685273402763904,-121.04170831894783,NEAR BAY,1.9907761039452683
3.002082777196622,14,2.780459070386082,1.0,1057.0826430176778,3.149329873721059,40.63209598057097,-116.89989324336817,NEAR BAY,1.9121684137950965
2.521938469497612,29,5.996547624773352,1.071830705523012,1034.3331061875456,2.106681253778484,39.45880532485744,-123.2503099170176,NEAR OCEAN,1.5023856168642125
3.863365342565224,39,4.926826553865506,1.12969538595621,3759.2058555037643,3.0619438712825966,40.25963346405807,-115.56639939930365,NEAR OCEAN,1.496873823825929
1.4813954066121409,43,3.3193605510120783,1.0,1085.36025854334,3.1944148845842477,41.9958358682249,-119.05374533662646,NEAR OCEAN,0.7829726416817274
5.953157148500186,15,3.5112420647244242,1.0,1956.504371768494,2.99521347017106,41.740879452401686,-122.80452798476587,NEAR BAY,3.422861241180272
6.0843730562835106,23,2.533461082697373,1.0,371.47246573291426,2.6959296037300957,34.931501478676886,-121.37100935647811,INLAND,3.346708050059389
3.3527941504100425,26,8.802455386855733,1.1182554945324101,883.5430125760217,2.225641407068806,40.628359149418884,-122.920531616438,INLAND,2.0678069861918544
8.070108574696084,40,5.430545809478762,1.4007142099253063,2823.5647234645357,2.9033652826476324,39.24705308549842,-118.34445200434064,<1H OCEAN,4.394629407585095
5.076359434575195,36,6.117287569347023,1.161002775921748,2353.303402827755,2.716749173548835,41.038234288838225,-114.72245030094098,NEAR OCEAN,2.564938816787839
5.108907784575122,5,7.933836521305026,1.9933225288643934,2069.3514689409017,1.8200019265780014,41.69483914399071,-121.5447793937607,NEAR BAY,3.8820342564781685
8.087587971308166,3,10.128453000587914,1.9197155026600412,789.2887290810091,3.463554981907569,36.00454267686213,-114.72451756808238,<1H OCEAN,4.193246891433354
9.10691272109121,28,4.278884351717345,1.0,1552.2315147064576,3.0867659877892137,37.06284870541713,-121.46723466071904,INLAND,4.4446927132138
3.462308491832717,41,4.599856073561252,1.0,1037.5106639304822,1.85528022959324,33.87522902113997,-122.38192850641853,NEAR OCEAN,1.493977546782666
2.865136019899954,22,3.7756706786010117,1.0,1673.9527799187808,2.4886920555207124,32.56890025636956,-115.38833949407694,INLAND,1.4985629094768316
4.6138467936108265,14,5.229185277069501,1.0,2376.177840938182,2.830571176667285,40.42180085490364,-118.56672085089849,INLAND,2.678544032258692
10.9952855562371,48,2.4128554117829752,1.0,1519.119274769906,3.278200926883795,40.95909603297602,-120.50006078039829,<1H OCEAN,5.0
3.864480333147738,14,7.710132109724922,1.0,2646.98359215931,2.857225181487573,33.686962668372445,-117.02808857138494,INLAND,2.093698320537378
8.463043676599552,37,6.338691332619615,1.0,2753.9937324562034,2.1353158466549074,33.86817056442626,-119.41688129019565,NEAR BAY,3.778330437815608
3.5314407785287374,8,5.136926540789598,1.0144953889722204,619.4972602553297,2.908569850682591,33.87053695339004,-123.3202771167212,INLAND,2.4014995768637766
5.108217068157492,36,3.004304631143923,1.0,379.951695226364,2.664272900068755,35.589465984512564,-117.36064142062989,INLAND,2.5522263257099413
4.226351397180303,24,7.936252404629869,2.0827472126291227,2613.5519889916945,2.545567125435326,41.30219236933765,-117.21248635062138,NEAR BAY,3.228900920729284
6.588781186822941,47,4.739530348213553,1.0,1410.943881165415,2.853746699024729,36.58039973974467,-119.00576926076933,NEAR OCEAN,2.9365461172841583
5.851137483476214,30,8.443722854384385,1.749299246644755,3350.0265312369306,3.3215330137900647,38.468865931234205,-118.41589792714684,<1H OCEAN,3.978602701394154
3.6598546485259504,13,4.9822126739253365,1.331308417739292,1677.192532691191,1.9137208903142284,35.25024058524234,-123.76320724107173,NEAR BAY,2.070352112332456
4.404424541304496,26,5.6185999811987415,1.0,3772.398514596409,2.4740787335380348,33.061429999207625,-121.26703082363777,NEAR OCEAN,2.3253198077718045
3.3876356651559494,39,3.371862886892397,1.0,2203.166153185533,2.740903609576643,36.73840431940288,-122.05731468377385,NEAR OCEAN,1.8084048100276555
6.070517975229439,21,7.546952944023614,1.115935205988865,1728.6322930705273,2.7190992672027874,36.88022406552345,-115.85396215681307,NEAR OCEAN,2.922500021851699
3.463409555786511,45,2.650677374874564,1.0,1033.0853253508697,3.1921146699963243,36.57260143446263,-122.13447652573396,INLAND,1.6382029553838124
5.7141841265661055,44,6.815677369868903,1.8925867647304049,952.5961702479773,2.833806009027156,34.69358387370814,-116.37814140090232,NEAR BAY,2.7602287723287486
6.545325076944373,51,7.843186630221319,1.7621806529661324,420.87336416122815,1.9180607404020695,36.150081800603054,-118.24470339995364,NEAR OCEAN,3.785761338832775
7.365804660447373,27,2.6686209340081617,1.0,2014.7252916179837,2.496063839773651,32.79786575126164,-120.10943791088634,INLAND,3.348828396952321
7.410926136672399,22,7.0809290773578875,1.6447035708745976,781.1815827280516,2.7097159465839162,40.24062573941277,-116.55808908360753,INLAND,2.9623241248645407
6.367277384926291,18,7.944509752705576,1.7515171703229968,1120.4473479862922,2.7859263400907515,37.608238145206634,-119.50360678701257,<1H OCEAN,3.355738140163021
3.364239812635051,34,6.233846635337942,1.0817846349730522,1303.5016758621534,2.3801176101239605,40.5547201602864,-116.66317945806813,<1H OCEAN,2.100257503377378
3.7053298322707096,28,6.498209948984188,1.5247581740967537,933.8701435177186,3.1486835454308304,40.482100121331435,-115.75301632869632,NEAR OCEAN,2.2883405622683424
3.6978883279677555,10,6.152428253059583,1.0,1504.5078818566776,3.1982498402145825,39.02875988879801,-121.24336267726123,INLAND,2.7413821313362368
5.315931526493427,47,5.613960756453469,1.0,272.4517985442993,3.126332548172683,36.54974078905931,-115.76414940494787,INLAND,2.90250782168163
8.943252883252095,29,3.7580432190798514,1.0,1358.900055814391,2.8741359572787717,34.39259299540191,-119.1281662251895,NEAR OCEAN,4.224232843381146
3.999513780881466,22,5.407516868510363,1.4344688566718593,2055.8834707596975,2.481577965583737,36.7416232530113,-116.80837867018899,INLAND,2.16437836676214
4.763401094943052,23,4.984849644739532,1.165820398997605,420.66264913381207,3.127561656886731,37.9432607620035,-114.364117429186,NEAR OCEAN,3.109733661091936
9.395171479454554,16,8.692116023135211,1.354189749842647,844.6142051222896,2.2975234261348465,36.69228443507248,-122.01531574024315,NEAR OCEAN,4.587753205080278
2.95451250164159,8,5.386153390909011,1.3698391814974764,3323.3072092331645,2.328212674685194,39.84024882773994,-117.12251064533594,NEAR OCEAN,1.5753335076407295
10.853043110889752,4,5.44611930285777,1.111740217137309,1254.8569122272227,2.155429518858401,41.036070868074745,-114.34699323239053,INLAND,5.0
7.242343475581867,47,5.821414115764888,1.0,835.3308782026872,3.415255456338119,40.84251652623607,-123.00853065813378,INLAND,3.7883437466581222
3.9940947897489774,39,6.266829431729226,1.3770991757499034,2201.0553625491116,2.845791233838743,36.84023040881428,-119.96415987148104,INLAND,1.894926323874245
4.695081083870819,46,4.182732832686993,1.0,632.9708458314993,1.9777539811672702,40.85632687867799,-121.8974426998559,INLAND,2.5257809209370485
11.750223463412304,36,7.116701360844086,1.1212285191343412,671.1451572046943,3.489985910534763,37.112503662019066,-117.11768955583368,<1H OCEAN,5.0
4.370610138842679,49,5.362991484846289,1.2744054051415616,713.2253418711905,3.3945778757217298,35.800728032145635,-123.6429262739991,<1H OCEAN,2.358886741114827
7.557083260512332,46,6.748800617975361,1.8519883163806459,3335.0387137750968,2.4060973223401034,40.51696658439947,-114.42737875621077,<1H OCEAN,3.756375455294926
13.70685676055916,10,3.9656548403573177,1.0,673.4775230865106,2.4367611808378564,39.0564143274447,-122.06293754467606,INLAND,5.0
5.371544926128456,27,5.268743576875827,1.0,1271.2730899184396,1.9533755913434223,36.58749573685342,-116.42880601241765,INLAND,2.757339068854723
5.450597525176973,1,8.028032471750803,1.1573668663923602,2863.302138362256,3.172985462391045,35.52479944704601,-114.23187221692518,NEAR OCEAN,3.8346146880225516
14.798772067027171,1,8.883438257048706,1.8692884997208234,681.7453629369326,2.5760362151955927,33.65076882211241,-119.98775430370863,INLAND,5.0
3.353973491526854,38,6.639692452489204,1.0,413.84093709687266,2.768318235976023,34.97404817891369,-118.00519213767741,INLAND,1.3028574034807434
5.428277123203263,25,3.6000185322833795,1.0,5466.150334181457,2.8175043259463655,33.13882165874795,-115.44532884750197,NEAR BAY,3.389109973038729
6.6308070225495,14,2.370572165389349,1.0,1459.455872991306,3.305433571609979,36.29152851529505,-121.78098304785699,INLAND,2.9935018053118294
2.7337277281686574,24,6.638664579421524,1.5289205268645667,869.5790744560934,3.409466373957865,36.049203816710154,-117.2066837456821,INLAND,1.8361054547566964
3.2449848784514135,33,8.87041353435425,1.5736581606526983,1201.9664731886228,2.854582688906804,36.728068756140544,-114.92720545144464,NEAR OCEAN,2.495180265654541
4.233523783916209,42,4.843326192841381,1.0,2200.1874727639693,1.8129702205951501,38.20545112572326,-122.5079283521087,NEAR OCEAN,2.782997684037848
6.577644388628578,28,5.1810309302448845,1.422249566287864,473.3155564763597,2.8102522075250933,38.94604701371448,-118.1521338309961,INLAND,3.515004222551876
4.401364646608868,26,5.972166904742073,1.51382917614959,975.75395616121,2.676481040137345,36.88202866935882,-114.93477783953784,INLAND,2.462785451476727
5.263461815494582,30,9.782159184189169,2.0240626107216073,2281.010429251922,1.941101867596377,40.26983014883493,-114.04322758356086,INLAND,2.997059643171548
7.781209193452853,8,5.8283615412433285,1.0,3565.6034844617116,2.1968105232523873,34.93611897681218,-118.42809261545216,NEAR OCEAN,3.936431820691925
7.175238110792819,26,5.857583567451996,1.6047805435701197,3542.25521198344,3.0063662159952402,32.69553897924362,-119.06393772908692,NEAR BAY,4.557155743518656
2.176171465020869,16,4.873236760977956,1.0,1438.989671883817,2.162449265753722,34.88411066510674,-121.76122827892195,INLAND,0.8456871379466381
5.941665333893262,1,5.693633132993414,1.4918462386621147,3654.540479897712,3.120883375306466,33.04750486762029,-120.17352996583293,NEAR BAY,3.28242326653067
7.0063248078213425,36,7.435915945725991,1.1517635880548176,430.3513863697436,2.1449690490541182,39.439970078581084,-116.58417793925993,NEAR OCEAN,4.003779165712056
5.2765187925036745,14,4.414412683187262,1.0,1474.7332263935584,2.9024078579843904,36.65348474138587,-118.14039001218798,NEAR BAY,3.721445250714101
6.93417746084864,34,7.140876490305658,1.2404036520220023,232.47340063998152,2.680309873216566,37.17985879180532,-115.6078685096915,INLAND,4.358097010374741
7.73903655062241,48,7.2144402079535945,1.3381121279090098,3456.1068327385383,3.244820166156228,32.6977677477339,-120.2040307623891,NEAR OCEAN,4.145051729074494
6.334721602820991,1,4.169322807098631,1.1049022959677341,1793.5682264232753,3.132814188635799,34.70251976813117,-117.46902630651816,NEAR OCEAN,3.4476353881138904
5.242173013221121,22,6.873086670268566,1.8522961556113162,4341.472898685287,1.8682939352535481,35.200666148464784,-122.02530480445627,INLAND,3.2190588708441226
6.1302060608240065,15,9.011956869510303,1.192866096098773,895.329288868671,2.107032256012842,37.4272231236814,-123.15897621308174,NEAR OCEAN,3.378817058878672
1.92093474989832,17,3.440480342231515,1.0,546.6380874490844,2.903254015541971,36.41552567264448,-122.73251534845323,NEAR OCEAN,1.4475647677354528
10.328770060675152,50,5.264137108139048,1.0,2266.7251078417275,3.4274479026289253,36.73667287760955,-116.13318429322366,NEAR OCEAN,4.887810671783275
9.928405675535728,2,5.953883670020169,1.2875809619766792,1201.3663547093167,2.038092214131645,34.50868291123926,-114.12639275944878,INLAND,4.495437585862345
9.616174789894592,29,6.172745079357069,1.0,2760.0597104319622,2.4193000834726948,35.65390262822013,-114.08232416171165,INLAND,5.0
5.798944624342831,19,3.900112243641048,1.0,2244.10341323109,2.747970940176047,35.66820426183953,-115.69240599668368,NEAR BAY,3.164243400142806
7.079462810038175,5,3.38506138604369,1.0,1094.074662406182,3.4553289535455787,36.6544628287402,-114.99115801646943,NEAR BAY,4.039361701358999
5.830273857032566,12,4.257560677022044,1.0,1311.6181527888884,2.6434514754615623,40.98545222450727,-117.20607692405386,<1H OCEAN,3.0889461329807877
6.329194859414187,9,5.6817134139418615,1.5145571558055422,1146.6288911983295,3.0985278769400657,40.82182342946454,-119.48478028709599,INLAND,3.0373221222103086
10.130871302821115,27,4.714480532287003,1.3097839658283812,1363.1605928948143,2.5734552182899026,41.730853137424106,-115.42836690560793,<1H OCEAN,5.0
2.4678893895890583,11,6.989936090216735,1.7633025788332144,958.8481715060669,2.50168851617311,41.02539470410592,-122.85496489325214,INLAND,1.927472199582208
6.670260575899325,36,7.566710743179742,1.902315822464503,1993.3796131999168,2.9426778085975305,37.95173640421839,-122.27384143376565,<1H OCEAN,3.8866374982572847
3.761762351507841,9,4.049741985909594,1.0,431.6110160554259,2.872467677768384,36.6299130109915,-119.69169890583524,INLAND,1.6495633922989814
3.2595138381614235,4,6.0762598480195855,1.1427000319736298,379.0247163857719,2.073426976843666,34.51210827996478,-117.19526587406442,NEAR OCEAN,1.7377582920696732
5.170032286558087,37,5.679042717608239,1.326280662234538,998.0806564265808,2.029917418973092,39.430148629153685,-116.60409428056832,<1H OCEAN,2.6210038091493213
3.115089363428851,37,9.836187595163782,2.002754962678632,887.2677261666406,3.394730528835416,39.0900193533747,-118.01619274645037,NEAR BAY,2.4509429458922236
3.112399330193699,13,4.790455785745929,1.0,949.2471602289643,2.8414637317462996,36.348917105844805,-118.25755026552623,INLAND,2.532450563647278
2.5917327763743376,2,6.2075605281002275,1.0,2996.6929306503303,2.146666421117366,41.932001849889815,-119.6916907450664,INLAND,1.18722767913052
4.406515819537859,21,8.901852437746543,1.843158592519046,1455.0046609999686,1.8571751114898596,32.77443196289524,-119.49007690692908,<1H OCEAN,2.728278635252561
6.953834477826828,35,2.124424638273214,1.0,2214.538666443945,3.2717994212512345,38.8779721057055,-121.3298223258561,INLAND,2.959482488491549
7.93612464240297,4,8.022418777525214,1.3193951322506015,1874.8312886361277,3.1663414169977906,34.57934995048592,-116.64841345981715,NEAR OCEAN,3.90500591016982
13.330767237395056,8,4.4614822263091956,1.0,3568.065192427391,2.613631779420324,40.41958661351049,-123.443210460976,INLAND,5.0
4.562293081704006,31,3.0404681295914453,1.0,881.7027032354847,3.352700210513324,38.49586824663041,-114.0450090008439,NEAR OCEAN,2.4706959549699943
7.837921624658764,18,6.044018037647878,1.0,1943.1002707112154,2.183859072576431,39.56966281573472,-120.69402088552991,INLAND,3.1506361839297243
5.9360796953352475,46,5.8565536928516115,1.0,1161.742250708708,3.456845069347245,34.97929743715957,-119.22827611569515,INLAND,2.623012358607128
5.858554295586328,7,6.562451766833836,1.21169798370814,649.8293248167503,2.758857737664631,38.021125062341255,-118.8131586737345,INLAND,2.9806467905290837
6.476577412670481,38,6.793996888160586,1.5930212096564529,605.7404660924094,2.4273254585845256,38.583917286745404,-121.22754285902226,<1H OCEAN,3.3819965616378593
7.850182627079951,29,5.332842014585336,1.4864443815714707,1158.2127170634826,1.88908285208448,39.32570478969504,-118.16221763681301,INLAND,3.628839571104691
6.787958681010051,14,8.503158992027517,1.5073644449957857,2655.368725284344,1.9529317973721687,38.90583316365584,-114.59026220718923,NEAR BAY,3.839272770847329
4.580748105063521,41,7.884019323288966,1.0,915.1249857519707,2.1533780479079816,34.97203399730279,-121.743376648779,NEAR BAY,2.8017248237024575
7.121135164504407,13,6.28325261923838,1.1281158470292447,962.3537448412378,2.5968318539633417,38.87712869037925,-114.04753267833291,INLAND,3.9007612788638086
4.124294099061116,29,6.127156013067726,1.2776537315013359,851.4742864775939,1.8407326241469075,40.934833435824736,-119.09325854476351,INLAND,2.440926204852779
7.129587730809205,23,7.531956310519657,1.1768168169893305,612.6993858335129,2.6279638974314796,41.71157017353449,-123.96465984825397,INLAND,3.785886746332839
5.768019571794404,47,5.595379873096758,1.2354545424556498,975.335701247575,3.3850415589839833,35.95671244392332,-121.90935161926211,INLAND,3.456232042789089
2.3610869534895187,6,3.432809021336672,1.0,2789.686700401809,3.1218817118178492,36.389460769597164,-118.6651618661314,INLAND,1.6146509987646311
5.143418859574779,2,5.343802436303003,1.4712441902708997,1587.0429621361084,3.4936077051394827,35.60675544360622,-121.1310796624727,INLAND,2.639373648227617
8.325287917907518,33,4.949576703914208,1.0,922.7811071370922,3.107954812375051,39.89479358082308,-117.65749284784363,NEAR OCEAN,3.6777451862263235
5.1710948164271855,19,5.760493608160617,1.3610548293324736,1045.20962520499,2.551514124808711,36.645523193903905,-115.6404275059085,NEAR BAY,2.962459798980885
6.068058253285636,51,3.5163255359753833,1.0,1662.1628983658097,2.2713101356139678,32.93333130169365,-122.1000423268184,INLAND,2.4935628629002613
4.413118233497042,20,3.739464573348214,1.0,903.2081290442375,3.471022900440895,39.517796633716756,-114.28501465226977,INLAND,2.4845295288723834
4.838944371180072,24,7.485312023994301,1.2150222073822965,2383.1285741403703,2.7541728724634544,40.88786088621278,-121.03245295814402,INLAND,3.4343921245020597
8.388412645328653,17,5.656672977876407,1.0490255362228886,2995.019983629332,2.4251751137841255,39.06663813308892,-115.25927966642571,INLAND,4.341333859363069
4.509045327376102,28,5.054362841274557,1.2144132121732032,631.466416406148,3.1974030052508935,32.89675645228321,-119.15419201227583,NEAR BAY,2.9997434925744497
3.2611918670184004,22,4.808308898395943,1.0,1098.645500237262,3.2396704830336516,33.88697994854115,-121.74560594447428,INLAND,1.5134658192345438
2.052180331273795,3,5.274657246854363,1.0,1736.0977040056605,2.648406731548512,34.945832963067595,-121.72698928967469,NEAR BAY,1.645023016619359
3.885643940943715,30,5.828287161448371,1.1953662453450107,3120.0829343065607,2.5647151725463506,36.3842570759206,-122.84622483184116,INLAND,2.127438419219157
3.3386575309334865,24,2.731004217222036,1.0,245.6488997776644,3.3352276766821722,40.691868099939946,-115.22929471984811,NEAR BAY,1.6668429175065667
2.804469185480448,10,4.865272690082128,1.215872710507997,884.0652719365631,2.353413630163746,39.735981165669116,-121.13972005120193,INLAND,1.5905191814947217
3.3768471965479994,23,5.881162708827648,1.5526344275363022,255.61245340952607,3.305968040371616,36.76360746128387,-119.90010064313746,<1H OCEAN,1.5906595487548698
3.5053424018244783,11,5.29449555760457,1.0,2190.680984581179,3.2026383724929817,38.3563894760829,-123.01170485992246,NEAR OCEAN,2.2865656716544636
3.400605879151716,4,2.5847055964311076,1.0,1340.1291557018544,2.096795842144312,40.17987103825493,-122.50221824121373,NEAR BAY,1.8100912396298832
10.200488658273883,8,5.588685361070445,1.2732170957761624,2609.3532968316795,2.04008838933659,39.63394812684293,-120.74637532428326,NEAR OCEAN,4.713785991594824
2.6050548895937893,41,5.4864992712311675,1.4881437358088399,1146.9337556483704,1.9842096343053988,39.45191176382351,-117.66606326559787,<1H OCEAN,1.6699063723418475
7.099100721935226,16,4.368253245962209,1.0,1154.044458883988,3.324823596784842,33.436194068845275,-116.70065625777416,INLAND,3.783295334683351
6.9649669048539655,25,3.976133863821489,1.0589050990221074,1689.563019230169,2.946812517849512,39.531162449395566,-122.03566363269607,<1H OCEAN,3.7914348050596285
7.218890735758733,33,5.888688611063555,1.0,1410.8320089045942,2.262549888577517,41.0011914055884,-115.12308288124402,NEAR BAY,3.712969413580426
5.357604658488531,32,5.735905179129621,1.0565242326960524,950.756712254133,2.669530019319021,32.85785727855363,-120.43920047980293,INLAND,2.8637597606852396
9.674245687307133,27,6.339990009402734,1.1895517854676028,2363.1231979990034,2.3686336549201092,35.238752859660565,-116.59246883178743,NEAR BAY,5.0
5.475443945348264,16,9.089260046785716,1.1770521256534823,2751.262147003203,3.393788755642111,41.2635116832181,-122.8099760449739,<1H OCEAN,2.8013702215703384
4.978081586566514,15,6.529633093350572,1.1742595386556207,1650.4059528225146,2.3074063968001237,36.146408970078525,-118.61322274312367,<1H OCEAN,2.7750271998987017
9.251354912503407,23,4.320126807957887,1.0,3288.6350645197667,2.140105475167496,36.04126581440319,-115.24651128521393,NEAR BAY,4.75332557291588
5.06233068120914,49,7.690013910193471,1.9582171435756055,3491.1196529784156,2.5893089409253105,38.14363421428368,-118.81169161213049,INLAND,2.514460925575255
2.6754801202852154,20,5.124119479426494,1.0579428874949799,908.2348352052438,1.8016235653038093,37.459770127750716,-119.41533329530886,INLAND,2.000274707632064
6.858148285403786,33,5.130587870535635,1.0,1351.3631198485782,3.2476582263319873,40.36201124386956,-118.82549023821608,NEAR OCEAN,3.379769079023156
8.919054991557063,17,4.01955483297352,1.0,1704.6837231550553,2.8960767861482815,32.76891185142593,-120.81852244526034,INLAND,4.775082418313021
6.245295042172089,14,6.528889986113126,1.075161109988818,472.62443553474174,2.966979098494445,39.04008170945501,-122.41809609266386,INLAND,2.959415167040836
4.6509279825790255,33,5.045226150265784,1.0,1428.6035445149446,2.3442858389188954,36.301961198366726,-118.06737080202609,<1H OCEAN,1.6279923802478073
6.157100833894192,3,7.060322490423317,1.376953379161377,1225.440775963091,2.704158506299082,36.821309306470454,-117.81035343425607,INLAND,3.1297357333044946
7.443188812162526,16,6.565733638882539,1.1253283342440592,823.3765379609039,2.2117920347980364,37.18492339095682,-123.15766211798028,NEAR OCEAN,4.014763845970468
3.4397560355830534,13,4.137729502959785,1.0,1565.611634786998,3.346822806727311,40.10330081732858,-119.26834779450928,INLAND,1.688855683403272
2.184961623664117,7,3.9530682508613584,1.0,722.1305809089081,2.887811158329029,37.84713792604088,-122.68400132252219,<1H OCEAN,1.328320255366755
5.146439678171335,25,5.992100790556628,1.0,485.56350908146675,3.2763413761893467,34.84621988560647,-116.39351747698076,INLAND,2.7813094256097664
8.730778062503337,11,7.688110529445554,1.1555352046449876,282.0248767087726,1.828414598280579,35.55196470441781,-117.55945996551807,<1H OCEAN,4.228676586165542
3.2825772129808612,11,7.377295091432051,1.6256859859432078,435.0896644848629,2.591908725364817,40.477919364489736,-115.16000302834924,INLAND,3.0432216874430296
3.076568568883353,32,8.166057199070647,1.809718080740093,604.8054025696515,2.7838332413745697,36.25931332189601,-116.58206097381499,INLAND,1.994449932179694
5.996074309661717,17,5.862677850803196,1.0,1353.687037714658,2.4867088284029433,39.447177667744725,-117.36480939873127,<1H OCEAN,2.928488598397667
4.9306787969601595,36,7.130083955537101,1.0,1642.3475852005874,2.385066714961579,38.44752831596264,-117.73035871458521,INLAND,3.706037383488503
4.008137779091461,51,7.524031510522883,1.830229642387187,896.3610044163333,2.948655350327516,35.227062927454696,-118.91638197177988,<1H OCEAN,2.0765306547878106
9.239347595289507,23,9.009995030501369,2.2038130011452948,1966.587725597994,3.484775013123429,34.28149759017382,-115.51440358879958,INLAND,4.904990487858711
4.046602688273522,48,6.297584281244515,1.3014643971373046,1627.2806640768724,2.1126440118318563,39.04506429018708,-119.60843245350763,INLAND,2.1138298123532455
6.433054579671698,15,4.962854785812247,1.025473745861581,737.8164349117233,2.6089718570889437,37.43060366387186,-118.39956482342484,<1H OCEAN,2.8657277799541507
7.986915925851139,26,7.582252862957553,1.079118911181518,708.9357716264185,2.1323660377887186,39.55213830573428,-116.03624336365162,NEAR BAY,4.780026721721024
4.985487198926604,25,3.3704256143813867,1.0,2941.472107158385,1.8083195051419667,39.38121928756384,-115.68946889362377,INLAND,2.5020101558279304
7.994991281996639,43,7.46253685667989,1.334086187273149,941.8379605484357,2.0884791931827147,35.84317531615937,-119.2054954003918,INLAND,3.754514573954331
7.393967101278743,16,7.90830033324048,1.236830441066547,4099.414041874248,1.9853731351908182,41.977193789902984,-115.44468668321544,NEAR BAY,4.879062615030197
5.945075629321795,15,7.356899056519504,1.3856646890001056,579.5140929991861,2.251133132940845,41.2841351904633,-118.42898202057692,INLAND,3.280810517423375
4.624607172642642,25,4.033313857271693,1.0,1119.6951885549427,2.5197163225725525,36.76226149047156,-119.9493751711363,<1H OCEAN,2.8659565274299617
10.424304007626304,39,6.011523381076433,1.0,490.55250868267524,3.3155903535394433,35.84897295955707,-114.37637254558499,NEAR BAY,5.0
8.234032954367263,47,7.48663000725968,1.3867644680914015,361.16417681747095,3.3437329751805223,36.64962539559977,-117.01074021040642,<1H OCEAN,3.7733106123523736
7.6323811182918835,46,6.53055485738104,1.017317175120852,843.2128698962506,2.1409787772940176,33.82415042271833,-120.6225917616034,<1H OCEAN,4.226614584672898
5.617739812290195,2,5.699978512736622,1.0,2096.8185938712236,1.9402482398916419,38.19681720645396,-120.57606654137007,NEAR OCEAN,3.3526674833381716
4.2944094139008655,43,6.00184302506837,1.1952645928898968,864.9714008108972,3.3940848711579967,41.351667739536836,-114.72888536752023,NEAR BAY,2.7237331195691774
2.291841854446554,14,10.873885723970773,2.5444696413478267,1915.912849414635,2.5509407048235238,34.34627175871571,-120.68197337099792,INLAND,2.2695887343958367
6.9290657222444345,33,3.9510019574834114,1.0,738.8342787435349,2.7165998481334954,39.28306604510793,-118.35492236240188,NEAR OCEAN,3.2824431348711123
4.711770152295434,39,3.4782207680630175,1.0,3153.7014810492346,2.396124451964602,38.258667511696935,-121.25744502642539,NEAR BAY,3.199597392930127
6.04726366557519,43,4.032405309618678,1.0,765.2565292417701,3.4277718844123606,34.103770889064975,-117.1175357064393,INLAND,2.8821490415222955
15.0,14,9.255066489535496,1.8682756638133295,3408.879961121776,3.4165886308151965,37.268195765323,-118.66409168031163,NEAR BAY,5.0
9.609848732743,1,6.860594425626855,1.2652243742365468,1353.1495364674245,3.400907410298334,41.82948254555859,-119.78627993151527,<1H OCEAN,5.0
6.695408825588301,45,4.685714734843414,1.0,667.2996608806224,2.982445742954459,35.3882211698235,-116.48021047822674,INLAND,3.5473936833468898
5.231132809557065,20,9.42412683798571,1.1674071943522064,748.0467024365984,3.0178449632572955,41.56388759271508,-121.89318920201255,NEAR OCEAN,2.66998244110609
7.778362011065768,39,3.6999659628444928,1.0,1679.8240104452154,2.1407475682543375,37.250507873713964,-115.45699994062775,<1H OCEAN,4.329826048709657
8.226829127791502,40,4.6253290130056035,1.0740395153269087,623.9563094339098,2.3609812260165817,41.17904566172962,-123.31410784010372,<1H OCEAN,3.7708308580666343
4.598347071443701,33,3.6254045270257826,1.0,1564.8717643529387,2.241742394874418,41.570047917396344,-122.58931534758845,<1H OCEAN,2.976256960747021
4.865923280732644,21,5.75147272525206,1.2650983288298936,814.6903324803517,2.6466292002193317,35.91960268826296,-118.46118857207648,NEAR BAY,3.0458927222240093
6.083592690945744,6,6.426356476447658,1.0378091656874782,643.6103749357474,1.868255378962903,39.42925757433978,-119.25958810690592,INLAND,3.425728445770349
3.894290769646908,10,5.876828804638535,1.26438309873773,751.0153919347977,3.2793013292614726,38.72970663727347,-119.59283928401018,NEAR BAY,2.3112719599822396
4.019035474936109,33,7.660276362967591,1.3218980585091988,470.3338395301646,3.488685022351,37.90534406576822,-114.17437405622917,INLAND,2.304210999906308
3.2957643717144243,40,4.945651343508548,1.3356582065035212,1410.3500714036657,2.7293720875360212,34.71998787939598,-121.34301487199008,INLAND,1.3004358952386412
11.988116710495202,26,5.138674827533399,1.0,1476.451358283927,2.4943494334047513,37.94466024289298,-117.6396496304871,<1H OCEAN,5.0
2.9836848337534483,32,6.137999703769028,1.6898684854563601,788.3993452965167,3.0652137815791,33.47117299565121,-118.19223839332776,INLAND,1.9862788316772124
3.033146110201497,23,8.746146169195825,2.4206678992331634,771.4034168282387,2.6141312426530714,39.5104746455669,-121.64023757189227,NEAR OCEAN,2.651205844378902
1.9599407842778211,27,6.409536092334058,1.7589646663075575,486.39717946555015,2.6103441927240505,41.389165201335,-118.3513525383633,NEAR OCEAN,1.3207909776139153
7.230742337564216,48,5.1317275007606336,1.3212946052663808,848.032807084808,3.10617641491787,35.31930579123307,-114.08434438302822,NEAR OCEAN,4.4062686115124965
3.5745188472533833,18,6.984963459656607,1.2361819032864438,1719.8936961384954,1.8305040081761916,36.5261074350574,-122.29371273934673,NEAR BAY,2.068737234270112
7.697210202207864,46,5.25758451486233,1.3769999042768375,812.4396535311564,3.0328950179183543,35.21452581956444,-122.2072266974555,INLAND,4.009011074258229
5.3548898960139875,5,6.054988591562924,1.0,1500.5318749621372,2.066936548649403,36.36013973333114,-121.22191801009161,NEAR BAY,3.4035303079316965
9.705291117123117,2,5.318229803042392,1.0,1870.190502985083,2.5105662291911663,36.01167735420523,-118.59858844707134,INLAND,4.984467761503204
3.733685434589285,45,3.5373342619940265,1.0,588.6495039343156,2.438003167638931,41.8067318700227,-119.2788380652183,INLAND,1.8526866693248265
5.620731667035119,27,4.510809788993412,1.0,5314.894860389105,3.478377016675813,32.699587915161786,-116.36701481876345,NEAR OCEAN,2.3888760138298366
9.025701349009895,11,8.214705241964538,1.3881571203505398,2316.519736022516,3.1787110848380298,38.96397474653871,-114.80771056092038,INLAND,4.736015817169617
9.456640306490552,2,6.125747840057878,1.4908933167426117,1013.8228402852991,2.0970375211752956,39.807816898405285,-116.94531513331947,NEAR OCEAN,4.576102762335069
8.924878703418527,33,5.867522843257441,1.4544725448431575,408.3807461760715,2.050419116983971,34.03401467700452,-118.41314073110934,INLAND,5.0
7.02478640592587,22,5.665344280833133,1.0,656.7721123969151,2.2170399131281187,37.53062992978833,-122.81927357915066,NEAR BAY,4.079044968526305
5.4112771850538195,15,5.1137472023485335,1.286092715453258,4553.6349832591495,2.9589849586690917,35.60480911610522,-121.89769324932423,NEAR OCEAN,2.874842064311555
7.119758969046636,51,5.681923888187912,1.1763009420742065,1718.2832063445017,3.230244238643512,34.51257715255555,-116.46389623463504,NEAR OCEAN,4.1816608790737035
3.0364058306846107,12,4.965459929587191,1.108225214118845,898.5532462510547,2.6151634776872026,36.085655692722014,-117.94595712923206,INLAND,2.05486770698022
4.618910612899072,45,6.034623263936748,1.5712340360068866,958.4718762690907,3.11078793980516,33.9071942627982,-123.854336410929,INLAND,1.9147051897804976
10.326054565189033,23,3.8092382588981764,1.0,3196.214865023718,2.183176894463692,39.83772266925261,-117.72637110777833,INLAND,5.0
8.29119495447702,11,6.774837202387447,1.0,1698.8116567662757,3.210580391575004,32.64386060403913,-119.71194046495688,INLAND,4.448501744953801
3.161643635135351,38,5.470683931807366,1.4116491397790498,994.3094299986421,3.0383359936074,39.74780175901679,-115.66828060355256,NEAR BAY,2.275712103555665
6.413559457005016,43,3.416381417281393,1.0,441.97242275062746,3.1024496818347127,33.246869177837084,-120.04371254476402,INLAND,3.1802567267325395
3.6480260608564334,12,5.09894126743314,1.3812923018888936,1136.3189830728495,2.0236585948728845,36.70627538940391,-118.9604684914784,NEAR OCEAN,1.88787057982708
4.815746735960122,30,4.924909397840558,1.065899231083036,1896.9681097268217,1.9637866842380265,34.98524772687931,-117.78598592401148,INLAND,2.202513244332898
10.6625151471863,5,7.297984458899907,1.0,1783.656937685525,2.637741839040538,38.56181610522057,-117.76560979545093,INLAND,5.0
2.4137407518162153,34,5.301152265436985,1.0,665.5540132002913,3.0925767327819513,41.66189701641245,-114.49382661771944,<1H OCEAN,1.361934377684393
3.0805422886148843,25,4.246748752769936,1.0439686581299326,1277.2620242085702,2.296274272848049,34.42804858215229,-119.31565664824556,NEAR BAY,1.7507164187550237
5.859293113423012,43,2.1951952903609877,1.0,1863.2139110623716,2.061952294643366,38.66841292480242,-115.75860534361377,INLAND,3.8951532990433644
6.762180047599775,28,4.592192511284352,1.1625503136517943,3278.710510773406,2.065002931899118,37.18858203624131,-115.94099940695227,INLAND,3.2376309593562067
4.7802522043502425,13,7.58400021905842,2.0243881050186725,1022.2217269223867,2.3150623236956815,39.907721342330596,-116.03577800725792,NEAR BAY,2.7970077271734426
9.219884056837781,34,6.368315175389021,1.2138998759843571,4160.9730524931965,3.2951414482945145,37.73279967829467,-123.54762004822817,INLAND,4.85724856549112
4.93852659227301,20,4.105258048371249,1.0304441714840344,1801.9925497526867,2.4586635344737275,36.97402680798102,-119.42423371844774,<1H OCEAN,2.4437999781194355
6.185045244242681,23,5.281847409332164,1.0,890.8709572496688,2.06132025403274,40.237866097208844,-116.58743846051122,<1H OCEAN,3.734823444053948
5.618263660138217,31,5.719699265711561,1.0709626065840707,673.2380442071811,2.4139143369549854,41.57966586493105,-119.52396621582609,NEAR OCEAN,3.1840707105212362
4.880134135343392,20,8.251384755580894,1.9920482730930447,314.388323828533,2.388537213427365,41.523058988013716,-118.36909069669416,INLAND,2.9252499733432415
7.660381143658748,12,5.593553146075728,1.0,677.6174246646124,1.8618537796294814,33.526674923193106,-114.57430832591021,INLAND,4.179791513045838
3.806233488748957,8,4.681570574605059,1.0,3459.464846332803,2.2677171349914382,41.15707413932334,-117.37856462841654,NEAR BAY,2.464312814119904
9.79496082493621,50,6.175326844163381,1.0528122475694957,973.8140720233918,1.8719995326610461,38.548513839982775,-115.20060195946041,NEAR BAY,4.889812103249532
8.451153680105818,16,6.6592993526863555,1.8165645623758984,451.5661040801367,2.1825015797645246,41.40376832190975,-118.56930352103905,INLAND,4.473697734691328
8.510580799921748,43,6.874919796164769,1.3694305850613038,753.5464900451635,2.087160537977166,39.27463325988991,-123.05345048166312,INLAND,3.9720540182849993
15.0,13,6.842081891887004,1.1686686141322702,1338.8170301750285,3.1415081643192595,34.37186559225033,-117.19125340168834,NEAR OCEAN,5.0
6.6171939305374945,37,9.217578327179229,1.570880582863154,1040.6725995139502,2.5413751183736033,39.57284978525956,-118.88366730620922,<1H OCEAN,3.503233278288122
5.788465547041739,7,3.5219147502362063,1.0,1663.7316377628497,2.1839803681350114,33.85744359849564,-117.25387066807438,INLAND,2.797380392218993
6.757764477302525,13,5.353867347616794,1.0,1047.8032095672236,2.6344877702448306,37.04806077348752,-117.02850209558986,INLAND,3.5052394990224696
4.550055552124972,49,5.554258349484855,1.0,883.9168831097263,3.413905354130062,34.04614489166721,-117.13104933752466,INLAND,1.5206338406511124
5.2672384672971315,47,3.3911546862533584,1.0,1246.7740741963867,1.8343309007472044,39.25533852726847,-116.11611297914496,NEAR OCEAN,2.485725639370068
3.765059641439901,10,3.677539831523225,1.0,622.1839079390332,2.485046658398963,36.14569644056597,-114.87577325344986,NEAR OCEAN,1.4505800850630686
10.091576592781776,26,5.135375681058411,1.0,1455.3711940834662,2.475725385870967,41.941197096566285,-117.24405711777044,<1H OCEAN,5.0
3.4816799737341833,30,4.953395698550322,1.054503092247729,680.7761764135776,2.348016649643971,39.29627681815808,-119.14433959945039,INLAND,1.8010609087146516
3.788945032600486,45,4.6978068916054,1.1227491487376036,1150.488459430347,2.678587813599455,41.480319636547165,-117.9206376370797,NEAR OCEAN,1.9940382381459272
4.975299110403718,21,2.5222870816733463,1.0,1594.80902505767,3.149097074372248,41.841772305181735,-117.62663469758293,INLAND,2.056259580137196
3.332802270095601,46,3.666723752441478,1.0,1022.8097684281609,3.2438858112628397,40.46165567849189,-121.46248322472378,NEAR BAY,2.2425128036281383
4.08420062871072,28,4.600129076026408,1.0135500945285059,1275.9744353631331,2.431596769913038,38.71191683148226,-118.47573854878814,INLAND,1.6899259304189709
4.666097591947683,16,5.147889299663942,1.0,2030.7724179975016,2.889686494716452,38.2712839493916,-115.66886555119915,<1H OCEAN,2.3832224263665878
7.830717376037062,30,6.052090577695475,1.3001591866843636,810.5165746868965,2.107179513556671,37.46520775560764,-122.31721747394434,INLAND,3.814372938737985
2.854151054062674,5,5.108926739219034,1.4278554396768113,3867.812183132167,2.987655543362374,35.033805644624444,-122.49447829328493,NEAR OCEAN,2.256713233252098
4.329261304686195,27,4.41614188649465,1.0,570.2507732978701,3.1898430096400965,39.74162491739133,-116.42263692553654,NEAR OCEAN,1.6282629340169081
6.2653385291841195,5,6.155682402746643,1.5532022546471544,2882.248914817968,1.985681377602188,35.3324945323982,-114.2839572173473,NEAR OCEAN,3.8320691195738226
6.85695928196473,17,5.985759010269263,1.3876178998852176,1713.634866801907,2.834447496968776,35.498211680752746,-118.21950107841215,INLAND,3.435237321882667
15.0,37,3.9693166303991863,1.0,1757.3614502110654,2.103622190885573,39.10475410148232,-120.94222597261627,NEAR BAY,5.0
10.573892332735612,18,8.88396668131217,1.1917704602236938,2501.635232079778,3.207706531474609,37.726291297125776,-116.5937716802783,<1H OCEAN,5.0
11.51292682728287,51,1.6703050335913998,1.0,1314.5981381305353,2.3131388102170805,40.19092156562135,-115.74891937686688,INLAND,5.0
2.743233306663969,9,6.674937120060543,1.0,1480.396657143686,1.993697340925658,36.33473775058082,-122.68487204107616,INLAND,1.826800562771872
6.364510655616433,46,7.091335737097951,1.2052869850654264,1374.527218406093,3.3988616953251594,38.33389941712679,-119.65202126602537,INLAND,3.6200747252624943
7.26471922775622,22,7.311606821047635,1.675617399923059,2282.4235631019815,2.2109978663389476,34.932569158538115,-116.30792147145519,NEAR OCEAN,3.2165626401115612
3.1575968804153725,34,6.101463480406869,1.0584715233589554,2564.821291531724,2.6427373671662044,39.31385089951427,-118.03425531450826,NEAR OCEAN,1.4964095430019415
4.922577409718739,19,3.2200265876455423,1.0,1313.6489184732623,1.9937850456714343,37.24631963649007,-115.33541929880259,INLAND,2.6502677289790726
7.887323723647438,26,8.867513688586593,1.6162117706320784,1045.4488551006061,3.4216490278530225,32.68804879711487,-121.84170741624203,INLAND,3.8873842608999487
8.094049764854848,51,3.2304727324336073,1.0,668.31139162032,3.128742233772015,39.97666256339472,-114.54133850356709,INLAND,3.913101772268605
9.720050245405963,10,3.7215161250557163,1.0,1497.0755580140506,2.0367265065232822,34.062225000371335,-118.1383002421989,INLAND,4.526668349070828
5.809804797240509,5,4.626708797881726,1.0,962.7145667357028,3.0928429263004684,34.888693288318635,-121.30493042055112,NEAR OCEAN,2.516637878211371
4.292880826437952,29,3.388417398205741,1.0,414.6051071412007,1.8818780430844635,39.830535880616104,-116.81829301407979,INLAND,2.5755215325168987
7.195034763739887,30,3.4024471183156164,1.0,1210.2643608002318,2.3636234494508406,34.63293459973828,-116.4901396954881,INLAND,3.7593831895561785
5.998367140793236,45,4.029483639813323,1.071974712927358,1361.5572157647323,3.1964069717169803,35.64764443800374,-120.28886685067882,INLAND,2.9623705320168927
6.762962136610255,51,2.2261384204681804,1.0,2211.646524374176,2.430363975666804,35.27977259947695,-119.00456968345335,NEAR OCEAN,3.783091179296738
2.370000151240615,30,5.724858594062664,1.2429113905723772,1293.8042876548768,2.1708725557957034,34.17342117087675,-117.91050136964134,INLAND,0.9919781218724202
5.491551219841386,48,4.779917675232733,1.1647025321471534,671.5003954748532,2.493581631400775,35.16739610911603,-114.50798350827125,INLAND,2.5445242327234285
6.636654118593893,5,5.103223880957834,1.093456605714389,2546.3548955695746,2.893357081816241,35.05537029731667,-118.02149349282469,NEAR BAY,3.3648190774285642
5.488503947807137,36,6.0040725600228,1.5705785946221833,339.1817803195002,3.1665387890293246,41.10165959356461,-121.78236519721543,INLAND,2.850040324605895
5.16316589783959,27,5.306955157681567,1.0,481.5680909198779,2.4050244462642114,37.84954191126187,-114.0839148849582,<1H OCEAN,2.686158759329172
5.16005491119123,21,4.414106961012329,1.0,1100.1157187562385,1.9640313316155382,33.80385876334903,-115.2789600453349,NEAR OCEAN,2.976116022405367
3.692901597934657,44,6.296518577339431,1.5774391826278666,1061.6623059011856,3.315802237915551,40.32448986280119,-120.84964327494606,<1H OCEAN,2.9517730821210986
8.07172193958598,38,5.055466608318571,1.0,1104.9252497141745,2.8423194782360044,37.17139605920382,-122.5905777821189,NEAR OCEAN,4.249821025106231
4.797043794565693,4,4.141929565061417,1.0,750.8625055741637,2.934395711525876,38.3731700954776,-115.54163306573176,INLAND,2.5049729615135075
1.7684936319983309,48,5.271877681210731,1.3118832307330892,2381.6277168421766,2.637266564327931,35.256473089002476,-122.61262951539985,NEAR BAY,1.9712208730813006
4.15878604058007,26,7.675740383984191,1.0,1125.473346315833,2.5494448979035145,37.83094320578141,-120.39884071373844,NEAR BAY,2.7969047080221543
3.881369421793721,28,4.546161501455366,1.1367965686668147,523.7166949965188,2.706929970055907,38.654557680483684,-114.40114935351731,<1H OCEAN,2.135754181713697
4.729203269215466,10,6.625107015394173,1.4108932501616147,1623.2626257524737,2.0809784688173774,35.77664715375599,-122.34348482248238,INLAND,2.7640191284412747
4.090789114417793,18,3.8356877353921854,1.0,763.8064677883981,2.875814600862223,40.67139499254309,-117.54126054777308,NEAR OCEAN,2.2673050027146466
5.210670534618773,37,5.554380652736558,1.1667482501191386,684.0232808479249,2.7937909123482036,40.17204578587537,-120.4215981191589,NEAR OCEAN,3.1179671761802794
5.98320750666424,1,5.9797847765784065,1.46145185382089,1197.148421137277,3.0844802894841323,39.57929383919942,-117.48848012860165,<1H OCEAN,2.424480521058464
3.8336874604581475,20,4.0377334193540655,1.0,3599.502289474822,3.4470217607766243,33.96618164137449,-119.82947729814728,INLAND,2.2086899946273246
5.603648027993859,26,4.912029859236955,1.0,308.53334008749636,2.0465366277330412,35.92876503535993,-114.87638046948518,INLAND,2.9935562401429516
7.381909192743688,47,3.904422799333501,1.0,432.8138438180448,3.0971392769838326,32.686737872930564,-115.22023692730036,INLAND,3.5646763403115402
4.662799135181352,5,4.061054243364994,1.0,694.3981304303834,2.5663011215447358,36.25503353216094,-121.81604529812533,INLAND,2.758685299931569
7.365460387753253,46,5.484377198151218,1.4042147192701924,3690.343973244159,2.7719060720249065,36.231810457154225,-114.1284425204652,INLAND,4.005230526761852
9.92977461512546,17,8.24103436433165,2.094165433989787,603.9856941005014,2.0439411682962314,34.15565227933399,-117.3944493049618,<1H OCEAN,4.932210752604795
3.581724949618937,14,6.216331412142715,1.0742827511859108,2437.725170402017,3.0754012263882204,38.00583271766937,-119.5289759904873,NEAR BAY,2.36499967285665
6.252637099930526,32,5.565366020311556,1.1658754276457193,2178.5450426219254,2.922999075487027,35.213004927579505,-122.61738786128892,INLAND,3.454684135527767
13.681469446235521,23,7.9238482185167065,1.9066920200860342,2564.826321753164,3.0252781396416646,41.86286576769207,-117.70834128808916,<1H OCEAN,5.0
6.099527097284998,15,3.28847997275803,1.0,684.46095023999,3.299795980473335,35.28259277855103,-119.26746592200507,NEAR OCEAN,2.7017436988550942
3.774095344098816,11,7.807242367904353,2.16451104230603,1314.8018472587942,1.9712827671434243,35.657627051045786,-115.43272804479605,NEAR BAY,2.6125099481046434
6.820299503285632,12,4.889442944989665,1.0634179822658012,1953.2383740856822,2.6863420149675603,33.71405385575279,-118.00282105104773,NEAR BAY,4.205279315301125
5.075344972373628,12,6.0057034551588595,1.5609816998389299,1599.372573834048,2.5476199141593625,39.50371153710032,-119.54364208060964,INLAND,2.6795961381630375
3.0963593186467033,31,6.683505198506213,1.4926402871649307,7842.085332133842,3.1459877303937915,38.16256707543023,-115.28106558319871,NEAR BAY,2.2931118138320414
5.071711281459218,24,6.354589650382203,1.0,4302.446076888809,1.9943789283531475,34.99904171263645,-122.7459210938972,INLAND,3.593227401712382
3.2688124392879043,4,4.922509537318222,1.1863071635317144,2669.896701824633,3.223371686493895,35.49470342960001,-120.7215847499583,INLAND,1.0785563674384027
2.613585400153081,13,6.95260332334757,1.0976394085001107,1993.4258787355393,3.3850498273073812,34.419889274546726,-119.40478946486878,INLAND,2.017334873672813
8.08802134264789,48,4.847537347464698,1.1872774765824223,2096.454755750263,2.946940089033356,34.32399497021116,-120.32911557994323,<1H OCEAN,3.730284654900855
1.9096648879442832,42,4.838862106639846,1.0,2575.5134099610714,1.9952870796831175,34.91444471353706,-119.25400841945955,INLAND,0.9993582854598257
10.263360139759344,51,5.457441393575304,1.0,4017.346058263426,3.4792871280183713,40.81369606669817,-119.76546817001103,NEAR OCEAN,4.918106274595149
7.070106759831974,36,6.399693136984113,1.484071038860108,765.1490324644108,2.524498544413987,32.66240430667116,-119.84182525124655,<1H OCEAN,3.4278236103347948
10.725172518235427,51,3.849057799935954,1.0,2775.883530796104,2.7487564791005785,33.74434956225674,-117.26892592569187,INLAND,5.0
11.581926538954516,35,4.039119947695206,1.0,1533.7510405566254,2.1142300514710586,33.79366816885612,-118.46822917421775,<1H OCEAN,5.0
9.077513703892826,1,2.607144404705433,1.0,2560.346758309619,2.9948141184009827,38.51818197148406,-122.07087379915696,INLAND,4.553315150107994
4.514732027262102,29,5.068649004129914,1.0607140307580791,1371.523186773659,2.4317687639308883,40.884699620758255,-116.1580720093472,NEAR BAY,3.0520523626500364
4.141262412188191,1,7.3404439962151535,1.5806613705368864,971.5553439241022,2.3060940919129957,35.32258922411165,-115.1728422328893,NEAR OCEAN,1.8818520156168157
5.7610379833255365,8,11.01213146087495,1.9893595450682733,982.4090399445153,2.902373219871408,36.37226976075953,-123.22626401395534,<1H OCEAN,2.9410753751596963
8.561628241230252,6,5.964699935317748,1.0573253306552253,1409.0860932342032,2.2975817751883785,34.102303029792196,-114.08132581639023,NEAR OCEAN,4.127004805601323
12.83164853223855,3,8.342962875458692,1.205329397875397,1842.0929624317641,2.845744810642616,34.62704131862798,-116.2668473661126,INLAND,5.0
3.4833074291928487,47,5.607997979749316,1.0,998.7676768987609,2.7911798222222304,36.930084788458785,-119.59305532627016,INLAND,1.7515179435488868
7.886874945639377,9,5.731766602384544,1.1627463141165388,507.077748698125,3.075361958097975,40.81741596960859,-116.12600510333966,NEAR BAY,4.320140290294487
5.573429042056593,45,5.338315281663705,1.2051532293731875,2025.3342885561076,2.5668716665791105,40.15236902429232,-121.26467403013103,<1H OCEAN,2.398565486593393
5.579170021385899,16,5.475991859297212,1.1535970487054619,1219.4061419739983,3.144799938438366,38.31388433726549,-121.91184770965008,<1H OCEAN,2.651256673835778
7.334997243894823,1,5.485471735794633,1.521650629825709,340.0028408201524,2.5226065669548636,37.76060457798011,-123.28263928285192,NEAR OCEAN,3.367876374627648
1.7185301108772504,18,4.99626874344439,1.1805166869532044,463.88544054324433,2.463802874140724,38.658484309883484,-116.63793406193152,NEAR BAY,1.1402005845419614
5.544773731399287,4,8.56427847606043,2.2056287255203806,1583.0585993308082,1.8863020682630989,36.3900332757187,-116.78270994024818,NEAR OCEAN,3.1280898813523836
3.137825768468733,16,6.488455991222822,1.0,2015.0753207991845,2.710844858125757,36.138723689815215,-122.7482244403485,INLAND,1.9710225830442734
7.619279452801055,16,4.340646944856147,1.0,2718.136836524764,2.053463955351626,37.83605100703362,-120.68895455878983,INLAND,3.858838615257425
6.301744507863708,3,6.639735490645244,1.0,941.7768653297557,3.0228440888111376,33.03690127697805,-116.78502981324482,NEAR OCEAN,2.928570663626563
11.731612181521111,15,7.248396703238901,1.6299178316307041,869.2723649283296,2.7430880790582464,41.10256825638625,-121.43093624282116,NEAR BAY,5.0
10.72734216886863,6,3.4576952084055286,1.0,1887.3130562199729,2.04757283873088,37.97396669903862,-119.10375299585493,NEAR BAY,5.0
4.173773972651421,1,7.316086293424517,1.1145132320129643,755.8857652808842,2.4454715073684357,37.877551752689115,-123.3502845820911,NEAR BAY,3.121357953609584
6.198719419311238,32,7.087954732275328,1.836195045485778,772.1762852446672,2.7685969865741673,36.515522591244135,-121.06469388746227,NEAR OCEAN,3.6237711208447605
11.311317145513119,5,6.1904269185260015,1.0,1493.8049283285704,1.8895860743173885,40.79095472506085,-122.00490954084557,NEAR BAY,5.0
6.794379782243441,36,8.245390135086854,1.8820952045271113,1573.5377879522614,2.730876405351536,33.35481473823754,-114.23716529786458,INLAND,4.188190280194148
7.5842465080595165,35,7.266683389395981,1.0,1881.3218171587735,3.4210518985173666,37.546194612454045,-116.54632091428809,NEAR BAY,3.965964431437366
11.521046247396432,44,4.866067263249185,1.0,1417.9391258705095,2.5277538942363824,35.57062742409461,-118.28870536801458,<1H OCEAN,5.0
10.729787234682334,31,5.8048482201976155,1.1760499680856134,687.4571845163218,3.4816186546477113,34.638014205266444,-122.67806544541277,INLAND,4.402881487764011
6.051350253593629,22,7.974117701612316,1.6981994294193652,1044.317779147993,2.9467322195577657,40.347493766478685,-118.33957678674233,NEAR OCEAN,3.452833762744999
9.000323158677086,19,4.781361918415229,1.0,1387.6630485725063,2.2461674767425484,39.64994041411952,-117.05101599811331,INLAND,4.594032101655624
8.351034618160904,13,4.912005767829642,1.0,3002.137928395474,2.359160193366791,38.95079139425565,-122.89149597089717,<1H OCEAN,3.8444708306255064
11.931073216034466,13,6.073361192480507,1.0,2061.930107925787,2.1375751755226626,34.10101357618275,-117.65242913847787,NEAR OCEAN,5.0
5.849031366876463,11,5.217885781306005,1.0,1470.4380684249668,1.887075911019073,39.27370466554002,-116.39898225609232,<1H OCEAN,2.421837904331805
9.884231837887427,25,9.80286494008856,1.7452024928351562,2009.7017451435681,2.300598626913051,35.71685752570708,-118.6316697809011,INLAND,4.827521594386952
4.674481394707895,33,7.917495976638932,1.0,3052.373980604582,1.9555361016080033,38.49113154806666,-118.99825450870287,<1H OCEAN,2.7010403782191403
6.938407979271728,33,9.318992727549084,1.933925547540019,569.8257797274002,2.443731246248825,37.53561002072404,-120.76575514068888,NEAR OCEAN,3.415679730250734
8.42892515042008,38,7.683123322330203,2.1070189965207815,1350.0762888615748,3.1418826713031596,35.20287802586283,-120.21501447393968,<1H OCEAN,5.0
7.699449341238538,16,5.9605230811208365,1.2257172455818872,459.7743327019438,2.027625954794766,36.40426719847698,-116.16490958797422,<1H OCEAN,4.13155239508844
6.5023085737042985,49,2.2147073325719697,1.0,1335.3547107801078,3.3301506999676027,36.3446008632007,-121.2689004646564,NEAR OCEAN,3.060020556818723
5.58459805081564,7,6.192183293987972,1.0,969.0856756008815,2.723201577122123,37.368303161484825,-116.15297676242272,INLAND,3.0810845529480595
7.8030456538801145,37,3.681653147748909,1.0,3191.002728522987,3.34830181107147,40.238309390898884,-121.13540513735379,INLAND,3.9181945566525807
7.139147435797554,47,2.922079090709255,1.0,2813.5222878023833,2.383168865375072,37.13097302164785,-116.0691331650603,INLAND,3.0140586512065997
5.941914641306859,43,7.583465586563548,1.6762954735037225,5026.15006552954,2.2563156979738546,41.453079328275905,-116.76787919241161,INLAND,3.409871623943808
7.664704715496421,6,3.7013019874106416,1.0,1112.8867260762102,3.120329865985943,36.75062504818875,-114.53532863005218,INLAND,3.8753776897362076
2.879947581215915,35,4.352524700177849,1.0,1571.9312688945445,3.2714838359779286,40.23501063878968,-120.59179962113919,<1H OCEAN,1.420489876620283
6.834560300700409,43,4.7528827956144415,1.324283288781046,1291.6489103715671,3.338319130251151,36.5616857369143,-123.34235336692824,NEAR OCEAN,3.614125512179525
2.618138884799095,18,5.809466754848148,1.285523761141414,3150.6122960635253,3.42715583138862,38.009373770991665,-121.08932475930496,INLAND,1.5256133596072496
3.7874977097349283,29,5.45653411747806,1.5112805129316043,1315.2144815969796,2.355668192036987,35.3823458313187,-121.85164673305108,NEAR OCEAN,2.310857385446436
6.534790595148652,25,6.83309442362058,1.4419962810651374,719.4570197396857,2.4702252699248293,41.5131701158775,-121.76429770454644,INLAND,3.904992268767341
5.498401989862042,24,6.543655349994483,1.6481555570892115,443.61784811582936,3.320826679705802,36.664272227887345,-116.96577976809239,INLAND,2.986771065493427
2.6259411996106135,34,2.8865247398892993,1.0,3039.048630115343,3.4764757065581895,34.8319968495078,-123.84131262607178,NEAR BAY,2.2890692691439547
2.401129728048557,14,8.1682648606993,1.2920201404064462,1659.7964873624037,2.5004264900877953,37.93973018153103,-119.95858297082127,INLAND,1.5710551703093614
4.801933818829357,16,3.608121706991634,1.0,1519.843695402422,2.6832059366483088,38.8899425133029,-122.24195388591963,<1H OCEAN,2.0689527655869107
2.4667855212923357,36,3.8334991699058065,1.0,3648.1846394638283,2.6012735493314447,39.61608779763457,-114.43942811671498,NEAR BAY,1.7102899795291375
3.0047114215097572,6,8.538957518439023,1.4475396013418171,1476.301172486554,3.151491931185652,33.52342234201491,-123.86083179660426,INLAND,1.6610726459457719
4.256684055363778,26,5.408181426780285,1.4000243216696089,511.4606887651098,2.987669218646643,33.88374668889575,-115.10326873974654,NEAR OCEAN,2.4943669250835288
8.202384733561965,39,7.459298978641717,1.4187108390713519,594.2506287335136,1.9631189322983682,35.03353347919427,-117.30755640875331,NEAR BAY,4.129545768395864
3.2626068900217406,6,6.7498398346680455,1.1484512079002773,1986.8482385100708,2.3752199732119452,37.53011063104577,-117.07439176727675,NEAR BAY,2.491085732295146
2.086470767107411,14,6.295609423406244,1.5291083502138942,2133.752609186455,2.6900867775257242,36.22669551465775,-123.25009224553524,INLAND,1.3426150754952348
10.056264583496015,42,4.321538851302092,1.0,5732.632481295783,3.0424051227279456,41.878023523276724,-117.29911639486625,NEAR OCEAN,5.0
8.054867625193554,26,5.175275069232983,1.0,1414.0152074138712,3.423280757211233,41.31963850776408,-119.86663206686777,INLAND,4.579256944441124
6.449677807364706,35,8.365820372937675,2.1663679266439875,4638.055383010336,2.0375454384970966,33.70605853175802,-117.86977569042922,NEAR OCEAN,3.9063085810781364
5.39215855123738,44,4.338241503275421,1.0342779585791881,662.2474254886044,2.167911795747549,32.83831970596034,-121.64954727263205,INLAND,2.419188858865895
14.037616990764727,40,5.626744704010384,1.0,854.1140814540292,1.8163450799251,40.0293058210399,-121.45362209398579,NEAR BAY,5.0
6.328299148508169,19,6.386367982812625,1.0,679.1496772851841,1.9709450075945614,39.68499392444435,-122.04963294116713,NEAR BAY,3.646623302721143
5.689792018444915,12,4.834709190792894,1.0,1599.0938864681823,2.307366002466602,39.48767582690295,-118.57806195951173,NEAR OCEAN,3.138520827949521
5.054874501355742,34,4.327997021623102,1.0,3044.587972828611,2.127005417103408,40.06008059881948,-121.19783798682741,NEAR OCEAN,2.5900601025617367
6.661017722772469,17,5.199582884082938,1.0,1244.2009382847054,3.201016380731958,40.16578102141057,-122.48907393767149,<1H OCEAN,3.3336526915459386
3.940554358907417,15,5.16327174896263,1.4436821388549248,754.8388019469862,3.1911836188713285,36.57171035044454,-119.10020082230638,<1H OCEAN,2.377383539330226
9.03832581840815,17,2.9512576046776062,1.0,2103.010387500024,2.684436152089286,35.6703565509706,-114.65857968176532,INLAND,4.789728564086051
9.842035972946004,25,5.971650382441094,1.0,1285.6903413770992,2.0875886218800668,41.312055424717286,-115.11797972441465,<1H OCEAN,5.0
9.712873558003986,9,7.760700270105363,1.0767091050195687,2127.792313519992,2.435236535485159,40.39278054547288,-114.29583941694649,<1H OCEAN,5.0
5.3621246994274046,12,1.0,1.0,1319.047925420041,1.9701802524620355,33.33244267045067,-117.85465035724944,INLAND,1.8627766170934024
6.4857802387593955,45,5.81280380414423,1.0,1315.1125138869793,2.2512958425775778,35.8692424027316,-119.38970817028822,INLAND,2.3243027535994933
3.015626693928011,46,1.0,1.0,5221.648354811336,3.4911780500423024,32.53501001452734,-116.70521534957824,INLAND,1.6131109694022734
3.1144937626134723,19,8.01111582858982,1.809346151284352,705.7649788664386,2.758888667038005,35.54706332411763,-119.20551892311512,<1H OCEAN,2.407348432974586
7.743733044134422,4,4.495327652099034,1.0039841599373547,1832.3961686073496,2.962651843714983,39.1886987052849,-116.5434362269721,NEAR OCEAN,4.176914851568391
8.264344092903668,16,5.518312805321611,1.0,2230.7129521426687,3.084243263420591,34.908056571090306,-120.34865391450397,NEAR BAY,4.729713951285678
2.4984244786883933,22,3.7802425298904567,1.0,2774.492927783012,2.080618320280154,33.60293881170506,-114.87732578406396,NEAR BAY,2.0229002360567025
3.0715342012129745,25,8.859536454315865,2.1396118434317835,685.3111925478889,3.3164013313672207,33.93675774634835,-123.81712310850924,INLAND,2.0916545095877037
3.6003389230014355,20,9.042166439007005,1.673757270342425,1802.6346878541024,3.4492320265564467,33.71356774876956,-117.58010008007601,<1H OCEAN,2.4662532519904854
6.396977824488798,49,3.610309666705243,1.0,1023.1986596081657,2.8103086224262475,35.46744247427832,-118.36053508143267,INLAND,3.403000783759565
4.509853438554116,41,3.412875089217352,1.0,1327.3064879672293,2.43379900559143,38.28702289572867,-114.10190416880765,INLAND,2.552719903162484
3.2424671896128348,19,6.924831027373603,1.3219192532280168,1047.0688434966953,3.3278324463097233,32.55375255610579,-120.44868812275759,NEAR BAY,2.159613717321444
4.752718139217216,51,6.964494108164541,1.348076828327887,988.0744885016076,2.7943738048260793,40.023487198267,-123.17283431684375,NEAR BAY,2.580069618429099
4.718933210831774,48,4.8399703240349705,1.0,3805.3705588731045,3.403543621271957,32.86362232353919,-123.19581036986071,NEAR BAY,2.1882002094253834
8.237768427302397,18,3.702900671081705,1.0,2683.9509086853423,2.6893261401481086,40.90524227246075,-116.74984836968014,<1H OCEAN,3.841323618088541
4.8563611950360945,48,8.053128408995033,1.123542661307217,560.780532611417,2.2748016880774733,40.96708322442532,-123.69919153996496,INLAND,2.3952280674304482
10.56641493269398,48,5.040381202877637,1.289122284776618,1155.5513438241337,1.9133550527003313,36.41137401871704,-116.7744609099098,NEAR OCEAN,5.0
2.1815294716969267,17,4.941478663511004,1.0,1270.532726355463,2.062366279980548,36.35943831828019,-117.9413476222241,NEAR OCEAN,1.6571095083373317
6.724326749209079,16,5.701780545778995,1.471694317411314,3340.713603229913,2.3567634018853796,35.99735078998227,-120.97728061595159,INLAND,3.5651544161161057
14.080878413227596,31,2.9797440034603486,1.0,648.9261132948827,3.109730467628888,36.46853339494261,-122.09120310481515,NEAR BAY,5.0
5.1501320924465235,42,4.422636346729512,1.0093247039917532,876.6761972913063,2.531654494725193,34.909477208474094,-116.89229989929132,INLAND,2.8603957155820616
4.828160566667354,33,3.777023573092164,1.0,843.2086122016382,2.947552517431269,38.36763244647206,-114.28581412749719,NEAR BAY,2.3837368078154126
4.062284957406852,32,2.115871247580119,1.0,381.0654835063015,3.0212863315703355,40.15648310963422,-114.82075851940574,INLAND,2.2772704656506644
2.8431361136369526,15,4.025283788260081,1.0,383.92952586375947,1.8475631728080832,34.5633312900584,-115.80431462242619,INLAND,1.6842619282432725
8.813429179201668,37,5.391321154238292,1.1789422967761063,1602.0043854296223,1.8526199790033426,37.051210450750716,-123.07898255884373,<1H OCEAN,4.183059759363065
3.837111981033298,51,4.125405392561934,1.0,831.7909679813207,3.171356778529759,40.342386505535146,-120.42970817591767,NEAR BAY,2.59112861306557
8.230234789336624,42,5.238017169300992,1.370145262933626,1566.908551949976,3.0714838717256363,36.17041702933787,-114.69675511923877,INLAND,3.0309336170613594
6.528790139674232,31,3.6624192193960834,1.0,473.63764277388026,2.946820764218524,36.294215050759,-115.87710321379615,INLAND,3.238921045595896
7.359622542337675,5,6.514371611360995,1.5418935525587825,641.170291386585,2.2312050220965185,38.53270460333137,-120.74417600273314,NEAR OCEAN,3.677430372790066
3.5783754958850724,37,7.152929218927501,1.471317464332736,1017.1423970501521,2.209315451127047,36.25830703682154,-118.93144180674194,INLAND,1.9179483691239987
6.3865544411927,29,6.600784920379069,1.424875934414987,510.22730861516845,1.8290800750723022,39.725059328412875,-121.35621853137052,<1H OCEAN,3.216656700453501
5.485293438263848,36,5.744994246331062,1.0,1101.5519588220213,2.248930368214911,40.094714786951904,-117.35051715623521,<1H OCEAN,3.1052500394051084
5.96444256396269,35,6.869129912974927,1.5390820085762222,1091.2319923176435,3.4704644595849263,34.81542724342547,-117.13587291291283,NEAR OCEAN,3.1003041714702197
1.7663930618086114,12,4.430244210611285,1.0,1031.0464215916093,2.561572362893412,40.06199681194643,-114.48026881161432,NEAR OCEAN,1.579695511127744
6.934321154273067,29,4.128493536107628,1.1381522298763227,548.5228314338718,2.0043915988660186,35.040676465471655,-123.88133079291083,INLAND,2.978013440236626
14.951993111513634,31,5.356456493602246,1.1724764511809584,2869.641017118,2.738621614788808,37.5375748286535,-121.39382135011464,<1H OCEAN,5.0
3.0826844011215506,27,4.553427444865563,1.0,608.6953255355679,2.845262354888745,40.212898489882505,-119.3433610202212,INLAND,1.3874478250366082
8.380054541969113,45,7.812092322230547,1.18490019184107,1190.3418598750952,2.3235887189423914,41.096938470333484,-117.41062548259592,NEAR BAY,5.0
4.923342702488728,32,8.921537615211042,1.2967652448661446,1194.8754383497771,2.0233967663652215,38.00988132585512,-115.95204308399408,NEAR BAY,3.3717486290483922
3.432881595949864,39,9.962716160120774,1.934890012539143,1362.8692337006282,2.6631643092448436,33.490621606407295,-123.03775765907201,INLAND,1.9652087148195747
3.9898969656194954,35,7.0616943836326795,1.638307133008881,542.7879578298516,3.1751917168112813,38.37256056565077,-118.76509258346351,<1H OCEAN,2.5874155663365825
10.553441558498209,24,6.109634127470657,1.0,1593.0517024432356,2.5573276664955498,39.057978242636416,-115.9543715089491,NEAR OCEAN,5.0
6.234945854783201,34,2.157723043297422,1.0,846.500846672558,2.8915509352393176,40.44167575818372,-122.73284152855221,INLAND,2.908714644873513
5.1727838822925385,28,4.785536067599025,1.225839537049776,1883.6415679075203,2.0958358834669837,32.61776851022128,-119.67650350464542,INLAND,2.6863050262212984
2.696585054557075,31,4.239338630745737,1.0,2401.100993296075,2.1486051373395254,37.541381961112464,-121.06697256770717,NEAR OCEAN,1.656824602267874
7.011597509261938,33,4.364060680997597,1.0735195422100035,1376.6856864788501,1.915502797064496,36.653872202596176,-121.28153235469829,NEAR OCEAN,3.48728120562238
8.898268465318955,30,7.797758297591672,2.09797787468329,920.3013805304362,3.0966887653746005,39.75826949815769,-121.20767867559344,INLAND,5.0
6.270378049881302,19,7.9650256284720165,1.7419554684270608,3782.513457964456,2.561935231398377,34.97605668905723,-123.04185403497148,INLAND,3.5096794171068537
3.2742052242362227,35,4.780484148663764,1.0947321900351925,1745.674502049569,3.039153456252069,41.54675626309904,-122.7877366533976,INLAND,2.000583080295749
6.937716128187832,17,4.455125322173194,1.0,803.3855822185841,3.3543109325204554,37.43900967242185,-114.72979347170457,NEAR BAY,3.938775529309228
12.642046775664848,29,5.124341457235841,1.0487636624506633,635.8122222679217,1.8876833282446601,34.92763831058799,-116.19819988644619,INLAND,5.0
5.094871560434746,23,2.388309462367391,1.0,1706.4575287249427,2.5813876985544315,34.69992933643985,-122.30560839742027,INLAND,2.497458954048608
8.724279243516404,28,7.689369754032128,1.3003920443784114,1075.1234443160724,2.340351689071229,37.91610647242159,-118.62522683529858,NEAR BAY,4.671286037798517
4.953236891890594,51,6.906177958471467,1.3628752631535899,651.5962902200375,2.3100196802189323,35.28945524497267,-116.36986073951137,INLAND,2.897365073322273
5.050365278945239,32,3.3973174842252294,1.0,1408.708787002871,2.2996300584955476,35.43120563308213,-120.94294487071346,INLAND,2.6750517866764607
6.003878565051091,36,3.4300539826154206,1.0,590.9430906167678,2.784506440851585,40.75840365030693,-123.28887630930842,NEAR OCEAN,3.114557592571704
4.653605244697685,19,8.326605827757247,1.4521205040312448,1408.7190513558237,3.043073303264962,34.88380838742866,-119.22894051405684,INLAND,2.1414367728455455
4.4565989125819,7,6.939793617739687,1.0368547907399774,1588.984120256646,3.2876488634204,33.4379053031604,-115.28737544976788,INLAND,2.7387302454345117
5.520501641034828,49,8.655854864648791,1.2529436070218052,767.6437513032242,2.208365376510533,34.04492966043806,-121.12388915256327,<1H OCEAN,3.2894535814943913
8.454401472336517,7,4.226241175690461,1.0,1660.427090417486,3.2852649162042087,40.22370965483577,-118.3609086572317,NEAR OCEAN,4.361691894001815
5.682913621408086,33,8.605805015682964,2.3375137759813054,812.4016050878697,2.7501164399776554,38.372459917972634,-122.45809656500279,INLAND,2.7987780166104215
5.386515476269308,7,3.9456255763241725,1.0,1301.3208069052955,2.0147886539827344,40.91288332314725,-122.44228639464455,<1H OCEAN,2.7028889800295364
5.981811696322272,37,5.829683630397677,1.3966291281998804,483.1065946870435,2.141107329056223,41.919177523816515,-116.49178367871437,INLAND,3.2893932920751374
11.175423531289335,45,2.6152200992067076,1.0,1405.040741628113,3.3853561623157296,39.679070058935686,-121.56064910747725,<1H OCEAN,5.0
3.515704343757297,2,4.708791894435086,1.3014713482755609,2651.8007352283826,2.7602363910471386,36.357462381065424,-120.59990542456129,INLAND,2.188744041154315
7.405445076713898,8,5.896356844186885,1.0425892736050943,500.3948390033666,2.4640789613928353,36.49543262036774,-114.98228904498137,INLAND,3.777861064660553
7.9962485970598705,25,4.880857950524077,1.32010298743121,2135.053461447431,2.4218619060226714,34.404597576904365,-117.5463668137847,NEAR BAY,3.7117634741328698
5.0848165661935285,24,6.65972162665377,1.7225429050313656,919.0351185701148,3.1944107824134145,39.41131528299432,-119.12367883331383,NEAR OCEAN,1.878293160385605
9.518185636731577,7,4.203619810843247,1.0687543109979456,2373.4566921376545,3.1189293264757163,32.5820487581063,-118.86977432943013,INLAND,4.241987007474593
8.353767092967997,33,5.588317198857561,1.5263604878356674,4102.324535405305,1.8430329843388749,41.8708711505811,-121.69642928381344,NEAR BAY,4.092677413967759
7.977079752270661,14,5.02116541430992,1.3013308102434764,1408.5679090614929,3.090536787820275,41.8807358838699,-119.31464694196987,NEAR OCEAN,4.35285496244204
3.0891922419356788,42,5.000313300169973,1.344857865892763,1894.2871096430824,2.299035080643307,38.470074336952464,-116.75988185976543,INLAND,2.171997927142488
4.30223428907089,16,6.954382819015041,1.3845466002390103,1692.4730673015097,1.9451165070815093,37.97709180934937,-118.30279481189939,NEAR BAY,3.0557178042530113
4.054094759689736,17,4.396499254901299,1.0,2489.6141325737995,2.9310092414492805,35.18896258208509,-116.88002473448346,<1H OCEAN,2.1296626416247175
7.582065274227132,35,5.2697226230808125,1.1878550337937785,1151.6119448725715,3.1291395750663495,37.63508832678107,-116.58758993954724,INLAND,3.259860698115685
8.214558327730508,12,4.756669351406324,1.0,2056.0638501010812,3.347036139634939,36.582980747112885,-120.8640862089031,NEAR OCEAN,3.883600826366365
4.886324311615921,14,8.295950691869265,1.1095359389683075,843.774684947681,3.205514254077328,32.774404569900774,-117.49719455248243,NEAR OCEAN,3.454897087178405
4.892835012057463,6,5.497907411100192,1.428806580113922,2764.7528939181516,2.1799776057528675,39.609068385435165,-118.50092972020629,NEAR OCEAN,2.266570300545794
14.874655228473467,11,5.511834304656438,1.0,669.4334675697039,2.370020345397798,33.35465300441355,-120.51712421620779,INLAND,5.0
5.992878805611111,5,5.076907870209143,1.0,985.2025158403692,3.226275184167132,34.101881747828536,-120.35302243807048,INLAND,3.0881214995396653
6.730196065924504,7,6.274825068489673,1.0,881.5409835251669,2.6813967643162364,36.2264795495937,-114.22652870610965,INLAND,3.4008940835008095
4.928263931614371,8,4.823534629640383,1.0,1711.1943120757392,2.4775539372742332,40.18526798294971,-115.76967172881632,NEAR OCEAN,2.5138478466148735
9.973509832449135,30,4.7470667694391775,1.0,2196.8483210720606,2.0891285610721586,41.78049432469874,-117.24699398777335,INLAND,5.0
6.5953587308389405,35,4.748490592597262,1.1374168650049328,1888.8400306726758,1.9288223671224398,38.66653641913656,-117.25114228295028,INLAND,2.7619620686041713
5.943972609201408,27,5.627943833419779,1.2945409387176845,946.0810385492842,3.1385021909290858,39.110793733931175,-114.48961532634027,INLAND,3.1857316326571774
6.057756946565802,4,7.356843120120089,1.0,3454.9436035933268,2.2296649703782987,35.390365724670964,-122.7222347495838,NEAR OCEAN,2.546857069629474
4.549374232620673,51,4.970362678174707,1.0,2854.028907699931,2.991470670591654,32.722192584335026,-121.90696124940804,NEAR OCEAN,2.3153004050955404
3.5819310076125435,34,3.2844221473321276,1.0,1589.9940566761622,2.6113995530590226,36.0273819932481,-115.74840050782437,NEAR BAY,2.3243884787039018
5.495175105067357,44,2.9804063870797677,1.0,899.3834101104696,2.10136583073037,41.52113464231594,-116.01742135216755,INLAND,2.961033501511536
11.022150962226148,44,10.44434612468304,2.2447331974823848,555.2221709835355,2.047937975004379,35.23107127025699,-115.13620946211869,INLAND,5.0
4.811409508171663,19,4.109610538277223,1.0,2106.683441655122,2.2914139769959156,41.561315585236336,-115.40070247268358,NEAR OCEAN,2.407349354814106
8.80498499166894,27,8.73613353299709,2.2940560540577244,1092.0280326147881,1.8025133842612742,39.20662953316727,-122.51898058181123,INLAND,4.84499385299229
4.592688932767485,4,5.098463593991181,1.0,2489.31351350834,3.203869611206024,32.857018908715794,-122.37107142191556,NEAR OCEAN,3.074938411726763
2.354613048263377,48,3.8730944532647236,1.0,2610.933027157837,2.1842144005419764,39.85167539850278,-121.36437806706788,INLAND,1.5277393230251648
4.328576692385126,51,5.3680392857042545,1.3279208099442232,1003.3798240749379,3.342365233945537,36.56852027720888,-120.78798324713837,<1H OCEAN,1.561590448795156
2.6378380948132922,24,6.567636013459419,1.0,1348.4889346968166,2.4771364860778995,33.253905612393304,-122.45301575690915,NEAR OCEAN,1.8212407660850916
7.669519983984875,36,5.11951622563217,1.1868195078424588,1312.9466546735891,2.732240026976892,41.398100406540635,-120.09232955857705,INLAND,4.232520605693265
2.3996703038046623,24,4.4780388085041976,1.0,3426.299624338436,2.4482553733508103,40.77513675482134,-116.71073787864063,INLAND,1.4657101465146811
5.683648899283565,11,2.8497860845669423,1.0,1053.329628434199,2.113549121166276,40.803349215465616,-117.64062739519117,INLAND,2.526370811529686
3.9064660465603076,9,4.435798181399539,1.0,2041.8480566720418,2.260458869961001,39.85425711538182,-115.98416587256969,INLAND,2.5293487482885215
4.138019403962267,46,6.186530546321505,1.0,1400.719855598338,2.927263155632269,38.74449740435119,-123.40572595700498,NEAR BAY,2.5534933848718255
8.090901164820382,33,2.874492506840157,1.0,3655.5271877323376,2.9058312345532187,38.941575596769404,-123.91542708537304,NEAR BAY,3.6460902019309978
5.19322892715756,11,4.757721052043566,1.0573776152279708,869.3700645064825,2.7421013725823298,39.506965291909694,-114.83577682470808,<1H OCEAN,2.7076534699589256
5.403334201042309,39,5.952814242069934,1.0,679.9046813442948,2.135697226426761,36.99639609956146,-120.56171298935216,INLAND,3.2191514043366
5.2513017289757915,48,7.532647489044173,2.108843607551786,393.97739755234255,2.176566544282508,38.826709108236656,-122.15201700352355,INLAND,2.9704574389863803
4.5845342624268905,11,3.6130844091150545,1.0,1489.7796166524315,1.8000614026423474,34.737701681052904,-121.91022123276474,INLAND,2.118259298859348
3.8261129372603944,14,8.965483685030774,2.178216295068697,1562.2265197330564,3.4116565204846694,32.691332497317475,-119.83372200128568,NEAR OCEAN,2.6357836304868334
2.5864695528647443,32,6.280954224885733,1.448132078866443,1162.2692390178722,2.6528736403860664,38.92586072022088,-117.11280840538559,<1H OCEAN,1.8862466247679142
6.505810238012765,9,3.5149912674778974,1.0,2414.253015681343,2.5009512094090893,38.373054638258154,-119.95035671560136,NEAR BAY,3.105284950588637
6.269911332545821,22,5.751584287981189,1.3531768317955053,3595.3852059065534,2.133100574629512,36.83416772950378,-117.54791989666221,INLAND,3.1214782621448967
9.164676373952645,33,4.270763312275287,1.0,808.1820547439944,2.991122662689438,41.347226707864884,-123.48098414471313,NEAR OCEAN,4.17672205442817
6.5653575393877786,51,2.8374675349925798,1.0,1153.8314126401672,1.9302530568721146,38.914510447234505,-117.34157018304666,INLAND,3.2373271752183523
4.473248214205871,47,5.226250271431923,1.0,445.6163453145805,2.2880428201307397,34.431797744559816,-120.6127204166077,NEAR OCEAN,3.0147353751570467
5.0966294095046525,4,5.272013569310938,1.3527612682856383,1391.1085976523152,2.266437889918075,33.62297498052405,-120.24909919788126,NEAR BAY,3.4580806258471024
7.087027608244081,30,5.974688179807588,1.589156811446007,884.3411596411133,3.466156671166326,37.195632150402716,-117.69739182577402,INLAND,3.677481263267667
8.989205055584074,20,3.887074081824653,1.0,1011.8292033031646,2.788354729346827,36.95862514310942,-119.1415835241089,NEAR OCEAN,3.797574391226186
4.572265257164089,13,4.007524421957865,1.0,1211.024177585836,2.9840197382393754,34.24933346082617,-116.30744690429626,NEAR OCEAN,2.380923119917973
9.015309696693814,22,7.099942658169101,1.7310892008117926,1829.0024058149138,3.144316046699913,34.82881094014342,-119.33168426749923,INLAND,4.526708671591656
5.296434187469563,50,6.794380218128511,1.4543007688509237,1119.852889764086,2.8738808910979996,41.904648440257326,-116.0770888989696,NEAR OCEAN,2.568243659172398
4.066803296262846,24,3.3834232191670397,1.0,4795.474389679073,2.2891542949614574,33.586555864792324,-120.26615095960395,INLAND,2.397617872378576
4.109709963940399,31,2.659303088698528,1.0,1239.9571463277096,2.798125169381332,41.688670487867235,-114.55521727601909,NEAR OCEAN,2.381098835399415
4.818200986980776,16,3.5948643437517367,1.0,524.6259678782784,1.8422763910927187,33.86207699614694,-122.93638919891117,<1H OCEAN,2.4685887332749177
5.448151069401831,48,7.4015660535956345,1.2137004283636976,810.9682471904688,2.4682895545309296,39.037738131335985,-123.17646344212287,INLAND,2.969886073024253
9.189642717790093,15,1.0,1.0,1952.2390057847085,2.01141482313961,38.05475212956181,-114.54705966880965,INLAND,3.865779491881044
12.811184701454811,12,4.505469433215624,1.0,2009.0170240787993,1.864100982058172,32.669150419279504,-115.64839814354039,INLAND,5.0
4.976357950575013,18,7.070254319480636,1.500932118028997,1292.7711530689137,2.861337851505566,38.05050085950237,-116.33478126384706,<1H OCEAN,3.0393011256181657
2.9413724812665762,15,5.828168126996766,1.0,1295.94881505849,2.953833983146982,37.359460638377655,-117.70825953401759,INLAND,1.9829903951294032
4.198085728299318,9,5.2419192151985525,1.1839008254624441,1466.098605975898,3.0060941796116163,40.75290561065722,-120.41771482423435,NEAR BAY,2.612542103204598
4.784755259214087,36,7.066762491056357,1.7390895636989456,1998.3125799835045,2.34171562859745,37.34790645774261,-122.25324598376208,INLAND,3.31888526296291
6.21107047697848,7,5.121166020977637,1.411393591184712,1266.722600588271,2.155018603562284,36.49668601409628,-117.11987927701107,NEAR BAY,3.5868565351765618
2.442115798979443,9,4.572140636876755,1.1229902441453157,573.0788617275268,3.3147746373774485,34.886291442197816,-114.10829111988414,NEAR OCEAN,1.3608280809744198
8.814184121155437,46,6.777007079318374,1.589669736839142,815.5147493041611,3.4674106831121807,32.848980964774064,-119.92399812882047,INLAND,4.2972066594982765
3.655690119299496,7,8.755427975975103,1.2046578756349995,881.3399723260409,3.2136384600873917,36.0190810534648,-115.52178508485201,NEAR OCEAN,1.9605738026113992
6.2900639104786125,26,1.6282845505936803,1.0,601.0453664918172,3.4387610400141826,35.8144685310993,-115.1982067657432,INLAND,3.707509711518123
5.184471572473432,48,4.165588381729988,1.0,582.9262131345083,2.1184421144246244,39.113290391382776,-119.77754110607,<1H OCEAN,2.9465440088998642
4.05618269399746,40,4.977443835184786,1.0,1591.96510464439,3.151959390459444,35.74394594036296,-119.60882890008247,NEAR OCEAN,2.6657192166193715
10.01799322454706,45,4.5410925779555935,1.253458884605443,1242.2581791816958,2.0273041102786475,32.540338017196014,-121.43546563998137,NEAR OCEAN,4.917041523618186
4.47509670309102,18,5.60284044143891,1.0,1996.6524365658736,2.1891969290979354,37.07740907699127,-123.61049168017226,INLAND,2.538703976263002
3.565107162913233,51,5.463234626362288,1.3603321209333026,3965.786213357124,1.94375494000298,37.6375157693286,-116.99250709767558,NEAR OCEAN,1.69405192448124
6.962695747664451,48,3.423410009196009,1.0,2098.878118313454,3.2612439950841003,37.6535520820864,-115.09703986955238,INLAND,3.2865377580147763
8.14046103952098,21,6.472572023883794,1.1108512757789588,1976.7848813287414,1.8495410971833288,33.858843992102635,-123.13635957802977,NEAR OCEAN,4.053314568204851
5.0122024669453085,42,5.293368823682955,1.4008792079527108,488.65579517761444,1.9640787357100438,37.12342026258905,-121.64675945402814,<1H OCEAN,2.3237566467118698
5.950373842205613,4,7.6252879605919865,1.2590623426248442,1857.9178339018213,2.3927941720565564,32.96382609193487,-114.88737877321003,NEAR OCEAN,3.4474251299152194
8.446092820219686,50,7.314809138939568,1.0180116669534949,1247.3234837721393,3.4032123896420243,38.431436738515416,-118.91866980821226,NEAR BAY,5.0
4.98435125778122,17,5.138431861779897,1.3797674664700272,2736.165457183203,3.0167736210845044,38.21831653321389,-123.60192784082558,<1H OCEAN,2.1776231204535477
4.904009432880498,40,6.40199565902088,1.1501425570384132,567.0296526054657,2.2025343474701446,38.662226385720814,-119.74981849429803,NEAR BAY,3.153516184348123
7.806700523630778,13,1.5980012111460882,1.0,2255.948115850785,2.34755322882743,35.234414479087135,-116.44603594256137,INLAND,3.4363705537908578
5.124549904904357,37,1.8826542774991708,1.0,876.2110499695789,2.250904978554608,35.35315903477943,-120.56753012704459,INLAND,2.546690682689767
3.8693133730929765,41,7.355564958843338,1.0425626072975855,666.9784362966093,2.957576990580561,33.63957784151599,-117.50377918402322,NEAR OCEAN,2.909880595463606
5.470192593927568,31,5.265912969608738,1.2744940902939257,4791.683699865203,3.4451266108907244,37.49008942543949,-119.73827597440474,NEAR BAY,2.485917846019303
3.5536363686896806,1,7.657931309825756,1.259433892737462,1346.453929294245,2.3285895670480494,33.88377665587234,-122.60884302604501,INLAND,1.8004409963020818
5.31557266927302,41,7.365230969751739,1.0,1193.490408188998,2.020216372709153,38.96333321705075,-119.77257961970639,INLAND,2.860776416154831
8.469140792954034,49,2.890657417499221,1.0,905.9649197523053,2.9882937092561894,34.206909854423756,-123.43947254532696,<1H OCEAN,4.043709544837609
3.1662065762652354,17,6.610293202005338,1.5401981343693747,1045.0980034749884,2.610923089860733,41.38553499292297,-123.11790605959051,INLAND,1.7154526124563008
5.370377683634044,50,4.166473456503881,1.0,989.1211877324104,2.982908320221835,32.59040997080151,-117.68940648458243,INLAND,2.647066047510396
7.164931861547638,4,4.983450716916206,1.3683177677451739,1094.564633870795,3.25014391036132,33.46835160255266,-115.75886273548647,NEAR BAY,4.182720043670541
5.334174735300471,21,3.3315973679361255,1.0,1166.9899614207807,3.0859000168778987,33.45393836061061,-123.72903080751921,INLAND,2.2515158188901596
10.254803682351577,19,7.189566135576289,1.5304781991310532,1086.4840571079142,2.6996430441362365,37.98427113188304,-119.90590887921331,<1H OCEAN,4.96421979842464
5.621263664602202,33,6.330215162179122,1.2963699052337014,638.6647837395653,3.357045954683353,33.498189208409016,-120.37083297971289,NEAR OCEAN,2.7768440644948753
6.531367146765519,40,4.4760467441731695,1.0,1294.1561637757618,2.251749404609418,40.25955272867574,-120.83496548800052,<1H OCEAN,3.6966469426413635
10.218334497465278,43,4.175875394942141,1.0,1524.3577416710143,2.964361771702874,36.241418477892964,-122.19350641396156,INLAND,4.790561557627627
6.913943643528513,6,6.8146655089805845,1.0,2119.9299790150912,2.5496446511340656,37.261561558313744,-115.05828490674413,INLAND,3.438330159887082
5.439016277883166,46,4.161118119412808,1.113229268188805,2594.4728670971854,2.4954943340160507,34.47902062873831,-118.82968575426332,<1H OCEAN,2.665072681447177
4.514297852008535,46,4.46541217069917,1.0,1037.7955186854708,2.817399207722981,41.58538174522785,-117.51399860844859,NEAR OCEAN,2.3905128787932823
5.116967980430302,19,4.253263486506432,1.0,1598.2039103590578,2.0427995002529817,40.59787680585643,-123.58576966287976,INLAND,3.0754911191344423
6.396169533275978,28,4.23614139043696,1.08429833063111,2075.795248298652,1.9627515196383898,33.13929474350053,-116.97372221463596,INLAND,3.3513938717988903
3.8724316855618897,31,6.65454088714282,1.5166128146629136,891.9861827457826,2.4061081366811212,35.840519826532585,-123.21638902013486,<1H OCEAN,2.941604407487958
9.911430162549202,41,5.885937864650855,1.1170123262302425,1472.52050835299,3.1778973232512584,32.92506140733502,-116.63275575048108,NEAR OCEAN,4.735556776500616
15.0,19,4.5428616257241625,1.0,1589.7895050752686,2.769505965901784,39.05657479625096,-117.49603486745566,INLAND,5.0
5.5054304466990285,26,3.7094768658602293,1.0,398.26337844131785,3.3574562456449755,33.22592407624515,-122.99120468100021,NEAR BAY,3.5180845465362873
2.5375717010563754,36,5.468706408399955,1.2655222407525841,1276.495936103909,2.445789459374082,32.600854979187844,-122.51814834167538,<1H OCEAN,1.1287694374599353
7.774478231494442,43,5.041883859352613,1.0,1402.1620350437101,2.4024940220613127,36.3699625851283,-118.51270551740666,INLAND,3.397562179793478
5.7522546218052675,17,6.822217222262551,1.7279646347499316,820.1414475846367,2.94391267305291,33.041642843086365,-117.9590992161882,NEAR BAY,3.227266997328594
7.4031772663449695,51,4.265208142715306,1.0,2353.4714672641844,3.158350268316849,37.43411927412865,-121.57797872436352,INLAND,4.284597337229514
5.402287622652593,44,6.230578581111988,1.560935818113449,3978.238813054842,2.1335298010904125,36.81874648620702,-121.48219513668818,<1H OCEAN,2.952630677121862
8.407081144348082,42,5.064791319565209,1.124552652866045,1619.585699030554,2.2407332095968275,36.26674118935588,-114.11591287039695,<1H OCEAN,4.277950310429354
3.969451451457662,31,5.990332268261449,1.0,605.7321654610527,2.1349043782335304,40.631787562015894,-117.68342961704474,INLAND,2.1747436446921555
6.6189283057794155,45,8.261074803585581,1.4913176584109447,1128.4571497698705,2.322441747384758,34.9048120925045,-120.28289015764265,NEAR BAY,4.046723818273602
6.332512934789184,40,5.053431421129001,1.0949420676672634,721.1032398460338,2.0177317895435904,38.600448335965126,-123.23730956561866,<1H OCEAN,3.297053413766904
6.576191767610032,42,9.194620292168134,1.4743608333267508,4822.498131540808,3.4102584353791237,34.7261055440237,-118.11008938777995,NEAR BAY,3.418225255566844
7.806724984026091,5,5.133955457288664,1.0,917.8649231639127,3.4507271186228734,35.97176143815027,-117.48273648086425,INLAND,3.120106945560684
8.302798513326925,23,3.7282411221751213,1.0,1456.1329584266707,3.067220274900806,37.72401390287755,-117.16758398173573,INLAND,4.464422287437478
3.293428066495133,44,8.163530903154372,1.0463276169005384,2652.008112263678,2.971870956786846,37.82713206286066,-121.90268075520012,INLAND,1.2670866619765062
7.853141983933661,19,8.584168616453338,1.9715091029892537,755.1684360256177,2.131855049455841,37.29158434495509,-120.34170953739337,INLAND,4.038344345413593
5.959606127338282,20,3.907749914840199,1.0,814.3419133946849,2.064453385684799,40.57517699472856,-119.41704130754943,NEAR OCEAN,2.7820290794985905
5.026130208664262,29,4.158121310477133,1.0,2887.0037476684306,1.9407122337328606,37.45177547782379,-121.85448744989382,INLAND,2.4849724163917766
6.229519771421641,39,6.8913508468422995,1.1518532540134636,2828.47796745559,1.9603398736025264,37.54665923093237,-117.21187933800364,NEAR OCEAN,3.3021836508589977
6.106350659387305,11,6.47307116740721,1.7031955560724776,698.6184526034502,2.814402300723116,38.996249666806335,-120.49814413511704,INLAND,3.737363389929124
5.727962455622562,34,4.1234976931968434,1.0630544928481869,678.3017047260507,2.0377080721860175,38.12535223149198,-120.97947301916548,NEAR BAY,3.268206655415387
2.481217259464469,23,3.978370573408742,1.0,1898.460814173831,3.344801934206658,41.261830870438935,-118.24056666224878,NEAR OCEAN,1.8756160862882858
5.834911890421485,49,5.984578927018908,1.0,1888.2624779941777,2.460248502218596,41.17947824182562,-122.1634539969914,<1H OCEAN,2.9353370886090615
5.0093980444019355,7,5.26899597415849,1.3805401195981597,905.2629433552664,1.8518981156971712,40.453990661863,-116.45727428128252,INLAND,2.6056291734249033
6.400203383609022,3,6.481638975821419,1.0285406903006917,1568.3154484223212,3.3269486190187942,41.40171030294579,-115.81621736220386,INLAND,2.968627619269261
5.347574270601995,16,6.47540070487115,1.2798730320220748,638.2017844917237,3.3133840455059955,33.560346546128905,-115.68892215220248,<1H OCEAN,2.768008141069346
14.263312153111558,49,7.054021753405676,1.3944724605493672,1828.5631184995195,2.0675433522296025,33.95970548189608,-121.63250149411905,NEAR OCEAN,5.0
5.0086653994740775,36,2.0258816059819007,1.0,1537.5018122070444,3.150378370373314,35.131207534169974,-121.83829807226176,NEAR BAY,1.9375389034886237
2.7562969004191937,22,8.669151432388267,1.9303900680691828,448.6267887322213,2.1498099231454737,39.90397291588553,-123.30399403334212,<1H OCEAN,2.044482733317544
5.239828374857955,4,6.381267395391402,1.4655404119050708,1033.6932619696363,2.2114076469206756,40.05657127254357,-123.46372090545178,INLAND,2.4028208339979407
4.481793131670553,31,4.764166126849059,1.1463125526611306,1066.452345560449,2.300930939795518,35.74262086658995,-119.25211912156962,INLAND,2.1319481639089166
6.011908284794612,47,5.319754982090386,1.0,1972.3120581239878,2.953145476315875,36.56819607309552,-114.84962041160425,NEAR BAY,3.7228777198700738
4.471940643844995,39,6.60299085724861,1.6777665740168959,671.4872685660423,2.315103688943124,35.20110354565615,-117.9354291579531,NEAR BAY,2.4310044740826515
7.282370082804835,3,5.89954149539059,1.2758571116028077,2694.52004600844,2.0248738789524183,37.19281955713324,-117.36218676316031,INLAND,3.432022228674566
5.441535600017094,44,5.923439247914721,1.6399194517316862,1357.9637031448688,2.1864229355692837,32.88028023428472,-123.68981600827718,INLAND,3.1750287515209914
6.420383684006444,13,5.34307447887724,1.1163015872785809,2591.405547340809,1.8388143238078036,35.8501674254501,-120.66289973985299,INLAND,3.3303639043738764
10.62153712779353,41,8.33628065157476,2.085840762347064,538.4939103540925,1.87120033813548,40.86234818558339,-115.830260176751,NEAR OCEAN,4.8657708431178595
5.6430737828856135,49,6.077993195023657,1.0,1569.5888240103995,3.473866954140283,36.143995094051284,-118.93357593511328,<1H OCEAN,2.8879769963428066
3.0042741850792245,18,7.434786101647958,1.0,1467.5452768969537,2.3931291083862076,36.45739149914022,-119.91444879368464,NEAR OCEAN,1.7899410121268917
4.411053664567637,45,9.210596668468282,1.3860337537649805,1499.9675715059911,3.011879681276522,38.5117992580898,-120.66460369130678,<1H OCEAN,2.70122081452705
2.945138329705262,32,7.137107156568997,1.1369421896991685,1646.9181200968917,3.073264565833131,40.90259271198609,-123.1621919439933,INLAND,1.921945847068406
4.1984352030864285,5,6.011614415919614,1.5378952035969342,1570.9954689858362,2.637235294296595,41.25152881001304,-123.16279689383003,NEAR BAY,2.3802834657375405
1.125852800121663,20,2.3718537689190575,1.0,311.21074511239567,3.2641463245766946,34.97583884250342,-120.15415996518406,NEAR BAY,2.006841262311897
7.984369755533595,45,4.803934454270719,1.0,3878.1553800120355,2.8484674485959687,33.26980425040623,-120.48888952667785,<1H OCEAN,3.8112014212659453
2.806684513472568,21,9.105498975511363,1.22547179485393,873.3784496453666,3.3383929620024313,39.71430732405466,-120.26134540590989,NEAR OCEAN,2.1211156475136352
7.572903733660578,44,6.062293152120848,1.0,908.6091237793933,2.8199027876761087,35.85491463556865,-115.52177718195723,<1H OCEAN,3.19799740742444
4.101528154115142,24,3.2329656252494834,1.0,1389.5378664519467,1.913013592456197,33.40347635805893,-114.31217339750404,NEAR BAY,2.1219710444401025
4.8461742815140685,25,5.137470837272661,1.0,1821.688962602439,2.109901807548462,40.69754689609322,-121.56181179234643,INLAND,2.582737303584098
11.381613267731632,50,3.494523465005081,1.0,566.811303261707,2.4575990408943946,39.71750283780058,-120.35946841307461,NEAR BAY,5.0
4.755182598905766,45,4.722107191529156,1.0,505.91887888217036,3.335836298100712,33.18030109142939,-121.60251675739066,INLAND,2.3658270181723973
3.533846820642929,44,4.81538622251899,1.3071229958100916,3488.6328099293814,3.325707938978951,39.90078599836106,-119.78480415705077,NEAR OCEAN,2.013670353223936
4.369409545172075,25,4.503927695628586,1.0,1067.6596822766585,2.467471844192376,39.086161894968434,-119.72814605978184,<1H OCEAN,1.8288594195572019
3.1271231330118185,33,5.6316071315172485,1.1639041795829195,1623.719772797366,2.181087303471653,34.04731925629039,-114.41979040813105,NEAR OCEAN,1.606461530089201
8.023640680640357,8,2.0274314269121816,1.0,690.6731852059867,2.3491799123281156,36.98690180339975,-122.77681551844992,NEAR OCEAN,3.772029640034265
7.012729116702042,46,6.62485028196988,1.2282238339020382,3814.0305772055253,2.6759354604354075,37.26220694961208,-121.3561762326365,INLAND,3.874469431239385
4.781679150395542,12,7.936471114101776,1.7440677360437211,2300.120860790082,2.336794569993642,35.27458646682271,-122.19806292008708,NEAR BAY,3.2371222666572157
7.733275318419445,2,2.3713417899165017,1.0,930.3158456411687,1.9163491977720883,37.773781250540424,-114.84068023575601,NEAR BAY,3.9096044725791512
7.164018911807703,17,7.307164284872693,1.0202108196629114,3626.733920035805,3.3500617892672975,39.901679660805634,-116.3729713187182,INLAND,3.7138316959969515
4.834008399507647,17,6.613797828836068,1.110908963457464,2064.59466698288,2.9236938834484345,37.04522482691993,-118.40415305783287,NEAR BAY,3.421805502813712
6.108223642195394,18,6.120461143834712,1.6922403092360898,2269.6078045946906,3.222026744999857,36.376505787031356,-123.56743325344146,INLAND,3.8232457512843476
4.917408522389402,10,5.581905314008713,1.2824306914420263,2380.6461822201168,2.0286248298300675,39.4523452428051,-114.80729062774346,NEAR OCEAN,3.246484929537277
4.066604138776031,38,5.883092061059199,1.0007971330647623,1051.404109364842,2.8634502346555974,40.01282312070714,-118.05741410449274,NEAR BAY,2.6141118726989685
1.734319704208419,9,6.9729913508626185,1.0133559550524895,4325.407744146374,2.5801004925269932,32.84490782580701,-114.19318012816305,NEAR OCEAN,1.209865039089458
4.8071301350527085,11,5.871864746329735,1.3111479436714328,4187.320423971186,3.092414126160995,36.530441573929494,-117.0805583055308,INLAND,2.619774167243552
5.434241471501532,40,10.076028598737228,1.793449454152186,4293.074288397525,3.2695703507383693,36.30206246951397,-114.77669038907364,<1H OCEAN,2.825937761587532
2.9099862298685557,39,4.422240986360327,1.0,298.151112130632,2.011154641498674,39.98850493730934,-121.977786460932,INLAND,1.4405419668516328
7.95252160538681,50,8.297096084320923,1.5789990543245698,1373.0469573226987,2.8813417775462717,41.629539625510134,-114.5433684206853,INLAND,4.124032656018392
4.917944612932395,29,5.282467756692723,1.0,1696.6250866104508,2.5808819928246614,36.70035297483628,-120.07428021336243,NEAR OCEAN,2.738832604941939
6.570508555770589,14,4.827921950418487,1.0,1091.2177099307935,2.6003426139880985,32.71520084614849,-121.89386508155226,NEAR BAY,3.8501417127190747
6.148249308163463,31,7.213311295240502,1.1676426998052074,1350.1086437273154,2.486283231447277,36.241212243111065,-119.8389962703662,<1H OCEAN,3.832190948807063
5.1690144819779755,5,4.978124291632044,1.0964992654515493,1314.9498690651599,1.8628393106344032,38.64995456193302,-116.84878930616114,NEAR BAY,3.5416295471483976
4.191307867889465,37,8.459001637999936,2.154380766551091,3216.876567381656,2.3149398248536106,38.22404038748987,-119.04968373884675,<1H OCEAN,2.4024160489027997
3.9350286730899073,22,4.2302111293586275,1.0,2942.2131156053233,3.2623426650672602,37.23128839823476,-123.64126034105242,INLAND,2.137835781030732
2.5266080999593634,41,7.658463606773411,1.949868313080165,1682.8944915082504,2.938619284059935,39.77679119552786,-122.5452381327575,INLAND,2.177904683999298
10.46938844058162,15,6.5234942382558945,1.461103872100886,1789.173234087632,3.1761100586802757,37.37691517609633,-118.03191842169643,NEAR BAY,5.0
6.272816049086598,20,5.221047309351294,1.1147500840433398,1368.3126018824507,2.520504762122566,39.518204756305515,-119.70474614303332,<1H OCEAN,2.8424004050430507
3.499313196441176,19,3.83014343952335,1.0495296941881562,4958.628055549167,3.2929584404733365,32.903549241012854,-121.46937865292017,INLAND,2.183721075712395
6.980744354402996,35,3.8235821251776274,1.0,1718.658969774762,2.918627772600541,33.410971278677856,-123.60665820707308,<1H OCEAN,3.2438556899914435
3.211658216279811,34,4.055759586927382,1.0,4181.195144774923,3.3065781701692907,36.8335425774482,-123.01127549468448,INLAND,1.2408094016618947
7.096038440950776,3,7.383025273296271,1.584102173270015,2530.1649226806285,2.596012502145787,40.85375234625885,-118.5099344629225,INLAND,3.477679883425073
6.5726518043566715,46,5.577723487375842,1.0,1974.8492843574413,2.959436546005799,41.81190717366371,-118.84941940991115,<1H OCEAN,3.556219121438723
4.039907451802235,40,6.843014885222656,1.0,501.30539925799116,2.1238096397927215,38.33473412032153,-119.74702718793783,INLAND,2.4420306764619557
2.6532058498518003,42,5.760099738596202,1.0800315098585107,2997.070150459743,2.4154660930490843,39.726525020617736,-120.90499914177481,INLAND,1.454515094137166
4.318836625134208,39,3.633568355824373,1.0,438.19865280382,2.0558084094244387,35.97923389068375,-122.8023077571696,NEAR OCEAN,3.0904371756835944
5.66118675283108,19,6.10422643489768,1.633253759571916,1188.6952345450677,2.1413081350848793,39.935792015045855,-116.80531328073981,INLAND,2.6167041856453985
2.6713274659731145,50,6.543206072995836,1.7107607081156722,553.6512894786744,2.492777239396986,40.41963457333556,-118.25818078567093,NEAR OCEAN,1.5099871619829852
3.954226927228585,39,2.5279282057904338,1.0,2541.5294660680906,2.4851045450826827,36.50102341897369,-123.97813061672646,NEAR OCEAN,1.8572144849591556
9.724676161780083,10,4.488068091854229,1.0,1031.9138718664349,3.2450873109430782,35.34069191658882,-114.68174685138018,NEAR BAY,4.500450362409566
5.231672715802026,15,4.116608643374076,1.0,2060.7935323234856,2.6117532398343775,40.06113742874543,-123.87605033789292,INLAND,2.5327456769159795
15.0,7,3.367028376822604,1.0,344.1350187749111,2.0398454163529642,32.70458516200967,-114.84781479059767,INLAND,5.0
6.580402586834469,39,5.746418246718912,1.2864469084049923,2411.025131196502,3.4259239760015383,38.25263896754564,-116.49242259489482,NEAR BAY,3.8679222437645424
4.957522827802108,48,5.967642474108753,1.23700182613839,2318.7167096310573,2.3050976444725007,40.20247946951435,-117.44485028086791,INLAND,2.761835276690378
3.6071296550952345,39,7.732633506120104,1.03292324379631,691.1371604246524,2.1692554875744325,41.622582444103514,-117.02574918346701,NEAR OCEAN,2.305116120012605
3.2307636347891306,18,6.871609910041187,1.6195155175980973,944.3347212086379,3.4915686652599325,38.752376937560285,-118.26148065610272,NEAR BAY,2.693962705581148
5.787712546866,45,4.981259283535212,1.0,3215.987169154242,2.773361735509356,34.61547401200067,-114.20899130382718,INLAND,2.9572893788898043
4.354182472825559,31,4.984701343153126,1.1720855054069501,1611.8548120116718,2.12995014325267,40.685939980463246,-122.81381300508568,INLAND,1.768912414837056
4.679511245711151,20,8.513278560493992,2.3095807229178975,2342.0845094527162,2.482516265974839,37.55382371392186,-117.45558502506178,INLAND,2.624083291891013
5.883595363947125,49,6.361012770449422,1.1444962786428534,426.7917099948755,2.2446357606349068,40.97834169374853,-120.99617136625886,NEAR OCEAN,3.4237059670563825
3.980271176497551,26,7.454087946879218,1.8821645994591452,1210.0722235780747,2.4988633101619087,32.62386756044284,-114.58235083445966,INLAND,2.0918332803760658
7.975679712977965,35,3.099309895205603,1.0,2629.3832784308815,2.6653648433100647,38.79543937043937,-120.57862142880641,<1H OCEAN,3.8589866837111906
6.135674204156057,30,2.806470965944923,1.0,838.8246881003832,2.821599230472926,38.37510312339532,-122.89476706704791,INLAND,2.705304835957903
4.153681407618255,14,4.795980638696889,1.0,883.9330443882051,2.250168546515296,33.87334181771083,-117.07150628621292,INLAND,1.9484862108718581
6.017714370384407,37,7.1616026720563735,1.4322771120698856,1339.220155627252,2.0681963117863496,40.75981959266334,-114.53190890435822,INLAND,3.286244149228455
1.9363455131364593,7,8.205908664316631,2.2588862947652903,818.8399274861719,2.70242707998126,35.77873340070428,-118.90427711634494,<1H OCEAN,1.88545677513026
6.4645142416097165,23,4.202678143747804,1.0,3404.314538747955,2.8482612146354436,33.41627527941863,-122.44558665416241,NEAR BAY,3.261783643116494
6.416010318574593,18,6.3971440931134405,1.0,2158.248074067545,2.0370344882931226,41.161246196382706,-121.85767934434128,NEAR OCEAN,3.828640922946609
2.1545487784966797,44,6.203187373212103,1.061732472211039,1346.0405846877218,2.676012480174719,39.81143753558517,-114.177177449547,<1H OCEAN,1.4005873438930092
2.358487503233669,35,3.5221641753931783,1.0,5309.5422087167035,3.423737742656015,33.75955549714151,-118.90322347040123,INLAND,1.1251081820279647
4.728044949299393,20,4.0524783951274745,1.0,1252.5121581440874,2.3291689933464763,38.749061883050125,-122.42131260162455,<1H OCEAN,2.1241587103830533
4.090194623750317,49,5.313413554459576,1.304004399487359,1875.2237092476967,2.036114004089692,34.80952597190831,-114.04173413798593,INLAND,2.27336885224672
5.310054299421896,45,3.329209502530071,1.0,746.8861164442384,2.586669380155619,35.5606812537783,-119.02959640279109,INLAND,2.66240283139636
5.582815205744619,4,9.807951382353806,2.6246742063101087,1321.704519816319,2.560666024909472,35.92931174550628,-119.0693846634591,<1H OCEAN,3.1434287622846493
10.853968282117016,32,3.696956889512392,1.0,2130.47758698232,2.648239752336601,38.406318725983795,-120.2026551458006,NEAR BAY,5.0
4.6378392679720655,23,4.723043237409019,1.267589371125527,2084.4217793584394,2.238784465784797,39.41065206750861,-118.97230976414112,INLAND,1.6743739397164
7.166052230464799,3,6.122809782928024,1.0,753.2094166230221,2.9753296129713567,41.34300576476327,-114.94581964431292,NEAR OCEAN,3.592617372100244
4.409638400035748,41,5.911494756755852,1.0,582.0232785741895,2.137179145969301,40.81074975256047,-115.31432864016185,INLAND,2.4413714785757414
6.492605666705869,17,6.5486151754508395,1.0,1427.160053824776,3.1762501376678864,40.950066128202984,-119.90723061253694,NEAR BAY,4.1812992567018
4.5222955410903785,45,3.778563104246804,1.0,1751.1550008086147,1.9698370289491005,40.94909424109154,-119.08881229209112,<1H OCEAN,2.3268111834894305
3.013048835733803,22,3.1949182461980192,1.0,376.36882185831564,3.4996402093210106,35.871436356485496,-120.02917230138156,INLAND,1.982870938779191
4.133209232242993,44,5.6697295721069505,1.1114698149223874,5511.8719394335,2.1091959798020508,36.70474030899484,-118.68791033103959,NEAR BAY,2.287525950401042
6.464738011385953,35,3.9576144580869737,1.0,1659.0095235136762,3.398327872988009,34.162347896159595,-118.41649867182922,INLAND,2.87471906200469
3.233741150523119,40,4.260172726289568,1.0,362.61846377126903,2.4662362703044023,37.851054285845855,-122.64050495462267,<1H OCEAN,0.7006202380770135
5.644871018540856,32,4.136641765014324,1.0,1779.7388694228523,2.4845465539148095,36.26257698105185,-114.07084833079423,INLAND,2.7390572124022787
6.294127300749977,10,4.134301304697092,1.0,474.68719711788765,3.2767181989770684,41.72766908143293,-115.60570920490784,INLAND,3.519627836349743
6.339997288983096,25,3.0311829602619276,1.0,693.8894306237815,1.8396014355342496,32.9001429358172,-120.24368884443129,<1H OCEAN,2.339632168805762
7.601303482079124,18,3.6821762431902556,1.0,1827.650571678763,2.227482701927089,37.11100486131474,-121.01443460440768,<1H OCEAN,3.6612827048666956
13.601830959251124,10,4.876767153768792,1.0,596.1529460942223,1.9404583165009848,40.3082470828217,-121.64029663174551,NEAR BAY,5.0
3.070395414612722,30,7.425716625227244,1.1485081605599134,728.0872580372743,3.452507341093785,38.73387207191264,-121.43409564946536,NEAR OCEAN,1.5472209110151354
4.589914219153507,34,8.952137060492444,2.0153485375711493,2350.7639891851572,2.8587009188432564,40.710715374806284,-120.97439479772602,<1H OCEAN,2.943925545802178
5.30753814502515,7,7.0722785645268775,1.1422920072144358,1256.2065858195672,2.6135628290815056,41.642711067304305,-116.22060146316876,NEAR BAY,2.930030022762263
4.340865207923878,47,5.910022909517725,1.0,1005.7686049138238,2.461425667293558,39.82197628014752,-120.88602024856493,<1H OCEAN,2.9911370730958122
9.217919286007225,20,7.237082934694767,1.9021050280623977,1207.530669040618,3.276849051656079,36.49295677634147,-122.9693622277174,INLAND,4.29538897884658
9.536766377344371,25,5.234665605635996,1.0,4077.957975703127,1.8381079407975809,34.30717090239598,-117.05406248935459,NEAR OCEAN,4.9936764669926
14.916531913111946,11,5.935833803454304,1.000534147584717,2334.0100127532214,2.5175139388810965,35.359352648446766,-115.37382288660243,INLAND,5.0
5.112652924878625,11,6.721105193319432,1.3197830514808055,548.5111305259671,2.543796724493152,32.55507783079991,-121.21148574482565,INLAND,3.1416525813630116
3.24866941344946,16,6.421255013704198,1.6921298800809588,3578.1726135795498,1.9409508366148394,32.75374900722578,-116.24500072521003,<1H OCEAN,1.8618419733345484
4.914891183634447,9,7.127235792718929,1.8037739586748522,1022.4035049335943,2.691589999455438,38.74884529927727,-120.74363747401362,NEAR OCEAN,2.9146936108642034
3.527551940086552,41,6.6532950097731165,1.0401776620025174,1273.8777606637163,2.985354232067775,40.85507395798101,-119.62822650084821,INLAND,1.542268566690606
7.920864026917129,12,4.252124220095458,1.0,716.2143293743364,2.940484778959228,35.86005346713141,-120.08214395903917,NEAR BAY,3.984940931161332
7.655996848283748,35,6.592816365067296,1.1976632927494675,995.1020727914522,3.163313843300959,37.58841983309235,-121.2735944949052,<1H OCEAN,4.222417919812613
7.716126484304906,12,4.227270964545864,1.0,1527.3110480285716,2.3770994441770608,41.85045810555388,-123.43912652868718,INLAND,3.7601897754978726
13.968963125601153,1,6.744231262770872,1.033035084388563,1409.729349646947,3.3735774426470186,40.45556655444298,-116.11710911952949,INLAND,5.0
5.493901740056998,23,4.803714828247598,1.0041264252551727,4133.948595435149,3.4800977085459635,40.8174901308791,-116.35554468984509,INLAND,3.312593223560946
4.087290289253905,48,3.304163241177499,1.0,642.2719434520294,2.280941200951122,34.31078535894234,-121.76382634577465,NEAR OCEAN,2.1094947646240065
5.3502763053176405,8,3.119964144297972,1.0,1219.6477357472288,3.3162939577262387,38.86874342158056,-117.21196361154982,INLAND,2.9352776807338476
3.5269994320389837,27,9.169559869664948,2.217419655356287,344.59391681530406,2.737457017100325,36.780874982370705,-122.49056012782195,INLAND,1.782353077569789
4.002440202691134,26,3.71466829048572,1.0,925.2449196374629,2.89827170274906,32.97613562132895,-123.76594795408462,INLAND,1.9943502870450245
5.49310347207441,34,7.1106428246322,1.818338454561962,2637.6287780441817,3.4822916369744625,39.363295546789686,-119.58919538291737,INLAND,2.7225886149658685
6.819358776271762,23,6.648386966601441,1.609244089318093,3575.1159281459404,2.1675402824901258,34.92367754831227,-117.55605098955539,NEAR OCEAN,3.3740053976085003
3.752877494577639,32,7.066747320839238,1.533603181654645,3775.730117385873,3.292960126461587,38.34046204138255,-121.16452689954357,NEAR OCEAN,3.0224417493468576
3.024266293913232,8,3.7869723027088913,1.0,1047.04502174564,2.801183701808224,36.553943199322696,-116.20922186076545,INLAND,1.9218120628547601
7.5275296003717065,4,4.787250659561342,1.1208175925139447,1095.3818064720585,3.231567762347415,33.79534578351347,-119.83061391078098,<1H OCEAN,3.723331654818279
3.6810015992268506,10,3.8450261314478142,1.0135237774325196,714.4026603520155,3.254375312993681,38.23579055919253,-116.82754613951494,NEAR OCEAN,1.8361021235290107
5.840056370746755,46,7.173460653124015,1.5431823436190941,1181.1294458041787,1.9527577110570111,39.91528251373274,-115.39070886071487,NEAR OCEAN,2.6930150423357073
9.136432295630657,18,8.017121227313599,1.2047160972836306,2885.3563701313774,2.5077455415894856,35.23069794719915,-121.29978874556927,NEAR BAY,4.5754838828492455
7.863374594587515,35,5.418831810598689,1.0710725834582264,2302.3881706965767,2.826535078177711,38.123554068179175,-120.91091880338158,<1H OCEAN,4.176958731359498
7.130693922426881,48,9.141367533687045,1.4738406116717628,963.3537395376937,1.8648137352128895,38.93530748599082,-116.62764341401164,<1H OCEAN,3.8532243966572106
8.913608607743003,14,5.940235641805926,1.5932772777576107,1085.342723376213,2.0413391905811373,37.200447160576076,-119.93831643484148,NEAR OCEAN,4.308609297420772
6.0801041960963165,8,5.14421535372218,1.0,1111.383737634767,2.6333167629067784,40.39921096656056,-116.07002167230044,NEAR BAY,2.5430437931190775
3.31958087843936,5,5.662528327734706,1.2154441601652488,939.1559255777986,2.589945560064317,40.05430921016966,-120.02706767939151,NEAR BAY,2.1097148548170357
15.0,36,6.318078893012437,1.17608744393423,1558.8538790101948,2.9527923697002336,34.45244435048804,-123.7717958273998,NEAR OCEAN,5.0
6.669445128564952,51,2.982767188200631,1.0,2167.490909056665,2.923382358651004,35.06812321615123,-121.60185656307175,NEAR BAY,3.6866017212278734
6.766129176970142,25,5.9401174450791165,1.0,5979.871816605267,3.3251089774276776,39.2430456097733,-123.79746249116323,INLAND,3.293667592714526
5.912017891611181,48,5.222394809532056,1.0,1349.9221366442694,3.0864658242991423,35.06285150792712,-120.09743131752985,<1H OCEAN,3.1249529634318813
2.5401980937547743,26,5.045586337387254,1.0,2104.938303127762,2.3525731678167077,39.53734747329408,-114.71115954628175,INLAND,1.2917747188964288
3.690394508277962,37,5.269709295275375,1.0319764465369192,694.6501835723944,1.9670491551658313,37.866969387465346,-119.48856584268489,INLAND,2.7216567327325136
11.426397386747718,13,7.155417060975325,1.1690324357892878,1435.6037774621777,2.518687553188262,33.0199704109713,-118.67677418396472,<1H OCEAN,5.0
2.2973542850064836,28,5.500150535793009,1.442292035380622,1210.5980525318485,1.9190475246111607,33.16767555084202,-114.16027192255444,NEAR OCEAN,1.5546262994073317
5.1828878668062695,7,3.561445994628852,1.0,2065.335178813622,3.2835184986002255,32.852915593195775,-123.21339160413534,NEAR OCEAN,2.3620895170384544
6.170317860261267,31,5.615724177060589,1.0618783508580074,1841.977208047264,2.997372396969805,36.23607778535702,-120.03592022353722,INLAND,3.455593764796907
4.667595250406765,14,5.074127830002256,1.0,2096.061912810731,3.2645052298218866,36.926239177037914,-123.41475272444964,NEAR OCEAN,2.638583444111338
13.584035216533177,26,5.49711680144178,1.2557728525726237,1224.1837770115637,1.8722942520664285,39.84565445189268,-122.93974508051046,NEAR BAY,5.0
2.735998337502764,16,5.3550986187125975,1.0,1071.7901142492228,1.871924021851527,40.8438466763093,-120.26292998513631,INLAND,1.8448128179336758
3.940608958965024,44,6.0866583802864636,1.5533477444060657,613.07010406067,2.5209383057944663,41.544519887032735,-116.70880119223142,INLAND,2.221938012998237
6.319312566754908,40,3.122323156962,1.0,1533.6996736806684,3.0038607338052072,37.24632771596517,-123.27266911673841,NEAR BAY,2.7553077376393125
6.535652638327332,38,3.1828623922284587,1.0,1256.0741937706116,2.747688237816269,39.58794163154296,-123.68809877236981,INLAND,3.229968621275433
5.720151975065829,37,5.3313440769679055,1.451900058017011,3258.578008567012,1.8904080543584296,39.212677002365055,-118.27263270683656,NEAR OCEAN,2.7872719728274467
6.175167854074753,4,5.039687357329432,1.0708354638668687,1205.139304667297,2.5292327567478443,35.363755405498324,-118.58019078207461,NEAR BAY,2.9459475161556097
4.102883423936102,19,3.85683682671665,1.0,943.2410759763656,2.608858021177953,36.595497575812196,-116.97345526297796,INLAND,1.5227537297455505
4.691966252120116,17,2.0116663832409434,1.0,1939.33926318374,3.196911756822909,40.247698078730004,-123.68807262052678,NEAR OCEAN,2.173531930049847
3.4088941046915293,8,5.908228264272285,1.3638546400419411,548.8998425040896,2.884890249868569,35.796725476666694,-118.73526301029801,INLAND,1.5578705670557567
6.541968047107434,37,4.716948933573563,1.0,1616.6092023440617,2.702570791794871,34.05865791466568,-118.16544196039285,NEAR OCEAN,2.698003805894091
2.541263951436822,35,6.048456716936995,1.3529859931870052,893.788771347119,2.9714804665008243,34.03305596118313,-115.32464416682467,INLAND,1.9305751572457326
2.956753170819098,51,5.942995104273206,1.0,608.0213408440044,2.7908414187735717,38.81048438594005,-121.65819905664692,INLAND,2.1917236685194323
8.116103434507894,50,6.6974680056514675,1.0335988039155193,1459.2104316683326,2.687553855942878,38.18421689480068,-118.00882634669917,INLAND,4.4446242927155195
4.190917561793812,39,3.6761168997856477,1.0,283.5872298354908,3.491571823769234,34.04440328505555,-117.98476251614086,NEAR OCEAN,2.582595691551456
15.0,43,5.5264810659308266,1.0,1947.160969243077,1.9474463524767687,36.83083159781029,-123.30979899795103,NEAR BAY,5.0
4.438002740062739,26,9.035391261707773,2.3034448267684744,1417.5219925919212,3.2680314137447546,39.91635216229625,-115.62369135054837,INLAND,2.642588006863058
4.449178942815306,10,5.904980560548768,1.5170460323531936,906.2883111022373,2.5826975622951194,39.78444544561745,-116.22168016156763,NEAR OCEAN,2.463249999693732
9.894405456300992,40,8.026702866740749,1.388374514900772,2479.2156725973114,2.71874344126537,36.30002603228547,-115.94139728569495,NEAR OCEAN,5.0
8.497867857464916,21,6.682060614497154,1.0,1864.781336969245,3.0014693847624287,39.632690988026944,-123.85606949716181,INLAND,4.361522446859479
5.010180079959465,37,3.9798732683052593,1.0,586.0584602195378,2.602053982315611,39.202410380930644,-123.31168787292495,NEAR OCEAN,1.9883100778994374
5.249291389116178,37,9.583478855057889,1.3780862086897376,1968.673110473504,2.5428108760629065,40.87020733656985,-123.70295576471617,NEAR OCEAN,2.891762250564515
8.600570084552709,37,7.8539980289962275,2.0907940155671687,1865.332761318919,3.1711060100152624,38.5007384444677,-116.44095716449537,INLAND,4.508629728950372
5.9925496064144195,17,3.3044770929323515,1.0,1004.439170667688,2.7231915084291898,36.6007718762419,-119.4719712169086,NEAR BAY,3.0501751518650013
4.7082657823195415,49,5.228452359639006,1.0,1159.1596425646742,3.467761992717587,34.90177925906686,-120.62335161942113,INLAND,2.7584995391627745
5.037145689262437,47,8.526957546964569,1.7910477352846719,3891.5423204414265,3.3398769778953916,40.99838948626963,-117.90909093794308,NEAR OCEAN,3.064856611624089
13.294997539157778,32,6.584590684569216,1.1102536900793099,1750.0550572810841,2.7477378299949717,37.478440665910405,-123.4406478862626,NEAR OCEAN,5.0
4.756190387765169,50,2.3651333509383416,1.0,601.6725566146204,3.2265742185500033,39.595672017483906,-116.74718091422773,<1H OCEAN,2.51356427630097
4.749730885969147,27,4.310126162848415,1.2030192897264038,1455.776278913607,2.8658311110384918,34.34405889727458,-115.08569895397628,NEAR BAY,3.131642644506917
5.373495501453252,50,4.154353440021078,1.0,496.54799174210507,2.545052139418976,37.650985484678685,-120.32414269910225,NEAR BAY,2.7226993575570395
5.624534085856315,38,8.01768973036847,1.186973945138508,1874.759331063633,2.2349148831229266,34.56980671301701,-117.61792092303827,<1H OCEAN,3.6699720890966345
3.9214197633971497,21,6.376237052673753,1.0,930.5953210474574,3.3162868285918248,37.082892010296064,-123.00533318690944,<1H OCEAN,2.7150767434090466
11.229201089266034,46,4.9771391415980615,1.0469443275386034,991.2883927006394,2.5514078549447814,33.50430100875882,-117.73548999333784,<1H OCEAN,5.0
4.643743071613426,49,4.176290020668427,1.0,735.9029230714491,2.6470854351244264,37.44055422670451,-118.32903308842045,NEAR BAY,2.5208817687931098
6.864650295833511,32,6.637817402618875,1.8105450829831031,1082.8023788592827,2.0521208725424556,36.580230551036294,-116.99278317828414,NEAR OCEAN,3.505520606972211
11.479323379442679,16,5.2895803396137415,1.0,1564.1492929145336,1.8203150081741677,38.78732109223321,-118.38988838292131,<1H OCEAN,5.0
4.720111500443545,1,5.806392741220886,1.0,882.9738438332826,2.3707125940659193,34.53553834751191,-116.26500779850828,NEAR BAY,2.5079631069980315
6.574200363120457,10,6.53122871810509,1.4491824074348658,822.4562004059947,2.335653804021153,39.153190625801265,-122.92438238130599,NEAR OCEAN,3.6443180020164996
3.163397843281356,4,5.795753297193908,1.256151651099779,1412.7311225890435,2.7707347004620644,41.314756758404485,-114.2202605199916,INLAND,2.299435296211013
3.877469836527176,44,3.1950222390252696,1.0,1097.9134157425417,2.918086922723438,38.976845337478196,-120.9985390992857,NEAR OCEAN,2.28524579188289
5.863323876299403,43,6.952494996781306,1.6172510615891833,1145.985057080076,1.9751532367548874,37.99899211729939,-117.55535694712331,NEAR BAY,3.0867608598976197
4.604273605827547,26,7.260684424456175,1.499479782622608,859.929089944856,2.911484642057129,37.112565767278724,-121.64575643397976,<1H OCEAN,3.0675087326277737
7.74028204001124,26,9.081841861303083,1.1411992613204796,723.55439017162,2.6151048198547033,39.13579699283846,-118.10504642585464,NEAR BAY,4.798010653022175
4.37755053813729,39,4.438536494059105,1.0,1233.4056859671266,2.1787543495177384,41.89397405033341,-117.85318235243172,INLAND,2.406021256407439
4.907846954175607,51,7.680307927182557,2.0127366158730466,2144.441708021185,3.025793175414975,38.94291521267462,-117.1392904048196,INLAND,3.2467106562133914
4.169069650539158,31,7.673600924779737,1.7556820874638501,1278.8609485889838,3.3973981980481986,33.70532905462935,-117.89168542008687,NEAR OCEAN,3.317418074821174
9.103165431825174,12,7.313741942077402,1.7031510737796618,1100.8802726776437,2.5840960445468992,32.96457624261897,-119.09652672987777,NEAR OCEAN,4.599283016075102
5.052594785028699,26,5.770682044299181,1.1462105242458358,529.3131005068597,3.0894427379193274,33.352385231317726,-119.71838808119804,NEAR BAY,2.850151720526826
4.128429897532903,37,3.941738038061136,1.0,983.2799799841573,3.4996863905754076,32.53297607517655,-117.18133182141793,INLAND,1.9709162473588182
3.7317645437817863,36,5.004991776171903,1.246594645817472,945.2427175672567,3.4365713172515746,39.64256248764746,-117.36710135669128,NEAR OCEAN,1.937213234465083
3.382075439669396,22,3.5968499093519117,1.0,1416.1792938873593,2.533223878427463,36.23742654769198,-120.3023286338803,NEAR OCEAN,2.0932770895673025
7.5237164100483716,8,2.9357358454730984,1.0,1380.341464748263,1.8094971659042969,34.716448230674175,-116.85688774448504,<1H OCEAN,3.0831756426463848
5.317533517306727,2,6.780630216946597,1.0,6078.392575653153,2.476106087285755,38.41862920505121,-118.02927827505088,NEAR OCEAN,2.347808387411506
15.0,35,4.073602771965826,1.0,1059.6368002228621,2.7639104074180896,40.947568361262164,-116.67917796970973,NEAR OCEAN,5.0
4.312460263019797,19,2.1338894757459346,1.0,2259.1361824156147,3.3208209839341665,32.89528288967215,-117.3607820208157,INLAND,2.0296410907872624
2.74136741897,50,5.711868481942019,1.430446324803804,2301.912326351205,3.23651388002064,34.54244976446511,-119.35890242465864,<1H OCEAN,2.047396063328633
5.005634440144296,10,6.882246317828192,1.4410359450107737,2014.0481413103685,3.234365669341972,34.42627484285812,-116.89840692714338,INLAND,2.3009793323085668
15.0,26,6.575229715740509,1.234279939110294,1345.4900690134966,1.9815964391340617,33.01006394124137,-116.3894256904043,NEAR OCEAN,5.0
6.447769171059627,28,3.8250195939683227,1.0,6939.6882302395925,3.0071500338629202,33.66624587078984,-114.14263453968326,NEAR OCEAN,3.061755080108299
5.30592703442586,2,4.480319923875766,1.1643689031973787,771.720098359562,2.96767006739965,35.62390769285931,-117.9299239127125,INLAND,2.9896016419690787
4.330939355267055,45,6.20310152613804,1.5547618966250871,1836.0865520413672,3.012674782648303,37.3238195193811,-117.67689154223198,NEAR BAY,2.627211287072805
4.749936144848999,16,7.042491880886436,1.7128894750989898,2146.5026878600643,2.2195584785701032,35.09577738149105,-121.90822373550725,NEAR OCEAN,2.3814092506218523
9.41885893938568,51,6.244208444238434,1.0,460.07786333139654,3.204095455083708,41.56219360499505,-118.3519483297414,NEAR OCEAN,4.875661951196091
3.7672683106810405,12,6.986964522519169,1.5879718628956307,535.3044685930728,2.272577578312235,33.6949747678908,-116.94473879467017,NEAR BAY,2.501017302658063
5.560209494003618,29,5.218609086575256,1.0,2989.4622852037646,2.106439558426162,40.00227953096819,-119.65315966098856,NEAR OCEAN,2.70885841067536
5.859072493610092,42,6.180849838966967,1.2068250497439827,1628.7178683185632,3.470381530503592,38.23002007529735,-117.53987839771669,INLAND,2.6731296036706462
5.508619041942938,48,5.871492384401631,1.0,635.0093689252919,3.2363152041385628,32.89713586677568,-122.71022648057529,INLAND,3.2702302678064217
4.770585337561479,8,3.632500843604693,1.0,2951.241768566446,2.5739773972208138,33.694707326772104,-120.95811749453415,INLAND,2.295906847590909
2.853920284350583,45,2.501554522185875,1.0,1193.2068758753953,2.5845730723838747,36.35903257440235,-116.83419903583548,<1H OCEAN,1.469831651073042
6.041117566379239,33,4.04156576384061,1.0,2471.0482267843404,2.0127607840621904,39.2597666957909,-114.71887665670117,INLAND,3.217282492234298
4.84453996635717,11,4.249311784220038,1.0,4035.3319309520184,3.2533108713096124,40.91833360899449,-118.91930600826251,INLAND,2.138390702281316
9.540774307096084,21,7.7643733305529175,1.9856101670543826,1181.5273451124824,2.752759593510172,33.17806205336841,-122.85369974793774,INLAND,5.0
5.07501064943392,2,5.299712346592148,1.1991338871411714,381.0501513211536,2.5782403678902677,38.88823857428696,-120.11107914727707,INLAND,2.9597294074817078
5.3509222839042625,50,4.070216093727925,1.0,808.9917706829369,2.7450949046938247,36.318396899504016,-114.02176998153617,NEAR OCEAN,2.4746062251126286
5.8794834198860775,44,5.1694292533525275,1.0,363.42445630641316,2.3089867040030105,41.06056362908395,-121.57145797125153,NEAR BAY,3.1493534803698426
6.780494799545745,13,5.846187593720619,1.418828974435778,742.4283786795876,2.6620780739357635,37.89453938292179,-115.98505362681712,INLAND,3.2188063981912056
2.437107890347234,30,4.751103049898665,1.0,3285.9237365040044,2.1787439916905225,38.13547012058358,-118.28316762262659,INLAND,1.34310012263657
6.302212599871921,31,4.509031311239609,1.0,830.8556400499577,3.250798568827329,40.6860437946602,-114.70625049646158,INLAND,3.3836835279026465
2.552863939921216,40,4.816030490312664,1.1790849145669704,649.3149607135323,2.077339166618356,35.02305702238569,-118.56037207462744,INLAND,1.0692476519411986
4.637453342865486,24,5.853865833709565,1.5285229861171203,3661.6510248658974,2.865719535756546,38.21724104874514,-115.89989422863167,NEAR OCEAN,2.5184555674670865
7.306692388802095,33,5.19632648962613,1.323208445447715,1176.644056587893,2.8536963828467954,34.61567346657613,-117.8012333440978,<1H OCEAN,3.7730299566316607
13.891277300154892,30,4.695842682450262,1.0087725325802923,1548.2046094133038,2.290111926182033,40.46558004114478,-122.72050626205548,INLAND,5.0
3.502025040837048,12,4.192205077037888,1.0734533347496353,655.9873142151177,3.4417234123153335,41.06561994091275,-118.7888293812572,NEAR BAY,1.7216931282855024
3.7668437923121427,40,6.0571776735634035,1.4166605052249317,2966.319654113282,2.942635748024668,36.232951698164115,-119.09655864884633,NEAR BAY,2.1985978485752593
2.565710575513545,24,4.8325097077604315,1.220108578725998,1366.2045180534224,2.8070289085446545,41.378068620149534,-115.53396019416849,INLAND,1.4984997743993453
3.952819788281494,13,6.458954190355763,1.058493024615423,2222.038850771864,3.0745707385822145,41.73284686434804,-114.57737995086917,<1H OCEAN,1.9916393556164371
15.0,18,8.16636645267809,1.066317548505543,518.3970807826352,3.1128627501696533,34.47817889749452,-116.87408180133954,NEAR OCEAN,5.0
2.677930673349627,41,3.5945116299307003,1.0,3091.8575666878455,1.8054175337967386,38.28344490379701,-119.78325480274707,INLAND,1.8659068189593806
1.350591963360522,36,5.079323229407896,1.2039879093258317,1641.240410856539,2.682616249324823,35.04838157505951,-121.53132572045186,NEAR OCEAN,0.8786752403630426
8.140707526525901,49,2.7776951660362528,1.0,826.8061649562873,3.197116323181837,34.820442595328366,-121.03845392897453,INLAND,3.7814358997786672
8.057222419401327,3,5.086534471350943,1.13368433162296,1010.0629674678947,1.9380560183503919,36.370939473234785,-121.95649025099155,NEAR OCEAN,4.032387730346774
5.596004567320626,23,8.707901922335289,1.5476450967349424,942.5942482694282,2.7012374766179565,35.76850689491578,-122.45004770050474,INLAND,3.6473624735608787
5.80033949999409,23,6.507403469399788,1.2841269571055356,1570.8987783246343,3.2375226419485332,36.96312350676156,-123.14115269224422,<1H OCEAN,3.429241188210889
7.798481567696504,29,4.3623249714245915,1.0136638127366033,1437.137019717469,3.057795335951216,33.60117956202075,-118.19321416261263,NEAR BAY,4.206688921968273
7.870519759433238,13,6.281181392708352,1.3780259664393515,3743.7494178815296,2.5635329272527545,36.337933213929,-114.06768593201673,NEAR BAY,3.62322104098676
3.456609955320204,32,3.57895181366121,1.0,355.1443847124118,2.201842006401638,33.00108206973792,-117.37478386684477,NEAR OCEAN,2.434680844688926
3.118898708804944,37,3.578345335364804,1.0,1971.3561945584338,1.9092465114473376,39.53193247215104,-114.53684225385041,INLAND,1.6680060999607198
3.4820366164326946,4,6.612815692272189,1.2480846783608415,464.2681023053444,3.1935175067656267,35.69127093190931,-118.94610417896732,NEAR BAY,1.644152271927382
3.869926938231571,24,4.968670702178992,1.233433865304942,6852.53458533353,3.4547394927038404,36.21086640045069,-117.48154287786517,INLAND,2.382317545979672
7.5841962010609265,45,5.120479689365229,1.3044243375830682,3520.0861473010546,2.783266296032079,35.155227774657135,-122.10369946279765,INLAND,3.4375684182385284
8.800575041143258,36,5.416091836822119,1.2311551145731523,1294.4733606796296,3.3481498341776197,34.54339721771876,-123.88816934705845,NEAR BAY,4.372378829317973
4.6918750653691115,24,5.064748679835294,1.0,1751.325759180509,2.6384035330541895,35.807352351030964,-123.07155786015626,INLAND,2.2076775409928775
6.215816774025566,41,7.718167121577023,1.8870886015142998,1392.1756070682623,2.166266287633655,32.852637024280035,-120.38686196650235,<1H OCEAN,2.513214019533064
5.2500048630849605,44,3.0192458540160283,1.0,890.7859474013404,1.8677321505405453,38.78194178532638,-114.24744102900485,NEAR OCEAN,2.46183201569096
3.7594534938773254,40,4.135716425570154,1.0,825.8990492975361,3.0056592278591174,37.706798923527984,-120.01291477131933,NEAR OCEAN,2.3541977689832265
3.6835774741879943,51,5.884514158067038,1.4804893152029313,1298.1044600250068,2.6471801069927423,35.872303941963196,-123.35366062197264,INLAND,2.098538206278681
5.6380089257553445,48,3.5154984823416013,1.0,235.0964095701327,3.3066278484164657,35.251205216057585,-122.0163501726412,NEAR OCEAN,2.625255607281049
7.6949503267978665,10,4.204324250557531,1.0,3127.247403504807,2.1319328954517265,40.14961406060665,-118.91274704500633,NEAR OCEAN,3.535699921288797
6.579768164711088,6,6.9617628866365155,1.833066326672522,4044.4521611437294,3.2927517355486815,34.419687758393685,-117.86045685888064,INLAND,3.3354315733199726
5.000702416901047,11,4.067421324788243,1.0,1125.6434141769314,3.143990899588724,32.63326822904718,-114.9457526274982,INLAND,2.13286095439825
10.24903595004973,5,6.890938887568126,1.0,3401.3147136593584,3.410288490851519,33.95235767576397,-115.92930421122114,INLAND,5.0
11.059783002223133,32,3.2143707760211098,1.0,955.1156363151575,3.2029718019684115,37.520866453829335,-119.92643503813291,INLAND,5.0
2.774708064946133,12,8.993320362402093,1.871075511645138,922.8562168792104,2.4831444020851787,40.82396282091885,-117.02306728674958,INLAND,2.2655737659692416
3.209332431935385,31,6.655738715007075,1.3922653509438727,1520.0174601777665,3.1407787289528395,38.66483816033091,-119.69469273078926,NEAR BAY,2.450847704449063
2.8509113685167655,24,6.695444629434421,1.2918997565787451,1869.750779859185,2.8944018726643237,33.18059911136346,-118.0625411951303,INLAND,1.9630163567499745
8.21357820326815,14,4.841080888117214,1.311830693450246,768.8976670731793,3.371185354932441,39.87889638799956,-116.74067080140267,INLAND,3.9647192337495336
4.823458659575549,26,5.518066885989403,1.0,1657.2649856265443,3.1146454807090285,34.98055934832296,-122.73236970641469,INLAND,2.7898897350807284
5.619866097644693,37,10.085998881044915,2.688226076846812,1602.628449259194,2.579547478366313,37.04885764219947,-120.83065244087918,<1H OCEAN,3.4222043347921187
7.180669711996422,46,3.6419709684308805,1.0,307.37078452237364,3.3842411463509774,38.496057183576454,-120.50609180381598,NEAR BAY,3.2179512591341513
5.445662474857794,41,4.540153509443461,1.0,1112.5222683510528,2.695182423511864,37.27814760552122,-120.76800364046886,NEAR OCEAN,2.6092032229508586
4.098169619046984,51,4.936625610352143,1.0,1150.739583542818,2.2437290938247165,35.687661825227025,-115.5451068548178,INLAND,2.3741627868152246
3.339930624931426,22,5.791994166328158,1.4533070189928423,895.1866560549367,1.8539151623908396,33.30153538909005,-114.1754471861181,INLAND,2.0586818838592245
4.922752582453939,18,6.669559431393646,1.3781443479437756,897.0217237672114,2.437430489714731,33.23002824004637,-121.0109775828956,<1H OCEAN,2.5163298746803346
7.848355323904652,38,6.344540899769472,1.331131684945419,1823.1365727415857,3.394218173408345,39.68715118928115,-123.71350659282885,INLAND,3.9201841456072604
2.5585345591028856,49,3.6693295230065415,1.0,471.9392405781903,3.2192380378050793,34.179837912006505,-116.45704639309083,NEAR BAY,1.5673243639811296
4.394662858721002,7,6.809262437438521,1.3969125145148134,2697.9162893471157,2.6831774860612203,41.093136283602824,-119.71210274690709,INLAND,2.5061111681937835
2.292695994713357,13,6.798327591765577,1.0,1227.2349896935389,1.8987030740393644,33.34195131001828,-118.8601032652885,INLAND,1.9070190757521959
8.286927513271662,3,5.623445027373645,1.4757931841688015,2988.835740266824,2.887144007002761,35.084623240099305,-119.47541156128663,INLAND,4.735027955668974
2.587339560101816,10,4.434587833248914,1.0,885.9220970354879,3.276348828376646,37.55090046943505,-122.82420058556453,NEAR BAY,1.903541660331854
2.6558630934807157,19,5.987398684618509,1.1273417186369845,2509.0784929095926,2.1189224761921404,36.964242935460284,-116.34747351049592,NEAR BAY,1.138057289542088
7.966850675437675,36,5.0247145790933425,1.0,1909.0459831382898,2.49535432758048,38.78202217045923,-115.01297032061666,INLAND,3.6172694690340057
4.094374602664963,33,5.420511629857469,1.50139184318745,418.6087099055093,3.4220129665611267,40.04240012066951,-118.887155068695,INLAND,2.2455089354087363
2.4162925418320977,20,5.535048572893987,1.2915864235840664,1185.6466929312037,2.534705972050284,38.6134905099887,-118.94368672325751,NEAR OCEAN,1.9663110668499741
6.9446885865538714,19,4.015352942960853,1.0,6946.636132912117,3.141664638290633,34.464582282682755,-122.06900302658163,NEAR OCEAN,3.8817281320184507
5.757914760553808,41,5.564979668012839,1.444636762573613,2321.0653930626545,2.1093369786956613,33.47907669952117,-115.22166817739063,<1H OCEAN,3.4505022656125792
13.100158501061772,42,7.320295304855897,1.974991836372324,653.1971731971696,2.6646635055549823,41.05637754316887,-117.05556150342424,NEAR BAY,5.0
3.1535575772423527,47,6.6546885156746045,1.0,985.7420981437228,2.283580630105936,36.62505882175506,-116.75225536754016,NEAR BAY,2.1049469261835894
3.5032028383404272,29,5.174285432356415,1.3673439981443605,2293.9725873444468,2.1773218866968946,39.164599603335816,-119.66024963490335,<1H OCEAN,2.3114001846574257
3.9142739526545745,30,5.0871708977068275,1.3374112443720427,1668.7193429093918,3.1914862928318675,38.73307426034422,-114.54040540034376,<1H OCEAN,1.3408244980101416
8.505358941528836,12,8.490004998365967,2.217063505768737,500.13593048662545,3.49907704093063,36.921176842331015,-115.56492767594148,NEAR BAY,4.524103279471935
2.244275358415825,45,4.024219930513847,1.0,426.6595072863487,2.681595318049174,36.15496502080969,-121.87179993362543,INLAND,1.8681231734334005
4.635279478601692,48,6.600685362216744,1.0,2125.8558211740133,2.4419912718861703,38.74175222347966,-117.16360457357897,INLAND,2.7281109794732044
6.092243241306113,17,7.575104009165898,1.7263374945500427,1115.0302285446146,3.215566408046108,33.90390230020534,-117.3903020895853,INLAND,3.302729970593675
9.236935407991616,15,3.6333440083222492,1.0,2683.1608979119933,2.732256874980206,38.829371559630054,-116.20083260494339,INLAND,4.504082718403897
3.6649481829356034,4,5.218438825072218,1.0,1673.3881609979355,2.6561909965373793,39.14784807646482,-122.43505557448863,INLAND,2.768410110998741
6.143627427797027,39,7.389915070348526,1.8744416327488214,786.7582517667117,2.072410896182064,37.220564159032236,-118.63731351211523,INLAND,3.4868327252524955
4.060915284209331,28,4.2664347511884015,1.0154989019875362,1305.1402426764475,2.5580607292503075,39.497896126826184,-119.15035878223237,NEAR BAY,2.741435882151601
3.0946670326627266,17,5.7571144947483965,1.0,1014.9248907128871,3.1991161072608802,35.17214780373623,-122.56930789434311,<1H OCEAN,2.223773865841233
5.1202321528685415,50,3.1292602875224094,1.0,1615.9302123015736,2.506920006515713,40.26599839149186,-116.25461182076475,NEAR OCEAN,3.49401294633709
4.745419971886524,11,4.819034638511425,1.0976563582232137,746.7902885713218,2.1003996051203213,34.23037528349029,-123.69340926966137,NEAR BAY,2.7596850792233303
6.754651443199341,32,7.8773239470708445,1.0,499.12585916377554,1.9039995353478516,37.858162521847056,-123.19667817015596,INLAND,3.8245044258978416
13.072704298584394,6,3.3916921368770687,1.0,1207.0141172426702,3.0876434309175584,39.27861747397032,-116.87341568949485,NEAR BAY,5.0
6.55677070063415,38,2.7265613679083622,1.0,766.8687482189679,2.8310282122911756,38.10495329645913,-114.8188065449186,NEAR BAY,3.0776858260419835
5.3723645011334735,2,5.439210831938941,1.2765410098107757,2475.5105036974696,2.319500341611977,32.55558892841973,-123.24747327205941,INLAND,3.456264929538397
6.885229317089953,47,6.4080257028553005,1.7217619521054255,1146.6558191401364,2.461736764882894,34.44037551398174,-118.57391331657938,<1H OCEAN,3.505201857812696
3.8514760271238084,24,4.672589118671608,1.2754506825886724,1587.3146698418414,2.36239162237817,33.8745958385018,-117.88494023795239,INLAND,1.7768317137115803
7.660902964821246,40,4.980522910160808,1.0973868664043667,1048.320576419537,2.3096578611043306,33.66442553462882,-119.55394658787043,INLAND,3.9279565805025065
3.9891421212764957,9,6.7628483118776765,1.8771126400794107,1486.2496704537502,1.858810577991291,39.523317317330665,-119.2368780808161,NEAR BAY,2.1132180319907996
6.207167139636725,31,7.58551623075615,1.3087156849556176,1987.109785806041,2.5605194594239196,40.12193613556792,-119.4736088192424,INLAND,3.2562870182958887
4.849010298831403,6,6.38418755431599,1.7239866455772836,1564.4898455080645,3.261768342857077,37.23516365220163,-115.646609486326,NEAR OCEAN,2.8161885759205694
4.750678819922057,42,7.11251936046644,1.3703498727351695,462.42706456386856,3.463565651396111,40.01195839958951,-114.89581543613934,<1H OCEAN,2.113874288392983
10.968884939161306,2,5.451352128269971,1.4226206547183142,1003.0852217782201,1.9804536464010558,37.072910130795016,-123.26254097330438,NEAR OCEAN,5.0
3.5808740228657583,18,4.438843279959711,1.0,5051.570641612964,2.0960943251437203,32.85670333750893,-122.93206213635347,NEAR BAY,1.7512889686090671
6.653456636388063,49,2.9712818493281197,1.0,1705.9506643258703,2.5211067704349075,40.66875758803913,-119.39404244465894,INLAND,3.2636920523412587
4.410892947660829,30,3.158607153378563,1.0,1000.9163826326449,2.0301802235676862,39.11133089253003,-117.50778131687525,INLAND,2.2954527081885465
8.02289801547538,21,5.28764342114495,1.3908674497038063,961.1416892483384,2.857516889836979,33.164778406578954,-117.53055760535224,INLAND,4.012124007907665
2.9567047097394044,46,7.70941780315821,2.0080308929541553,3333.7916643321114,2.9828187821858876,40.2962962066907,-115.70943400670296,INLAND,1.898740859109046
4.604027634688362,7,3.901243124478553,1.0,1888.1424131954839,2.988694292831563,41.39572058772919,-114.99784267354207,INLAND,2.790984575282739
3.5365305319062528,22,10.727277374974506,2.1936981834988907,589.0363823855303,3.3850399801591124,38.07455142962029,-119.24448493317735,INLAND,1.7545227602256306
10.870149893056155,39,5.203346167750345,1.0189010229762536,4910.948981697395,2.067551175623822,38.384413457873706,-115.7387165500361,INLAND,5.0
9.566508173827104,42,3.795449472820196,1.0,1609.2664900499055,3.1327899740123746,39.46148395680291,-119.1940719224233,NEAR BAY,5.0
3.8937501676666937,35,4.564844094665517,1.0,1584.9065626993195,2.852497526098563,35.92237752503411,-114.19565743339902,INLAND,2.7288252822550385
3.1907026865519454,38,5.377719794040846,1.4963446483318026,3504.835286187169,3.072473890501692,35.31577044182235,-119.99918286203828,INLAND,1.6296021840624517
4.383285675637901,7,7.823399305451006,1.966725596681675,1488.8553876468775,2.2673563732735444,34.345886663945855,-120.95907542966256,INLAND,2.5865771583804174
7.705239682950407,17,5.69733109440081,1.0410808003993388,1766.440767702241,2.1202132281728776,32.63149343138136,-116.3763230177102,NEAR BAY,4.657559481953736
6.115836070266155,39,3.3876027186299895,1.0,498.6492801419289,2.8797769567488656,34.70149201281941,-122.77007767237518,NEAR OCEAN,2.9518195147425526
4.5214232961694165,34,8.491155876951137,1.4806049630881868,1264.077115731012,2.2732192090024887,36.83221602740672,-115.2310877908688,<1H OCEAN,3.0789464710005126
8.989413429779743,49,4.4555410606403125,1.0,589.495664809146,3.2688517527924374,36.9980080424989,-115.96616586500488,INLAND,4.697091246709776
6.317943736946898,23,4.119936989543388,1.0550180793806578,956.0382682674075,3.499096592682395,41.69652457452456,-116.25797949651847,INLAND,3.639189245721007
3.684941109725276,50,6.2971486008106785,1.078480625105861,1575.4399753112011,3.244754446304807,39.17609461717924,-120.33081022921056,NEAR OCEAN,1.9366196515497305
2.1284749808358856,18,7.19298787297557,1.5429785602295645,312.00729670148826,3.0438050038911193,37.59148014150074,-118.25319247036842,<1H OCEAN,1.3431928534308668
13.704893217600471,10,7.142151622526979,1.8765606817136318,1654.015934659882,3.336226968953013,34.5559934812114,-114.25062126306089,INLAND,5.0
4.771693650655168,36,2.529021406093253,1.0,2310.627646927991,3.2936852010411646,35.00020066952284,-122.65485689001366,NEAR OCEAN,2.129822880493795
1.8637904794640072,45,8.266457623299772,2.257472326072879,407.09586925886214,3.08378228586128,34.03246417058809,-120.9728958505099,<1H OCEAN,1.5976766277697472
6.233037715904835,8,3.717307284059318,1.0,861.3000421225535,2.74836435929706,34.45701423317221,-115.23041370225445,NEAR OCEAN,3.5100584834173443
2.5643920049858373,46,6.578154463279724,1.7963434325087113,500.55022605535487,3.368151332919977,35.5167515021796,-117.22130444180632,NEAR BAY,2.0154592499844046
9.697339127904687,34,6.283039539824393,1.7094616913079475,1876.7462625822504,2.256653860387622,38.51155271962221,-122.84877500413548,INLAND,5.0
9.436728564151233,24,6.522940104751883,1.314451429379346,966.1550199816367,2.643921768835077,37.54797411857577,-117.9345602069036,NEAR OCEAN,4.409424123450684
4.911894080958142,8,5.1321745691733405,1.3335561779387644,2781.2339446300175,2.2290347196560525,35.85426565592565,-121.41489616456656,INLAND,1.8842580442092427
3.314156501720255,11,7.464510008695331,2.0055692996595957,570.9746436839143,2.48437860269918,40.26385486330812,-115.06294760470688,INLAND,2.529341278830443
6.793446506893668,25,5.555390153882872,1.491934833389101,1522.4656418572583,3.0931110495085017,38.70036861189032,-117.05520802068528,INLAND,3.7238484450716274
9.42037356427281,19,7.883288056408948,1.8024687571536318,778.109081475948,2.5349031238923376,34.487121918532694,-118.85024037883225,INLAND,5.0
5.21720829000362,39,3.5906869399980774,1.0,1353.9716605645772,1.9535554149368906,35.62133628737735,-119.52836592690389,INLAND,2.076501807180101
4.61003509358974,17,8.538248202652351,1.2831880533125275,1082.2992217204003,2.024159859930976,38.05098974623154,-117.60235239822985,NEAR OCEAN,2.4993977675122867
3.902079803559663,34,2.5547361020764088,1.0,2115.242264518871,2.110410934484867,40.63887059573277,-114.5940400149997,INLAND,1.6136457771022095
4.6740618725452725,25,8.42624439494572,2.237049248073619,1615.3002801995672,2.3632730479691455,33.149998429267484,-121.84408395535107,<1H OCEAN,2.6312089011994235
5.0925846462057995,20,4.6529056248300265,1.3024677748470936,2824.4736569264646,2.1660575736784624,39.770015456166455,-119.3445600878034,NEAR BAY,3.115371980263881
4.375574231607921,43,6.235415378725953,1.6116066023761584,1257.972942655723,2.6848822103921686,34.81843102042885,-119.59632887705841,NEAR OCEAN,2.767286544848563
3.5339549353139166,23,4.755756404156687,1.0,739.9738660446147,2.2670031156714843,37.87988624792355,-114.28994690543745,<1H OCEAN,2.174817418139439
11.504544782240893,24,3.963587346578458,1.109372857474749,1995.4963056122704,2.5075800257360727,35.134186783603745,-121.6349467531685,NEAR BAY,5.0
4.903804122577648,13,4.789715189902758,1.1789043964662178,1276.3118146719803,2.737074548839885,33.18245738397674,-121.14119093033526,INLAND,2.5520668678106895
4.30799406086129,34,6.898022151866778,1.8912492038385134,1126.6284712036768,3.3851507267931416,32.82766551993764,-114.18536940216985,<1H OCEAN,2.6316445938832933
5.9738278334243855,22,6.203748316144401,1.460704601329058,1670.918179820994,2.718702281984262,37.41727002897747,-118.1660632325797,<1H OCEAN,2.7214682732164652
6.093300472124065,2,7.668259138590189,1.076729333953806,818.0677397674916,2.780307809605886,40.417839302197024,-115.44912152448623,NEAR BAY,3.445298361316465
5.317728151542558,47,6.4730393384954885,1.6267237559989207,4260.793587855057,2.7051428805974322,39.14332579996548,-114.704670935331,NEAR OCEAN,2.8299765250991715
3.2772080341865384,24,6.173216853396279,1.2492220092510438,2652.0845961215527,3.1032634142305673,41.50745712960186,-122.71742354956318,NEAR BAY,2.283167813173132
5.450292078822729,43,8.403126583404985,1.4352594620244898,1698.7129122328038,2.033630628094799,37.43081832999161,-114.97628925918971,NEAR BAY,3.492203106847107
5.842303583785487,3,6.360922982637485,1.0,1581.7312041943399,3.357758842858061,37.1593144936404,-115.86703010476512,INLAND,2.556575297916093
6.325146884228249,5,3.880262190653394,1.0,1376.4594100868717,1.972582147782302,33.3038305773858,-123.81052671484643,INLAND,2.6905380733154454
6.1652189669642254,20,3.4559627695354895,1.0,955.830024839647,2.569005765078992,38.82501410263539,-118.02730247218973,NEAR OCEAN,2.6089824189449855
5.950768740012128,10,8.700782325799644,1.0614174183170488,1860.8323561102957,2.9784699525636777,39.105202815704565,-118.48239594923973,INLAND,3.608765301931557
3.377568210985154,2,5.39544827222743,1.0711967495512795,1017.042119377006,2.616500539828664,35.72757222792835,-121.7353074066195,<1H OCEAN,1.6154184253504342
15.0,2,5.647287128859741,1.0,3894.122563494602,1.8464786706964984,33.476253546374565,-119.37698083411188,INLAND,5.0
6.713227033797155,35,4.54720835757587,1.0,3404.7601923361253,2.7182100270781153,36.9682175303994,-121.59540758380734,<1H OCEAN,2.7451331963907553
7.702183250212371,22,2.882825067193227,1.0,1545.9076310177811,2.68309320747068,32.92805266755904,-115.544732626367,INLAND,3.922238606641873
7.205532791908819,9,8.893746637864805,1.3151039407103104,2443.8412251661484,2.6515856146283685,41.8444886697814,-123.59860975304154,INLAND,3.906491616667819
5.1857607305142155,43,3.4362247656238623,1.0,503.73391961660235,1.9239562320854127,40.475071027491495,-116.27779460598086,<1H OCEAN,3.2606016487983935
3.489595961036693,21,3.866711841368551,1.0,1492.1065354623242,2.4960360956592638,39.925796250472374,-121.69344169995954,NEAR OCEAN,0.857450326272803
4.958647550940446,30,5.0035996919615195,1.094763717502667,428.69984617379674,1.827518259363789,37.79474276907153,-116.30305749495994,INLAND,2.1544215973110497
3.5563063060621505,15,4.746311007158939,1.2928464464614318,1432.6893191785043,2.114927281478331,33.21089531668423,-115.20899764334509,NEAR BAY,2.349909721562535
2.759305677925764,13,4.554121967500546,1.154211513007994,793.6447882219152,2.8119268926465986,39.82945790001715,-115.02383079549287,NEAR BAY,2.4708534031794964
13.997278143447552,50,6.71788484946443,1.0,2412.298272851783,2.2362661761276064,33.35520142088046,-119.96948122137928,INLAND,5.0
7.888975658807042,21,7.446959305607137,1.5979917700361363,1411.2755429469855,1.958689603771869,38.48291198986466,-122.98232288101127,NEAR BAY,3.6648569926875494
5.723561244631677,43,5.466050473380561,1.2419095692467481,1050.8264635921553,2.6834579562563876,38.703588351521105,-115.82074947694889,INLAND,2.9660349019564007
5.637190119667544,5,6.052521036551935,1.0,1062.1707579575536,2.2517125864124328,36.108735621936056,-120.97329903767742,INLAND,2.754606935252988
7.194785912046414,13,3.9808247534715306,1.0,321.2053544387496,2.3660947255793423,34.61330994385516,-114.89291423832705,INLAND,3.641099539737193
5.1632742985858116,20,6.54967932327469,1.3463792504827294,2379.111258556862,1.9063520961755298,36.93644656850648,-122.08453150999433,INLAND,3.419877732988285
4.134982278469144,20,5.10087797104713,1.3263871966067182,3281.5923869019657,2.622711541754706,40.7486308790713,-120.9983105376857,INLAND,2.0466070466120003
10.062715698995369,20,4.9218499731039165,1.0,2223.571847901271,2.9442516311274867,34.57109346717997,-118.1432404359749,INLAND,4.807236535869389
3.6070959952545234,23,7.203064579128623,1.2631280942413587,969.7015390129062,2.3389340552864715,33.650864657325464,-118.70860457608481,NEAR OCEAN,2.0785440610258274
9.282017365467246,14,3.1220251025370716,1.0,761.5817693453603,2.5766262472220007,41.71128071763515,-117.75586778169932,NEAR BAY,4.860515366105838
5.505921132910277,36,7.323937941268201,1.5565189169194156,450.7748094106292,2.215081976655349,34.15194240972606,-116.8109436556281,NEAR BAY,3.263904903936417
6.098037201724238,11,5.469061127793924,1.0,1041.5386936445007,2.713660286265326,34.92506420633478,-119.13038401826803,NEAR OCEAN,2.8366274085747953
4.642505604419477,38,4.753274129725594,1.1610040882910113,298.52120146354736,2.312116499279785,40.67846134986156,-114.76659301041794,NEAR OCEAN,2.8366427414264397
3.2400423922491237,12,8.55676963382222,1.6345234123768804,333.8367428585775,3.1864077747231283,37.41448031322848,-117.42993869848208,NEAR BAY,1.9134212511659712
3.8998488368743227,30,6.9342832133970145,1.7352663353823938,2511.3324231563956,2.1790420326019975,38.17802475091506,-123.43997838254647,INLAND,2.116818288586681
6.221696473578595,8,2.6800624798989143,1.0,3793.509984827026,2.7620778876532777,38.811119061609155,-114.56119316217632,NEAR OCEAN,2.876696857043203
3.6701436584920892,31,7.214818308943579,1.4290099689034308,893.8792420926595,2.1686015228701345,35.34106901719081,-123.0890087249734,INLAND,1.7246017977807007
3.6915951274782954,8,6.578137495346141,1.377396438053325,1819.4657433924156,1.8626693982705862,34.04911342617896,-114.5871706157995,NEAR OCEAN,2.5514118299854003
7.5066586534948545,17,3.4000744162074006,1.0,971.8507999933313,3.269652477662981,36.553904908251,-123.58451759698474,NEAR BAY,3.6533164207116
6.5143693372501685,50,5.44350300021683,1.2788550147477142,2879.784171027264,3.0074268889513966,41.8508180016916,-119.44318037668458,INLAND,2.97937781906137
3.021731463400186,9,6.940623633240198,1.8212717752933887,1552.6442533213155,1.8945268919226792,34.44197467121721,-118.99107357428582,INLAND,2.4243478985279943
9.230333948740173,34,2.456963759460034,1.0,1999.5235121222279,1.9121057718791565,41.841028153035666,-120.49064759066488,NEAR OCEAN,4.406458627507353
9.604302680927146,51,6.902432663111234,1.665641736742289,411.12670191230524,3.474614993183959,36.32666490148187,-121.75248732957049,INLAND,4.619105715124393
4.831370885494519,33,4.913184716986962,1.0,1260.3273048526387,3.026954037448877,35.832870395874025,-120.51186035819296,NEAR BAY,2.7545776390467775
2.5125591621427215,23,5.268525407736475,1.3143768962415308,951.1771055123261,1.9398686763681663,33.52540333248689,-120.2385741292824,INLAND,1.5871648649037025
2.886065977066992,21,7.505143323189243,2.0696670420901007,3264.4885183441697,2.0934821320478036,33.081063933413304,-121.66885831193355,INLAND,1.8961035284469134
4.211013934054901,20,4.269850226669315,1.0,939.3617429188723,2.624740580544245,33.12197626320933,-119.79790333742152,INLAND,2.3522354674478674
9.286074381163179,9,3.694463587006488,1.0,1139.3090662266884,2.4851543367894817,40.00357473712232,-117.71497201290079,NEAR OCEAN,4.4926196106938985
5.816671818375837,22,6.774022503957124,1.6255824106451846,399.93515539003045,3.286094691916243,41.08061054394438,-121.06450771198593,NEAR OCEAN,3.743400055418812
3.137808509356627,25,5.740888147401389,1.4001054702092268,1479.650006681971,2.914567495481716,39.45076891749825,-114.87119929954815,INLAND,1.9914633204375116
10.501062065634938,23,4.809122771747765,1.0794890087657183,1432.1951966745114,3.4699240517101995,39.39947665525286,-115.56340990001488,NEAR OCEAN,5.0
5.326807432648642,20,3.2560326707218907,1.0,1109.7514873700968,2.273327788882279,36.185867805514036,-114.78832079831393,<1H OCEAN,2.2608759327972345
7.821671084913538,50,4.872266519482755,1.0717090875643247,3066.1417709924017,2.2858273855398052,34.97139342662053,-121.9709794628747,NEAR BAY,4.122154196614421
4.721745502322578,13,4.5399705190229795,1.0,1356.8992931513765,2.924864460234041,36.502096223729126,-114.86505804736734,INLAND,1.9594240876575
2.2942008734934776,43,5.12402205104401,1.3796700390854901,889.8267032650341,3.317160418232486,36.06561970939617,-120.5743993459985,<1H OCEAN,1.681584437885808
2.4663336054148957,39,2.827644506968598,1.0,796.0371017266881,3.2803177571043083,33.03704250992712,-120.53449452159208,NEAR BAY,1.653310725563242
3.7360086111530304,39,4.3498378518772505,1.0,2179.8420491333613,2.6699254018480096,34.59355309149337,-119.96296570484922,NEAR OCEAN,2.067199128709388
6.253518465418842,12,6.213875835016747,1.1171047405425192,466.99698789525195,2.4117298823118882,33.19598522787274,-118.28964696739884,INLAND,3.6258611484679775
6.617535982261466,49,5.377909122269819,1.080231822497025,870.4941614657376,2.0269714440824105,37.62235056954758,-123.23556813329677,NEAR OCEAN,3.8273047390085266
12.602867649972783,37,5.183462160191428,1.233197037752388,1233.5039587144538,3.018581091807823,39.73890152725537,-114.50969043792152,NEAR OCEAN,5.0
5.404559508948719,1,3.8903551979034696,1.0,1025.7760559893484,2.908882499914986,37.31444350657703,-123.30191889541813,NEAR OCEAN,2.559286411929796
5.222766595348581,7,3.9453001924390323,1.059475778576371,1277.0570830820297,2.9391134725098276,37.96258542594176,-123.06810307156745,INLAND,2.6852306530139156
3.5237961605261674,33,5.030938381557295,1.205279000922124,2794.313709169321,2.05166346867024,40.65565212138213,-118.34412315303526,INLAND,1.562979215532016
8.241880716764426,26,5.455369480691807,1.214827306625636,1123.469401660012,2.71556036268797,39.59875359703672,-121.29033697895542,NEAR BAY,4.549232792456641
10.486533203129758,28,4.078874915714845,1.0,700.7482782641046,3.238053497756858,39.56157072527225,-119.75290244824751,INLAND,5.0
4.11664937493875,35,5.814550403914384,1.543693161470303,3642.137131310059,3.0261108591092194,38.31570664172715,-119.0748353681895,NEAR BAY,2.3972952956288958
5.174165434915723,28,5.809324545565302,1.1673562743387131,1118.6128030393008,2.6076921285628263,36.497794654967095,-119.82314216913709,NEAR BAY,3.265430526359138
6.391276482273294,36,3.7513701570687514,1.0,1763.8381932179182,3.152891963611013,32.99240189810894,-123.8256963612799,INLAND,3.1517881044162532
3.796994406757716,8,7.581297196614408,1.8855146129660891,3500.678745333258,2.5168826027243925,41.53100887739863,-123.39740409042405,INLAND,1.9146231730807894
2.4551749994713643,50,4.101235483670914,1.0,838.9024513761789,2.8654516340621954,37.71641144636856,-119.86555164582191,INLAND,1.3686217516881354
5.821985867420617,24,3.977780608202819,1.0,4270.292451613875,3.0046573989470318,33.509021452377475,-117.61854292939898,INLAND,2.3442863177330864
7.0725798591396325,24,4.429238811943459,1.0843348463555018,4269.214196562356,3.3097013159449604,33.54901918732326,-116.92691229445812,INLAND,3.487702867206442
3.5898029557723805,50,3.206996284424232,1.0,832.9832471511712,2.2908306332097936,39.20764077178844,-119.1097223943058,NEAR OCEAN,2.090024483572778
5.422453419199207,20,2.5395798781107572,1.0,923.089734352905,3.0017200777254143,33.18555799882283,-119.74997237909001,NEAR OCEAN,2.8602053477898863
13.827020731104174,34,7.3135238895477315,1.8360170313222466,2160.6483272024266,2.169788840499856,32.99972145702287,-118.93019465645582,INLAND,5.0
8.976022981517715,38,7.054930120430178,1.0386313434900416,3437.1266331474308,2.660820021321565,38.508526725630446,-114.31582324071718,INLAND,4.471313377322891
6.854519395380958,29,4.0204530296976,1.0520323182242861,2295.7023093752255,2.6588544902846056,38.6755906295381,-119.28229996192253,NEAR BAY,3.9375947150028465
4.2909782112913275,4,6.59841986394407,1.5157502739934954,1303.984639735598,3.473669128011515,37.52960934803464,-115.42915962776425,NEAR OCEAN,2.2134886696208356
7.257325339991695,12,4.416061332712497,1.0,1896.448626875493,2.2521983011706848,38.07362413373022,-114.33478054397874,INLAND,3.2658557780361743
2.613993229220762,26,3.7781758364368887,1.0,2128.776470125388,2.326984565151609,40.61649588204216,-121.02390746467604,INLAND,2.024967333508215
5.221401263208103,35,5.080331822534561,1.0,1643.173958152883,2.813899064105284,35.276254778276936,-120.41899363365235,NEAR OCEAN,2.5127682057420224
4.316073674861516,45,5.063597100859193,1.3797593568120443,999.352912910215,1.8939618317829738,33.93050585911775,-116.58567629866906,NEAR BAY,2.1760022711530542
7.657319476069152,8,7.184496394988628,1.4424464198204017,2279.1351321118755,1.9520341902370493,40.120327295370465,-116.92513941871117,NEAR OCEAN,4.142327641044812
2.0490430035598037,14,1.4718049831974547,1.0,1129.8593171349585,3.4559117579812115,35.700960817190506,-121.6932064436102,NEAR OCEAN,0.6736735048819141
15.0,29,5.016531998723476,1.0,392.2832469342612,2.132396421752285,33.8546067082044,-117.7479943127518,<1H OCEAN,5.0
4.478442334373489,26,9.341503064388153,1.811079563251544,552.3879683548184,2.8293103372585566,39.88065235203911,-119.14700345536158,NEAR BAY,2.8410688299626097
11.29664611544912,5,1.6981258529305059,1.0,3113.474901994427,2.768233706642964,38.486527097267754,-114.89436673979525,NEAR OCEAN,5.0
7.578618159258241,9,4.538661252218485,1.1389360211128057,669.6380499973812,2.8778179111247923,40.40360674666537,-114.10669253791885,INLAND,3.9260312040323977
6.323044785606236,25,4.967878473445733,1.2220911326736463,1437.6595610984343,2.5764763784081826,37.075702688790194,-122.54599896964403,INLAND,3.802128516628472
6.0850092125548825,49,5.754091564960573,1.3467585941694424,3080.433662721668,3.181724840465432,37.639384229397116,-122.13951207868051,INLAND,3.285125367933477
5.657910222746588,4,6.750958821009341,1.6645130779130288,1506.57854380195,1.953556724305927,37.59593249043705,-120.39823465363442,<1H OCEAN,3.1716696320236766
4.397717707258291,44,5.7431934084363885,1.4583951846710157,5994.412359679718,3.128142079733302,41.738122115210714,-115.46851121263005,<1H OCEAN,2.3700722839576827
6.612366424881277,42,8.189707308167652,1.8423088516278912,1260.3162250564696,2.217589949307007,35.79622325390154,-114.06155370613024,<1H OCEAN,4.29149715523156
4.994329663003394,40,4.863160305769549,1.0,786.0508352964264,2.7761001681469755,33.17467826345194,-117.42246103815947,INLAND,2.8087825376992366
6.997575373159072,8,7.292879814560404,1.5058909750320277,525.3916187275794,2.028774411834604,33.779331399767706,-115.29070914175878,INLAND,3.3756123571615815
6.582562355594518,8,5.245525906677366,1.0,402.72330776599557,1.9660610440378534,34.149725931120685,-120.07597873107537,INLAND,2.960151995374638
4.568719000385264,18,6.828342889554415,1.5470729124505231,3661.633092085602,2.8160099399488696,32.7211597579313,-121.19740379865259,NEAR BAY,3.0033916758475234
4.361247795225292,26,4.410955245555554,1.1780171466118274,650.0169988878185,1.9908655097226355,32.8753317749825,-122.61239092352726,INLAND,2.4360993096994203
6.1707583046955,35,3.9814991558043076,1.0,470.72487963607136,2.163276633256799,33.509874017244705,-122.50625832491008,NEAR BAY,3.248743855315702
6.613770373240024,11,3.266375892082968,1.0,1062.5153749575784,2.097941434612018,40.54488337429065,-120.05224585143833,INLAND,2.718482194425395
4.381233784726751,43,5.065867511827049,1.0,917.4647246505539,2.9923903310378415,34.75388622524744,-122.93665033879073,NEAR BAY,2.7235553958390986
3.4765423209571034,47,4.298069920039699,1.0662521080579224,870.5593760955379,3.148546146499949,40.66911994223665,-122.09140632047034,NEAR BAY,1.9346146045795738
6.135441133677625,45,6.071991198311651,1.2455197849459854,3111.5066738392707,2.15966549048005,33.9870014832085,-114.88957399637604,NEAR OCEAN,2.9218666894253396
6.417639678926599,48,6.652496832287647,1.7268369863655855,1552.476669045357,3.011031416522088,41.352143736941045,-116.64984991771352,<1H OCEAN,3.7640146351739854
5.766905382359189,50,7.252453867566493,1.7474110336006794,2365.506585243942,2.8115587582765835,41.099163785181474,-121.79475178202651,INLAND,3.0283801857663777
5.245868895615024,38,6.898427542631648,1.2347760683057956,5957.789244327472,2.180353894998903,41.05609204368978,-123.05774031150918,INLAND,2.6035490440074307
7.824560158774382,5,7.3601653362215265,1.655787462434829,800.782731159363,3.2549667786747465,38.14666069182727,-120.34422094928411,NEAR BAY,4.319183850969532
3.5333069332237135,34,6.663068005221666,1.0596421086463415,1558.9563780293938,2.6617850416169455,35.68266238959845,-122.8105547213286,<1H OCEAN,2.0206184574820476
3.7542994807375782,36,3.5844222463304107,1.0,542.6968314880114,2.3895497260711624,38.65897296071038,-123.74970971359058,NEAR BAY,2.442084867064923
4.229514495026458,13,5.97511532452453,1.0,3645.990071411129,2.7550716028989948,34.67848662251625,-115.84735458169318,NEAR OCEAN,2.2956481006974734
5.193974715294254,1,4.267772126975608,1.0,1172.9445151396521,3.1190542560645675,33.56199860409531,-114.55558660600146,NEAR OCEAN,2.5498464842705015
4.113148566893413,4,5.258246855437825,1.301021694641518,180.81521767325674,2.0770617068930752,40.65770177279257,-118.95239532828897,NEAR OCEAN,2.733120633177878
4.152480322543942,41,5.419141304046578,1.0,563.8966790937293,1.9627802196282904,33.87065136125883,-115.46687215747536,INLAND,2.456136195980022
8.231005061756195,43,1.2687220413874325,1.0,3529.837524948067,1.898876666648625,35.11164725479492,-119.84115816229553,<1H OCEAN,4.059368933154401
5.274373812757966,4,3.7299675516077624,1.0,409.17707761031204,1.9733648945919198,40.73538129958477,-114.42921998977482,NEAR BAY,3.2051239598927985
7.853285560888893,13,4.649272649915419,1.2905179489609262,1256.1918800740816,3.488711627130086,40.23890013462206,-116.14187987957573,NEAR OCEAN,3.7694344506759703
5.485570856411974,31,1.0,1.0,1848.554523891004,2.994477363640089,38.406573643942615,-115.62565415889073,INLAND,2.504987855453493
3.972814229134234,14,7.724904072985356,1.9017568110590357,1933.415320115815,2.9350618129640904,35.850500570559994,-122.02122199611297,NEAR OCEAN,2.399887319720243
9.00924430208364,29,5.707204712688434,1.409222391750817,7074.0245595611805,2.762383545378415,32.99547167391885,-117.27964058126693,<1H OCEAN,5.0
4.56437302244599,14,5.697442330839988,1.0889434877330177,1273.1164683820055,2.4104868737078267,40.11799661951939,-114.04245291463528,INLAND,1.8858811416104886
6.375056708339258,28,7.2377521107028135,1.0,716.0515123081727,2.122119028100574,33.46068611611935,-114.90782570807423,NEAR OCEAN,3.3885319108584486
7.619430602097313,18,6.712510422963486,1.0,757.4083374782516,1.880763582296363,36.74500624082278,-114.50040317956146,NEAR BAY,4.263793656004588
5.027052691736279,4,6.716821204645207,1.2710508027549294,2857.6845621828606,2.8421363572183194,41.8417857637308,-114.1770559397817,<1H OCEAN,2.3153633519403294
4.884560676226171,17,7.243283407744808,1.6174039529776063,271.5740415325756,2.3543643496769913,38.346827508847156,-119.95521465585635,<1H OCEAN,2.16255981040945
3.8469917011211554,36,6.012471099259638,1.2387148234262355,1559.8797763699906,3.010350426745457,32.81231659923565,-122.1139778064042,INLAND,1.9860478041244842
5.73609780445693,14,6.05258152829848,1.4681067808191477,3896.702568944443,2.97591628881278,32.56923858842464,-121.4841403988102,NEAR OCEAN,3.1374048100534644
3.875978818496688,15,6.262176875872802,1.6443039596291948,1420.5278887727147,3.421554549797012,39.83202241159899,-118.56275180089683,INLAND,2.4900103183024336
4.830092393117354,7,3.256661861300587,1.0,3153.5411268390344,2.1310183833034744,36.38661986203964,-116.40005136084802,INLAND,2.828695449366741
4.653614746947538,7,1.9112066979654343,1.0,333.10721671622076,3.42046288148247,35.410101938767575,-120.32756033247415,INLAND,2.3664560554049476
4.233948256610035,40,1.9937161240378294,1.0,3070.30503380522,2.6442490699747454,37.386171041648694,-121.87918052016214,NEAR OCEAN,1.8624588419730215
6.156891773181897,1,6.6920887662554795,1.0,1530.435195787834,3.101762173553061,35.712250925253066,-123.85683789517954,INLAND,3.2867110837655926
9.133560266738238,49,4.599395130085103,1.0,943.0644143032093,1.8183794849898711,39.65573314782184,-120.78813225801106,<1H OCEAN,4.289755074642995
7.755499190598296,51,5.0360280152294,1.0,952.9120035899614,3.01170175496864,38.980513186848114,-121.72850661749793,NEAR BAY,4.257103147901881
2.279089934240909,8,5.770494264472436,1.0,4158.3559603206595,2.3784143539949856,35.291329464297654,-114.61364428760993,NEAR OCEAN,1.3162033340788755
5.564279592836538,39,7.91438913566021,1.0322565014786254,779.5284750563279,2.07753640487713,41.431418154947934,-114.89835505141232,INLAND,3.079013937434984
14.826495861343242,30,6.623505039425371,1.5924004947555435,806.2435226568018,2.6382251953819575,41.77164704660872,-121.13012184778925,<1H OCEAN,5.0
5.6948866432390135,44,5.842662058756586,1.2394149470667843,3825.920857903358,2.4291665729477803,37.92177872614745,-120.43781374319815,NEAR OCEAN,2.7101051316355056
4.70855233922249,23,6.20464391945961,1.686111767767814,1628.0622508671352,2.9829885945907266,35.073810534898904,-121.29401845110117,NEAR BAY,3.2149249001612312
9.71406070378293,4,9.307064908830508,2.4936201416329475,1849.4317669955435,2.1673355091130846,37.628530827233334,-120.58212783061082,<1H OCEAN,4.662742109368166
5.402288758828839,23,3.81437478464679,1.0,685.3490754689172,2.8474203026814386,39.486535595097145,-120.0621042386637,NEAR OCEAN,2.8195014650708603
9.255120528070446,4,7.864840015540602,2.027756870330339,678.6834420882109,2.699118470702861,40.08143182826903,-121.75509207721987,NEAR OCEAN,4.504827984878701
5.06828988542025,39,5.538305587903621,1.0,4204.084858390795,2.6816122120931536,40.55064349417529,-123.50038142193533,<1H OCEAN,3.113938512028766
6.590088977205308,18,5.366537187916249,1.3370909316331547,1664.4514240459837,2.887820021292649,39.78133268870459,-116.21745494007345,INLAND,3.311493468143671
4.105772705981788,39,6.564623277483976,1.4914140495031538,1315.0664296861262,3.2186935014033047,39.996550195861495,-121.95984898744679,<1H OCEAN,2.3747407432450367
8.562150735140817,37,2.3700870179776525,1.0,1078.001820529813,2.9707415532464,35.9861019727954,-115.48614436620994,INLAND,3.955874726528196
5.345376894478488,4,3.684671162818802,1.0,1206.2984893146042,2.308593012914307,35.90223877744911,-114.62128601878798,<1H OCEAN,2.827548680334451
5.795980880067311,30,6.166744452340751,1.484897379444829,800.0960694901397,1.9563834773875064,37.384931452746144,-118.35563934892511,INLAND,3.0320525761632493
8.325524211901552,46,6.278976576475299,1.0,1719.6259083194734,2.8991347266533287,40.54899186230124,-118.5428948199945,NEAR OCEAN,3.7014273977826857
6.72571420418036,37,6.471321787235948,1.5386319276779712,863.7068679208661,2.4374390275859943,36.996894539236855,-121.95695798651525,<1H OCEAN,3.4493976125521026
5.064159755713551,1,6.712383225698101,1.009809201357789,1013.1969270098991,2.8291825339303123,37.91058383504726,-119.65140574210176,NEAR BAY,3.3770871645578455
2.927116623730719,25,8.913533610405908,2.428539912885941,1799.984022820748,1.9184381166341373,35.60350163584418,-119.47233669107433,<1H OCEAN,2.0390035158907085
5.203867318034749,23,4.4048974717149285,1.2225195608863044,3334.628498029398,2.0736512684307176,34.133049287373076,-115.91780938959857,NEAR OCEAN,2.011226916341762
4.656276198405976,3,6.163044383517779,1.1468441641897338,2964.8902144564104,1.9955880675843745,41.00713919630711,-120.45788785125455,INLAND,2.6037955331482063
5.511058934197238,5,6.771970519886895,1.814216133135612,869.8472038179107,2.7708998982615403,34.91413036458754,-120.73558955696033,INLAND,3.010078595685255
4.975958488997441,34,6.135427376018343,1.0,1156.6763975572087,3.4276026987122834,37.51899436821345,-114.1395711966471,INLAND,2.9384308095296756
9.612408177865523,34,5.315558481203246,1.1626295325375615,440.3961823314128,2.3417484234486756,41.78920294287805,-118.5413917939136,INLAND,5.0
6.959955214920307,28,4.178373909668697,1.0814834125315307,1990.5445774870434,2.457572726248279,37.35138820005617,-116.66476015635605,NEAR OCEAN,3.1763074139911667
4.677026750703453,22,5.146991578597316,1.3013610157984001,2141.4990576193522,2.9253016120051822,36.46275818225022,-117.57439906629136,<1H OCEAN,2.4160910345178492
7.4749796237698805,13,7.705562755065166,1.360060218379235,1329.6144818247533,3.3794130412930636,35.24268439954529,-117.76897363847795,<1H OCEAN,3.651698606975329
10.454043143814722,8,9.229103934944309,1.400450535838553,3016.0650041208273,2.0007176986891615,35.26653041123125,-118.66425720048639,INLAND,5.0
4.108253633580682,39,2.539434008311199,1.0,894.3844101662812,2.159544100204406,40.39245589079633,-121.88732759962213,<1H OCEAN,1.873824521574028
4.936485142427804,18,5.532113536641384,1.0,1401.1016027262376,2.1242336216712214,36.92706951423444,-121.35067920299534,NEAR OCEAN,2.5801664117623044
4.033508030034318,36,2.471882328205836,1.0,618.720435545635,3.1550312910080587,35.0551039219075,-115.1405497960127,<1H OCEAN,1.8689950727945854
6.452574794736875,14,4.263018951123456,1.0041410407495552,1205.0023184144209,3.4262899157965476,39.938204378540384,-117.72836457165742,NEAR OCEAN,3.4263347460192994
13.981632334455279,23,5.90287707142783,1.144256494900263,963.7033028974181,1.9978134665907912,38.52762998140893,-116.5964553800783,INLAND,5.0
9.318923092642256,34,3.480765356553852,1.0,1948.0082595149781,3.140073656885604,37.78501175431889,-114.56399967142121,NEAR OCEAN,4.3395889481778855
4.743502691553229,37,4.737215048622169,1.0,1028.5138922466197,2.2663020366413953,35.36159876094934,-121.694506307233,<1H OCEAN,2.722006678016052
7.300762010606734,35,4.47685783563916,1.0,2860.3060552213633,3.3019092036162063,32.8057947035127,-114.07590088405999,<1H OCEAN,3.4188462732705625
9.53310910490656,34,5.828888767314979,1.2491102814031227,436.0471962958524,2.7898526928443435,37.18161022472704,-121.09120541794805,NEAR BAY,3.8084150413934506
2.6319818038161813,29,4.781981560312637,1.0,1903.0858553520711,3.240312936566905,38.65250005436198,-121.65390321505623,NEAR BAY,1.8570210441806225
3.4933144316837192,45,7.490487465160724,1.7752085697825966,219.16481553214862,3.114865743440002,35.4670372480994,-122.40272283761803,INLAND,2.2316319625035477
8.324307519734411,40,5.388914283331295,1.0,1224.2448440853834,2.2742455884341055,37.51939450726153,-116.79067944742741,<1H OCEAN,4.7963257236887635
2.821197141722616,1,4.0075121883170945,1.1029879457975036,2843.8626227925665,2.816332832890499,39.39256970405887,-118.20220750311023,<1H OCEAN,1.7594894871719664
5.653507700711802,2,2.8241953796825614,1.0,1228.728682986725,2.9043941062344762,34.593003075602866,-114.47438168620226,<1H OCEAN,2.632144684980749
7.588039696433443,41,4.031614044916265,1.0,2910.2594150808836,2.498271240235055,35.48281664167278,-121.83827867422103,INLAND,3.098735117956876
6.326387106273545,34,5.144104955440684,1.0,689.6223446694208,1.8692226821940632,40.32840395016494,-120.6397091025784,NEAR BAY,3.5919784490606483
5.246835254377535,9,6.338944696880027,1.409350995407306,1481.1645546856503,2.8135870017203244,36.35378142303043,-122.06267253207372,<1H OCEAN,3.170042353468996
10.165286025777206,34,6.6991410533350795,1.8356779270952035,772.6218174232523,2.4190488619104578,39.67137075926242,-120.50554731965457,NEAR OCEAN,5.0
7.969684449988093,11,7.037169466206892,1.40701597269838,3445.162405551773,2.1732716043928035,40.19814372879104,-120.14037666470115,NEAR OCEAN,4.1505915186999465
14.770249096278375,24,6.435048039869132,1.292166720326981,758.7022120308526,1.8867878570358603,33.293638107873036,-123.75775021130752,NEAR OCEAN,5.0
3.307290620403447,6,7.129476993104501,1.2563459264103982,697.4651816796362,1.9767946226559336,38.90364550584495,-121.10217269593399,INLAND,2.069763223498301
4.3190223051516226,43,4.902548772555504,1.0580813060358192,3003.173249674809,2.1001279018549064,35.691377338828445,-115.49638280512619,NEAR OCEAN,2.5360891862704817
5.314763578188743,1,5.17114150946137,1.4261203405112066,581.9673180956485,1.8638179127396928,40.45689440818835,-122.84245009376902,INLAND,2.908155439439337
9.83246404136131,4,4.454461262540353,1.0,768.1546691269574,2.0808643289587043,34.20747465038592,-116.50129093156971,NEAR OCEAN,4.313128957333779
7.645631467790184,50,4.123320895375678,1.0,1883.880927100909,2.3183922370721866,40.89983218385486,-122.59799127603551,NEAR OCEAN,3.7651636056469693
4.560985612799869,39,7.813068765779583,1.572470453474796,1522.9655243599307,2.0799133802696135,33.60950557956741,-117.13013019334718,NEAR BAY,2.8211602938325657
3.524197108654573,14,5.1702568518244805,1.2478560189622088,833.3595443925963,2.1136183207361743,40.436878639234045,-122.31890023967644,NEAR BAY,2.301940088960477
3.353609186804697,17,3.552065076624216,1.0,1221.336758135197,2.3928098772164033,35.09333310462437,-116.85139058615569,INLAND,2.08230943073651
11.9963906695286,7,4.025466328186916,1.0,4212.597769562656,2.329127397795429,33.067640756476116,-121.74053858906635,NEAR BAY,5.0
5.4157127000392995,2,9.05350670955699,2.28881167317727,680.9594537085692,3.0765554313711014,34.634157111464035,-123.75576966206182,NEAR OCEAN,3.0146523179026157
5.987351216077162,3,5.913379579736255,1.1473826771266367,1316.8875596472476,2.098017310497478,34.82233724284869,-119.89056302677245,INLAND,3.2166325873857877
3.499408309232778,2,6.276652524247876,1.0,1087.8423117197158,2.5459828570645624,36.228751654543146,-122.72356453821924,<1H OCEAN,1.8211144538477575
5.55130673351055,42,4.577827658557371,1.0,2523.765353211768,2.2198334986968624,36.0382392026308,-123.23152822692556,INLAND,2.4143825469652556
3.7231153279465303,13,1.7009869104253617,1.0,590.9849368976529,2.9768390860752816,35.346372494444324,-117.36201965782804,INLAND,1.5897630626015564
5.808205977326684,24,3.3295850097658106,1.0,846.6026710515939,2.137935844920583,41.17183778058108,-118.21343457267116,INLAND,2.7919289057015484
4.713102153925683,30,4.373249600163233,1.113878711548866,1058.565182399466,2.650107664828272,39.43541994222302,-116.61263377512363,INLAND,2.602534699105788
3.9689665573727515,35,4.421019973956261,1.0,841.6749510450729,3.478937179151959,35.066437310564496,-123.17056724209792,<1H OCEAN,3.129465284274393
9.384068777662382,32,5.4644541506035145,1.0,1739.6412971627733,3.134094613711044,35.39882709607072,-121.547348764946,<1H OCEAN,4.787190545005142
9.735213080402985,26,6.898672852702246,1.2709770718996527,2068.9811937676764,2.0177925262795116,40.11744006927415,-117.96344089236997,INLAND,4.52607911789321
6.842774621574421,6,5.51802813585543,1.5137251571305097,1727.6904203638433,2.470689677317627,32.542321368119794,-115.73082024796446,INLAND,3.569736656403643
2.4404610120183263,24,6.194678139179982,1.1767835908412483,416.2218082751561,2.865875437674002,39.56130216532873,-119.98500384775953,INLAND,1.5225336527898352
3.402618236480121,15,7.025025164545113,1.612455354254353,1056.916347061602,3.1894285474578554,37.327737446837695,-119.27111041161888,INLAND,2.5198646042684425
3.4675520431551017,15,7.931231890110954,2.1714660973416486,1117.4750050498587,2.343205363987875,40.748922080909836,-120.57412749812136,INLAND,1.973400062334669
12.758865291691631,6,3.8921822202535687,1.0,623.2721270634456,3.3464996588784217,41.70786933686186,-116.61833300940714,<1H OCEAN,5.0
8.818723730188058,11,6.169731251361125,1.2855360293373699,738.6430415272511,1.9867921867716705,33.18271259499343,-123.23214797858941,INLAND,4.838169131340345
10.089841503862937,43,6.247515542157326,1.2655339486633874,4148.133826210106,2.1340326313510856,36.03069325356769,-115.19125346242326,INLAND,4.976340296885592
3.908656342288169,29,5.908666875962293,1.3280954156448255,2215.3834671120717,2.617785136450083,35.79173027957739,-114.80063231138419,INLAND,1.9890103780925361
2.744945165063861,44,4.775584827341058,1.0007805971605523,596.5374560182416,3.47282292939093,40.52201147851003,-121.07418951502746,NEAR OCEAN,1.925911076546487
8.649334791810935,40,3.7984660316548613,1.0,2002.589019343775,3.275769905265875,38.892675967315824,-116.47300947880353,<1H OCEAN,4.094539560507527
1.973253354536238,11,5.175003463257347,1.112297815256191,1912.8958298258672,3.128605904362522,40.805421100765486,-119.24160273363181,NEAR OCEAN,1.8530507900886204
5.676863989785527,51,5.867175136815565,1.6191757004397893,788.2823999296963,2.335941842379712,35.452734089202245,-120.05908384656605,NEAR BAY,3.2221770941197967
7.183766089778426,46,7.266231692393704,1.868160231282817,1804.1241457477136,3.050006200082789,33.833408730717906,-122.24608404885986,NEAR OCEAN,3.753995578483193
3.306730680063561,36,5.202003907981609,1.0,969.788563527405,1.9467251956831744,38.954457712559915,-114.17879179480241,NEAR OCEAN,2.105440499475081
10.798003151461241,5,3.453235149860521,1.0,401.9905642591027,3.081587580995598,34.90184745181864,-116.53084564666011,INLAND,5.0
4.81545313574788,39,3.743862872298759,1.0,981.1006373756677,3.01330578776132,40.46751120871778,-115.56803528829144,NEAR BAY,2.304519488769496
6.340389663653269,28,3.4189994784873985,1.0,650.5601660785738,2.63570851099688,39.522932409564945,-118.59828055527242,NEAR BAY,3.15111487880638
6.957403531647105,47,5.290046135824914,1.0,882.7090921930622,2.292068067589417,36.437946090282054,-118.66850600022819,INLAND,3.3368793253022537
5.961951355620887,37,3.1043938957343418,1.0,1836.0984597123627,2.5764579073748894,34.260462572954445,-115.48030258701183,INLAND,2.4438771230972525
4.250389365320577,1,4.107629976335395,1.0,1837.3212214457578,3.130759997178485,35.70477148496342,-119.75293046697885,INLAND,1.9503503332210042
3.799539763267577,21,8.178209108945158,2.161751866839282,1690.7665705161692,3.4773503134650556,37.807233951196054,-114.1870310698936,INLAND,2.430709181401281
6.497711825662953,4,5.148003873486584,1.0672806809972377,1614.9605199424443,3.224147307736961,36.94485801294726,-117.12846300445605,<1H OCEAN,3.5494239959057015
7.260008863037763,5,5.578144494065249,1.0,663.7836243702626,2.837123741237259,38.10408081579033,-118.54907505178409,INLAND,3.6640384581584318
8.500173563132805,1,3.2253151139630707,1.0,792.890972227332,2.472436618709858,41.461505242238815,-115.22962061071573,INLAND,4.3789529665718
5.1206897392925,39,5.359893631603166,1.100118939106016,2828.130766134039,3.0567441867695457,41.36633255587005,-121.8051713481414,INLAND,2.4147605586579
5.6736121445038155,13,2.6227927673244875,1.0,4239.101281741298,1.910807451093095,37.93413351175752,-123.55971401636519,NEAR OCEAN,3.368107214914958
3.6796565300477746,41,5.677944506137261,1.0,1326.0445236260591,3.0812749457312716,35.14843252586632,-119.99053297142788,INLAND,2.550153964694184
8.672370319506827,38,3.318608943941976,1.0,1621.060258431695,2.36935204822026,33.75287278104398,-122.37042170155595,INLAND,4.406426636285297
3.7398058960922986,17,7.689703054177132,1.0,5311.144070787069,2.903667431237012,32.98466470166451,-122.72633203848643,NEAR OCEAN,2.3688243042706385
7.137285797427635,34,8.728301196458828,1.5764473440078595,1012.0543316265284,3.1286607279023246,34.141460100782375,-123.57511858338263,INLAND,3.305626169351864
8.638615091840103,2,4.3414076795300875,1.0,1487.6820708029056,1.8048223976844366,37.290682746791774,-115.34673046347059,INLAND,4.73289709003067
8.57334539728218,11,2.7821462259986394,1.0,868.9397237592017,3.3818742365944825,33.278776509622766,-119.55551327128694,INLAND,3.812870018770731
2.9660536025369892,47,4.676144412179267,1.0,336.4252626233833,2.3913679669953893,33.28440547787035,-120.95696111323835,<1H OCEAN,1.655784129207865
2.7322839503989274,2,2.635504665559408,1.0,908.8007704481334,2.448829744706768,38.440542930920365,-114.91911141406378,NEAR BAY,1.510025096790159
3.61989648047057,5,4.850802424132338,1.0,1705.3494767862328,1.9721425594184507,34.272527343067466,-121.20733269394304,INLAND,1.936385702060161
3.400186350069035,33,3.9370888844539538,1.0,478.5473560364269,2.900471594111923,36.3439280165783,-123.75991202940176,<1H OCEAN,1.8360346345135952
14.15845496433577,14,7.388178033553386,1.0,1848.30199801263,2.515966305065799,35.06599135822153,-117.0109728426979,NEAR BAY,5.0
6.4658948966346985,14,1.9174781242191297,1.0,576.0576409757592,3.40600989414387,36.805915476303454,-122.298884511358,NEAR OCEAN,2.9955142256335847
3.097248062186634,23,3.21703568800426,1.0,893.5181467504124,2.337902896518583,40.256871080252246,-115.17050900404242,NEAR OCEAN,1.5891048255388744
3.4976352264080064,49,6.933066348107928,1.902910477748377,1176.0949111518014,1.801035655494303,40.39268720317963,-116.2635505807894,INLAND,2.3207723616672937
11.070562503090443,23,4.426105885600008,1.0,732.4352751575419,2.624515591834796,32.57960929466944,-123.03426992442856,NEAR OCEAN,5.0
9.801863969765412,20,8.04144265823021,2.251403672841238,1362.2488952156434,3.159622129841644,35.01200914387651,-115.1544949141531,NEAR OCEAN,5.0
3.0163900854942676,27,5.52438162316617,1.0,1240.681371213445,2.143233818545129,38.42185219575391,-121.72829335063628,INLAND,2.31584331747632
7.75823796508272,29,5.848500616895577,1.0,1398.0362306559139,2.3615069447456682,37.191855411247694,-123.87762682809038,INLAND,3.8165169913828842
4.75080631264073,11,6.00515409428413,1.0851714719128585,3478.029363029412,3.373368412333571,41.6575599323743,-122.14576645735595,<1H OCEAN,3.046762954491831
4.994429757508826,4,6.150699782781764,1.0622551310519521,784.1930277141972,2.0992070881721583,36.01523651580308,-121.65065873316365,NEAR BAY,2.9878806145822505
2.9751657345024745,20,5.122877838049777,1.0,1820.4267419029293,3.4181982338720798,38.3950197304333,-120.21100893994362,<1H OCEAN,1.5225228689136043
4.584562687931167,27,5.200800488147682,1.3571544076264976,821.5469253414774,2.822266550956825,36.56041671001895,-121.44305969055861,INLAND,2.189587925885424
3.434770591759022,48,7.550200226977488,1.5796352237002638,1348.2734890997035,3.0267782340371006,37.71805329169262,-117.63914000267559,INLAND,2.3397520861186996
9.673857022533754,15,4.220544867653151,1.0,2499.717600529329,3.3984676943238474,33.62968583223149,-120.13177736210784,<1H OCEAN,4.81383351240264
3.5399910170297164,46,5.77211062741576,1.0,2546.630969240209,3.2555921667858674,37.195596703172185,-119.49854674160949,NEAR OCEAN,1.9674417735734933
9.22084111020705,22,4.792938463043545,1.0,990.9830763463275,2.0081079726814335,35.799533344563365,-117.19582894747725,INLAND,4.685371559393845
4.5975288774941205,5,6.577989406418073,1.0,2417.290382189046,2.004224959189076,34.47328742062595,-118.47313211961831,NEAR OCEAN,2.392454966927304
2.3053216089095043,2,7.662869094422014,1.2282500239395389,1610.6664652634352,3.1117475653782467,36.57849024660999,-121.67629714704721,INLAND,2.211820013790603
4.06514742528268,40,4.593243453979538,1.0,1449.612246510078,2.514742982037883,39.55523440351723,-115.21405215250691,NEAR OCEAN,1.953603155116783
3.0876316702115023,27,3.8146918125115192,1.0,1603.2089909829442,2.661805738185657,41.98701351897758,-123.44264958081234,NEAR OCEAN,1.6923149176071088
6.650259153274523,29,4.212399190876156,1.0,1318.9357804203864,2.982500596054427,40.62796808821316,-118.42170131203704,INLAND,2.672897214419865
3.1528929543139883,40,7.055131693232591,1.8490500662178053,760.8073751601587,3.1054364586425285,41.745675920197215,-120.02762548984953,NEAR OCEAN,2.466946785877477
4.35085029949366,2,5.916822030239532,1.2392037811354495,1224.0132684283417,3.4388923887628726,35.293149401676324,-116.08407534425967,NEAR OCEAN,2.9230304909560973
6.148936142388693,5,5.3634015596406,1.0016435182272818,3395.4155723399253,3.045906365400983,39.10887262017828,-114.05518349617296,INLAND,3.0970900718103205
3.0931869563178704,41,5.16721396414582,1.0,894.6099709728718,3.460967189528167,40.01824467403544,-118.09712262667931,NEAR BAY,2.036360270538601
9.915103057038115,21,4.290052002910029,1.1196739237459659,10986.463460352366,2.1972926920704734,34.80539047557651,-119.8064816766902,NEAR BAY,4.487599187165404
5.81005830501924,8,6.954468847905353,1.224698497613116,822.1784993523374,2.8144430231377537,38.49181507114211,-118.96748895124533,INLAND,3.000857702603593
5.512774422461069,38,5.792656524649645,1.072754227510099,2362.6863049632916,1.9198236090399323,33.87483947778363,-119.13727316528274,INLAND,2.919222860568227
2.6898109176977383,13,8.523550270455772,1.1258520251989546,519.1805060123199,3.450998268861569,41.49880553317762,-116.66324019568086,INLAND,1.834888304232767
4.1918745145227065,27,5.444437088037973,1.3933332268983014,1756.891397714379,2.51898247276047,41.50433140993397,-123.94546084161472,INLAND,1.631215950085973
4.674967134101903,4,5.936761671732365,1.0,454.8913149239224,2.4708586152490035,33.98559765849956,-115.74313937945995,INLAND,2.5683805656198313
3.041414546420025,15,4.707894729823904,1.0671665171806777,2387.9911892636405,2.9671523882320994,39.086251665788375,-119.12995709209135,<1H OCEAN,1.540557719095953
7.788876769406629,40,4.397638275712645,1.0,1367.3585146186583,3.173845964595718,41.77245566054377,-118.88354654746041,<1H OCEAN,3.3984333947228005
5.351739057108045,2,5.378775960337288,1.0,2557.574507372706,1.9494364856871107,33.19632060712617,-115.66341058973333,INLAND,2.4029703526458057
3.5681288932488235,37,7.524918165980582,1.074071965753522,613.1428027039915,2.7812041360104796,39.99439828097852,-123.70453104448734,NEAR OCEAN,1.7883771021483768
4.50617770850332,2,4.69948074737947,1.1275976128260496,1525.3850720365242,3.3443735520924207,37.2920131583717,-114.7664835430883,NEAR BAY,2.8555398597275303
5.342595025616077,43,4.6701647642658415,1.1056883817109475,1997.5130093906832,2.9300611912713848,35.70489368550347,-123.40107926774745,<1H OCEAN,3.400577881252654
12.873250078314086,45,3.0692133790332026,1.0,1986.1320273578874,2.086504006151466,35.845748745334255,-119.9501535322403,<1H OCEAN,5.0
6.27989612870973,26,9.708708360469654,1.5036701139232502,752.0018323300778,2.3438623195556407,35.93852183780362,-114.83571975162052,INLAND,3.387907566547794
3.64214011929779,42,4.483763422499308,1.0,1474.616543238737,1.967991323820442,34.29356381713175,-114.9546979829721,<1H OCEAN,1.419320557796744
3.8849802136095333,22,3.0658941699345137,1.0,961.0618738712179,2.3894485491603077,32.76629706256645,-120.8379249295615,INLAND,1.7597587146954088
4.364180902511413,35,5.79704987728978,1.0,1525.8905639326808,2.7969713736296087,37.72025338521069,-123.3322017958993,<1H OCEAN,2.010582863136268
6.786667433219499,29,5.9159617362784,1.6221379500563191,452.54391490843625,2.718010560367922,37.23039211204615,-117.9454896131431,INLAND,2.63127122639185
6.249279219756779,28,6.838547064227276,1.377108063609694,3509.774876130922,2.713783994975214,39.2371403875889,-116.67846019591843,INLAND,3.490765117755083
6.473138100367067,1,5.820182614542086,1.2996323132659722,903.83143709487,3.3082602770879426,36.29511267691164,-114.9499557912086,INLAND,3.1357181629622173
5.002783153212164,31,2.5124817430179274,1.0,1837.0189222711563,1.9715295706555436,40.89345685876541,-123.65086620374382,INLAND,2.42085703172556
2.594619030899733,40,4.204076922517549,1.0,629.5856126717251,2.698485348489233,39.462197861024535,-121.05686709103064,NEAR BAY,1.7028042913606187
6.6670524729399805,50,7.30767718609705,1.9450366129188759,454.65534649158514,2.019209005642297,38.61367366348404,-116.00253909874736,NEAR OCEAN,3.3654410088518545
3.686141152936113,43,7.074964475051484,1.0,2071.1334723308214,2.0120082924254175,37.05858307132428,-116.00220169728527,INLAND,1.297837801282805
6.658244246013557,20,6.223106505783398,1.2778596424818274,2042.1224483488484,2.881028579595008,33.958482117478106,-118.22150049968143,INLAND,3.095476070626556
2.9982036470038773,4,8.001079454955185,2.0241224852280872,2329.7552389520197,1.9059776166040603,32.98976613889659,-123.37644404546856,INLAND,1.48200735915465
5.190108098994381,3,5.097129548696862,1.3291637146344306,1690.5101476400741,2.2313761752487986,39.2028157486791,-118.13338348506792,INLAND,2.372924320124141
7.284947741594465,47,7.465889672174065,1.2143475083369537,2883.8412289028265,3.3940887764033953,33.450186328566176,-115.7490624507708,NEAR OCEAN,3.6105574240480673
12.778409439559434,36,4.753910635402438,1.0,1675.104275346425,3.04422566803926,33.52910892106266,-123.79340053092113,INLAND,5.0
4.110553836571268,21,8.444893937753971,1.3586120241208322,735.6610936985476,3.301696885067589,35.34686811206106,-121.87995231235655,INLAND,2.4099423289680897
10.0732084521383,5,4.627784146895353,1.0,6392.381161025874,2.3528312853224564,41.22266214603043,-115.51139200888836,<1H OCEAN,4.575548290951258
8.346020495077106,13,3.514737011926402,1.0,778.8495861135359,3.35678648554385,39.03037785529336,-121.65664832250563,INLAND,3.9906312401498774
4.466087514520104,11,3.445594165119083,1.0,2316.37844188952,3.00273767334816,39.172855227642344,-123.4199845685607,<1H OCEAN,2.219312738767563
5.282213163279943,2,7.857998022290889,1.356441451214977,1851.9472998456208,1.896721635168821,39.73132533162916,-116.80835476221063,INLAND,3.3844626863951524
4.113623159740638,14,8.048379354794946,1.6180765827411359,2669.7524499852166,2.857785418016634,40.00477237218466,-116.25251761444008,INLAND,3.432591009886535
3.793267037202643,51,3.9015283830258176,1.0,1260.167624472168,1.8556988554151628,41.95434654140501,-120.00493117326559,NEAR OCEAN,1.3744596425882247
2.7381959027513543,47,4.34093510335197,1.1400986666832855,1666.6738451962685,2.6457364001496457,33.303466535913145,-116.7867210645658,<1H OCEAN,1.7543558750832307
3.3739484666511346,34,1.4220996241771227,1.0,891.0314310342487,1.9414293710948631,33.51811831063191,-118.28544951149446,INLAND,1.0095764885646648
1.6840308508092323,15,3.388501478387079,1.0,1953.2485060433555,1.8257296135412853,41.721779287955826,-121.5351506455771,NEAR BAY,1.4329174169343417
5.616342482262811,32,5.025722579736398,1.213894477252044,581.5090075213607,3.310923511234744,36.96416647899178,-119.8400979655853,INLAND,2.2602184149926057
10.456879761647459,11,5.011684062800727,1.4022177219194794,3057.93851316665,3.0639081963852486,41.04804952703285,-117.89612143068113,INLAND,4.915669394626759
5.93126387802937,8,1.9240370533815585,1.0,6174.834565983336,2.2062134633878117,37.64025231832138,-115.5038391274303,NEAR OCEAN,2.3828569243172613
5.440609283167071,13,2.994175205774425,1.0,2740.4531455134165,3.066551649748577,39.092240330643186,-121.60371747455744,NEAR BAY,2.8903232108034227
4.048498051929406,41,8.645114346786755,2.063319855180818,348.0708412724948,1.8145449212665252,37.57172699656128,-122.6985019378739,NEAR BAY,2.4564004387667686
12.556974069745513,42,7.44492793312438,1.919020417713862,947.9002261087801,3.441843091729506,41.409603897947974,-115.31581018264447,NEAR OCEAN,5.0
8.532059516961114,31,5.725974945329815,1.1750885351753744,2536.1897264184026,2.4088686262289842,33.573942259973435,-114.47665506288895,INLAND,4.1445981155330465
3.0187100858396145,45,5.777057162743565,1.4572422406545522,648.0684633864971,2.98148208273592,33.315911951622944,-123.47737731532347,INLAND,2.0716608901345683
13.715056578950417,19,5.505522719390448,1.4386201658706337,558.1519862179696,2.4376315903372827,40.893112642347816,-114.37718886365023,INLAND,5.0
10.673527831145117,2,5.286552281241441,1.0,1465.9250698852095,2.7213673928128226,34.181724481975074,-116.57939322151026,NEAR OCEAN,5.0
3.346874188989242,32,5.5214609707742515,1.0,981.6896526561791,2.1738249951538604,41.08892702480657,-114.77004647305203,<1H OCEAN,1.7557398926969716
7.650541244643904,38,2.8285245891881896,1.0,946.2631243182133,3.359981653939399,32.521959650571276,-123.75200107790435,INLAND,3.784599630851373
4.948388184669374,8,5.061718756546519,1.0,540.5085373823836,2.9708577079525478,41.65874453976953,-114.57915704620436,INLAND,2.1367029912519477
2.2187034485798427,6,2.061335138642305,1.0,4029.6714422189984,1.9200481432606207,33.83990131328706,-122.18859031556622,INLAND,1.0602701889005206
3.5686347882649265,22,5.146578925884908,1.0,709.6616996528705,2.1747033919660517,34.07832921474856,-123.2084214260815,<1H OCEAN,1.7630693531839519
7.584733504441876,33,6.209830504730508,1.474402420792481,1012.350825892936,1.9400287598687898,34.49105858596518,-115.38997218810407,NEAR BAY,4.405602087320522
7.166482665966361,9,4.537725208052257,1.0,1758.960264939155,2.0436656554536587,40.12135567022634,-116.04268276929635,NEAR BAY,3.939520807738676
15.0,34,5.927161348005288,1.5299075147675714,1154.2928931882336,1.8944837788006395,35.98206600596117,-119.52536801738842,NEAR BAY,5.0
5.845646318732087,6,5.31760599489916,1.2050780386765572,980.8980637556945,3.4576718129664443,36.74978769926313,-115.52170474389848,NEAR BAY,3.0165545976699626
2.385457788577674,16,6.253380400843188,1.1196419383276617,2464.950903522459,2.921994477721026,35.79287000244037,-115.16363024717776,<1H OCEAN,1.7904281723530326
3.460504474777136,51,6.1015991183037475,1.0,1700.1433918358236,2.757645046742051,36.12187431854629,-123.90786425482834,NEAR OCEAN,2.1530133264304605
4.395647108503764,3,4.046917696529363,1.0,1652.6653807749308,2.925006340781194,36.34651320313813,-123.38555865704556,INLAND,2.77307889999712
4.69768397326841,15,3.0736066882971866,1.0,1018.1586096048176,2.9893565325476112,39.778378334912595,-118.14363654852005,INLAND,1.1226011267544667
4.620590543704887,16,3.199642146471127,1.0,570.4388052824489,2.762283579132612,37.88667243136538,-123.57736078607448,NEAR OCEAN,2.5390150286143003
6.186459507610207,1,3.9397336762527555,1.0,2818.396682804369,3.147259702474222,39.98729527208154,-117.60494906312174,NEAR OCEAN,3.215748064679287
10.484720988360971,34,6.869136150999683,1.007422312803567,836.1972292114357,2.7868685288158286,37.93055369247541,-120.55889870908912,INLAND,5.0
6.3825156105023915,12,6.727036999951591,1.4385975879797408,551.0183082850003,2.043539366299129,33.01620757046679,-118.96709423401708,INLAND,3.733975520728181
2.2428920944843274,19,4.692845443893324,1.0,1054.4432842901367,2.0417626070889683,40.722457115310945,-114.83016351185063,<1H OCEAN,1.5953372484980568
6.289689047241463,19,4.997540420852108,1.0,1277.261709814892,1.9460549136625893,34.50991108277748,-116.56441087201571,NEAR OCEAN,2.990422645370464
2.3674666340640727,42,3.226948181073337,1.0,534.0026285561964,2.135156830544447,35.00753774653474,-120.40155496660073,INLAND,0.8575941202195339
3.961031724361355,1,3.3363863128117255,1.0,999.1518734847687,1.870916529488476,36.427537468326136,-114.98454036596674,NEAR OCEAN,2.1911629448317935
11.659921790104192,22,6.201345814066033,1.1994973969077163,1321.6533101815392,2.5338173729709923,40.24950283122481,-119.17751155434624,INLAND,5.0
2.123261100695237,33,4.7633594859936865,1.2799077760542148,576.9084437885147,2.1390019198763155,35.253767581571154,-120.19288572219698,INLAND,0.8386981171211676
12.797023396224379,45,4.927159602508828,1.0,2751.5718419676173,2.853517396779587,32.805097794178195,-114.59850027799632,<1H OCEAN,5.0
6.705500625426029,27,6.631321971114204,1.1263982283951768,573.6534082961484,3.4479176536549163,40.32506875623708,-123.79199724620959,INLAND,3.193968892435583
6.133100268219913,8,6.2479981614644196,1.06394160524178,2037.1657721671415,2.2806675400323035,37.61753652309066,-118.50226244431869,NEAR OCEAN,3.548845179942269
2.8742887448864045,18,5.10501236174498,1.371119795104663,1476.082183989024,1.9335266829764057,34.10330396011078,-114.63735014336292,NEAR BAY,2.1798108115439088
5.469432907185928,15,7.520360000687022,1.0,6972.664006089681,2.821928536289736,40.52853234222776,-114.6514711350461,NEAR BAY,3.1319372662011817
4.209906570968315,46,4.591921104833693,1.0,1390.9571847270627,2.319875022179404,40.887768435896746,-122.44081948229461,INLAND,2.0880226836944034
3.5619184487738895,35,3.863508295419183,1.0126534221776076,537.3894301779034,2.3983200890502667,37.0423081774811,-115.80910792681277,INLAND,2.068300211545294
4.967870610297663,13,3.3490876517274177,1.0,586.7573334832375,3.484664332169463,40.56152618891851,-120.26234683926494,NEAR OCEAN,2.496971940187535
15.0,36,7.539305521099289,1.6298943374683577,1087.4801267849518,2.395510500307571,36.08022160422538,-116.29788711410602,INLAND,5.0
7.494666176043894,5,4.42434223881059,1.0,264.30004991512857,2.361085226781327,40.938078196940836,-123.95238178955566,INLAND,3.0233906664891443
4.763254650541991,40,5.523486096859498,1.0,556.2187006243064,2.1488859199761157,35.50979609214664,-123.75112565834192,INLAND,2.235805869768757
6.2219653417248715,6,8.684754724205174,2.2456649281652976,2007.8416698814121,3.092025631266819,41.57240879884827,-121.91568296240186,INLAND,3.8796335574973737
4.335634648264006,3,4.150473615829013,1.0,5463.838073693924,2.815195714342467,39.5768322062573,-118.23841896772792,NEAR BAY,3.050499983814035
7.228295761822544,41,5.694564701403085,1.197117644002329,1252.6715928232927,1.9903344574654227,40.01606065104372,-114.59293189583768,INLAND,3.5604180883730847
3.0258059193350633,28,5.6843467879040235,1.0,672.083593380566,3.1506770340006915,41.68557071886162,-115.86373390461844,NEAR BAY,2.129222707200868
7.734934613703807,18,5.580557344702044,1.1826748484578637,2613.8655691075883,3.2324914449439186,39.33935798567873,-122.22973286088677,<1H OCEAN,3.807872138944264
2.6449631007293277,11,7.060135216048357,1.0,3127.5048050856094,2.6420278129030907,34.245573637345956,-122.14416050673293,NEAR OCEAN,1.5205263143403631
4.62597209458,47,6.1488497312303325,1.6361863386078512,997.0741235018666,2.0486696101628477,40.89260879479043,-115.12399655698535,INLAND,2.3396820277663553
8.669976595223812,34,5.81914217779549,1.1182842703603366,2009.703665323446,2.9187633073938968,37.9611828163461,-116.58280285100966,<1H OCEAN,3.7541142995540984
11.9222150158101,5,8.353120446260874,2.291897430664059,3129.5587552064553,3.070150256649238,40.88844080169724,-118.21728606047114,NEAR BAY,5.0
1.9134110171735448,12,2.9833989940985206,1.0,1660.2819938772752,3.371536395181936,34.976070115086294,-123.51433769915286,<1H OCEAN,1.1851096137047812
3.088265047410997,28,3.483195235513925,1.0,854.9770487671803,2.490842497793071,34.18982452144557,-122.52579900472396,INLAND,1.5275697312121985
5.3114626991854905,33,5.38912184302427,1.0,953.4616837345468,2.44482992919888,32.65951056130282,-118.2946811220691,<1H OCEAN,3.191299032125595
7.311932496070231,15,6.389303329365813,1.0,600.8129570602471,2.6217460035175146,37.81292320510981,-115.5491801042372,NEAR BAY,3.6954407111655003
4.018518343168662,5,5.429768680603999,1.2332249475752086,804.2714142750702,2.8361019425940643,33.280300838047715,-117.52268779614491,NEAR OCEAN,1.940008169624759
5.229136570036848,49,4.379871889187317,1.0,2007.632862092728,2.6279965496397755,38.332840590531795,-119.05399451635924,<1H OCEAN,2.2272611242921663
5.381414126978553,46,7.64981809204488,2.084311340961066,1159.9353496427768,3.011043397738196,36.57869904249699,-114.81643945625228,NEAR OCEAN,3.555032670658311
5.139546172056257,25,6.878452850366993,1.8925506246592605,497.8875494531232,2.786020936336998,41.60510049562507,-123.4992154000529,NEAR BAY,2.815126929771325
5.265055962459231,15,4.478942292563705,1.0,1672.2690099013466,3.3996782158958077,34.18240335767649,-122.57787952152505,INLAND,2.6684484367998635
5.43039115691657,14,8.28862598277767,2.0707611474758236,2741.889227863232,2.0418657450460196,36.772860415015316,-121.67354679521995,INLAND,2.7565084236614563
11.26416328395665,10,4.7926082914013834,1.2263646326120174,1193.1861901666919,2.4758984995106124,41.67738705020135,-123.90831225136824,INLAND,5.0
4.934095231138815,2,5.0393275781188995,1.0,1269.1491999108493,1.8105855005832876,40.45463886891909,-119.55308912066982,NEAR OCEAN,2.855467163615017
9.590706757970787,51,2.8992176520255746,1.0,3483.8704410552914,3.193476981318054,35.11282151270974,-120.09049078664242,INLAND,4.520900676945069
5.3176382348858855,25,5.947565498485898,1.5351941465113677,2874.544269102798,3.0380735534108507,41.45571444134576,-122.61220602038232,NEAR BAY,3.0885394030676263
3.9581828129847723,12,8.771874287174505,1.5740444076709115,1910.3188830380336,3.31598572966463,40.27793871509523,-123.42626724902478,INLAND,2.5601732798723265
4.823564408196206,8,8.70622064259724,2.0107821175707645,3380.4242420237942,3.0235630516392473,32.97696534518965,-123.19159225815268,NEAR OCEAN,2.9219828707067563
2.506981145000503,26,4.892567929773945,1.0,2874.248462721527,2.7434931707635215,33.561421103514576,-119.46527590220893,NEAR OCEAN,1.7675688275895958
3.3326168050314258,4,4.582534326872558,1.0,1241.4925085816908,3.0819919052068894,40.015592043970045,-116.79849763606146,INLAND,1.4727757292347525
3.915682650543003,43,5.537078293686119,1.1605752566490126,1723.1912418676582,2.457405852233615,40.81894936150334,-122.57436292512723,INLAND,2.4928539903730114
5.784619035104957,8,7.925090428183536,1.1044745082181229,1449.8323223740367,2.350709939939986,41.0531217447258,-116.58940772068321,NEAR OCEAN,2.8993615903654444
11.423918010832999,48,5.848224908041554,1.5727695289823491,4850.202373653688,3.4074995887556567,38.990732357277516,-122.31265553571076,<1H OCEAN,5.0
4.6465487309791955,27,6.857507618052803,1.8530337723937935,1773.0848123018188,2.1817398660553833,38.11539724687837,-118.2426239513958,INLAND,2.3295600682545956
3.417117841655054,23,6.682263344090899,1.8150334540330761,1687.2796077828837,2.072353540282323,38.323747184087374,-120.80413730010277,INLAND,2.0366025824297855
7.9819518539467005,13,7.425805005203717,1.5279417872591436,4522.074892364915,2.539813950199014,36.01684735148819,-122.84951770148635,INLAND,4.212949826372397
5.944625528415656,32,6.964017429747973,1.1152064800932948,1499.7795202832317,1.9160651973936274,41.80070915531956,-116.53645348146112,NEAR BAY,3.721139913858165
9.223938905880233,22,4.415749314565523,1.052236402165151,1078.1114735371455,2.5347918030131424,39.3906160846553,-119.04053483023408,INLAND,4.9467975520626295
8.476259429513968,16,5.766652525874437,1.3024089954337978,329.0418261329917,3.096575372559177,34.87503501819735,-119.17976351994605,INLAND,4.342255112474166
7.05260110387121,27,4.738842751374667,1.2323450641923117,1013.812143321865,2.383739655621015,40.42071971636792,-119.29266115428382,INLAND,3.1411973830643394
6.422678441320588,3,7.090508589196855,1.817540263001893,1517.655345230893,2.332536185201431,35.1210049220763,-121.60136796905248,INLAND,3.190685967106037
8.485292603665068,3,6.382685361739958,1.0501846413421374,2538.824600867325,2.441865088554179,41.43995328601344,-120.2436256848606,NEAR BAY,4.258075729145892
8.215768641232858,51,6.451874684504351,1.3770861157061174,1334.0685949618346,2.739427138328874,38.717092355529964,-118.11112500419271,INLAND,4.515237440783114
8.381614453665037,29,6.119655910416666,1.164026174452733,764.5993849970079,3.446631584900876,35.64243682056413,-123.88268926581678,INLAND,3.5070703187676804
8.30354227703356,45,2.917063739104462,1.0,1734.666085301164,2.1816250041279286,37.07003029696021,-114.07396239573966,NEAR OCEAN,3.914273009764126
5.305361810073096,23,6.449977525680582,1.19598634762177,425.0857114136179,2.8663695971665173,36.57105480118461,-123.12199239634907,INLAND,2.858050768411091
3.802414664687515,46,3.3488145808838268,1.0,3115.007501849228,2.870471697687365,39.98317968870638,-114.61136468061753,INLAND,2.290734145214167
5.542237707239233,29,3.7867144092210445,1.0,3400.276182239918,2.8928827974626548,36.35101466442756,-114.19760239672094,INLAND,2.6372229735789374
4.564831878997398,33,7.414811483913979,1.1630810552284552,428.7748903819189,3.194159535969008,39.91391811535409,-114.28071736545049,NEAR BAY,2.709611451899136
3.6080394542156995,36,4.843341874386013,1.0,773.7082652981802,2.3208618547675988,37.46232533412685,-114.91877895501133,INLAND,2.252036079777601
11.233853091010829,13,3.1688761860575965,1.0,1685.371111578659,2.04307341755118,41.360032285551746,-117.72247299416436,INLAND,5.0
5.446037218305244,37,4.445275224307655,1.0118844747101525,4210.93722842772,2.5956002496512904,38.74700092139374,-121.14335792375898,NEAR BAY,3.499193035520068
3.411718632871983,4,6.767278607386217,1.0,1295.1076649432223,3.350034326530452,36.30170540811389,-120.30576328743464,NEAR OCEAN,1.9652964962364552
9.999276488484481,36,4.697365665813144,1.0,1726.8459668890184,2.5675527026758895,36.89846382897778,-115.49976884168908,NEAR OCEAN,4.678349930395596
5.763743605950151,26,7.391454492601533,1.216529995751311,1580.0809001522762,2.6437519595122367,38.99244416923424,-121.97501829969295,INLAND,2.926967840550098
8.564980930071085,4,7.047047200682689,1.7660360302147524,488.4005034207769,2.3588111614614817,40.20012423328787,-122.9614586681887,INLAND,4.605172550820145
4.6367655309239435,13,7.2060781633494635,1.6680032136067238,1073.726469616196,3.4201394269309993,35.354122186869326,-122.64647653764577,INLAND,3.1643233451264816
7.153664775501385,47,6.609321136970193,1.0,818.1864061710655,2.6426972871055683,34.28607913078223,-114.82104644872183,INLAND,3.1302256303977902
7.2983004713843185,24,3.3393263710171546,1.0,1560.9081740900988,3.4655806842339607,35.019231568800265,-119.31352663434309,NEAR OCEAN,3.703989697624005
5.737488426681837,42,5.0572560421703585,1.2702632657810409,859.2940594020369,2.6995429918501546,36.40476240582851,-114.67134897032213,INLAND,2.9346754197706137
4.126408469575456,38,6.244635814586442,1.681771087315758,1368.1270107128978,3.4175842363135707,33.46940399125757,-118.07592664496181,NEAR OCEAN,2.3585434524780884
6.5551044835544605,45,4.138134800814385,1.1334187158484716,1294.9135243032367,2.5863742561486682,41.90817038556172,-119.7082411334497,INLAND,3.7244717987061056
7.170254796142659,38,6.36888165845453,1.0,1366.3832713644722,1.8279458620373175,35.72715317038,-121.3118673520246,NEAR OCEAN,4.051011599398866
3.1873889880362896,9,7.313170169975886,1.335192334283832,2681.7491923286407,2.405378604919341,41.88227747364764,-120.60694974889603,NEAR BAY,2.6094719282555503
15.0,32,3.5857054998174167,1.0,1721.7856862304595,2.3953937348520897,39.66864762958926,-120.69254901866091,INLAND,5.0
11.393954384838864,30,2.4266857659276715,1.0,1142.8923042027814,3.2121141793381676,33.787440840226196,-121.19429496970314,NEAR BAY,5.0
5.846487437385213,51,5.66456250339743,1.0896165992782376,1850.6817317091195,3.2391174386837074,34.50977245418085,-122.46772407807843,NEAR OCEAN,3.294970103178665
8.035623452547595,48,9.651026052813869,2.563138127341042,942.3084639520642,3.3258436643596694,36.94757221872495,-122.37939007575405,NEAR OCEAN,5.0
5.431129372418985,29,5.4116858761351345,1.0425903704965618,665.6184595826904,2.1755045404174878,39.217105876396474,-118.57476004334931,INLAND,2.906374671256593
4.118622365565006,48,3.337230200447851,1.0,2691.7876959614937,3.03167327343484,38.31764100113752,-117.01986504768605,NEAR OCEAN,2.1890363758829103
8.395826844802365,49,6.448046354077991,1.14243719321931,873.544770560361,2.606820861752579,38.23853002992498,-123.79038791297529,INLAND,4.050822550807475
3.791824609678156,19,6.0600197232451505,1.6691016984445,694.0208929148943,1.987558469584515,39.22232869674451,-120.43359695514577,NEAR BAY,1.8335830110674398
6.468403553845957,17,6.478313052499604,1.6859306798704554,3595.6896467612173,2.723715418398359,35.994554282820275,-121.11981434784558,INLAND,3.823509216205724
4.068882949703386,44,9.219970642828908,1.8644015878119213,2371.8963802172057,1.8334053758941324,38.397970834756585,-118.13699987584263,INLAND,2.470466667211983
3.7540687444324132,34,3.438734002055834,1.0,1188.4695246959652,2.9655918593675663,41.37830133472839,-117.1274120644338,NEAR OCEAN,2.176318543214775
5.8472221230535135,24,6.78480756400498,1.0,2393.0483669737414,3.1386341641468576,32.579552699542944,-116.74793000919695,NEAR OCEAN,3.2572248166770676
8.75170974098661,47,5.467393814445069,1.0,990.3254818448027,3.0169949507067395,39.21064040034153,-118.45221651633982,INLAND,4.875763500334518
6.1579634958125515,5,6.215349277463422,1.0,1832.0446268328415,2.4214252537649457,35.430105027309466,-120.84011060624736,NEAR OCEAN,3.142146052547993
5.633661914695941,32,4.356448410947648,1.0,1388.9181172417823,2.518498868558463,40.97401353403978,-114.60454606771223,NEAR OCEAN,2.390992753707483
2.4404719946246525,50,3.129130867515188,1.0,1057.6365348603078,2.983739037315144,41.044722139164776,-121.05777208899873,NEAR OCEAN,1.8096722401331682
5.002336883458251,44,8.316780517110198,1.3924356207268167,1585.3743771607064,2.047192473928315,32.616181180872985,-119.64940249246332,INLAND,3.00071469154529
2.901564287898996,16,8.55873065292403,2.3748617407221104,646.9404596289542,2.1315778402287053,41.746842846705846,-117.45573959299975,INLAND,2.0263300353734954
5.618215906341589,44,8.815096508835296,1.7161967318540852,924.396243719519,3.023727480363986,32.58193517619323,-117.60450454133922,<1H OCEAN,2.4759590455660483
5.46100399171592,15,4.253153368642696,1.0,353.10731636784817,2.0652659148982115,36.933166191360264,-118.74390037516727,NEAR OCEAN,2.9971257288019095
5.332622775733918,1,5.250487022657323,1.0803233770109766,1083.4411477710385,2.7822265169395037,34.0289578633441,-121.53920342272983,NEAR BAY,2.4395454359017035
5.398151914712591,46,7.5814121379030315,1.845050309150157,1579.9897187049944,2.0260690299322706,37.947502268743236,-114.55459769391922,INLAND,3.3310008752983813
6.862452950717333,45,5.243541896640844,1.4141849583423038,524.4799378303488,2.4629352956333532,36.93624987683215,-120.47314552603085,INLAND,3.390990678656399
7.063389111778531,38,4.343509474930933,1.1100980123352264,1715.723018252867,2.5798129287885017,36.125794104289085,-116.98888849475476,<1H OCEAN,3.689682568259175
6.373205469107335,46,6.216409619535849,1.258042644285667,321.07854100411726,3.2501443018241982,41.07311075014232,-119.92140223230854,NEAR BAY,3.6170059113030426
8.466989025422377,19,3.4082769144085536,1.0,913.3985779425566,2.4975478215674687,37.06930883032178,-122.18850324293476,NEAR BAY,4.204474404407221
1.8462448266324767,8,2.4141633952263666,1.0,1255.9663743559902,2.7880787572816703,34.137114674466844,-121.98866912660085,INLAND,0.7353116571828646
3.486445713453368,41,9.497577717051184,1.2518493359919274,1320.624048381689,2.1355811401701312,38.77784202497336,-121.22227750497657,NEAR OCEAN,1.5944863764603499
6.674135803621413,21,4.994631546946287,1.0,1557.7850704668635,2.729717294637929,37.08831434068733,-122.8425571106325,NEAR OCEAN,3.3142413853810244
5.488143217559688,2,6.897301697956192,1.8784039249566045,455.92387540058155,2.619134638418818,34.53062542892341,-117.55859606977691,<1H OCEAN,3.10819137656384
3.7146357782381356,19,5.036075818436198,1.3617963104379667,1492.0947940860297,2.627629303204731,34.59960487206858,-115.08041152077973,INLAND,2.1971051096140926
6.660179216441677,30,5.909253946743153,1.573013196898436,2084.018315045238,3.286151632711472,39.98703302247063,-117.78133644432852,INLAND,3.7216462493234816
7.619861823086021,33,5.59708708915156,1.3446302361168059,1001.5532172412085,3.1917771834483935,41.35190904157779,-116.2472737905318,NEAR OCEAN,4.003450699229946
3.8934931515798303,14,2.958348549074388,1.0,1145.185363278796,2.923091069517519,37.453289976376126,-119.74399008732355,INLAND,2.6663866824611016
4.095276930633898,18,4.480124128160723,1.1380372933949638,524.8821502824508,3.4345042905437797,38.97532234213769,-121.17111113265379,NEAR OCEAN,2.01502267904025
2.6215061610344677,29,6.729224151625973,1.2869502946897455,2344.8434174380254,2.995762986004531,33.69182726971416,-122.00104663551248,INLAND,2.3101941065321765
5.234388462812926,43,6.06271366859363,1.2584661981067695,586.8077746805442,3.4736138008735655,36.785382403399346,-117.72776431469596,NEAR OCEAN,2.896733146311714
5.362754197247102,17,5.473966364196639,1.4436557506592993,2699.8611811319674,3.148516591002353,36.849969395837356,-123.82015447449395,NEAR OCEAN,3.0450027888707876
3.397867967635941,21,2.034528681488156,1.0,5577.356988151471,3.375833275174168,33.95711545382397,-122.7841069569866,NEAR OCEAN,1.9720491663082624
4.328900816543464,37,6.374831070046341,1.3394838074700872,968.0071383597367,2.346926116480553,32.758865099154455,-116.16638778844278,<1H OCEAN,1.2600106158807034
5.349101325647722,9,4.724434309404854,1.0,810.4025110830034,2.2224469635200075,38.89329297911079,-116.00208512282236,NEAR OCEAN,3.3594323721504566
8.278585175688201,33,4.455498830563748,1.0,1186.0105129335832,3.184564670749741,36.007421793495524,-117.07065428478023,NEAR OCEAN,4.25344808251196
4.605381048712326,8,4.087988881613308,1.1166868373440633,2555.884872310275,2.432371105190452,36.11831655639438,-121.50698587336998,<1H OCEAN,2.123702661907086
3.6448773160221832,37,5.641302021054077,1.386111238145833,739.4150873410856,2.3429019028407474,41.55432144557311,-119.56275284416147,INLAND,1.9200374053679168
10.660889688897562,48,5.315286964085845,1.0431190485498247,331.1839553328306,2.839055353325656,34.12731339517981,-122.61817385479432,NEAR BAY,5.0
7.4781223785098385,37,4.819540248816719,1.1033379702298174,2786.714545170105,1.9079290170136871,40.10144483135405,-117.9054204462231,NEAR BAY,3.8523576501595844
3.050378438851305,30,7.795798982952624,1.6376304153671621,1356.5087595510363,3.0726601754779566,41.03689524614016,-118.62721279704529,INLAND,1.7492085664784753
7.545691358397274,39,5.562931781219547,1.0,1152.0430341524202,1.9434634952848049,39.52697028690628,-115.29493321635381,INLAND,3.759895297497141
4.32221311768098,30,3.0203226204709637,1.0,1384.3639433165586,1.9963994840461472,35.743401318564786,-116.346254163017,<1H OCEAN,1.8560855051661518
8.682378887618889,51,4.4201189019172205,1.0,783.274306971852,2.0447350294731566,35.99022858083512,-121.3377842561619,NEAR BAY,4.062318977060433
4.53999629669253,6,5.864219003111937,1.1318813750256937,1177.6310341662872,3.4467260638325823,33.80597463676371,-123.27886783954075,NEAR BAY,2.7267803869940703
2.439508543819007,23,6.640267786679805,1.2636724457811543,1581.7444137279608,1.8328994087046007,32.93494936879776,-119.22427592331333,<1H OCEAN,0.6859467352316654
4.234711394405104,30,3.8125065047102984,1.0,1829.6146988783098,1.9802093753964392,35.16568359951539,-117.04266151209953,INLAND,2.3434956817818935
3.6854291131449872,39,3.815038175457203,1.0,1362.0185437147045,2.2395306753871456,35.613837776314426,-120.18969542755238,<1H OCEAN,1.5746997948452797
4.057320196354736,17,6.3294598311774735,1.1575473143365214,277.5590680810069,3.3369350889541884,34.21403762687814,-114.05367571076403,NEAR OCEAN,3.032673661382043
1.9484698226114356,12,5.632086024746867,1.0467444816950822,1078.7529004099156,2.4092916276305325,39.99523148739801,-118.06299890622799,INLAND,1.5022060051603225
5.1886264957936055,15,6.128962876152206,1.0,1373.9181459714298,3.3974474816899716,37.761157236935716,-114.6027141064595,NEAR BAY,3.361457863897103
2.1899550772145253,50,4.342320608159329,1.030010746105576,1450.7842894063322,2.090152090248714,34.000781880284734,-115.06263985850023,<1H OCEAN,0.7896358591107507
5.170043023850419,33,6.913109123590155,1.5698631759265256,1005.2808788494959,2.121273774105613,33.027993421210844,-118.7424366558521,<1H OCEAN,3.2106663928328962
1.8480394872818455,44,6.813731985330959,1.2545690532871208,4752.62296188731,1.8878260008159078,41.78224796481183,-114.95836551360004,NEAR BAY,0.9761654968546497
3.341868752518665,36,6.568639658924236,1.0,993.5235014470999,2.0868700749606206,38.41756737649038,-119.08322614227833,NEAR BAY,2.1512874571807203
7.005698424308968,5,4.71603282649848,1.1600473078765035,1775.3822600314106,3.3048939966341977,32.56951157173735,-116.01640688446838,NEAR BAY,3.1729343122707876
7.49554553564946,37,4.684683912979651,1.0815492100878337,982.4350661723656,2.5354078785588,35.050516337096184,-118.68217354792351,INLAND,3.648223890405097
3.827088689249764,41,5.1856607763291,1.1733618324708064,1804.3839650329094,2.8513748141089916,38.7694077766969,-115.73083529026006,NEAR BAY,2.47777583055027
6.9971995859971985,48,2.4963424693286087,1.0,507.66823794075765,2.2747998129098432,40.727507824452026,-116.96895105652561,<1H OCEAN,3.2423938621796995
2.4060604140199464,30,4.799733488052745,1.193069974055802,3543.211246228001,2.1153657086757613,41.122945638264014,-120.47639437815111,INLAND,1.1593864775842408
8.491722616527735,17,6.966707056456101,1.8377907040802957,1650.294370319361,2.6499368580668077,38.55140711090019,-120.89992686789037,INLAND,4.596884260462752
9.298577568310963,21,4.057720885401652,1.0,940.4467220496202,1.9034803534606424,32.90581506838793,-116.26582340264042,NEAR BAY,4.744589231250356
4.9769446288028085,37,8.553866895379482,2.0467493637393837,1021.7993961844332,3.368873556528696,33.36470656731686,-114.36796470891319,NEAR OCEAN,2.861475166462101
4.488138080029178,6,3.3227343517758516,1.0,821.2745173032235,2.6687555858613567,34.097704335474006,-120.10208701653576,INLAND,2.3836573551951354
1.9029267163292622,41,3.8457131484930853,1.0432031463255445,1053.0044683780955,2.288708313162691,35.60186424713979,-115.44535239311027,INLAND,0.7587993955579646
5.325720287199187,32,4.283348914196804,1.0,1309.0277402162278,1.8162003655268995,40.67514952332225,-118.23824894945865,NEAR BAY,3.2708368358046194
7.363454821065509,23,6.429656310460968,1.1938559370134598,920.9786712173745,1.9142497444392441,40.93923679063113,-115.02748265104869,<1H OCEAN,4.117168022699707
6.442672074987683,27,4.860543823735209,1.330773915121722,2138.95548893716,2.270747006487185,35.90401713750063,-114.58356580421375,NEAR BAY,3.3759396472572822
5.855237665714655,1,3.367627761144204,1.0,5625.6730701161205,2.0938698080676863,35.43400622737553,-115.91459612210316,NEAR BAY,3.198321986828643
2.872102280369806,43,6.355869101070418,1.6499030378143809,1147.0944579923505,2.6334670681877723,37.0385847345305,-122.75950943641543,INLAND,1.847747542043935
5.802753983935732,49,5.895399457537994,1.2495165211882047,311.40844720519954,2.655421168685912,35.21614889251144,-118.92580334720677,NEAR BAY,3.7016880127593526
3.712668548369714,21,4.145559034708956,1.0,1059.3987140940767,2.022674215860608,41.390268350018744,-114.69289191833,<1H OCEAN,2.8798725367759617
10.36926499718127,35,8.39255257871459,1.6096754982033006,1239.246041406855,2.90464673339089,36.44149917832433,-118.23731182600736,INLAND,5.0
7.1767036478347945,27,6.694997521693527,1.0289559560612582,2170.0355132233435,3.3742080703885033,40.870534381112975,-122.9961977783064,INLAND,3.3231652411426156
6.1702590756260305,8,6.427069853976059,1.0,837.0071012518839,2.8933336551569253,32.7070782428536,-117.86970270770972,NEAR OCEAN,3.5872175295250015
5.573336815130692,22,4.437905578125762,1.0,846.7445362560381,2.6175547659433227,34.91642143585211,-114.70262616263328,INLAND,3.820580945369495
3.5705093430025876,41,3.7090143485408467,1.0,832.7287575063505,2.1119071524639446,38.3921539183211,-119.2732788145401,INLAND,1.5454969689294316
3.7900408438690545,5,7.909201268302226,1.6304497109814236,575.3052768324545,2.697849898782828,40.11530798657259,-115.43918419918943,INLAND,2.835142059729915
12.945313368756251,29,3.9458899553269156,1.0426425005088735,416.8209315067979,3.308013573502861,35.87546985319957,-123.81193365156967,NEAR OCEAN,5.0
3.658753320877006,24,6.350991304061511,1.18426749579558,1402.4898735274392,3.121221067980912,36.12120374410316,-117.72107835715485,<1H OCEAN,2.217953033064811
5.51443259937956,26,7.039700895889653,1.5665924946022984,517.586966662126,2.6067208881868917,39.43749629243607,-114.19308518875721,INLAND,3.136839245732442
5.724473165216805,49,3.073962206314288,1.0,1088.9016024433204,2.639947533038716,34.3302434857082,-122.65964638087489,NEAR OCEAN,2.690876904440299
5.477458436867393,21,5.105474297850568,1.0,2028.0141036155092,3.2914281484227272,32.90152376260521,-118.74423876696426,<1H OCEAN,2.3340591586635706
5.93056008089285,1,3.8093006104392417,1.0,731.4408085408734,2.0080613135349323,33.843496263353465,-122.99475405028558,INLAND,3.3205208939927737
12.691218049512964,28,6.089183128784756,1.0919976119744959,2791.40134668536,2.228498069241051,39.43691139471349,-119.83990754289081,<1H OCEAN,5.0
5.8371620347831,38,4.064661491790941,1.0,825.0253640806006,2.007763722256827,39.31292474570088,-116.6417107228393,INLAND,2.870843942466069
6.842850114392691,43,3.9556465067139506,1.0,493.332668367538,3.073178227303668,33.79880742358508,-115.36530147046537,INLAND,3.4005954816232875
4.772010859855507,22,3.2173132274116765,1.0,1012.0597310725817,2.947374373917908,34.087211664234886,-115.27255314130171,NEAR BAY,2.5268867893545117
5.0134945479079365,19,5.334229869469638,1.1381652493729357,1657.588380405745,3.069284386899737,40.94641741072683,-116.1516241168051,INLAND,2.738746739401851
6.755124139776367,10,2.587185314149411,1.0,2233.9265043615046,2.8256134896928997,39.75768956664282,-115.42427564432074,NEAR BAY,4.152599842095421
10.29526792235832,14,7.987615473875561,2.022994564716739,1699.3987789825362,3.1382788197490297,36.65555612674736,-119.33871793604779,NEAR BAY,5.0
9.775130499624762,35,5.1002396432387735,1.0,4181.92929781262,3.141308443139089,37.669219787143106,-116.04927452484267,INLAND,4.863979551718087
1.3199293910265062,30,6.848117643673367,1.1362223523174617,1508.9008912119962,3.2643832856882393,41.15804299513501,-116.09264510293298,NEAR BAY,1.7275905109876133
2.5722869000031574,19,5.3140333138540905,1.0,943.1870438112196,1.9340682194408214,34.79978188111625,-118.17598331521758,NEAR BAY,2.0035383969047342
13.931087711686258,47,5.973868836129184,1.0,1284.422157173347,1.9048734667972231,34.99970713226472,-123.74094327517948,INLAND,5.0
4.306900007378498,51,3.241081430216601,1.0,571.7599639625178,2.6320566111428274,38.61266626434026,-121.25991251186893,NEAR BAY,2.326198883771929
4.605075035396315,35,6.359803504491591,1.0,2293.9228565477392,1.9445487182343795,36.26394289089396,-119.0482845116407,INLAND,2.5967769744509566
4.21322789416152,27,3.4146876064528655,1.0,541.3331365875066,2.11523930566689,35.57641613074322,-117.09563077663513,<1H OCEAN,2.3575540032124067
3.0416837502901553,37,7.7548570929648,1.6039093273514422,679.4760261830717,2.578702547892305,39.73721529959108,-123.1820123907058,NEAR BAY,2.424532897607753
3.8650530552766824,22,4.563120797534627,1.042054545572739,1219.1110285198095,3.3440405180182777,32.551677844536094,-120.48892638696088,INLAND,1.7533193392664297
4.287224123666309,11,6.610812401528483,1.8164755328274624,718.4707790845863,2.3122988510411724,36.641351670952076,-120.63225723155493,NEAR OCEAN,1.9580628165252867
4.367802307328787,50,3.3430332746926625,1.0,1697.5696955638175,3.449434251641878,35.25188770903044,-122.59270192152971,<1H OCEAN,2.400881916655539
3.522991140996498,44,6.700742873413207,1.226291952445628,1609.3753057190424,3.29970360988254,41.48849396442258,-119.53047549696723,<1H OCEAN,1.828866457859327
8.269458927208778,15,2.567871187350765,1.0,2135.8964421970745,2.7141351238730094,37.282262779672486,-116.52731971514979,INLAND,3.942643921877025
5.251480590990561,3,2.7086566674539423,1.0,1941.2935640941946,2.656770234197999,40.028048380014695,-114.04319285757285,NEAR OCEAN,2.4767404442305643
5.850346195945012,50,7.198096898759488,1.645401286060698,1543.7092096569347,3.1601283188127276,39.723855601150575,-115.8051335447797,INLAND,3.0264047982812374
5.701258503505453,51,7.0308286497142,1.075570358416253,1265.874242040605,1.8724174428734375,40.52659616724941,-115.47856423866742,NEAR OCEAN,3.3067172939992453
4.32549401806708,40,4.660450298048055,1.0,2107.0866987266445,2.2768472300177014,33.61312481620675,-120.28696934836168,INLAND,2.3308136582995354
3.982414042087268,30,4.808342159810454,1.0494419867770992,1335.6799572912169,2.268124238689367,41.3374792013033,-115.93675193002397,INLAND,2.5943422035410766
2.809685720710611,28,5.200714359030513,1.2996421089600514,3319.3979033770725,1.9789050512589987,36.599905456426235,-117.2949485515285,NEAR BAY,2.1734238648279494
7.579473915551626,4,5.915594019923194,1.5911568720447336,2390.241879136268,1.8778006934272617,34.300459681825735,-120.70787474753217,<1H OCEAN,3.55223817385715
5.121624346798514,19,7.115425955376297,1.9692448781256828,1119.7684838678856,3.132120205504582,36.83894291433999,-120.03485217831353,NEAR OCEAN,2.711579362959137
9.504495264385893,16,4.858589510828204,1.2410105034534524,2892.870483314042,1.9447268013368557,40.07156845060532,-116.064022092229,NEAR OCEAN,4.549876418006241
6.4859653107402755,4,2.780262801722923,1.0,3553.4828442428015,2.619478637180741,37.922433355940306,-121.92429557089245,INLAND,2.8796602154042974
11.146056012007865,5,5.290828327504393,1.354944545138332,5304.24696232862,2.8530021372415684,38.40207542488905,-116.63984895003706,<1H OCEAN,5.0
4.607877695068441,49,4.181649680361449,1.0,2797.3467994173793,2.6564137220901345,35.28349889790949,-118.787523494733,INLAND,2.2111675161178193
3.5335935044049878,6,7.647765024221076,1.3749166333951128,668.4179945976216,3.0832281473660177,40.66246068210942,-122.30288052839923,NEAR OCEAN,2.1890598978403357
12.642973921500266,33,4.7941180357292525,1.0,718.3710046438358,2.15170523778036,38.01764781814505,-119.81067531427789,NEAR BAY,5.0
9.198319854194411,49,7.465998577035455,1.7576336047528966,676.3049519603761,3.4341037045260823,37.35681144537348,-117.6540184240834,INLAND,4.333017646208227
2.368637520506784,27,5.369829756171093,1.0141723336510187,2574.0152170800466,2.016863173106597,40.177981318841525,-118.63431877695234,<1H OCEAN,1.478280836847788
6.728084981052054,13,4.3326001720975755,1.118417131038996,6981.9526367906865,3.265919914478676,37.345477997621394,-123.9389976774697,INLAND,3.8727324843737247
7.522895484920843,34,7.432351756028005,2.0167488636084565,1698.3123007745717,2.579511661416276,35.82522519736792,-115.79668249846014,NEAR BAY,4.234717151315524
4.950204833630101,8,4.111982299591617,1.0793120917767038,1376.7941673454734,2.088437233717026,41.670706159152104,-116.73578680732354,<1H OCEAN,2.4291024342355354
3.0700686712135368,46,5.431840250935788,1.05512868805524,1856.793389774803,3.0539738322556587,34.94900253565413,-121.01525293646732,<1H OCEAN,2.0848749285599264
5.034863704756343,15,4.841331831884482,1.2648021148962234,1938.64734699349,2.454412930650819,34.63900030735718,-118.08369842013319,NEAR BAY,3.1621403617414687
5.971713323563805,16,4.055099821472082,1.0,3049.362820501696,2.1187918644826147,39.01010658679348,-117.43915135370106,NEAR OCEAN,2.1692175681831802
3.990321074981522,30,5.960124817751347,1.0,915.0283395060591,3.2638153183589784,36.30659951551499,-121.84984672818683,INLAND,2.2148085947114398
7.569795971948147,27,4.416380417055589,1.0,1802.9386349383403,2.0324580509716217,33.84227673518959,-118.42587053987455,NEAR BAY,4.123604494723495
2.6559526528556856,47,4.014709884313852,1.0,2279.264189793206,3.4649466207460944,34.15736637261759,-122.80080280610886,INLAND,1.7899230476057308
5.926162266922912,42,5.1268323992175375,1.0,1578.7648349757046,3.34583839853238,37.681208330358885,-117.63758464555453,INLAND,3.4692630912878757
13.10669345041967,13,4.394713730966609,1.1018268569828422,485.04126908806734,1.9042529331933047,40.6326128493272,-115.3638579504091,NEAR BAY,5.0
7.164806492809115,46,4.7310025173028185,1.0,393.79858807962376,2.643630853478181,41.97250121783013,-123.11961692311466,INLAND,3.6107792856272325
10.492276073028322,13,5.182542119643291,1.357230822440972,546.120790576073,2.9350990187983523,39.990786551344975,-114.62892762444613,NEAR BAY,5.0
5.148868040120888,37,6.430150930071848,1.073775713803123,2753.106525602617,3.162562618685935,34.391702979888564,-122.38030501160497,INLAND,3.230572515661973
6.010939448314894,43,4.634436619055756,1.2921687996222466,3726.4630525459847,3.1924002436221097,38.942705096845756,-119.31298474851374,INLAND,2.289428358716554
4.505233148541522,30,3.213401690519277,1.0,655.1427846338146,1.8559254442512896,34.38899043993951,-120.81122809436104,<1H OCEAN,1.7858776686248268
4.573926827741923,13,6.280624624916807,1.0,2273.772515756226,3.0420620628250488,34.01105054930289,-122.5479148908188,NEAR OCEAN,3.094119452698774
6.878727389563434,20,4.387781799496172,1.0,356.6367336742272,1.8168247977350718,34.1051315104787,-120.2338733112198,INLAND,3.425743854768167
3.5895113188093015,45,6.000746591963409,1.0,895.3355963335999,3.3228761900263004,34.018933534169605,-120.21681624508118,INLAND,1.9320784637857447
7.964170875202278,13,7.28741836219199,1.0641402114574103,1702.9500521891698,3.2293418928947673,33.1052857764656,-114.2845826140553,INLAND,4.500660397917422
6.8178826289041154,8,5.322629600664333,1.3165944609281466,2311.235332820869,2.556225907701595,36.19616847758794,-118.26896425708102,NEAR BAY,3.129277622034839
3.168283321089381,33,3.915837551147846,1.0,862.8987817285785,3.2946453292660953,35.360197290463596,-121.05763275995776,INLAND,1.810911845029771
8.467499248762456,43,5.025767627610274,1.0,1250.6432490112077,2.745930950940723,41.21579134706414,-123.08555911983814,NEAR BAY,4.703299376080551
14.127350162232636,37,4.087899629258606,1.027345813575774,1280.000408087741,3.276972158401268,40.66511701640708,-116.7985777455438,NEAR OCEAN,5.0
8.165789630428089,17,4.013635356808818,1.0,562.4464817779274,2.719973362450944,34.70043634045764,-114.50496379575256,INLAND,2.8085320863150076
2.287839901014516,25,4.748810044647464,1.140258596400134,2651.089922799304,1.824735020426807,37.375739618432405,-123.59262562761847,INLAND,1.2496397012270697
15.0,20,3.3113557959161777,1.0,1518.5871945160413,2.646108163170932,37.48122918667069,-114.21833127916364,NEAR OCEAN,5.0
2.020673168929591,49,3.5640066005113846,1.0,797.567395781624,2.3435656668791705,36.30327134149819,-123.44359129711245,NEAR OCEAN,1.8218928998706962
2.5275986252890705,31,6.54001907095856,1.4103689452024215,1284.602281497396,1.9316062636723128,36.60043710040786,-119.41727284393828,INLAND,2.0296211940836053
2.4831264383071723,9,5.627113815593129,1.0,2736.885480842797,3.4152843443487404,33.27524480795579,-116.36751381258583,INLAND,1.4389591224481353
4.833623991166995,3,5.9065905888026204,1.4865919090207211,793.7927889906435,3.456086285079782,38.28151177708596,-114.194371567034,INLAND,2.008207994060009
2.2817311169003682,27,6.602291766701164,1.4862252859241976,634.5039225694649,2.590188186321077,37.329640229552915,-123.16252409261047,NEAR OCEAN,1.5481292958930275
1.9908036228628685,23,2.270392316440655,1.0,652.5015575965347,2.3866501580939237,37.120259943582596,-115.42452363521211,NEAR BAY,0.9083524946516186
3.9971046390656784,35,4.846756910150699,1.1915612141057907,6381.094641325709,3.3755663358636383,41.30990466054226,-120.39445179863745,INLAND,2.3006197061513376
3.9333577044527135,27,7.933752098025739,2.205471256843915,2386.894708085384,2.2115459326048574,40.60051581233041,-115.14897093709389,<1H OCEAN,2.491389454010912
4.759247473784828,49,8.264870096879521,1.8510535523108103,709.1783165779136,3.482429965856793,36.143474310174945,-114.16271739988802,INLAND,2.660064112633818
6.7431838774899555,39,4.211195640390169,1.0758327731608457,1441.044388646523,2.6209672517457134,37.41218488198296,-119.44297433824494,NEAR OCEAN,3.483328921893082
10.534990009185652,14,3.8639228074474516,1.0,1579.210542968874,2.419117271853721,36.14041287009013,-114.66577181016198,INLAND,5.0
5.363743951820762,44,1.8748894867401567,1.0,1390.4883074825998,3.1000755712539743,37.809289622478936,-118.93054622118265,<1H OCEAN,1.9718971962967329
6.648560716995714,13,4.653058985258112,1.0,924.3110368780164,3.383577824789626,40.99253934174015,-120.37374694739107,INLAND,2.951917159643778
4.763999743038957,37,6.332350033159621,1.2444467037581493,540.8248792828692,3.1776579636892874,37.7976420949568,-120.15779815594122,INLAND,2.7354503150552514
9.177819949063903,25,6.8787460087514365,1.2651651546529368,835.6392067311747,3.0191927304237605,41.47167074415426,-122.38975847813629,NEAR BAY,4.630167959287071
10.765183421467666,24,3.1263167996612578,1.0,959.2038930600969,1.9815863168572565,40.476072483254846,-117.51382157974012,NEAR BAY,5.0
4.166111058358709,36,5.01963450552068,1.1119292129610805,2293.8095683806882,2.019788537004727,35.34427425554172,-119.81358287906997,INLAND,1.7991164367711636
2.968482713005171,17,4.442779697645835,1.0,1496.405257036082,3.263633290207756,37.18836126910148,-118.80480919250562,NEAR BAY,1.945574306755189
4.169254934400456,17,3.5123559764870667,1.0,1922.8885183978362,2.8792955329688863,36.62141647803357,-114.19280962562092,INLAND,2.131024904688713
4.402559374461806,1,4.29753600017387,1.1364266491625832,644.2433799913285,2.967769651621354,33.45806665794127,-118.21880186125145,NEAR BAY,2.7951802872463043
4.918649171291932,26,6.769171603563398,1.0,1137.7754992672808,3.0331038852522045,35.2309070271616,-120.24684137290117,NEAR BAY,2.9237629687239246
5.44775636207125,50,6.153766088832297,1.1858228583410115,2656.800730813534,1.9845921423647006,36.78380784472613,-118.53938889063808,INLAND,3.2713475973946853
4.924124575941263,7,5.944785237385625,1.0,584.8761805713891,2.2888046304367045,40.43266997915754,-117.16970407399782,NEAR OCEAN,2.3353115532221054
3.074699363971541,39,7.607383571917399,1.6292701770785711,4019.2105214261437,3.0740214393936447,41.25453335464159,-117.16317090904619,NEAR OCEAN,2.066360266312134
4.856325819713097,48,5.144380301068868,1.327698943232213,1442.0278411539857,3.4481281862844693,36.30530991020366,-120.91517534887686,NEAR BAY,2.2128758411769844
6.16500143231908,36,5.088001773824155,1.1194782285252456,2040.437479694877,3.416870255209609,33.13478412108284,-121.35643041360757,<1H OCEAN,2.367785652033281
10.727279742809372,11,6.06725556215772,1.038811456509321,388.38987630741843,2.023895850637234,40.9228531058606,-117.95409778423199,INLAND,4.827329825602418
4.190609332099876,15,3.6323960152937635,1.0,2141.9090808455253,2.7309099582303045,38.233141564316675,-115.52434102524722,INLAND,2.8699826850051475
5.365143937669016,13,6.745892678905302,1.732599125418895,761.341480094587,1.986952617031538,40.73810484537566,-123.09904507356184,<1H OCEAN,3.4598804975574144
5.115662390221657,1,6.3739203678325245,1.6641968219691132,1406.1135535730289,2.80045828961941,33.39896663836978,-120.19742524638934,NEAR BAY,3.1759080428699633
4.2884211715786895,22,5.971546302318815,1.42335464492016,615.2830078207793,2.8166684294070494,40.2695478437044,-121.22262315035685,INLAND,2.1097477515982805
4.339930778266794,28,4.137386429869281,1.0,2573.8230037839376,2.1314007807197917,32.69812047730537,-117.9193328911017,INLAND,2.5703633620376176
2.340827928592055,8,6.493018120848439,1.3851147745210257,674.562938397675,3.471329021055341,40.8712795765975,-116.13537555427077,INLAND,0.9987124519411026
6.6173170448080185,46,8.255986709375177,1.7245539842453785,1821.292430355068,2.234244959228305,41.655564824428126,-117.42762243454526,NEAR BAY,3.1641519984959965
7.309239240600908,49,6.238439412000129,1.678207858327491,1695.8724624455865,3.2852359790534047,38.62904804984184,-121.85008488464437,NEAR BAY,3.9703523400828815
4.489771704949403,5,4.384539648600115,1.0885544234675182,1598.7564306230493,3.4582509000596304,37.52927026553697,-117.68867720294782,INLAND,2.3365752637467705
6.770718793131529,34,8.351974898828301,1.3296273329217398,1192.077314260027,3.4556803870393877,38.26175637431979,-116.33203198385813,NEAR BAY,4.115776011512512
2.4719098017419694,37,6.091134690332472,1.4692097625093634,1916.9109238632084,3.0338283278364813,39.74296407150538,-120.3159401631425,INLAND,1.3478554718105749
10.51285640978344,34,8.289527661169865,1.4935196820478915,1290.8188151812578,3.1062522091719273,40.11877825494942,-118.50738444846469,NEAR BAY,5.0
3.8227813077586794,38,3.709070488594236,1.0,1127.8768194654945,2.3711110303528233,35.068753881715175,-122.70259863855705,NEAR BAY,2.880886084100086
4.802071908597979,11,4.20202022346875,1.117847655305176,2166.479316883812,2.4609648434599136,34.86905708076816,-120.82483894168105,INLAND,2.414956820894205
8.196641846084646,5,6.710755017071123,1.0,5085.090885770941,3.4423438922715404,36.29731935554644,-117.4514288524744,INLAND,3.980858473679644
2.8158749357882114,18,1.0,1.0,1315.534177806927,1.9303419842721052,36.869786895723095,-118.40574062670642,INLAND,1.4672406144221817
4.35690545511156,40,8.58706325242827,1.5999867689921943,564.6229907655896,2.650458529119843,35.30240562763921,-114.12869958744416,INLAND,2.467899546444947
3.9017729149016134,10,7.544477027712975,1.4409627331193524,1121.0228951375116,2.2157177937850867,36.01587797020244,-119.91687850890655,NEAR OCEAN,2.973280012252382
6.9104751413258185,34,4.204671454506279,1.1158320486457773,2028.5446064372568,2.0941236295319974,41.94455363899692,-116.01075188057987,NEAR BAY,3.792511871975753
3.5387893423156,5,7.462962377347086,1.651554815050583,1064.3651718354656,2.2982309993220267,38.1829080006727,-114.05428650103909,INLAND,2.0513671525936994
7.608074246673805,5,5.484926329323201,1.1604609741693541,526.0167682091884,3.140410335221775,37.238971770427334,-119.81813336097736,INLAND,3.571631368730665
6.068706844464082,22,4.990609262060209,1.1715146291965317,1580.9328798510437,2.956657709582963,37.10436263448678,-122.7915103776563,INLAND,2.420518362190892
2.6823186138453003,14,3.7388496329177836,1.0,1176.3070479555809,2.5981298199980403,36.74958145183899,-114.26686406781158,INLAND,1.5735241845230066
7.907988503081092,24,7.138522044761411,1.4594715612497473,890.6635484530632,2.541627271282734,32.55758130423906,-122.69207387242436,<1H OCEAN,3.8311696719084676
12.542114925962165,12,6.56851396582295,1.5086678172147603,1603.8550096974654,2.3548474143864584,33.77166074312285,-118.8900430771799,<1H OCEAN,5.0
3.5986845021312934,35,5.876570106432877,1.507260601992983,2403.772217864402,3.0918244692360712,39.231543773402706,-122.44091198853344,NEAR OCEAN,1.6418737955604938
4.2991365920480265,6,3.4538349946289366,1.0,1023.4881641887869,2.045499189982849,40.578827393558896,-114.16279428054712,INLAND,2.6478387867393813
3.021632457798635,23,6.283016970028125,1.0200438079367593,2272.231914546665,2.1871746169337065,37.13581018117556,-123.69043552602537,NEAR OCEAN,1.7625951946454328
5.279706464436519,32,7.086570070024824,1.0923976874556338,1437.3338317003456,2.5467536422366184,41.383467174896445,-123.66251693539014,<1H OCEAN,2.99673862980689
8.856269357765212,51,8.393342674868272,2.1655613235457305,697.1409857051941,2.0920871526905804,33.846404025753436,-120.64898213437596,INLAND,4.725007825427125
3.992171906802387,37,5.174913196229317,1.0,380.5474702941795,2.753619572426631,32.54222008316924,-115.40631422126836,INLAND,2.8648603759990685
3.578881211649078,25,4.541229277086118,1.2339102744806796,1555.1091064524296,2.317996783141675,37.74595162590865,-123.56263145172137,NEAR OCEAN,1.7144348053193186
9.610161226711718,39,3.6425473481321786,1.0,1291.0822065901948,2.9712610658542595,34.26027502582753,-123.91461951445272,NEAR BAY,4.808978606303116
3.84607210422824,23,5.604613913300226,1.4459137807931892,842.2577558580131,1.8179164118417146,35.039875543862564,-123.3960545182381,INLAND,2.5107940771644537
3.9351239029290475,6,6.864267670567117,1.7437251205562767,911.2737489148764,2.6775281069787513,36.95604824358065,-118.68040852438776,<1H OCEAN,2.3103227466405087
4.8741622037388455,14,8.771751131513223,1.2742461833482353,626.4337608856689,3.4748218647413616,34.355595401972124,-117.99968517112436,INLAND,3.0004199828378315
2.4800535075553585,6,6.301829176061865,1.0,1592.7716981138274,3.1730629927644856,33.55576049027086,-119.91249339625072,<1H OCEAN,1.5466759555834664
3.711154777403313,32,7.716367406443123,1.6492409849291023,675.3613985222684,2.0070448713310087,32.897966909543385,-118.21279483590142,INLAND,1.999373541028875
12.552815923148577,7,5.7037372785794656,1.0,1120.7802794789218,2.355906264398959,37.02638359190514,-122.96250951160468,NEAR OCEAN,5.0
7.49338850953341,42,6.670634284305237,1.4099364268095305,982.9061850571517,3.2747571837404967,41.18872560720501,-122.68761261449706,INLAND,3.8030642751066854
7.153941062297031,3,4.54226019435671,1.0,504.7837276128054,1.9185764935994152,39.32403172847176,-116.77667637641146,NEAR OCEAN,3.7379714164787545
7.19970244499149,50,5.922104702854371,1.6091266327213294,1991.4327815483769,3.0012368460296184,38.15893669516727,-119.02774700526034,INLAND,3.7938946073809823
7.208657612346771,44,3.7521199653327737,1.0,1198.01113794627,1.9281978812255722,33.394570633054016,-114.93908228701352,INLAND,2.244047921707768
4.524138146810851,8,7.318498210908468,1.6129242906126064,6305.738390661133,2.225879508552042,38.32332563180333,-118.08626192099388,NEAR BAY,2.7739352216269397
5.27245640911154,21,9.080771241419093,1.9565671408385354,764.7407363031627,3.471984844897473,38.449616562913164,-117.8889098143234,NEAR OCEAN,3.1117179513551556
6.418323734457282,2,5.756371229283946,1.5410183412308487,4282.349929934823,3.3050709630675166,33.20801737613765,-121.61604737585881,INLAND,2.496476435467257
4.400323891402909,43,4.746569123645193,1.1941374427509428,1388.1014843879848,2.4702805176887184,39.21159117245344,-115.27753045511386,INLAND,1.881722632354275
9.868803973490714,50,12.075772962282239,2.9794426839644377,984.0145926650678,2.9483019000158905,37.40450228844668,-115.32658360277513,NEAR BAY,5.0
2.5493416240034454,28,7.451408747446782,1.2764127232635392,705.5466172637331,2.5853129266689683,41.93046651840878,-123.8697110972745,INLAND,1.5625872613456933
4.739272007316541,22,8.059631552449826,1.4167571435831607,563.1426959097339,1.8710398516618956,33.8525049753199,-118.05207907525792,INLAND,3.0878940701106563
9.003644029542974,35,6.175647634955427,1.1125155501127209,881.7774008182478,3.2245777525691017,33.59196272344077,-115.28813393603073,INLAND,5.0
8.562864264903618,35,3.756637601487182,1.0,828.470275311514,3.1409918294730588,38.868743393835935,-116.10745315518693,INLAND,3.9303570496197953
4.366666968307245,22,5.142931936410669,1.3429249441292432,1018.9907119548214,3.431702994850492,38.30007853163988,-120.62563066889307,INLAND,2.0552130362963514
6.297844209374721,49,5.644502380285961,1.1149586129108595,831.8051735738202,1.9407417326882626,35.07435446779041,-120.08607215635334,INLAND,3.2541273325611835
6.272238178765636,50,5.443062486282644,1.2326864742526389,2393.412229930884,2.1446877968673386,37.89219287188231,-121.11269874383727,NEAR OCEAN,3.6000704280317115
14.560061902284433,2,3.640318510943054,1.0,661.4669859261455,2.2919428707693776,41.84432819193625,-115.71182305151015,NEAR BAY,5.0
3.819637317313812,43,5.455068512871979,1.515948290860621,824.5667551105594,2.8480967340063215,34.130209291267114,-120.98250258862045,<1H OCEAN,2.517768526759723
6.011659083216219,9,3.5331729241312946,1.0,1131.8593506651744,3.4322468460296727,38.32282302077904,-116.25662455581107,<1H OCEAN,3.352918222390204
4.539760057713556,49,3.219463534258484,1.0,782.0431115749778,3.2077652383639896,33.549496095266164,-114.99339941560189,NEAR OCEAN,2.4993002852393427
10.86901571205236,41,4.162589318078973,1.1127423612784884,2462.813790843529,3.2959428399164405,40.02272438138961,-117.10452283084759,NEAR OCEAN,5.0
5.142362535809976,22,4.99783580324261,1.2668003281074196,731.5193856605051,3.4704071498508204,37.40274050808891,-121.11302467092129,INLAND,2.3279874462131236
4.13885357533686,35,5.110504637935942,1.0,1080.2217205376758,3.059159139726569,33.95030675961497,-120.26832773835173,INLAND,2.322183313109272
7.629507381253337,17,5.26028384161321,1.4476035774858707,1029.4385369714307,2.6582917776229333,35.37292882606574,-115.17711064627528,INLAND,3.6331167147225494
3.822722673974782,23,8.554630430729834,1.4390459100995545,1035.233046626119,2.161521476526332,40.1435567358925,-114.85228900718361,<1H OCEAN,2.9998486874142984
5.9548369626978905,17,5.264906373966929,1.0,5319.931756023362,2.3339079659740256,36.551749026379376,-118.35658895116087,NEAR OCEAN,3.4322880852181044
7.4017402075709775,49,2.339292868374333,1.0,2986.1800595612476,2.8509147205127956,41.549430426404626,-119.04897538157296,NEAR OCEAN,3.435858530451396
2.5100198526966544,48,4.880776686549587,1.0,1827.8208861060562,3.3972433338519115,37.28618654269877,-118.41879467140464,INLAND,1.4652436664597754
3.794830667748947,34,5.012142446338097,1.1159316823242056,1586.5024097980624,2.60049366190822,37.54027483736754,-118.15991538019192,NEAR BAY,1.838309970377632
12.93970628751874,17,1.578453101281208,1.0,4356.304050887554,2.6489545960455594,34.14581102365446,-119.12687066416123,INLAND,5.0
6.045084159656345,2,5.397414505251577,1.5036140296316394,1168.9581498801024,2.696164753748662,40.91719045437657,-121.66320249178068,INLAND,3.8597414840693527
3.2792724176380226,10,4.465968547899173,1.1601078425036642,1079.9393397758752,3.201919074960426,39.631031954297434,-116.78369098173272,INLAND,1.9594439178433183
5.839111222849379,6,5.236636477460517,1.3828530113834734,1249.1409086808335,2.906773913112865,33.61930103470204,-116.99078445140418,INLAND,2.996497611820701
2.35628524801599,15,5.754941927532378,1.1315964702053118,1202.3895568505075,2.650619781545556,34.07615860623916,-123.26703978205559,NEAR BAY,1.905767463402141
5.897556040482294,46,5.122697434987062,1.398792511041803,1591.4026539812082,2.83522526266729,37.466902362936416,-123.32224189961701,INLAND,2.949994890361651
6.535929327046188,33,5.152781956027831,1.0,1363.9618707628165,2.0614212995125007,39.897077103239866,-118.92643992429932,NEAR OCEAN,3.3257977721504868
5.26145550506989,49,4.462918486429086,1.0,323.533594476858,1.844554333869509,39.54492074504297,-117.94510695654246,<1H OCEAN,2.7153688085897723
3.9134621758696335,15,6.2952320069045,1.0,1545.1185753339519,2.369557498654401,33.22165429918589,-115.13658515408537,<1H OCEAN,2.8578364088069486
12.234364119317807,13,4.652753667161662,1.075848779283113,1776.6341422850546,3.4634540352028456,39.057244302178994,-121.74717545057686,INLAND,5.0
4.71488231622171,25,6.417454854179525,1.0,1761.7739067833052,2.91724744015638,41.73238762137128,-119.67631686463976,INLAND,2.3642148473458926
2.335526301510598,12,3.4680137643482043,1.0,849.783397603796,1.941997707187726,38.23862050796488,-120.89232296171637,INLAND,0.5157252536146925
5.084477912855457,46,4.619075302101184,1.0,529.1062790669799,2.6879850032485515,37.75474352925315,-114.15917472493592,INLAND,2.493984090444433
9.26958045747511,3,6.152296237752211,1.0971609275081757,2749.2804947998548,2.036541500089006,38.47765842851327,-117.35892776003776,INLAND,4.596105178365076
11.340274931298985,34,3.423860188785766,1.0,1049.4169867882708,2.997428951023497,37.68186659997586,-118.17774804588905,INLAND,5.0
1.6272401974054447,6,4.385961897432727,1.0,978.2523095670174,2.7822533164383274,34.61117820831754,-123.33589751082778,INLAND,0.6636580011637464
3.7586290559449194,36,6.271282944930003,1.0,890.0985965581883,2.952680866492259,37.809864383751226,-117.05942921302085,<1H OCEAN,1.8788198832896827
4.624671683666938,13,4.047911297976298,1.0,1823.954607937815,3.086964314852104,39.45935320774911,-120.26303300529813,INLAND,2.616931598053923
5.897752118312827,38,7.389168624729024,1.4943417605381686,2381.2591182192928,2.498472869124471,38.090451163317454,-117.64565154504986,NEAR OCEAN,3.3908579318578513
2.964790941831968,47,5.373428851432061,1.0,1710.9668634083012,2.227059019287939,37.02150746807904,-123.23068510773619,INLAND,1.6391933620776973
7.0273178046310765,14,4.83142232465668,1.2174931749783784,1673.192164094523,1.938912711054066,39.03158819091467,-118.32409655176738,<1H OCEAN,2.7065582845255975
8.31100530838193,7,6.344888816800036,1.1454636169328065,1037.0446585940729,3.3889445093641646,40.66512925607232,-122.05581247176944,INLAND,4.224121220538353
3.6770778896410197,26,5.469471498960623,1.005863241706539,988.8509473160844,1.8241115214130768,32.5415452689673,-114.52769570293677,INLAND,2.1522935281335314
5.358537431538739,4,5.411652774985184,1.0,1024.375690863009,3.0558968716423554,40.88880037637287,-122.64135057614769,NEAR OCEAN,2.872107271706875
7.897382752477754,42,5.031550448640989,1.0,1699.4656612847264,3.336449770848173,37.46591992550784,-121.46992325551003,INLAND,3.361964748427109
12.1324801145161,50,5.101142778064305,1.0,922.2888100801258,2.625471351773664,36.316650824946045,-119.79240396396499,NEAR OCEAN,5.0
8.80161859142604,51,3.574424241156688,1.0,1896.0099111812651,1.817392952757543,39.20149796174743,-119.20292619418612,NEAR OCEAN,4.529562001758713
4.329111759124911,6,6.4533515813178335,1.2992851942250663,1981.1632520501098,2.95273314842363,41.93260109257401,-115.11905251355557,NEAR OCEAN,2.9904526045430604
6.71279718296523,51,4.331804593561282,1.1520579745013302,2036.702251174935,2.1924744479637144,35.288715141052165,-115.44889290639259,<1H OCEAN,3.635076978670779
4.924782707643733,9,7.026851825735574,1.5166088597839387,1012.5211662518436,2.3037084199354103,40.06757607701679,-121.96790236997224,INLAND,2.5917416401118825
3.906924391579794,8,3.7668156419014664,1.0,758.4193617722142,2.740521120998958,41.07688777382682,-118.74861426116249,INLAND,1.9324224289607823
6.842109864183402,27,7.34311370976988,2.0433708106773314,1339.6969791412305,2.0718747290320207,34.4431990025014,-115.37979933654115,<1H OCEAN,3.304013507809032
6.810488174337084,29,4.050836673330102,1.0,975.7049350216861,2.3747732707214415,40.78872469894224,-118.766228368288,<1H OCEAN,3.5416325019448163
5.455320594250197,14,6.608256346426202,1.7702992891143496,889.7393223715925,2.928367508709071,41.33307448828754,-121.00501785849538,<1H OCEAN,3.3930087693322797
8.593336739850868,35,4.659685931719565,1.0,1114.5105280765094,2.9778730400209823,38.21099163517594,-119.32173316325918,INLAND,4.498655765969137
4.818614692006963,22,5.6613264635905,1.3964568439433451,1958.1893946119742,3.3339464301061366,34.3679862236936,-122.56950484605926,NEAR OCEAN,2.8204638522487193
5.252534098652173,42,4.35064253458134,1.0815731357553247,765.4492288296851,2.9276179597972463,33.3661857728595,-119.20818111243918,INLAND,2.446420570851604
5.9819281356403256,22,4.020670164891702,1.0,3958.39888504885,1.9261492933894004,38.22345358444301,-118.69938501079086,<1H OCEAN,2.868214673633083
6.326911922539608,32,4.744113218202351,1.0,1867.2657984642728,1.9877784266101484,34.38630465185793,-121.91369042755888,<1H OCEAN,3.033264638027643
3.6117985513942243,30,6.445215505795959,1.5861448844037047,987.8313677087821,3.144557294240837,34.34177695150604,-120.45266793416005,<1H OCEAN,2.4148126738736897
12.79790309890487,43,6.444290677150266,1.5318787078329474,2123.2641680389606,2.732901193295508,37.24386974185053,-121.17176896810922,<1H OCEAN,5.0
7.408000395294497,1,6.265377831166349,1.0180526401631456,750.5778303548234,2.048945739574012,36.169468055667735,-114.40492620741576,NEAR OCEAN,4.1668105619196645
5.478160099911673,9,5.753690387249105,1.469816134480425,1479.7545744048318,2.825009017524615,35.03692022097525,-123.52067688897723,NEAR OCEAN,3.050341105074176
5.5311104528360575,42,8.858288828024367,1.8466258919948164,1771.7937975306095,2.1929678146838296,39.25763981665556,-116.40795511080604,INLAND,2.8776316862272564
5.290135001102909,12,3.9713688222772783,1.0,2041.881348491793,1.9004654087357002,36.68294847939916,-121.88628485604382,INLAND,2.1514369927783443
10.56841104467714,19,5.147461343222948,1.0090141901362675,1218.9208245864386,2.2609813525064077,37.499869699494525,-120.30659140038134,NEAR BAY,5.0
8.424876259953606,27,1.1915064209761805,1.0,663.0894955842996,2.320421414742434,33.82485164218541,-117.07734141761034,NEAR OCEAN,3.731509165324262
7.283935019538805,51,6.061757495246669,1.0,1327.3203864223676,2.56787519312422,40.91953295584621,-115.38154557808998,INLAND,3.7890019044535443
15.0,45,3.861116519274665,1.0,2956.531058462479,3.4281071302581534,32.96846928661214,-123.75667033247392,NEAR BAY,5.0
7.145008296182962,44,5.289677717725579,1.4802463527421172,863.1627671406322,2.7063259972652105,40.17013494332598,-122.8354435879165,NEAR OCEAN,3.8072278386605527
3.6512600457959565,30,4.12529293164725,1.006673480778599,844.8550908406412,3.4606141089293327,33.83679784685414,-120.31392107563194,INLAND,1.602358659804112
7.6380220482954915,1,5.08403144799325,1.0,1143.6214300828717,2.618748124345424,38.85370287767999,-118.99936267478877,NEAR OCEAN,3.8527893604620536
6.95818595779842,11,5.60431337289005,1.4577524313353534,1932.059436976454,2.849046463084746,32.90544662152814,-114.29749252656188,INLAND,4.076562302191947
10.219767502530042,43,4.161616387846077,1.0,655.1731726716606,3.0295345671264924,32.66311211425647,-118.51023617005117,NEAR BAY,5.0
7.655674187324271,19,5.887283155856782,1.2412445615225476,896.9099555984651,2.19742847989799,34.305109165253796,-118.31812484466319,NEAR OCEAN,5.0
5.824545086752276,11,4.63727551705764,1.0,689.0472809212777,3.2585547427259867,38.15512590862357,-115.36590242919311,INLAND,2.278224140067022
8.446540152963843,10,4.258252424990865,1.0,3245.4671125995924,1.8054729869169122,32.78942463164828,-118.65730649132215,NEAR OCEAN,3.973258521248017
2.5699562610224254,1,6.4508568602407985,1.362232527991639,727.8452655045678,3.014833640586795,35.25935509347454,-121.44393983745685,INLAND,1.189135168311939
6.790854780873072,23,5.728497537241988,1.5493610174183825,1442.4749702300091,2.779741096861633,41.3903936210078,-121.96016932207442,NEAR BAY,4.00257804290273
7.077466597263103,3,2.4190058553487686,1.0,865.8803408366589,3.1402230973302907,37.934996538072525,-119.12529130154549,INLAND,2.919519862780098
3.0039501247220546,11,4.806903695451671,1.0,1714.458703005919,3.4239471488463744,36.132670972304894,-120.96958514699247,NEAR OCEAN,1.4446690285922013
5.787738716629172,44,3.698602381251238,1.0,2475.484862105278,3.0390681885937845,33.012932053573806,-121.49617790519596,INLAND,2.6626144177556026
4.0624033521651866,31,7.5994916822781455,1.8504589849795723,1193.507413480931,2.3460950459747254,32.94148106679667,-119.79949228416163,NEAR OCEAN,2.4866542852400975
4.496037355876706,18,4.11677468880616,1.1415882458827726,2183.6429181168064,3.399622694583533,37.8766017003059,-121.0175102591932,INLAND,2.2647203109332157
8.296029954592338,28,4.297452845081005,1.1883567332673097,1942.2273787318093,2.0782647564001957,41.973390448763595,-118.9061529512233,<1H OCEAN,4.39867033576144
3.4392501068431733,17,5.436258413349909,1.0676186126504617,1558.8814118069752,2.5936448831884817,33.792807630433316,-114.80395800905947,INLAND,1.592821931758693
4.942701048913425,38,6.199761375759471,1.269202636619325,2360.6031907091424,1.8677064716402751,34.704185592111784,-119.4540094857079,NEAR BAY,3.0866656872091918
3.6077896082473924,41,4.219369094723316,1.0,5741.6609169740705,2.660610193381604,41.66745700004233,-122.09745273918251,<1H OCEAN,1.8286128209833656
6.058471712328464,27,5.624528969934434,1.5484801186357622,2978.2524904087995,2.85945040292779,41.642229410341955,-119.65602485413613,NEAR OCEAN,2.4698070818227436
6.362679814694305,51,5.815237462935428,1.0,475.46946779443743,3.0967464400605,37.522442049221574,-117.18767162803286,NEAR BAY,3.9619776689131205
3.0656022464507466,3,2.603376044303764,1.0,545.7835076406716,2.1297135827551363,37.86222758273675,-115.3041059504199,INLAND,1.3245061878000455
4.694645742164922,46,6.142475980021119,1.2875932817460498,1259.1619851291512,3.4937483026393314,38.37989931765247,-117.59572504670457,NEAR BAY,2.8932431573042847
5.028960939477269,30,4.516250340915694,1.0082474088980549,357.724940678947,2.3441344156500583,33.63447953495188,-118.20768219368573,INLAND,2.2988624723757027
5.768967616232724,50,3.432400071109953,1.0,1211.47103926425,2.719061389367611,35.704755011741305,-119.38209512893927,INLAND,3.8437088005579003
8.386948656300252,26,8.37946767757522,1.590582744821299,497.807587519914,3.3797939402084793,32.569293091944914,-118.43891800203355,NEAR BAY,5.0
3.5581928729459142,5,3.9121630684627844,1.0,1480.4300629614188,2.7522592582898824,35.24581141682481,-115.79818412737151,NEAR OCEAN,1.7292532907066496
4.5560562482704485,34,6.632013025825567,1.5359349620945306,1713.55238952616,2.30359256949008,36.87539011425974,-120.93857372768298,INLAND,2.6593138239682026
9.872223466246172,21,6.154036373377473,1.6749339735883249,1209.072448080089,2.509137957911904,32.88979366142383,-116.65390270087518,<1H OCEAN,5.0
7.784143685192215,47,2.592585720361181,1.0,1063.2361977024505,2.230813904523501,35.573149114016665,-116.76731497710354,NEAR BAY,3.457418826399923
3.5502945192524487,13,4.11107525243345,1.0,841.427851772025,1.8259022529134508,34.991306772421055,-116.80289116698165,<1H OCEAN,2.1408250383751692
5.199747087960609,2,3.5258775949442374,1.0,1417.0354904209935,2.215228769959557,40.91370192770489,-118.11324554207935,INLAND,2.6220954543091426
6.599422870906438,32,6.875960361360352,1.5657867453313685,605.9298550278965,3.04059988753514,33.317042958023364,-122.79844795293178,NEAR OCEAN,3.8908447088163105
8.159887220159078,26,6.680730764704474,1.7831753823047416,739.5717657090782,1.898974237309384,35.38374257005034,-114.69641388204104,INLAND,4.144416636975463
6.319990329832058,50,8.027009508306776,1.646967168121275,1751.799614117371,3.0920613130380006,40.75777658201658,-114.17028741574579,<1H OCEAN,3.0664425568622673
6.5809664325411665,30,3.7251214964661425,1.0,1060.16611764312,2.923011234329234,37.4419021451101,-115.07684282218452,NEAR OCEAN,2.981258870471364
6.65203251639967,50,9.314657350459703,1.8078760957459725,982.2362307125771,3.1016563574425158,35.010479275512154,-114.83474664993203,NEAR BAY,3.5529557810352683
5.584944031197899,43,6.926343639688714,1.3567893089094,2474.507173005398,2.4233119359263755,39.14871687107002,-115.34177257882887,NEAR BAY,3.3439955327408657
2.6849580065701115,34,8.143030185197315,1.2863746730206793,1292.9622626266153,2.794432164858838,36.86073594305229,-121.69281277918816,NEAR OCEAN,2.0986962507175217
4.3649850570017525,44,5.623095272873891,1.1762372667887842,978.0675237254418,3.278553013533614,32.66368730293458,-122.36952710337115,INLAND,1.9066227554055128
9.551192220923078,40,4.90855575452039,1.073091345843788,2063.4484932807695,2.5547406523251657,37.68085633476124,-123.00668280747486,INLAND,4.804386641868901
8.067516996617874,31,3.9555913306848316,1.0,742.2602600846441,3.1299403524071616,33.11255600992872,-123.08579442952278,INLAND,4.192941931782724
5.436790470403106,45,7.503394402832072,1.4450415023673686,167.38746341912565,3.23056531941401,33.592831194685246,-116.50969092697603,NEAR OCEAN,3.2028250505116773
4.90620152621861,20,5.170527622789866,1.1590875047019045,3240.342588804196,2.970360008223106,39.3745424544387,-120.97430578612702,<1H OCEAN,2.113499917657644
3.920452531559059,23,5.190691231217181,1.376872345155851,616.9635201603891,2.80636205661974,39.282254165363085,-120.70847201980953,NEAR OCEAN,2.7675983327378133
3.7100378825196105,15,7.287943790471405,1.0,3928.131142798192,1.957153295961633,36.20251466327297,-116.45568275513622,<1H OCEAN,2.335703241349825
8.384928339693335,29,6.77223483312739,1.7852263351632114,926.223057834715,2.9624876494807877,34.663835933489096,-122.08429178763329,NEAR OCEAN,3.7453695603695163
4.74742163049905,31,5.054698723215731,1.0,391.40794919290306,2.759764849763443,32.77492978127392,-118.13734189947087,<1H OCEAN,2.3357563673973303
6.252106491436098,45,5.641297073381698,1.1223516039889982,726.5750617157071,2.235639868368599,39.49549852998149,-117.48966087446405,<1H OCEAN,3.045815794844535
15.0,1,5.889494589725073,1.5363635562847822,1697.0324939084264,2.686815482367735,39.11920460615239,-120.72224994229256,NEAR OCEAN,5.0
5.72992869597302,20,5.52588506327527,1.4766054519779332,3667.0844445825555,2.7968919318013286,39.7504892564944,-119.18767390684533,INLAND,3.4962666120169774
3.899890801367555,15,7.400782976489405,1.8243905834813934,2386.764318298729,2.4005141079090455,33.52634615555112,-119.18825404831848,NEAR OCEAN,2.409258686440708
8.118643289447949,20,6.303143515712574,1.0,2576.738920900853,2.21856896180864,32.98387055654896,-117.80346862229338,INLAND,4.081076788628312
8.885222642576863,28,4.892168839309243,1.0,586.6441469135616,3.2696128022749686,34.43024284333614,-118.68630537227091,NEAR OCEAN,4.93481230222262
2.283548632820356,43,7.600913023422542,1.1469283931953187,2274.668211608763,2.3335087207974943,40.06841049810184,-120.33116136457272,NEAR BAY,2.0338239943650867
9.596471311233138,15,4.389498172371048,1.0,1144.1479230952891,3.0401854563274595,33.9931617646895,-115.10813625389059,INLAND,5.0
3.647786795445216,45,5.2581683326007695,1.0,4175.1015346586555,2.884531976344392,38.22750510139735,-116.0593416099149,INLAND,2.0587765976006795
11.313479158005942,49,5.0396441277617425,1.3454373584622656,1797.235055752315,1.944376657524813,38.597803023837116,-117.8476820490155,INLAND,5.0
9.717217035432084,39,4.765702540629739,1.0,1719.002459459672,3.497946376074057,39.912127596544636,-119.24123494341299,INLAND,4.010103072938266
5.802934048389322,1,4.904893391955012,1.2539035385201107,542.2322381244157,2.410247016853411,32.54047630885372,-119.25797715541346,INLAND,3.260120050717352
3.7421978864767964,24,7.056887206619383,1.2509202370665522,2016.6483469857892,2.687711981009917,38.495702965653976,-119.39429478672271,<1H OCEAN,2.1670478952539427
8.975103637111948,25,5.55065686959366,1.4399395482180444,897.1106433074478,2.337498020211489,41.28451841734261,-117.5972037894087,NEAR BAY,4.8223418227548995
6.610880807075295,22,8.34248666977179,1.3451804363753062,2074.308470304156,2.635099974573096,36.83400429966297,-116.1597532048052,INLAND,3.773199579764314
3.864107866065466,46,4.583471024823434,1.0,1181.6063314591613,3.1582070455569333,39.58197277728279,-121.40056111294572,NEAR OCEAN,2.3258653670711045
6.929409680347178,7,4.441234201418238,1.0,964.818389121643,3.3106229212099727,36.20709420929269,-117.21227160423265,INLAND,4.039092954217921
3.2936379877072075,6,3.2485679813574158,1.0,1863.1170974072604,2.5976201918238124,33.74164017783908,-117.63733696666633,INLAND,1.9230770090827372
6.176328348763597,17,3.241870466027573,1.0,1481.0164039973638,3.217947388553485,35.78609293794071,-119.65802969872183,NEAR BAY,3.278420577003702
6.229852357655901,12,4.155078729704718,1.1251785799259506,592.5668809498524,2.6767924080207357,39.103281857316446,-122.87534115988903,NEAR BAY,3.5588614187105874
6.78731264860214,12,4.08563068517541,1.0,3582.7808397483677,2.66192609374513,33.376260098112496,-118.07736290516742,<1H OCEAN,3.03556674574371
9.43845200273136,46,4.480218254700089,1.2544143030743664,1169.21485902621,2.3917687719919543,36.60829345952088,-123.60906376594565,INLAND,5.0
4.380888321541066,10,5.714851978222943,1.0,2340.9152125999894,2.7807397710813517,33.063267107986256,-114.36749138644181,INLAND,2.179266004942355
4.104637238717463,3,4.079296985839041,1.0,1239.852964227878,3.2937289347033767,40.807036407304885,-117.84412858631394,NEAR OCEAN,2.44350810092037
5.541282492495523,39,8.265552972151855,1.2660823115740172,756.2910400946093,1.8344066066679652,41.047179385449525,-121.78965955902939,<1H OCEAN,3.5898226159324835
7.900209047262555,35,5.282236509427608,1.0403388604924133,1177.592014428828,1.9178020076170592,36.54379745187517,-116.81484376844645,INLAND,4.177458447377511
4.9811355773366515,34,6.82820774756048,1.653493696948988,1918.6335152171416,1.9358200910363679,36.02858484585864,-118.25018226549423,NEAR BAY,2.8048667333015596
2.6561476263301733,32,3.970435956610263,1.0,6427.48504636383,3.4931132238599796,40.187744971308895,-118.20534382627373,NEAR OCEAN,1.205041284672184
4.861833147197187,4,4.794462637004093,1.2321830631471868,2586.282813571109,2.167839769243403,40.82093167108189,-118.5539770519215,<1H OCEAN,2.9517187851181146
5.880169970516311,50,5.973476086957276,1.3913646231230252,940.1034782637943,3.4539023116017766,38.50442970366844,-116.22147689092111,INLAND,3.2581942865448688
3.857573360317829,9,6.167811020052254,1.2447961744911988,499.3181609610234,3.4154104641926444,40.93466537517408,-116.65502241609576,NEAR OCEAN,2.072589299207973
1.9004883121556044,9,6.960954153086648,1.8853628495012915,1363.9419217973916,3.2456625490159943,37.347661371093295,-119.90042079240585,NEAR OCEAN,1.1195648568507415
6.2980979305726725,19,3.2484360673149966,1.0,1388.2528489113256,2.5812772753479107,33.89073794510938,-116.82418474276487,INLAND,2.854956246254383
3.038309538806323,10,9.926108218218548,2.7006636585017283,2546.226172308162,2.857534017908292,41.961004190820965,-120.78059618987399,INLAND,2.2046459517342982
8.461654848696115,23,8.179472716924339,1.688702473840716,3160.0481275010143,2.1253533701110605,41.003550536506594,-118.97109960053459,NEAR BAY,5.0
15.0,21,5.843504197069972,1.5750919646099757,2015.125607879392,2.4258637190194805,40.23513921781066,-121.91852873074023,INLAND,5.0
3.660845400265109,44,6.047881434364965,1.0,2483.5200080016616,2.444178832764726,41.03680257351342,-122.16961351829391,INLAND,1.2920647214488115
6.412854091713015,1,5.829405783505024,1.575303213543358,1176.1361915714906,2.2166203422133286,32.52317291361908,-123.1694274567863,INLAND,3.3532122734819008
6.262388455282733,2,3.836817111502162,1.0,2345.3345425908983,2.6246862506886,41.95106795135938,-117.62597951940552,NEAR BAY,3.134337956641111
2.743769101829697,25,3.1506110338785196,1.0,1646.0303391222942,2.4904317462093246,36.63921420876141,-115.50722859219725,INLAND,1.345089949349741
1.839412033379529,12,3.517148467076294,1.0,4920.670501913541,3.0180732522470253,32.7799561299307,-118.45861095469564,NEAR OCEAN,0.6638131302603056
2.9740575600070676,34,3.302282676931902,1.0,1553.2874120577735,3.4187847684257378,38.64479675916405,-120.00375581101571,NEAR OCEAN,2.03619998023214
4.77509504882043,46,8.33144980597785,1.744492820901805,1186.3732766737248,2.6903916556741563,33.452019703766474,-117.96958964835804,NEAR OCEAN,2.6360217733890665
15.0,10,4.6392681145248424,1.0,2207.283221879578,2.0732114703165054,35.225565183725415,-115.46698375505335,NEAR OCEAN,5.0
7.08350027574114,19,7.345779804006281,1.9141636100528652,3609.9026392584815,2.1308835047661283,35.588903473771104,-117.74145528085522,INLAND,4.288207675037717
3.676885341901244,6,5.057890598131654,1.0,2275.1429471988786,3.210570455476926,40.944925330610644,-115.21151192759628,<1H OCEAN,1.9573333214401818
3.6610356854651886,12,5.260355554929328,1.3451238555330318,1776.8319654699721,1.8207152334453083,38.96398266795305,-122.83911773177473,NEAR OCEAN,1.7639307673376163
4.022335799251709,47,5.067705356859079,1.1818612007297356,1300.3161837046393,1.9813807836217987,41.645544267382746,-123.11893097878838,INLAND,2.155618252431556
2.3500381510147106,30,4.487696578633885,1.0,757.2758216258451,2.8361463965184974,32.72321850890728,-122.93518914276152,NEAR BAY,1.62418749735431
3.6756721369944594,3,8.44538252655305,1.8060463490385625,2891.691197332414,3.2424648237365705,40.49412346588799,-117.48423398579459,NEAR OCEAN,2.485771442454644
6.735774697205629,50,5.6957755011583915,1.0,2896.5538141696024,3.012711544344861,34.14471474704162,-120.40796648147766,<1H OCEAN,3.4591693418049068
4.943660960362113,36,7.853773373119324,1.1907715907051597,340.6111935698011,2.0771553747262255,35.52028892847165,-123.31264267804578,NEAR OCEAN,2.882726019702443
4.555709282834287,48,5.867451137302141,1.2511921946186042,771.1363870082973,3.3799202871211014,40.62355139106,-116.01531226616692,INLAND,2.350324355000149
7.96641177328304,26,7.884922237113267,1.390837794186226,2136.450299734532,2.744259457750233,33.01292665384329,-115.60545834311561,NEAR BAY,4.516006685787138
3.296819531744598,27,5.636485453244657,1.0,968.267970976644,2.806367997269067,41.916176580984065,-120.50683350090331,INLAND,2.0404737423950308
6.637882097474296,1,5.021518887583842,1.0641312043565623,1924.5058824372952,3.0634977549576377,38.62198687892754,-117.75999679357032,INLAND,3.5627930148258264
3.276524530432715,6,2.9783003839596827,1.0,703.4252549341841,2.7541982726476526,37.02343098261334,-115.21312463702911,INLAND,1.1228720645491643
7.955224866084304,19,6.741540507363942,1.1597912535120383,778.5684987899263,3.2319793707425575,41.77354328816047,-115.64595010731527,INLAND,3.6966802717143
5.634005840203992,8,8.088833388546233,1.799519548643326,634.4293887746753,2.2688225304884444,38.321935390381185,-116.34199973084036,INLAND,2.6803423643794013
5.892455534691164,4,7.1728420069742205,1.0,1244.103292144072,1.9671606885244672,34.7584417849394,-122.14679453677891,INLAND,3.54694642297108
5.152072958429806,16,4.757988372472219,1.2648732759987042,1337.7003483749886,2.198431518559347,38.682827563370836,-120.31173019240508,NEAR BAY,2.5299015413512036
6.993113305865846,34,6.8393745154946135,1.0,609.7091760273571,2.701072664326844,33.27157041306039,-123.3333981714067,<1H OCEAN,3.53684179946491
3.7286776132053996,44,3.6810981528343194,1.0,684.8653624012657,3.0200651032274983,41.07495752936987,-119.72115716851013,NEAR OCEAN,1.9592286400375434
8.627489745077424,12,3.7648259934552377,1.0,1012.5228398049983,3.4165417777184484,38.648687884789005,-118.30480143629246,INLAND,3.66483130288115
4.877604815149678,41,4.309520855384079,1.047550043184231,1069.6656807381473,2.1052753602406398,38.643331310011405,-115.90127590297679,INLAND,2.352582905254719
6.836757327734988,2,4.333268714888251,1.0,809.9812478269611,2.623736221494112,36.801938222221544,-122.84640326771162,NEAR BAY,4.549994200601661
7.365861747179189,50,6.4893868207384875,1.3409236138223728,1973.3247128241585,3.2760109423893624,40.21815828630406,-122.81029041557382,INLAND,3.8324194950282457
3.879590491590915,25,6.894956990408589,1.784995055591756,1016.577493891028,3.1308727043623406,39.78826225928472,-120.53514156514179,NEAR BAY,3.1635802920176608
6.837369856527426,26,4.791726470458321,1.0,1479.149127918948,2.919432676494387,38.00453806499092,-120.57421513783312,NEAR BAY,3.522150945637317
3.915961660942228,10,8.197752865095817,2.2791732391888315,1746.4105865446047,2.0447356888280086,37.17615443785449,-115.04564153533381,INLAND,2.623165624115898
2.676232284277603,30,4.6250177592195625,1.1591802625456866,746.6179279734334,2.7520310688574106,36.54804034378253,-116.30651489945922,NEAR BAY,1.6549202944441561
5.97123031924948,38,7.48066858266117,2.0117064295459506,1882.3566482463978,2.2430626613004296,40.65929016014799,-120.15388604838762,INLAND,3.353678996283096
14.494775539512064,17,4.872885190020068,1.3397044937932112,1481.4113766999465,2.531774353033748,41.343217913509285,-123.58885954121682,NEAR BAY,5.0
4.076483785883707,1,5.5185639105486155,1.0,1413.0647911582157,2.0662001482086185,38.95817284765478,-121.0401360559328,INLAND,2.103600527163815
6.890958395915182,27,5.614484631345449,1.5469652037179111,773.9717984810379,2.7102150433016456,41.825056408602904,-114.31497819933925,NEAR BAY,3.976239839841914
7.913008326528807,42,6.922206668465114,1.4642243686234573,2408.0756287890604,2.65677876886454,41.62851905758454,-120.08456533353643,NEAR BAY,4.228429523222273
3.248454723146281,37,5.156014614526701,1.1118785002624996,459.5428554519029,2.0871254728656954,38.16442018513208,-123.92856199029436,INLAND,1.9597987597188895
4.144171991069619,30,2.644390005822665,1.0,1218.9298632761427,1.8345422974424956,37.10370426011573,-120.66057117145834,INLAND,2.419128780122868
9.605203759466244,3,6.80498624385592,1.0242982466725306,768.6035322306769,2.5254963279291536,37.4492446933427,-119.40676941936749,NEAR BAY,5.0
7.350737554702863,12,5.48779535080856,1.0,1012.8268824326112,2.258920438635109,36.50253270187081,-114.24810733047651,INLAND,4.1039240353035185
5.650139597287429,46,8.458786913375771,1.0580583402643153,532.2870652570721,2.364638481866896,40.42040990942686,-117.97242987456744,INLAND,3.2021328776594737
2.6923116230363333,45,3.2981214709658535,1.0,837.1917459572218,3.1208434203919495,39.242642670139205,-114.78001073875639,<1H OCEAN,1.9179341175911344
4.221877828169699,32,5.146676857228704,1.292245669436839,646.1531356226639,2.1091121323190105,38.166941128796736,-123.97656863636517,INLAND,2.625865353603717
6.919256884205944,51,2.7595254761038883,1.0,501.7936251951497,2.094254180235174,40.19671650922405,-119.95293173646662,<1H OCEAN,3.1580289701200446
1.330313331533702,16,5.67159452730055,1.0,1871.6511365395966,2.6244671815881135,38.2148126314183,-114.14438342523576,NEAR OCEAN,0.6668190887749428
7.88871284753695,45,5.67389927439823,1.417283508094367,832.5346298141221,3.0723733042403154,41.14237430376779,-118.48914833502198,NEAR BAY,3.649763603681712
9.109531213392858,17,7.883334971876446,1.648943732341837,1158.4443058635588,2.776058502062,32.636168820804585,-122.38649742884458,<1H OCEAN,5.0
12.30711060963725,1,6.322848367302434,1.0570676510591497,1674.3909666932068,3.338100259018753,37.63934365403961,-119.16971249528386,INLAND,5.0
9.710634959265228,51,4.634372896576885,1.0,1592.1144660458476,3.073004829538987,39.750877891941926,-122.05305183065944,INLAND,4.646973311890888
6.556779957313955,28,5.649966309447473,1.0,1204.2025340248413,2.5326791483816575,40.40413574415067,-118.98053248235253,NEAR OCEAN,3.526643003572899
7.7706568961413,16,7.168199322887906,1.367665306291003,846.8957839229648,2.3980091101227847,36.95254044865816,-119.68041784255861,INLAND,3.642455765663608
4.663311274982352,29,2.508830040750374,1.0,1025.4321364389705,3.303329058081417,35.09616508275976,-115.11486915658298,INLAND,2.8746170357605556
4.269142452134116,29,6.418899256008158,1.4005694522053587,1497.0307720113572,3.4776190825568776,34.618842628248835,-118.573985068164,INLAND,3.2570409041129684
6.665331362874904,46,4.283044150064119,1.0609710125765823,2623.38228184882,2.875492297714226,36.03129532609621,-118.98250488663292,NEAR BAY,3.6134512376198265
3.7791698202186494,19,4.87940818427887,1.0022049580638293,292.2673464949185,2.994961459215223,41.176719337125824,-120.9003398479584,NEAR BAY,2.267209554630821
4.516386757638216,43,5.529174248135761,1.2151206471527412,1710.4794083531904,2.5430502102854544,37.715116887898716,-120.84153830766549,NEAR BAY,2.455669912561786
14.6701439236225,29,2.9195768380318086,1.0,611.77476430943,2.808817527946368,39.417617614191236,-114.80872691445597,NEAR OCEAN,5.0
3.9237945480148158,43,2.9371291226289262,1.0,946.8181709554556,2.915604451577602,36.56190568853171,-119.92867076718908,INLAND,1.2587072547614775
6.088726090326908,22,6.607559797576899,1.0021814658696393,1151.441663001275,3.4908780482159747,39.152596719368034,-115.11355460607437,INLAND,3.2846799731746623
2.635670685959824,4,4.777530963755986,1.3097097899358028,1231.8709918930997,2.4175639386889944,41.722049915619905,-119.78798112140105,NEAR BAY,2.0616635879054215
3.780697189284577,25,5.4345378403028075,1.0,878.7222929407125,2.7993044995336946,37.985410214442396,-116.97972503511787,INLAND,1.9129259325777428
3.7956495264391537,16,5.883256864322843,1.1682664188107121,2794.0010697489975,1.8330776554812618,41.5905885403121,-114.80709045190655,INLAND,2.237690932873679
5.174646999270055,5,3.386242809201409,1.0,1912.8109057598035,3.335253655416559,40.29230924652921,-115.1978810526793,NEAR BAY,3.004069282156806
3.684056248081458,28,4.234597159154083,1.0,983.4493554377525,3.466043231839208,34.762971193025336,-117.73232990739207,INLAND,2.104090225321645
4.8106731935312625,4,3.9764514819459476,1.0,3689.7562278719024,2.800345383258235,34.67727194280265,-118.39991230817263,NEAR OCEAN,2.3029358179771435
4.349291490748791,28,1.5437818360607478,1.0,832.6944043003487,2.4803538702154504,40.8792505566361,-123.86798378941116,<1H OCEAN,2.308441152278437
4.996988041707771,44,5.163247098798185,1.272887130361739,798.2787485716333,3.180375045349492,34.851379080492144,-115.25154350168896,INLAND,2.363501407458164
2.5806734143395964,34,5.22049944787526,1.0,1412.3294080528303,1.9087383621464364,34.699963423421195,-122.5852384664088,NEAR OCEAN,1.2075614977617688
2.702449022845589,44,6.306701164318262,1.7428645650564132,905.5746354302123,2.821307847982987,36.17271923641945,-120.53519439963362,NEAR BAY,1.7297858502113277
7.741933099980341,50,6.09813129287842,1.182086208249677,1707.9305156683286,2.4051515026565706,38.91005570386489,-116.70440775419529,<1H OCEAN,4.0460879180864495
4.208345157767654,50,2.5505856400167985,1.0,1086.7865523660946,2.130453054095526,35.23109047830039,-118.95983676105813,INLAND,1.454026662383714
5.956067316924821,42,2.587854027614334,1.0,1635.4289961599518,2.030528238511558,39.37949454384825,-123.76943748067997,NEAR BAY,2.7101412985220072
6.494743821738499,32,4.44329654631686,1.0,735.977900273201,3.0739999791354906,34.16274947310294,-122.90655296828366,INLAND,2.8791659414355237
5.631571432279596,34,5.854116310941749,1.0,4264.206063130188,2.708003120889817,41.17345524228853,-116.59613847990336,NEAR OCEAN,3.010105925845068
2.972521169010109,16,4.6185780208039615,1.0,952.9084463458296,3.3670823231428075,34.867631660157606,-118.81024593266133,NEAR BAY,1.6599106614037373
2.1624579621474056,44,4.170771700783176,1.0119135754816693,3341.971246898926,2.75348151291738,34.83163615494708,-118.09801029128185,<1H OCEAN,0.8859293617030399
4.510239147405278,45,7.737390569769687,1.1426243037922394,547.5642089070694,2.0026566184271983,35.2330929359829,-123.05142351696689,INLAND,2.1856045931419206
5.526891079709363,29,6.475575709904329,1.5953157200034844,4237.024655759955,2.4162283052531675,40.55446905909291,-122.49582263920134,NEAR OCEAN,2.6276858525111146
10.198462654514385,49,6.700674078345617,1.7886025774548675,1212.9660486800165,2.3767628345818705,33.44815145333383,-120.67943156524244,<1H OCEAN,4.911971624379698
13.18742861125892,49,6.089474335492562,1.0,1129.378093994683,2.5805483613229856,36.55181945316504,-123.37580190650206,INLAND,5.0
6.357690635758345,15,3.6167406003895626,1.0,254.41390194563752,2.5236165670264725,39.98605782575628,-117.86598391472083,<1H OCEAN,3.2095380366056783
5.228280216009908,37,6.743622482968868,1.7422641274706223,555.8647292003154,1.9572919953310455,32.84258048632129,-123.8421738659224,NEAR OCEAN,2.8207082653675313
5.230661130646379,22,9.787080677611872,2.7081445440866667,701.9648044634052,2.6221083880515623,37.47462626559244,-117.24294659809608,NEAR BAY,3.7955405858246496
5.302589287081022,44,6.532439787673885,1.6613339696095173,633.1899764781457,2.926321982082091,32.68976414426791,-121.84235150537249,<1H OCEAN,3.4960220794105923
3.9798200005958067,26,5.325980551880487,1.0,1960.3655415621383,1.8308402157080785,37.45650544378231,-118.51452472230027,INLAND,2.136121982722333
9.972835822499631,44,2.888072766128374,1.0,979.8840092756147,1.8472811897519508,39.86321797897085,-121.08372152290562,INLAND,4.877414635104891
4.497443331324451,23,4.2128345062449615,1.0,1303.2010370598277,2.8490406786001703,38.99386833858022,-122.26248421184842,NEAR OCEAN,2.5687060586509243
6.3218207934982695,30,6.680735620131978,1.3818824893882014,1480.92203905877,2.77792409631449,32.933643124147835,-115.73258659421218,NEAR OCEAN,3.396381676742506
6.27890652267613,30,6.5988618063377045,1.247900638158058,163.46046606329548,2.9296473546146027,34.2675478809044,-119.7162555694671,NEAR BAY,3.3337058468422867
1.8933592650126891,34,3.7427499044025208,1.0,1070.8062449081337,2.972537039502706,33.55909804815641,-117.17537933065329,INLAND,1.265038573963496
3.4136984548493174,47,6.318269560381449,1.7045569089582915,4958.680616908149,3.2330408450143118,36.463062808621565,-120.14629793571767,<1H OCEAN,1.5451521518771218
6.337791611463587,30,3.8569536167014364,1.0,2603.0321807552195,2.5445964452649044,37.58604818526345,-123.53019378673692,INLAND,3.2701851186918316
9.486081200801308,47,6.969623907160092,1.9246173759490555,1764.5032267568286,3.065178718422052,35.4019484784124,-114.69378782380937,INLAND,4.7552337757704075
5.927283217627633,6,6.533440458014482,1.6780709830075526,1418.3575935934405,2.080875564205212,38.83185747094674,-118.37012084675695,NEAR BAY,3.4862933592812215
7.380748008490629,6,7.164574744708657,1.7904114301622769,3274.2134896773464,1.8043619581494563,32.801744045239666,-123.30199162863562,INLAND,3.897402197206531
3.3187387983149965,32,4.6645840994917895,1.2827772761643923,1908.537113202238,2.0982407803716225,33.565214637560324,-114.79683105128069,NEAR BAY,2.5789242430691877
5.540860151986816,37,6.733805477930409,1.0623019140640515,1172.9689416595454,3.0346285011474294,33.32189320300961,-116.09346094050484,INLAND,2.754738775846459
3.2239415127198328,26,5.694888534438712,1.1740768711815701,1642.075150311721,3.326392569105053,38.142959339335015,-117.01624904824055,INLAND,2.1811262767588575
7.757343754636722,7,6.174800387795247,1.7024638247592188,2204.3240821542645,1.97184870640815,32.85674984586697,-117.68307965232515,INLAND,3.9920901929170043
5.580461610500576,45,5.609969400252824,1.1833561550141254,2949.026480726428,2.557344817534514,34.874830892137894,-119.4122151220208,INLAND,3.436009399856927
11.951963764630959,17,4.0304861299899715,1.0,522.4560523040705,2.77327794624371,41.86839307096366,-114.77656154631173,NEAR OCEAN,5.0
5.420530400134598,24,6.054821300222991,1.4971144529257037,1416.6189194111817,3.312129035561564,35.36967534579505,-119.99840410842418,NEAR OCEAN,2.871701475182685
2.689759026629172,21,6.269939052483818,1.6793728520051845,2447.0883709094155,2.169625679376188,34.86158057171928,-116.63386619233466,INLAND,1.8120677343122022
6.343968389155357,12,3.6226254326997576,1.0,891.3216179607149,2.9148556864906854,37.75606481083455,-115.36786223996339,<1H OCEAN,3.1303560735347826
4.451730642285089,47,6.470702628155392,1.5981806533461513,1148.130671910121,3.2200790751166393,32.55851540697813,-118.01981940285465,INLAND,1.968249630481508
8.40120497983249,9,6.381416473134603,1.1247320518979544,3788.872849322509,1.9126432157879307,33.87855909141998,-119.28149316572659,INLAND,4.026394115828887
3.944852712317426,19,4.3505197089148675,1.1728111769344651,1517.215835257228,2.168662059994721,40.18839962344035,-122.61177376459959,INLAND,1.8133109097322178
9.609495626801595,40,5.950413645225134,1.0,800.2320958533047,2.029993418778215,34.65213900267357,-117.27237681655049,NEAR BAY,5.0
2.929716051989059,31,4.454718434165734,1.0,516.0632430443217,3.00657720190455,33.9213881355754,-120.59350175099904,INLAND,1.705665208699381
10.33279932772932,2,6.4974148713038815,1.255862750388035,1211.5387059554625,2.2924720687714735,33.30300942173705,-114.10924521957578,NEAR OCEAN,4.80069824013145
2.9516836949868273,33,3.991822678060746,1.0,889.3250315973885,1.9174312853289777,36.74915503314783,-114.61584408217449,INLAND,1.9014789991773244
3.8402457510761483,41,7.7495791855157705,1.1948622973186405,2958.522907622459,1.9586101622689789,41.05960596508662,-121.2908057206261,INLAND,2.1715363172221096
7.4305923045858835,19,7.659820699513312,1.007496787718993,806.8879489512248,2.9648820086352115,35.03603803301172,-118.29485049013311,<1H OCEAN,4.400924980526347
14.34797311379669,41,6.88947445827353,1.789880489221365,2333.2882290171115,2.787199073887513,37.56391651289091,-121.9059054489076,INLAND,5.0
5.686160446495412,36,8.813768670404805,1.447810103556032,1286.4896879153873,2.3656743233818958,39.7550182138657,-117.36006842093391,NEAR OCEAN,2.8778244118180574
2.9103745033911617,26,7.927894476863811,1.779103772859337,969.1798016074839,3.354224578642113,33.45050768037735,-114.30098972683471,NEAR OCEAN,1.744724291621343
1.9117490061751552,27,7.093051114293431,1.6020121994838703,1081.0334627086088,1.844359390150471,38.583889001294274,-123.28571188683873,<1H OCEAN,1.5903885088541516
8.40219757304196,33,8.156969530260202,2.2413683488262413,2951.3187756069547,2.1959675214654766,33.18928509651248,-121.13570267042635,<1H OCEAN,4.57652121912478
11.490139107397223,17,5.289270243295691,1.4400044209287237,2181.2951156206523,2.7336321319659334,34.88639889203525,-117.89446338129977,NEAR OCEAN,5.0
8.951280772158412,10,4.5598235025338125,1.0,1509.4956144649573,3.414932335546671,39.79182385324176,-123.10111097391427,NEAR BAY,5.0
5.904803274837441,24,7.166592057139545,1.019820322576914,880.7860437744313,3.3032687042551925,34.24257501861336,-117.80895143704511,NEAR OCEAN,3.439195980676786
3.8812154771439955,1,5.314391651019738,1.0,2113.3775951272373,3.0386187436638505,41.99955999963208,-115.87819397410476,NEAR BAY,2.1602127064220733
6.89294920085017,11,7.067116631824777,1.7046725972240164,1414.9201835331246,2.6156602958013826,36.68315895718618,-119.20942125152189,INLAND,3.9720115866234083
6.406452879753022,22,4.189757791498922,1.0,997.3264958674444,2.5411379478837213,35.607116281276305,-122.54193577829213,NEAR BAY,3.480767324636897
13.325379269079235,2,4.380231805079784,1.0,720.9816140582277,3.0061052252413,36.4919444905354,-120.46651807471123,INLAND,5.0
6.906294679253911,44,3.019638950937848,1.0,906.0483421415132,2.952494504889125,33.28275366357933,-122.36810033602214,INLAND,3.306996632397567
8.151935726992015,19,3.6096044571584347,1.0,652.4011381671486,2.471938708721759,33.663863190482544,-115.14467177580688,NEAR BAY,3.8457510547889884
5.1851534063218025,20,6.083994733606967,1.032052257212416,768.9485604604,3.293557101686323,36.087010475769944,-118.3927625120628,INLAND,2.5293180383251403
3.508754397538179,47,3.1034918205723727,1.0,7598.104138968533,3.1783080102334917,39.77147045240755,-116.72253809734974,NEAR BAY,1.576122195069365
5.373059542769647,41,3.817496942491608,1.0,399.10550761838226,3.4746793094239488,32.51818717581995,-118.43488530679473,NEAR BAY,2.3512236192813774
1.8413409540267802,20,4.138636484031863,1.0,2341.8577977654904,2.4721255436465053,33.95657967796659,-114.28290683959952,<1H OCEAN,1.2200552464703758
5.421956547077713,14,4.8067242221507085,1.155840025432152,1817.5555543182481,2.159763786264639,33.64369449557696,-114.34763897092698,NEAR OCEAN,3.320569271214475
6.294796454670751,46,5.64946360372309,1.3178446348831832,471.73068004075054,2.143883806796137,36.840564827721415,-119.19634910035147,NEAR BAY,3.6727736795604273
4.250929707433137,21,8.832386620468991,1.1714662028569343,2259.3291184650943,2.8916694890382058,36.47481199502991,-123.04225911087799,NEAR OCEAN,2.832220449585217
6.416882548975689,5,6.850494251343777,1.123761105698872,5125.907305017213,2.1406317677747615,38.410040636739154,-116.65751507226449,INLAND,4.094894377817965
8.870735140947346,23,4.4979474692908985,1.2256047326910888,1319.1103876490145,3.057024333446896,35.60350287245617,-117.18208361299264,NEAR OCEAN,3.9768426987487486
5.794644573483656,25,5.5374776737533615,1.0,2431.3080473912446,3.41103049956815,34.17570981791227,-118.98360582539152,INLAND,3.577314843682093
5.235409614345001,31,4.585595224372539,1.0,1209.1801802359737,1.8465705082794486,38.626653323642984,-122.34077282077031,NEAR OCEAN,3.1435758876614224
4.581403269713944,16,7.004309640318814,1.1434540306961416,1744.8408061358919,3.289755443953667,38.95993563690988,-115.71010942060646,NEAR OCEAN,2.6039421856129303
4.8710577160714745,42,6.456182803082135,1.4493408017120328,393.67089964527923,2.1897516374003256,38.02099836590013,-122.95790134573843,NEAR BAY,2.563042957780574
13.305115703461686,22,4.5778628232274245,1.2712634054143224,1338.2686518852113,2.7379034706501786,38.47696631038977,-121.58462999592217,NEAR OCEAN,5.0
3.8245640149037157,27,6.155030034628346,1.5356249489389178,1346.98341267384,2.2536625411267206,36.221849825949604,-117.9556730197642,INLAND,3.0553759661519653
4.11058872391606,36,6.271537082292147,1.4018359844884714,1003.5655399933208,2.318430651929249,33.86904994957033,-119.2968543327207,INLAND,2.6868924022312086
8.372309212130551,41,5.59261385369453,1.1232881632300036,3458.719548666099,3.200771958113939,41.408314718954514,-115.62693918064515,NEAR BAY,4.148317596613024
3.8662711630508455,16,6.165710667399488,1.0,1294.7167947823502,2.2949102221155315,33.410510637934216,-115.60224524293358,NEAR BAY,2.7239210098845184
8.126857003636353,2,6.48214349284433,1.2278977090354615,1209.1358589656386,3.2204401248738677,40.07046413596612,-122.62504477068478,INLAND,4.076610890869684
3.5911355875234094,8,9.121194761339558,1.5017478937393303,1050.8318297667156,2.3409433883081396,36.9466295603085,-118.36683295523052,INLAND,2.5479117515225824
5.44695695530699,29,7.5368333432762,1.2108164524814096,1007.9434568429039,2.1934610652782247,37.48048371841696,-123.3822288466126,INLAND,2.694015064213042
8.311774912439686,3,3.8651467770239627,1.0,1216.9163297331108,3.0902565343606643,34.9105475717066,-116.29023258189908,NEAR OCEAN,4.232153181306114
3.1507560592246584,24,5.9269663129989985,1.5895421118988997,1109.7418940678365,2.306854724315587,40.38276433145628,-120.88771351924709,INLAND,1.7138085361885027
7.611054418646429,16,9.118106180221556,1.7111777012523286,1779.9082179050713,1.8419735769200665,40.3299927103969,-116.03707036237728,NEAR BAY,3.6879784102604938
8.209469161943101,16,6.119928826754894,1.0,1916.363793686383,2.205127696927062,38.95570677215245,-118.14767289344759,INLAND,4.173972834895151
4.857208468694953,37,8.636073247889673,1.901808590477038,3450.188366589786,3.181110581210996,35.33790318730678,-117.76009583026372,NEAR BAY,2.8211899729271788
9.742223879359164,33,9.957652185548794,2.4517999209547794,1002.2574820427766,2.8534158145624513,35.437360302242645,-115.28049940178879,NEAR BAY,5.0
5.063649812144509,24,3.9207630862179723,1.0,698.3017403323705,2.4837331316277904,39.093294503912695,-122.11071256078083,NEAR BAY,2.3225590517782013
5.225561560654046,1,5.38164786339302,1.0885582949410575,1486.2128554554583,2.692141431876503,32.70527780805544,-118.57818633028137,NEAR OCEAN,2.566275167486068
7.55273376925694,51,5.624206843124945,1.388948293844648,1510.309306229278,2.1202425561070095,41.97068422413194,-123.63975373554295,INLAND,3.6968139479998774
9.538000881397025,50,3.283367528133803,1.0,2465.5827798321698,2.248579398347859,32.963151687291,-116.48952101287989,<1H OCEAN,4.585329315765259
1.5341575197671276,12,7.86400645729641,1.6452134619324108,544.43746824149,1.9435116133172643,37.00130032566289,-120.22885078654392,INLAND,1.0803967634087037
2.144169957713296,34,6.0854492456473945,1.0,1274.7790684000504,2.274774872813699,40.45075489923943,-122.63021447149285,NEAR BAY,1.3799470755230987
3.0662963637990157,47,2.690906548216928,1.0,2835.921804469879,2.242426540795068,38.10185262204013,-120.9616906814816,INLAND,1.3890300651838399
7.247556071797967,31,6.049231797637466,1.1758756078131656,2383.376688967848,2.5424274413438663,36.722408676483134,-115.16673354785028,NEAR OCEAN,3.734968344445369
6.043877689973827,42,4.160618247282848,1.0,2880.8939576365133,2.896111003347757,35.90976609863179,-122.63873747419497,<1H OCEAN,2.979343674490799
2.345081437365324,13,5.4612548172861635,1.2469471517808155,1062.8289967449828,2.762592089435553,34.50356619678586,-123.86617690063461,NEAR BAY,1.7579562775517006
13.103228369624341,40,1.2632372776681935,1.0,319.3306259948189,3.0900874701580197,39.80553473333584,-117.520337889896,NEAR BAY,5.0
7.071769062333454,21,5.185101434672165,1.2152524439530725,1573.8017160134907,2.25616803408063,39.10853896687739,-118.77684439274553,INLAND,3.107228203962473
4.8724073778393,36,6.9317751152302645,1.0,1814.1556194806808,2.099210475947392,40.40516882841292,-118.82889177381293,INLAND,2.913851848320083
6.864230698894517,13,4.783787592515965,1.0,870.9257437164802,2.9761963853117663,39.77438863117732,-123.96494233259017,INLAND,3.5784988588803275
4.758114873448032,2,2.4795177643011175,1.0,1686.2154916866084,1.9275159164540532,33.6767246732182,-118.8443980326154,NEAR OCEAN,1.6272929782532506
8.947837577350924,4,5.401644314523228,1.3249277596460243,1443.4849624097517,1.9696079929567012,32.632142946432204,-118.55109594199224,NEAR OCEAN,4.4849530130193855
10.045271449486258,40,5.156912149090755,1.3883837700209973,512.6899888399075,3.0595691921635115,34.323540675123255,-120.36093084367803,INLAND,4.840409314314388
11.08195819109734,50,8.166573490492068,1.476090719838058,2618.5586139403836,3.2433859413773414,32.69084504426212,-115.41833445261251,NEAR OCEAN,5.0
6.814730048311957,11,6.250736050534495,1.596308355140144,501.2257370365578,1.875877328580406,40.840473628877675,-123.92956286196036,NEAR BAY,4.403013118374248
5.75519110695162,1,5.1079914852251145,1.0828704960938003,2120.39073728525,2.298996931584269,35.80588547474078,-114.05026748597514,INLAND,2.3775157510470493
8.72040315436869,16,3.4563908287268688,1.0,748.2192004672543,2.469718465145309,41.46834917067004,-119.95066777719583,NEAR BAY,4.74447751431925
11.765105976373688,43,5.42384226030082,1.4932273661389528,1502.8802487348696,2.4548875855453054,33.73201914668875,-122.9555342424312,INLAND,5.0
4.868570278125516,12,8.792413087474529,1.7288253921544252,1425.3043123836526,3.333905368662834,38.81315617187172,-119.7239227895573,INLAND,2.4509212741031745
10.545396493109536,22,6.146053371045086,1.290241894991524,1422.3404647866128,2.237805589878195,33.305633936204195,-119.70106614677908,INLAND,5.0
4.276222298759214,22,6.617380161162818,1.5592700991161288,2711.626633735233,3.480023403227461,39.171965137315155,-121.74101696354315,<1H OCEAN,2.0419633773934933
3.845212429957727,47,1.2947317580723379,1.0,2319.3704578110305,2.325073417645913,32.66886315630859,-117.1518627960412,<1H OCEAN,2.2225075422969343
6.473840567226702,11,7.058968879788178,1.1178258767885776,807.8624775066116,1.8866014795197528,33.311322635501355,-116.77411178958239,INLAND,3.845012730531771
3.931375693129853,45,5.659370394015507,1.0,1386.3508082875342,2.374909593297504,34.98668893561228,-115.01135686715708,NEAR OCEAN,2.0639080832999777
2.3318313352289253,44,5.539617742586302,1.0,1979.0816599315413,2.6251084702934175,37.838534084467106,-115.5992432449298,<1H OCEAN,1.5444352592853468
5.026566432371565,4,5.79416270149102,1.0982429609546889,1905.787926195573,2.8944575687821015,37.333886047809656,-115.2457290796255,INLAND,2.9353049500737787
15.0,35,5.84162692993775,1.2555069566222392,1900.5080598589207,2.891988896039374,38.55141139121834,-118.74628152796463,INLAND,5.0
2.3750714763830136,9,5.060918048154986,1.0,1392.9085886546502,2.2856020934411774,40.2071110231313,-122.02120412021519,<1H OCEAN,1.9367910084377868
8.096709299408765,33,4.658832610781852,1.0,2343.652343371906,3.4320127169084866,33.269235572963716,-119.0852597789993,INLAND,3.7512403808046315
4.891007746159367,4,3.114906224677394,1.0,2223.6272076147084,1.894411625319945,37.6137902014128,-123.52624570761846,INLAND,2.371921527415267
3.9953193954982646,38,4.871690905287269,1.0,1687.1286356300975,2.807431190997934,35.039597217028614,-114.66923476575461,INLAND,2.0814155825556524
3.7496974124822358,3,7.390519563257135,1.611427848673575,1167.4035359176105,2.841723127957339,37.22414306977356,-117.90812800924213,<1H OCEAN,2.0343857639228364
5.726848573995248,17,4.550866053388889,1.0578984015504787,3916.7461111291086,2.365271338053658,33.257651266483656,-115.15130263512691,NEAR BAY,2.9332245382852413
4.828802155198348,36,6.853924177368506,1.4838648624905146,1097.0801193106663,3.0977270947180795,36.56328956857696,-122.29363903910902,NEAR BAY,3.076345383289413
7.195769238203887,29,3.678998052333146,1.0,754.0563024035041,2.2604109049204553,35.90018447196133,-122.50196053210966,INLAND,3.689631511030023
14.820578620580442,9,3.1970547376542657,1.0,1099.0824019204688,2.1979887336871977,41.246908249904294,-123.85746109221341,INLAND,5.0
6.083246226269935,33,4.770391876754363,1.2061747386231811,1496.2011016749395,2.92300176214684,33.348792741553645,-118.85737641026716,<1H OCEAN,3.044899856639791
4.165095479521949,47,7.072482822937185,1.9727747110377123,1097.0879837358257,2.780204811662975,33.459866385421094,-116.48511831349634,INLAND,2.05927095294614
6.530934823429188,29,3.001103335133134,1.0,779.0177880638469,3.0577260630307346,36.81220714748105,-114.99822646816146,NEAR OCEAN,2.799555449914752
4.10436490753367,3,8.516756944312384,1.1048059280730644,1246.360770673683,2.6582988787390853,41.54335233532926,-119.8188559235684,NEAR BAY,3.3354714123868954
4.453414102940907,30,9.133911439243587,2.0678987668985847,2779.1599107650777,1.8688922836774629,39.92618344751415,-118.29293992377734,NEAR OCEAN,2.600090670914291
4.030148628714998,3,6.702732045909157,1.3971756553621677,553.0152177757908,2.439561379088578,35.54952042241735,-121.76525417635985,INLAND,1.8988338610100781
8.410139990640804,4,4.5882226657843646,1.0,1471.653290199189,2.681631332182818,39.28982186310741,-121.39614091105679,NEAR OCEAN,4.260142328512567
8.11596516485702,10,4.69311336316164,1.0,644.4850575991118,3.3615541652808165,33.25394864763958,-119.06573119550873,INLAND,3.8464557403472135
5.0653076701437705,24,4.329489090938875,1.0,653.2347208251147,2.4941178162274666,41.835453251524925,-114.59601024375878,INLAND,2.6254392604588492
2.8390792270634835,5,4.32722609875923,1.0518608581742623,454.67481719136975,1.8490254148438778,34.21571791761486,-121.21065827530896,INLAND,1.2449200106743925
3.6701315484165042,30,5.128907201674393,1.0,1340.6575650239847,3.3655227090855706,34.066178737555255,-123.90613238020022,NEAR BAY,2.276186436425656
5.371583267689911,12,2.392698226677998,1.0,427.093708707837,3.279621822582688,32.606011827757506,-118.95842263383236,INLAND,2.8833937033492343
9.286111319398378,6,6.093644670214642,1.0163817403009283,1457.909808349666,2.8025818845970836,35.2930172563974,-118.7324770537891,INLAND,4.941770092477654
1.4035462900694342,33,3.5759146571759084,1.0,1218.6758547375794,2.7955822548781804,33.127294252712694,-122.969019760793,NEAR OCEAN,1.3261091164703598
6.116630496831424,10,4.036813594362114,1.0,1789.8395550215505,3.4383898106925734,41.33416164958255,-120.33573897542628,NEAR BAY,3.1696707269783007
7.427029438968025,9,4.206015869057289,1.0,333.82256158648124,2.05548896802776,35.88665644080887,-121.87639594700137,<1H OCEAN,3.437256591607394
7.508596813100586,29,6.115001944460803,1.6661863867940416,442.21090463200966,3.0136938594696434,37.53595841412264,-118.04543616742052,<1H OCEAN,3.846342916117941
7.563645506271151,30,7.379183831855277,1.264405299688676,1025.1475004245538,2.108021453992493,34.93012250750912,-115.31980274690113,NEAR OCEAN,3.9321922932838955
8.830186100970364,9,3.7729083821449967,1.0,1315.5148238516806,1.8529361117540866,33.92646500133985,-117.1904526397912,INLAND,4.142735004345314
4.952123673758658,26,7.5465214234017415,1.53920855176458,2529.4531474053133,2.0232500729231213,33.127544491749475,-116.33400743196508,<1H OCEAN,2.4309768329574117
7.6824954532266245,27,3.5887131059160082,1.0,1197.025072551968,2.0138382104817247,36.9182134231895,-116.25449062176031,NEAR OCEAN,4.404336458222878
2.3848094013506382,13,4.2619808753502095,1.0654299808369303,781.7469090874047,1.8195752209897311,35.710607534858,-123.94916473336082,INLAND,1.48134615162714
4.482424623496021,12,7.024572568757326,1.7974702733776136,2788.658435066583,2.8034068394055023,37.775053287243416,-118.98338182677247,NEAR OCEAN,1.9380808012500308
6.399424953404967,49,2.6751118018220894,1.0,885.4946604484762,2.9947818574965304,41.12244796417685,-121.09176578496357,NEAR BAY,3.3214250067734126
4.3881533011329825,10,4.56187935555652,1.0,503.72256407120034,3.152547713963731,41.74471702199908,-116.93048902270834,INLAND,2.6387280196088887
3.4709289584954743,50,3.922150624727303,1.0,1657.0557900201716,2.1751146017389393,41.28944371035018,-115.8627613749457,NEAR OCEAN,2.733917975912412
4.100655599338597,41,4.721005769170257,1.0,1349.0893417836032,2.485507853401393,35.37671923434552,-121.90786076189995,INLAND,2.2572775551099946
7.382688410695835,4,4.333062985297692,1.0,2324.754482239274,2.3576975993433087,33.07482965529759,-114.7302519070705,<1H OCEAN,3.9210930223126335
5.212498527420078,42,2.539978241315943,1.0,675.1684774324987,2.486304955405594,37.53839133213693,-115.03678213185843,INLAND,2.6819456440136853
5.382285977158486,21,6.532508765643607,1.5901982229141447,1378.5064317003637,3.44149508248901,38.52478189423878,-116.02924843423611,NEAR OCEAN,2.718303443305771
6.520158210904391,17,6.0890032734664254,1.5417110635784392,860.1347508546319,2.497831996735037,33.65574098034636,-114.98843412543559,<1H OCEAN,3.5353187268155395
6.187090788954976,30,7.021306037549377,1.0,1572.7071459452006,2.5560057082793852,39.2729956239156,-123.84845517322017,INLAND,3.252291161839766
10.605369445495606,17,4.805586791427147,1.293427660714171,846.4544894052457,3.250392687510164,32.999848816886,-121.17996049510025,NEAR BAY,5.0
9.314114633197516,27,5.340305243945661,1.26216150401567,1350.4980268591512,2.681792911125496,34.716953663812085,-123.09991965548178,INLAND,4.669030499962354
6.640761291160629,22,7.017540094870441,1.0859028559314892,2830.9757248945225,2.530568782635994,41.48561191533608,-114.03277403550922,<1H OCEAN,3.5972273322634156
4.838392566537181,28,5.881098547769251,1.3578498876821867,1395.0473452857516,2.0688386318374277,39.65808388211202,-120.00774286914515,NEAR OCEAN,2.8883046676481547
10.09464000038615,11,7.0398632378791675,1.4870348328265415,1080.1172065774867,3.0170113291039407,39.9496494535089,-114.74708979931027,<1H OCEAN,5.0
11.730405664181516,45,6.916837483644296,1.845572681498172,3353.568484639516,2.968677321050106,40.98687481400999,-118.21493615257307,INLAND,5.0
2.7540543419398515,29,5.57579844652791,1.286457753558774,1225.3481811795737,3.323151293892944,35.646521225842044,-115.38985514324197,INLAND,1.3496326133242351
5.307896793590608,41,5.6619702650885575,1.0681088204330134,1558.3977630894244,2.759266691016788,38.32510648261537,-121.56002777255728,INLAND,3.3185509381103553
5.0659633886540485,50,5.384656142071633,1.0,2319.144014438583,2.028916848716929,38.885898088240026,-122.88374458145933,<1H OCEAN,2.4607156755339736
3.575749998937806,35,5.663974136144946,1.4004360480488909,1190.7193718171109,3.2204025281705633,38.67920370351631,-122.768993125324,INLAND,1.668128429087009
4.408657368516246,39,4.570621534287316,1.2586942055688548,1236.0018211076776,1.9496127518445645,34.415319314821865,-116.50615426741992,INLAND,1.6972380227765127
4.652397218948249,47,6.079126794714782,1.502818187205849,1229.1038489927646,2.336598436716194,33.04905823840506,-119.70537770693367,NEAR OCEAN,2.9786239913642283
8.914996155658114,15,5.81241997348497,1.3596803846934316,1640.7294585399197,2.811680477950732,35.96311056319245,-121.27919548432227,NEAR OCEAN,4.371252736723908
2.949175523951239,41,4.47467556242967,1.179515149292872,6438.3316390654545,2.6852094169731515,41.18308887015965,-116.77075835578867,INLAND,1.1996705866276531
6.1577212531953,18,6.157454629630494,1.4416619380079485,2852.1398351564508,2.962193609679906,38.54162164282671,-121.39605223317136,INLAND,2.9399728619924526
3.8917103113669897,7,7.595810193298407,2.0891305830607734,2591.544355254619,2.784282193266343,36.022528084051274,-115.36503246937941,INLAND,2.0054105967218168
9.598208096846124,10,5.514009270141073,1.0751284905523797,748.6432222313084,2.7673055225640457,36.02946806344699,-123.18772015788218,NEAR OCEAN,5.0
5.780466776647132,40,5.617807148312833,1.3329213117024354,1016.322725719347,2.7865330490785256,38.186088772132514,-120.78738228545582,INLAND,3.2724753009627725
8.417426689083726,36,5.813130945115376,1.2388598345530175,1948.8330156748852,2.3564641650952187,41.54050201417368,-121.11965352341043,INLAND,4.391011041165461
5.756047141105718,41,2.260527945415118,1.0,398.008756840904,3.34784815864315,35.284932965148656,-114.860391845776,NEAR OCEAN,2.9387554865900265
2.6578629061347807,18,4.881165553741919,1.0,799.1322214675309,2.305433432508539,36.49937761480824,-119.36320845705194,INLAND,2.0508922954991666
4.343013271365007,44,9.435999690967956,1.6916099749454812,2920.665337921409,2.5744065046016718,41.96510968118881,-117.84809037439601,INLAND,3.4584489820716504
11.955528541043819,45,5.572533119751603,1.0,2656.285564792635,3.3417742547748768,37.66267299855653,-115.31408304734677,INLAND,5.0
7.148405011281472,2,3.974246470027481,1.0,1607.8808341200022,1.9661848848459587,37.239144621703346,-116.69990507116172,<1H OCEAN,3.4056806876982204
13.61497857625617,37,5.43506965039018,1.0,2121.747836853236,2.678366446641042,38.759183865369636,-119.93621837845555,NEAR OCEAN,5.0
11.008987893517503,51,4.540964489570092,1.0,5589.901891461534,2.1531606877889744,39.70545455438324,-119.70180492908104,INLAND,5.0
4.178653743245093,19,5.78759902431605,1.0,1136.8045010456708,3.1075093132016915,36.092895522817436,-115.0146526810309,INLAND,2.7015411050142486
3.045518685099525,39,5.8115470255792205,1.611796516986572,5410.448626302076,2.5379041717954713,40.4759344831236,-116.67974984430519,INLAND,1.3980218649784457
9.090045208756054,20,5.39320006024322,1.061268457513734,1824.8096364405653,3.3518864071567904,34.75581820702418,-123.05549975053509,<1H OCEAN,4.60864806418389
8.79905638588504,44,7.016064874471206,1.7861348585203012,1183.6973375565049,2.4386293396273437,33.23778343888258,-116.53616090884262,NEAR BAY,4.747370717192093
5.584827694674181,7,3.4419092397625404,1.0,3401.3711478753785,3.392235220812106,37.65662435558772,-122.15630278559472,INLAND,2.665117866184427
2.8544622187707835,40,6.061753598236759,1.1704899420037111,810.3904450632077,2.5183991191004202,38.16210267174672,-115.93665928617759,<1H OCEAN,1.8407761954458817
4.312039634839351,24,7.275288880698602,1.719406553188452,1390.041004002591,3.497298257949227,35.43334739901668,-118.34626487001186,NEAR OCEAN,2.350329201779143
5.922459888081334,48,5.0294118519901465,1.3228560671255958,1162.9345930590666,2.256891955083118,35.20252444478157,-117.17268870223104,INLAND,2.3953546326297888
7.7799199648495145,48,6.8804852056955035,1.1655358399948443,3750.347838655769,2.670060072021787,36.954547220611424,-117.8245160644493,INLAND,4.3055033864016385
3.506853673273393,40,5.110729959433985,1.0,1047.9920843290445,2.802860422474732,37.133674824216804,-120.73377165467264,INLAND,1.8621218698108826
8.728770396171532,33,3.6445546827113233,1.0,1140.5967318599367,3.1363791155889094,40.004044427888076,-115.0287378207968,NEAR OCEAN,4.166996017204023
7.860664410231945,17,2.266357533091368,1.0,1285.9897902896,1.9704316885589779,38.53729040798289,-114.2787603936413,INLAND,4.2729810941490065
7.9099762628346815,25,4.555432737139017,1.2620498351395004,393.88733042687113,3.0098362453203835,40.455793292861856,-117.34266728205891,<1H OCEAN,3.8364140418111026
6.975632751261815,34,4.963313934656607,1.2045562357795496,3023.515821015136,2.430924018924673,39.04095255701537,-121.80241556673684,INLAND,3.632967442061087
2.065854514026565,21,9.228062436822169,1.6779845486312472,1312.4269161246116,2.455561142308243,34.65302605842347,-120.50506818522322,<1H OCEAN,1.3632830119603958
6.31431371259886,47,5.577737108064051,1.0,1024.443202775787,2.0222958067852486,40.37766993239881,-123.79117331411643,<1H OCEAN,4.059264576095406
4.610041885674689,32,4.541457923650968,1.0774955923549,2291.9570660643567,2.122523050318844,34.70083632178546,-119.47237739341898,INLAND,2.1853804553097977
7.116332041413029,26,6.4026299445120625,1.206229973171506,1156.668664833281,2.873690282912662,37.94368365987456,-115.70448088152757,<1H OCEAN,3.317091127433128
2.6765086546863235,47,4.837430582247659,1.0713175776011865,1693.0665049876054,1.8546457095952538,34.78340087182751,-117.47307417675513,INLAND,0.6421160389770376
2.2099855528199814,8,7.256310922242911,1.007243042372851,752.6848257822755,1.808968632020091,37.402590324447324,-121.18191849195651,NEAR OCEAN,1.7872527717359685
7.1575333805186006,21,8.121756871523976,1.0483244149768076,875.9114058709102,3.3516683518430064,36.16155580606931,-123.87617606481002,INLAND,4.024716719825789
3.667851928232567,4,5.774260246564821,1.0,1595.1167871525006,1.8010865147651862,37.423615201424354,-121.02685514450286,NEAR BAY,2.261623203040976
2.1012160590513407,32,2.47294392134379,1.0,914.173362037923,2.0309163092469182,37.23931513246089,-123.3204535558348,INLAND,1.0478563562342558
3.401516582572541,51,5.329244912757838,1.0,475.8521809445435,2.6476571589539755,36.506127914216215,-116.55671935050869,NEAR OCEAN,1.8041991316415185
5.083638780516754,51,5.225434825118615,1.0,3388.769511179168,2.174511252591333,39.94825831864264,-114.6670307625703,NEAR OCEAN,3.256686945521533
9.088104733574632,41,8.282068851268493,2.07456113337148,532.3699956100763,2.4882938037453557,39.96184226252565,-121.69029385352658,<1H OCEAN,4.497955376858368
5.57004871830864,31,6.259380864514316,1.0,2334.582995142759,2.875658212440758,36.49393280314836,-120.75663612852682,NEAR BAY,3.1496571106473072
4.222117283996204,1,4.834904863604032,1.0,1181.1731762991656,2.2662213463241567,40.5908226037465,-117.71417412518913,INLAND,1.5851813143487294
4.872912309844179,36,7.876793402504088,1.4341302423572146,2766.7311566127496,1.9863784670304567,35.96439626305007,-122.90017301148832,INLAND,2.9771723723290298
7.6927819000724575,22,5.2994374991634485,1.0,1383.3959274641793,2.0814368377927526,37.98228738056714,-116.9276052678184,NEAR BAY,4.103490624113409
7.014143022998233,45,5.283243890932139,1.0499256703210726,1249.0649833732655,2.0021279727645904,33.566092442346445,-118.78358450806395,INLAND,3.75816292112211
7.556634988125197,47,4.649301633394546,1.2573537154279844,1822.0063909800044,2.6631890869280044,40.48229789276874,-114.18252389567,INLAND,3.9058299079012317
12.010045813016616,24,7.472119193627231,1.7889862534680634,1374.464166998114,1.9699630950270435,34.135677464517165,-122.98567622511271,INLAND,5.0
5.592736418725915,50,4.586932523169204,1.0226515409892074,1549.100774615689,2.4662229565527376,38.45054523669047,-123.23835145682257,<1H OCEAN,2.616184242403954
7.524383246709765,4,6.6046804470780405,1.804299120478817,1262.6415299040984,2.066811497912904,41.45450798612315,-122.66326924375369,INLAND,3.665186111764336
2.0863427676128397,39,6.181015003664024,1.1011537636405122,2380.6863713972148,3.48549970313492,35.73714881160171,-118.94257102347088,NEAR OCEAN,1.6063262891160004
5.937164876321471,23,5.6164495009366195,1.3420304418882296,874.0029963047481,3.2488434902030963,34.508545076932464,-118.15408046100863,NEAR BAY,3.168132729689733
2.98171284821197,30,7.05128636533036,1.0430639501849497,3356.2944321495056,3.143352245607765,37.65425691322859,-119.68706221085866,NEAR OCEAN,2.076275998325408
4.121694119256273,7,8.120646154885264,1.0562109293601878,1710.6786976145013,3.016584327361743,40.58160012394666,-117.9962280464215,NEAR BAY,2.787276484602879
4.452582710223663,22,3.406459347397216,1.0,2743.8234075123964,3.407072352129314,40.94911438965144,-115.78409797084797,INLAND,2.4931880048791464
5.464302428369904,46,5.223070551954745,1.26043504708163,863.1075422335502,2.225245182543366,34.6434282861713,-115.26117069836707,INLAND,2.4744293047042003
4.2112871695928185,43,5.086062614521382,1.1464418373615362,4924.068486797082,3.3632318070701057,41.745090099421226,-122.41943698743312,<1H OCEAN,2.0899359847591628
4.608388241219051,41,5.680937608197047,1.0183809408441165,2006.3924131882616,2.5805306935925,38.05832675063161,-119.80987743948752,INLAND,2.508467551382498
7.334240030635376,18,4.5146435741883835,1.2020857333133643,4757.453350639302,1.99806214393559,38.60604631184194,-122.99033407770773,<1H OCEAN,3.3374050937045094
5.695222928669643,39,3.752723129049011,1.0,1079.465564105799,2.7617843567130445,34.86488328540784,-120.57198158900226,NEAR OCEAN,2.7064190671991932
5.31087493255975,10,5.315859040716029,1.0,681.9418215816618,3.0959806168442485,35.89172168907853,-117.22933230860728,NEAR BAY,2.879651279041138
5.462487114162348,22,7.229151511804048,1.0399938583015527,1237.216934106567,3.0498826704968276,33.54311894898464,-119.07262509322493,INLAND,3.129757440957088
4.937303615217553,17,5.156163105970789,1.3740496352907785,2281.8656537857496,2.504169892889529,39.60252792295542,-123.20229446031404,INLAND,2.697057297697577
8.548614569244798,39,6.206520553033019,1.0,3067.995765172678,2.553112568597518,35.8609206353507,-122.21117851456978,<1H OCEAN,4.329458007954637
5.253044071994671,24,8.102853390647093,1.882600433688877,933.2648421154767,2.939716019399251,38.30335067125249,-117.76654491047256,<1H OCEAN,2.6237353723736963
15.0,30,5.782627228510232,1.0,2751.1055135183487,2.4092417371820565,39.84601224081083,-122.23202374236712,NEAR OCEAN,5.0
6.718550300379772,7,7.18355709428273,1.2752327682450217,1721.5955296491334,3.195130817557474,38.23959366749721,-116.6428706715581,INLAND,3.311125845034796
7.660585364120217,6,7.341584710283838,1.1624495194683693,2522.601461179885,2.490976873331162,34.076642773443034,-115.83040265775475,NEAR BAY,4.774995738671747
4.74746178588186,49,7.610582530841851,1.3606505956408812,654.925831405603,2.1570149077223766,33.693220485505066,-120.8634848354138,NEAR OCEAN,2.2354882417845374
7.023259805945865,8,9.03870776861589,1.6042389132431605,823.9163436272695,1.93217665464017,36.72137681800114,-115.56423927987572,NEAR OCEAN,3.483001881402938
8.658915757018955,4,5.2834096259621335,1.3124298586601557,580.3518391904583,2.0729185800818444,36.61288901369306,-121.61173068955344,INLAND,4.295813338894167
6.01832378140741,43,7.052523701537901,1.9238454464581318,1332.0114238628175,2.763875530126207,35.645292388175186,-115.46307658767569,INLAND,2.8923345568672216
4.598585262513032,17,5.8695974520519645,1.0,2565.53716897488,2.013731411071983,33.04638559878265,-118.36744344186019,NEAR OCEAN,2.2797960502719214
8.959773299937874,45,6.3476130000392565,1.0,3094.730523916207,2.458457094272938,34.23497745636434,-122.93737721960703,INLAND,4.242068244032041
13.219342833078045,19,6.199319685370352,1.5662008020506848,871.4978146645956,2.5623816756142417,37.58614494117411,-115.01805839334847,INLAND,5.0
2.800935620509301,33,7.52959251967847,1.818391139846021,1791.1129775733004,2.0035004112693966,41.48339815007671,-119.99805027786581,NEAR OCEAN,1.8444436631451935
4.421396010103232,17,4.637538656540757,1.0155979360893035,1778.9225423483244,2.649233902962478,34.64675140656631,-123.98079650558952,INLAND,1.790993775660693
5.363925197629562,13,6.168023849261573,1.0302467727017617,434.6446467708846,3.0721341296451694,32.853025602553906,-120.2022068827707,INLAND,3.6250232307731043
4.654642674029473,40,3.3392237599022354,1.0,1636.406128547015,2.975733759470821,34.073344024435904,-119.68850462591125,NEAR OCEAN,2.153528416019582
5.324493729141725,47,4.1442423719903925,1.122597747224764,406.59297776237537,1.9976190345421445,38.13803028388156,-117.20212743665424,INLAND,2.585187891172902
3.485522189733898,3,4.5192661861151615,1.0,1253.5289022288462,2.4712378075185137,34.23570351661624,-120.65564198892078,<1H OCEAN,1.5969101490045097
8.321165565349656,45,6.506493284018974,1.0688827835153787,878.3906513451598,2.1611821602046355,33.87586216448026,-116.26942595350128,NEAR OCEAN,4.262256548879368
5.540184467308094,12,6.212713669423824,1.074910614618818,1970.7438650335268,1.8406424660110428,40.50497519685375,-114.07897178225986,INLAND,3.0666429131401944
6.123981300245434,37,7.8802682188330095,1.8092841478297559,2131.7328601589406,3.079803190630823,38.028904378284096,-121.3996722246126,NEAR BAY,2.9827607509384104
4.815582834480746,32,7.17795771344893,1.5006518618311557,3283.1725519219194,3.2062470395606297,41.42486756599137,-123.85455425137218,INLAND,2.808417812153901
4.012739192132271,39,5.474015491210647,1.3037527779097255,1405.0220682499435,2.2593336080511763,39.69404250305112,-115.94694998694446,INLAND,2.3287071510724546
4.06857823201343,13,10.620274969836771,2.3167355206760933,1659.6493900077237,2.213535531974668,35.45573106723934,-119.71327789183881,NEAR OCEAN,2.1255097176331996
11.295411529516413,6,5.821547043918559,1.395329796505336,773.6575859663368,2.3282669487869248,37.99282172947495,-118.50264863871443,NEAR OCEAN,5.0
3.5167357835583446,18,3.1221101075957165,1.0,903.4494679921692,2.9232773927299647,35.66135223620751,-117.90280288729302,NEAR BAY,1.619826779438577
4.580790017473506,39,3.34887882310169,1.0,953.7628971474996,3.441126817098712,32.68243840730013,-120.25437056503323,INLAND,2.1318535054232033
2.4243173701774934,5,6.685669172614403,1.070368224093582,1231.9511490857408,2.8356813464162665,36.64070521929132,-115.23292227563371,INLAND,1.4091986594001105
6.803363878055069,45,2.842669097121212,1.0,5016.4884191343435,3.4912827158160837,41.70740335314392,-115.74957205966886,INLAND,2.771210490621068
8.146448407222268,3,5.809609223311445,1.0,1463.8611285098982,2.4494419595881385,40.07645198943815,-115.59780597868516,<1H OCEAN,3.7101028986858444
2.4880548987561855,35,4.93037421704792,1.31997561725368,3229.1708269889978,1.952958550970337,32.574607420788006,-120.19797427760726,NEAR BAY,2.4886632392934698
3.9530601874078246,40,8.74428524926852,1.6619617317396613,1975.4809451901397,2.8445645070120444,35.87242843409958,-116.08500858218696,<1H OCEAN,1.825930233014148
3.8285879655467827,48,3.5156386468685676,1.0,2270.8030472407017,2.326477836201241,39.027814398524406,-117.37953249454674,NEAR OCEAN,2.2814356271373732
4.662873185583955,37,7.191930942975651,1.945827538728561,1516.1780395429282,3.098047912537422,38.94620732815842,-122.75343059367565,NEAR OCEAN,2.5939241461933404
7.017792560467329,5,4.907827359346907,1.0,1243.8530573932574,2.3462210594472426,34.81168387625563,-120.67690224601661,NEAR BAY,4.334246127687474
5.408758446058062,7,4.752565135204167,1.0,1498.3189848701763,2.6396981400377424,36.32538104200359,-119.93595626254253,INLAND,3.1967588285090636
5.472704273037194,9,8.090198926924348,1.9817132451705857,804.3563540899124,2.5151855382769024,39.48655877458007,-115.81039891545497,INLAND,2.6502267750134756
2.8823316957365988,20,4.623721720485274,1.0,915.1527214237661,3.070980638463322,41.53322895826426,-120.14705147151619,NEAR BAY,1.6553186862551148
5.370495603644144,51,3.971433132892219,1.0,1333.9453673691573,3.299378110659683,35.57506719396655,-118.41784677731935,INLAND,3.026473517771815
8.40674700433215,18,4.701333873859585,1.0,1436.7240614184118,2.0784692529782154,33.39646786717543,-115.20409518350175,INLAND,4.131395275392493
5.739558798105497,45,3.78528258437458,1.0,362.06126306012214,3.4911713000163274,38.477642494641835,-115.9458239142442,INLAND,2.527779180367818
2.2197840311316175,6,2.8978837657479426,1.0,691.7971947409545,2.902365587062441,36.469144988353875,-120.84003645449484,<1H OCEAN,0.9383078631551779
9.692338912978718,14,4.172731522632804,1.1270648847092584,1985.5513630011037,3.137994251979838,37.94147368059791,-122.05037865945972,INLAND,5.0
10.052708465404956,43,2.7607514867396357,1.0,2174.50106781657,2.052178929598985,35.290024080594065,-115.91323852167943,NEAR OCEAN,4.698556795017145
7.066821854399709,48,4.031449625736441,1.0,464.2718527656031,2.2984641037037767,38.14646727509155,-120.66689978141723,INLAND,3.4860563307942694
8.328837367842302,37,3.988667363071812,1.0,1503.0719116550063,3.4886818019945727,33.97038553228625,-118.35380352067794,NEAR OCEAN,4.284495268523169
6.792310598545621,3,5.923007144908789,1.0,12427.525344729964,2.5303174852135637,33.05715992330302,-122.02052295853332,<1H OCEAN,2.948787939427744
7.363012147300936,27,3.3014289818315508,1.0,2811.40479590432,2.0255077577841822,40.67837693130589,-119.66350608401592,INLAND,4.084207131143442
4.2286393227351855,24,6.509967356305671,1.4300524193029562,626.0242970387133,2.3113312683008647,32.78696712937708,-120.64977401620148,INLAND,1.6515159401949953
7.8157995868575565,44,1.8304479800805056,1.0,1491.3566769085187,3.41748973126111,36.229993778124296,-122.20447134475793,NEAR OCEAN,4.12123597490034
1.9994223725322815,10,3.920871043998332,1.0,1532.1160704392485,2.1060462161030267,36.424202165592234,-117.00205567588361,NEAR OCEAN,1.3765879798200598
5.0951841536225135,51,5.134125378386055,1.0,1176.0552960348564,2.876433926096997,36.95825810142205,-117.03114084891337,NEAR OCEAN,2.9711624354451334
8.261543129881986,48,4.812687919967596,1.031139602529922,2565.609517118704,2.893635879747329,41.431006847093144,-123.54334894971318,<1H OCEAN,3.8740240262161043
10.582357947637558,45,5.594359577906301,1.0,2822.6709443512814,2.4690322903268695,36.15820015811586,-117.17922668861414,NEAR OCEAN,4.9361277891342725
6.603519733639933,51,3.212107344315344,1.0,944.456586768422,2.8454832171119833,38.51842016736425,-116.79429677181139,NEAR OCEAN,3.783323360653746
9.395553677895052,35,8.730100157764818,1.435056116896264,2025.5547995021097,2.6595458794934235,37.00957953899449,-116.43428368220039,NEAR BAY,5.0
5.341881031623061,6,8.253465585111597,2.2839737064399634,842.6161219114618,3.44170425573812,38.70201260517412,-122.17276455043631,NEAR BAY,3.371457300600396
7.2983342229048285,7,1.085330103324094,1.0,1242.4999289915208,3.099274079820146,41.76417771013546,-119.8531757731838,NEAR OCEAN,3.811116507555134
7.545666383929542,46,6.5240721823302374,1.3794608279518217,3805.337883782269,3.236096221424658,41.16082591883719,-119.24189522904568,NEAR OCEAN,3.975759102335862
1.891640811574335,44,4.898911159776025,1.2565676406373658,734.4873219363319,1.9149596777485842,41.2406185472144,-123.91478068978552,NEAR OCEAN,1.0138711300094603
7.779652661400454,4,5.287634980057957,1.0,2297.763371505771,2.5013960923981102,40.104255123449235,-118.27640623078727,NEAR OCEAN,4.543670186269397
5.773575042584849,31,5.323117329870061,1.151375493000942,580.04283740657,2.721459746254725,38.54974249716695,-123.41970366342782,INLAND,2.929722070883563
6.042761597146387,48,4.139707878610169,1.0,907.568624564094,2.6096044855565106,38.397008333620605,-118.00935392257674,NEAR OCEAN,3.278531578652501
8.191368277718375,21,5.297487886652667,1.0,868.8318862457114,2.519781874918861,38.09512470143338,-114.07996020697496,NEAR BAY,4.408280992863709
4.304435577430546,47,8.088348167406602,1.1397967931334345,761.4318445737568,3.4112885650871743,34.48224329307819,-122.24356963654672,INLAND,2.7524133922093865
5.538604220898729,15,8.590895216507736,1.5357217463039163,536.3895196903286,2.9612583691783896,40.12140092629025,-121.7513957122114,INLAND,3.025036314126406
5.649447164457525,41,5.291423463671066,1.0,579.4036146751225,3.0953318943423715,39.07916483358961,-114.265377240046,INLAND,3.0471647136951048
6.513209658818934,21,2.7295433635783586,1.0,409.8715829232449,2.721313853319513,38.90007603169059,-122.83755608023792,NEAR OCEAN,2.816422997545303
2.079654606566928,2,5.055816618366758,1.3983727432564867,782.1833517593803,2.8397644723861104,39.145089557747134,-120.20233945417614,NEAR OCEAN,1.9545843794615898
7.401472926113,17,4.9633930578315315,1.0,734.7946639415068,3.3394140148201314,39.26483165459557,-119.18978998908571,NEAR OCEAN,3.8355117887217305
7.536041344403519,14,7.933220503670407,1.9449277895737473,1297.8859747234287,3.2539628391989712,34.04607384410116,-118.83873330759933,<1H OCEAN,3.994372651584496
3.0429785131628955,28,3.4370351404184776,1.0,3195.89206953275,2.0820426891402666,40.98227613087614,-116.133654127352,NEAR BAY,2.074347903259476
3.923026146853642,28,2.2869788891374405,1.0,1837.919219872832,2.8920075959043006,34.383263330061226,-120.99150592764914,INLAND,2.1724165612789292
9.11996021820651,50,4.283388471917632,1.0,1643.9776376490565,2.9653009126010357,38.51582262819092,-122.24034211584319,INLAND,4.2098236741954596
3.5228660680075117,23,6.600045656876031,1.6061952675132634,844.0471496484895,1.8583077361653233,37.24806626183011,-120.40026838739409,NEAR OCEAN,1.6865117422086335
10.69866275296104,3,3.882197726172623,1.0,1802.408713718986,2.8271713820512705,34.54456888087063,-122.0140266535673,NEAR OCEAN,4.940139062921178
3.5999320111598516,23,5.049160558091649,1.0,1968.1428693161613,3.2059765046482966,41.15132244567173,-118.13071288377184,INLAND,2.3058686574391505
8.480021510590534,43,6.740438688197237,1.1660881503487694,887.2335268630361,2.208340711065083,36.22638687458063,-116.78465524960355,INLAND,4.25489725128296
3.5481002531284624,36,2.8499608590950825,1.0,2656.6756985516786,2.3105470685100298,40.28032519147658,-119.24975579693567,NEAR OCEAN,1.393271212461269
7.947101423412139,47,5.286976363667363,1.0,1062.7397945336616,3.2671921836522406,36.31859704908959,-114.62334916399438,INLAND,4.044711884926435
6.065439585189436,8,5.875678875614558,1.0,1077.0750929093358,2.8595310785441024,41.30665628384633,-121.03944642208755,NEAR BAY,4.026314983878397
6.103215270115571,51,6.560500945159395,1.0,1682.470513938215,3.4391252539657104,32.77945834505835,-119.19398551530973,INLAND,3.230021485709792
3.4391615703923573,33,4.760096729037139,1.0,573.0035756358499,3.3626795322645613,41.00883197922007,-122.49192092963342,INLAND,1.3387508838818811
5.455758241952306,30,8.08268518748686,1.9025654133161012,934.0653439519419,1.8554998194302703,41.378127972491654,-122.73681252405493,NEAR OCEAN,2.7880745026491986
3.849709328648224,8,4.629923609069121,1.0848407814194871,1206.495048202462,2.272835424881682,40.53620726197362,-123.80401510424234,INLAND,1.9010125553117685
3.6754837390604576,7,6.838907678264868,1.7692222169482577,879.6643753255287,2.121000041976928,37.93079531208779,-116.19642045738513,INLAND,2.1905924038640663
9.908346259097748,14,7.3751268886785315,1.459070065358759,1820.8021835555865,2.141610041946886,41.87705436257379,-117.9698774187253,INLAND,5.0
15.0,38,1.1297122439610652,1.0,786.1107160020447,3.0349256204476385,35.61928494665713,-115.03639597765901,INLAND,5.0
3.8775766117929282,31,8.084938427459532,1.584566875245903,899.5890149628859,2.865581487801517,39.03876280623786,-122.53660913929026,<1H OCEAN,2.338504456564695
6.626337134687358,32,3.6156253166883774,1.0,2379.6272375501135,2.9270948103010888,37.90337479238417,-117.00328213929754,INLAND,2.9210364102295663
8.37017557445625,36,4.721922185763407,1.2940043070155576,1303.7827867223732,3.1759870589737464,34.106223527933686,-119.73944046103071,<1H OCEAN,3.537639260235256
4.122063628514821,36,7.322661845554232,1.0,2098.493497334767,2.0233277459404544,38.05558453113259,-114.96700842395353,NEAR BAY,2.743425795089663
3.676475461834325,12,4.724998855133296,1.1186569558125565,1897.1956695966344,2.384064235530553,36.2591420784746,-122.48070376648285,INLAND,1.4109394963879383
5.4746758384575,43,5.321116991541632,1.045351495977204,4135.179764334685,2.4152415588970397,33.79441973910702,-117.08977470234596,NEAR BAY,3.694502094820405
5.516445942766301,16,7.038478841011424,1.8856904227608478,972.2333885578231,2.005352167759392,35.38514494559307,-115.59586837781855,INLAND,3.4210283690801164
1.7571315487724206,47,5.752928634525404,1.0,577.9196130386593,3.2199128154495,32.527761130524844,-120.41293046644257,<1H OCEAN,1.744251800012065
6.140895567898808,39,3.7554527897212098,1.0,455.9367687425336,3.2279370975710817,41.83989245352869,-121.24480820757594,NEAR OCEAN,2.9729797669721223
7.863508257200717,4,7.493724604475996,1.4247348874226369,889.869114038186,3.1351796706518513,32.69948814938679,-114.25028727764466,NEAR OCEAN,4.145970096488028
6.830603483733884,30,6.053289120157454,1.0,2624.831045156902,2.036492479006118,36.85614671933756,-117.36561319188364,NEAR OCEAN,3.0996429879061784
4.868092209112161,30,2.808633135488521,1.0,2005.8466076925135,2.327974092010262,32.78948219048596,-117.85267741169758,NEAR BAY,2.933429733389489
2.845211707383546,16,5.265373583357941,1.0170556035270708,1171.4246403412276,2.188438250351381,36.6494466981596,-118.47492864171818,NEAR BAY,1.3766147941651259
6.728700391091475,29,6.038695091523963,1.4318703213297113,5375.631955115063,3.3311405118854043,38.98736478679969,-123.24409676495247,NEAR OCEAN,3.3681606207940584
3.864467925245145,28,4.7854152864071535,1.0762086947721055,571.284471390653,2.7000404362475074,38.08646616024377,-115.49412845458122,INLAND,1.775876616090143
4.7466233210308255,35,2.694658876284458,1.0,2513.2146146435125,2.09396618872002,37.48172772880154,-121.58478950452773,NEAR BAY,3.0842658015674704
5.490696963507508,7,3.1126777767271037,1.0,926.4807068470701,2.1376486907305603,33.75955182367954,-114.6876247815469,INLAND,2.843567924145629
7.858808396974504,16,4.327487947263009,1.0,4158.462187431678,2.2544803146522336,37.152410657967344,-118.96121224815532,NEAR BAY,4.1789570808960255
8.736258550587428,22,6.077555326580746,1.4046882545675865,1025.4726911247244,3.0034712237810135,34.17717819715179,-120.20944917333043,<1H OCEAN,4.288967866208811
6.012206723741335,26,7.441937909541199,1.523564671277755,2685.4405013300156,2.7039351400643725,37.50648910070915,-114.97743008657218,NEAR BAY,3.7693207996177414
5.55327590582117,41,3.0765344893422224,1.0,1171.3849379338747,3.168804472792192,35.499864660967994,-115.32732036475227,INLAND,3.260822355455757
7.729568631497613,40,4.4727358079407935,1.178297626101876,6890.5474914302295,2.8005410926874315,36.98077382603249,-122.3562437377839,INLAND,4.307236590450278
3.687159785999284,45,1.8930251714340343,1.0,1548.2191635716135,2.6018549718088293,34.15729594877766,-114.19014806620358,NEAR OCEAN,2.6961313981978026
4.021874960425756,14,5.401141704125393,1.443796576771003,1340.5011856230906,2.7752968308024943,35.14171822016023,-123.41610019411189,NEAR OCEAN,1.867848229628449
10.5572677639804,1,8.025695706371517,2.1170842298748798,1664.053221090545,3.215614484929112,38.15083179477855,-121.36393426769635,NEAR OCEAN,5.0
10.58788595031254,19,7.1991561185033985,1.695454010603795,2100.1088410883826,3.003027667931515,34.71780196092946,-118.73988968791934,INLAND,5.0
2.473810137293357,36,4.9962356880979915,1.2685745850121697,3800.0174490090235,2.635536156392255,37.31281997256308,-123.09584381719144,INLAND,1.4777536221467447
4.372440690225921,39,4.88846549730885,1.0,3487.218921298602,3.13708126579377,41.086916336161906,-118.49666171469403,NEAR BAY,2.6802299809207923
8.307095257216488,1,4.83976941148796,1.0107425777063073,368.29628019239067,2.015929595720762,32.5053680756107,-118.42720314235243,INLAND,3.594030257004801
6.496777173664807,40,4.945771245782552,1.0,1123.3860849554019,1.8029466424947238,39.25879259835478,-123.34659056671265,INLAND,3.5904213816095183
5.11866236788067,38,5.495320812106699,1.1958716955363409,890.4159121091748,2.9078968610784766,38.26978215259355,-123.18295272499437,<1H OCEAN,2.561476253297858
3.172874684149574,43,4.834625278492185,1.0,2196.1647292106627,3.350958993735816,41.61203901386634,-115.77687700374203,INLAND,1.9376179567527472
4.3495990290204665,44,5.438417623320266,1.2713164344908918,918.1181858815794,2.1847099197402815,41.7978428147823,-118.58136219135207,INLAND,2.315442715120045
3.744151153379823,34,3.533416232220027,1.0,4915.852087755267,2.2192384328799757,40.244705226191165,-115.67934793432336,NEAR BAY,1.7826942085160318
10.101106753950017,48,6.212194418579622,1.0,772.4429543925796,3.3158191035715827,40.61585186533257,-114.31214893208596,INLAND,5.0
3.891976962477131,7,6.5047489862855565,1.5564400277409192,511.70072197934263,2.8383458608722485,38.06688807193273,-120.09590395754039,<1H OCEAN,2.4775486786717464
5.79962671821796,5,9.675082392450811,1.6798475092316405,1507.6313047153867,3.0278748064826857,36.39890532055418,-121.98473530850956,INLAND,3.362045246232766
6.608821375108328,24,6.2962277648201415,1.5209377278344227,2189.2579795497595,2.6271044518196502,39.20042037116732,-122.95649499695544,INLAND,3.1050243716898316
5.212359783836334,1,5.194062111054391,1.1777392999254859,702.0131514731077,3.424745416310473,34.04798437745768,-119.62829488261549,<1H OCEAN,3.014010602112669
5.375270921819382,31,8.186507524194777,2.213707026152208,3052.674506879354,2.8537464026455543,39.077649218425634,-122.26558173064907,INLAND,3.206577442758641
3.080670725548471,19,7.8474361523167815,1.8687812976459615,889.1929279468543,1.9226134554560923,38.05028578224998,-123.31471244710102,INLAND,1.6852331769141202
4.597319156315034,18,4.246048550135914,1.0,1066.6739728360653,1.9113036489277924,34.234884838850306,-123.09573093259375,INLAND,2.557835902860406
4.731263431749565,13,8.420782353455479,1.3699984668184513,1443.9256754097846,2.8703022593426457,35.588820609440226,-123.34643981341466,INLAND,2.748759699233567
4.170685662875814,51,6.045400152046429,1.604277766943206,922.3077693747756,2.4198938164999904,34.34407110887363,-115.92812494520821,<1H OCEAN,2.497853193901749
10.227138501410472,21,3.091198939182973,1.0,4786.064978397098,2.0964931335748256,33.957708114150634,-115.29670008780391,NEAR BAY,5.0
12.983234513561456,45,4.243964570052015,1.0,573.3091495100894,2.351381950812005,36.235290426956645,-117.86478675915366,NEAR OCEAN,5.0
8.527159697492715,9,4.424184678979824,1.0149395646841168,508.62437506671756,3.446793804270347,41.21316499300414,-120.018688736342,INLAND,4.344910836960036
10.815403238892621,6,8.008594749796227,1.0925288081577764,832.5534573607754,2.2568622869242896,34.33597524083372,-118.73693699993271,NEAR OCEAN,5.0
4.120161432103634,40,5.787762908975917,1.0,631.9802375326119,3.199916743210644,33.49366377652365,-119.97837961633053,NEAR BAY,2.801182463511145
4.975906673758094,40,5.659779908626165,1.2371082189853044,474.7041349905699,2.37983114990479,41.66048076561558,-120.01217887913438,<1H OCEAN,2.690949170591706
3.716931290003947,34,5.389788737676109,1.1201100513808995,1579.708430901915,1.9848999530163418,36.835736554644,-123.31395198251079,NEAR BAY,2.358263434909199
5.763732091567494,18,8.85782043200752,1.1057855099512905,621.5157846761189,2.2515676224872507,35.38875014595051,-119.47647171716872,NEAR OCEAN,3.8350632798578816
3.667695659324207,21,5.137708013349063,1.2033091449665787,1223.062863716564,2.2447162866276016,38.422277166707566,-122.10797852127764,INLAND,2.570218897268676
3.397743668339452,1,4.783592292424453,1.0,969.3716041101089,3.3930971249137123,41.031449101712,-120.03879715207566,NEAR BAY,1.7785594835690999
1.6011487207153856,36,7.51016077684726,1.7982962372161506,3256.0417681331237,2.0342222660040714,40.23575737564092,-114.5347782938807,NEAR OCEAN,1.4655151561623672
6.724411399082721,46,5.77371648228443,1.0,588.5269634275883,2.274864446355034,34.58155295374799,-117.28494913481686,INLAND,3.3909717424468084
9.308249806053022,18,7.8902891196701574,1.6112620484049107,1774.50458864121,2.6909541134021944,38.19737163803731,-121.17933994221589,<1H OCEAN,4.366146052266257
8.856640402224475,35,4.785460616925775,1.0605406671937077,1283.6821239632093,2.1463929939917232,36.548340417937254,-116.73041651284373,INLAND,4.645897263165741
7.733282470471442,30,5.794123983447202,1.0,858.2149368433512,2.4641285361344663,38.530503302838916,-116.59851924213527,NEAR OCEAN,4.12984584996433
7.923514076834652,12,8.546383072000001,1.5420563886604335,1250.9049805726163,2.060745084657036,33.66635548023104,-115.01480633442672,INLAND,4.029783199305394
4.7630568764919,24,4.6463782717750854,1.0,1736.6986430567604,2.8035727287463534,40.450253121768256,-121.3693884877174,NEAR OCEAN,2.4078382720485827
2.6881709260372273,11,7.148084355688997,1.7871569892896626,497.26940506778004,2.3669179451871556,40.22219242723907,-122.97547487715957,NEAR OCEAN,2.186787921941525
3.371677784346228,17,2.860792001085061,1.0,1493.9622459145519,2.7820985517083443,38.31526015694494,-118.15524803261935,<1H OCEAN,1.5892802898598135
4.771493451344239,17,6.746154594388804,1.1483686150789183,1356.0156643202204,2.078853770582475,33.40023401158939,-117.5954143009921,INLAND,2.463744717094205
2.0605045605330323,3,4.382631238583412,1.0,2268.7911563496486,3.2054270270496614,41.08216622998698,-117.9656286818484,INLAND,0.8590301632848636
7.052446817920201,36,6.996814139294296,1.5020023641439204,1771.617305530482,2.8147439125383054,39.080032430365485,-122.4122677571269,INLAND,3.9145154179301693
6.602421187526319,17,3.580266434900391,1.0,3897.3816416554955,1.9854004611559053,35.38353454248342,-123.0936360966017,NEAR BAY,2.9609296129805855
6.956372829198844,29,7.226046658737241,1.9885101279114987,2753.411842828188,2.5682040892357114,38.53287610641418,-117.99557160567643,INLAND,3.1729640854610435
8.25360680531814,24,5.372258423348387,1.1170587283114508,1157.5848013073708,3.393849774116492,36.91866431759052,-118.16461113312852,INLAND,4.049266494798597
2.430510563293002,22,6.17550325741392,1.0389584933426992,3329.9688212430215,2.469487842281246,38.66529554692226,-118.67368009838847,INLAND,1.3353257067507691
3.831703880558651,16,5.6828188878997645,1.5573537366666599,1527.0399729197995,3.1863188022637763,37.973570569543355,-120.24221152574441,INLAND,1.6862617431258122
3.2496417811169636,43,5.297346541965843,1.4776860630161643,2680.614049804597,2.333348046119594,34.544540739036826,-114.31320775678535,NEAR BAY,1.7228127594459812
4.2320944940047385,50,4.350339281131851,1.0,1281.996034855788,1.997377148032844,36.872865008472516,-121.97531741253056,NEAR BAY,1.9054511752736665
3.97806725369694,9,3.836069852937194,1.0,1717.9194691779664,3.2273461884435606,37.62378705461308,-122.74903709258163,INLAND,2.1333026426382196
2.0658024879905987,10,6.656632110789779,1.0,425.4721769617163,1.8605424758405504,36.96783425763804,-122.74907813664018,NEAR OCEAN,0.9982348851451597
7.469621616471929,47,3.5372022997871966,1.0,1533.7122403204821,3.3965926486677143,37.649042313108644,-118.07850053260115,NEAR OCEAN,3.192742668687878
10.026620379288536,20,5.2017062308035085,1.3680864467743235,1974.203904210757,3.320436596700398,32.91188850025036,-115.42380060984476,NEAR BAY,5.0
3.931352441395144,41,3.746191539107529,1.0,1984.415477917025,3.1698419555868806,40.95490110039226,-120.268540836292,INLAND,1.9672653493783712
4.11785620014832,35,4.88034440022093,1.0,439.98285160438246,2.031556107442527,36.19322241304334,-115.24128154748092,<1H OCEAN,2.2728091126823586
7.99286310589321,48,2.2644333523147644,1.0,1050.2540993071393,3.1830615282589596,38.8067300038162,-116.04058640275008,NEAR OCEAN,4.444120056500173
5.292745378064376,14,7.470001917323893,1.9676894253126591,798.2857740578745,3.368075766447162,38.050688506859125,-123.04133130880071,NEAR OCEAN,2.743073228410399
7.040296992841191,37,6.686389667317718,1.39205531615813,1300.5697520030437,1.8897278671507036,41.171559999147554,-120.00209923425734,<1H OCEAN,2.646810282493091
3.46657689243138,26,5.380520991089234,1.060194763043749,330.68865956574984,3.2700677104180285,40.56540512029176,-118.04787561423333,NEAR OCEAN,2.2896141665574157
7.200404219314588,30,5.776190649182904,1.3895706464782043,831.3926393008152,3.299941014821772,39.821420349521695,-114.90925770804752,NEAR BAY,3.490684600553557
6.53511311228094,37,7.468161398376625,1.5367273845406668,1406.895061343744,1.9622825917494864,37.872256980118934,-119.65259940066976,NEAR OCEAN,3.7715873186126188
4.467232551200151,40,4.55353966079664,1.1196119793527461,988.9142076945197,2.8514270379707423,37.38777220243045,-116.14441001737376,NEAR OCEAN,2.0367480120781662
5.358043351791063,50,7.696326624449867,1.9340143441679296,4006.764909395394,3.188538813185878,35.80104804273941,-114.78751983501242,NEAR OCEAN,2.994397140575078
2.1021479065275406,12,4.267377987866408,1.0,1052.0464929461828,1.8229606543926682,35.7717663672531,-116.8925073668559,NEAR OCEAN,1.1455457575396975
4.83166899017173,28,5.402853991972646,1.1071600985391141,1275.7319527596885,2.3182206058813137,34.07760152830624,-117.94501207400265,NEAR OCEAN,2.4222475124417358
5.544541809230871,21,3.1050727078104163,1.0,440.4321375181295,3.4776326276320733,35.84338667706046,-123.39462374944684,NEAR OCEAN,2.10863788685113
4.534079639886477,38,7.807779983174493,1.7833609095631058,696.3241827109513,2.1687320664409677,39.90574279336501,-118.96790984165962,INLAND,2.454708578403659
3.7264726944845585,39,4.984402256253717,1.0,2308.4499888665487,2.0777063756869563,37.84432296244612,-120.93089211999103,INLAND,1.6416186777393058
10.190864266511968,42,6.04704471261948,1.1035125667287013,905.6413730354378,3.4751623545729413,37.044302104431374,-123.0232044265956,INLAND,5.0
9.572971712712208,35,4.163157465917071,1.0927025398443195,1239.2170020409878,2.2141476274525558,40.402937897863396,-121.6504668056422,INLAND,5.0
5.575852872873906,18,5.12021951165812,1.2739134271268353,937.2775737560022,2.9219790456559123,38.831380472179106,-117.51925281422143,NEAR OCEAN,2.877872310603677
6.442773778973637,22,3.758092791985372,1.0297851053356872,2085.239604993851,3.1072387017997545,36.52854983869947,-123.79486980785403,<1H OCEAN,3.770100554537093
2.4190031504068954,24,4.0272154017269965,1.0,612.1780826622492,1.811553479295486,34.03336412132758,-122.15399295842519,NEAR BAY,1.0213341984955275
3.303079410242048,26,2.693106516112141,1.0,909.5964849157771,2.7058463732326343,41.624208651100986,-117.59282559766109,INLAND,1.7537072419810766
4.440124786224664,45,5.0156283658468395,1.2575831081334345,1761.8802925296839,1.8961746629182412,34.68862051448777,-119.54642987361913,INLAND,2.236352683140422
3.3974867842527456,18,4.249030297791907,1.022073133587357,1077.9191428482989,3.314913692468148,39.56662070913576,-119.18541229092541,NEAR BAY,1.8455074031238772
8.604712026334614,33,9.209559448842441,1.7579819771971548,378.2912338807414,2.136024830414635,32.69947851939535,-122.13788935151864,INLAND,3.882336164933318
4.134047123701926,30,3.5326358010516854,1.0,1261.8972695266568,3.173431766298406,39.90753588715805,-123.80035721131046,NEAR OCEAN,2.2791555737381937
3.1783881245449153,1,4.255239249517242,1.0,442.2882202245083,1.8205121538676043,39.249511934776905,-119.00441248872502,INLAND,2.0552538270981806
13.473922867120493,15,6.724185685002648,1.5912751081875878,1278.2032369788976,2.462401052332143,38.567342372988364,-119.19470292659133,NEAR OCEAN,5.0
12.552546517784945,46,3.7360186718181083,1.0,2298.142566896841,3.2945667488811035,34.68473444908871,-114.88259913436583,INLAND,5.0
7.615148386062713,27,5.175991025162694,1.0,896.7123544461591,3.3905348447269867,41.01388352278561,-123.5796181562098,INLAND,3.4896776674916623
2.284260952418748,21,6.624715490163565,1.2676308108304617,2554.7731265536,3.2318393779235732,35.86915848704176,-122.12328574504558,NEAR OCEAN,1.3627403602947266
10.635805859615274,23,6.496188111582252,1.4340340553491469,2041.022968707292,3.3150894549697565,35.07514755133282,-121.81181349708811,INLAND,5.0
10.46341915813284,37,5.464705839067451,1.333563070994586,2261.842131672366,2.427114776116534,33.86062869640161,-122.73460111110676,INLAND,4.670751601152565
2.5118169127276597,31,5.223311071912393,1.0,441.9107301320536,3.0023358015151853,37.74823121406891,-116.90012800965225,INLAND,1.7703634759968194
1.9751120872329524,18,7.01993763641711,1.5813042441136782,1099.6386920807122,2.235376012037775,39.91863904181208,-120.89694190557478,NEAR OCEAN,1.8792310079933507
4.267435459505544,29,7.446858962868102,1.0246304895591958,1990.6799620497109,3.335480738313335,34.26427101394964,-115.64313202427806,NEAR BAY,2.7073814705901564
6.4441890023726405,27,5.488910418471922,1.0,920.6570627425325,1.8929387253882681,37.15567190346714,-120.47306939154022,NEAR BAY,3.6614682944049584
10.40345856177439,7,6.248629498473152,1.0,412.23328018112403,2.887462706362571,40.99428021417217,-119.08651314632884,NEAR BAY,5.0
2.345120411735258,25,4.48661084965406,1.0,2518.5453690145782,2.36709893757665,39.40442388559126,-116.9947931021602,NEAR BAY,1.1661954698742778
12.37302495480651,11,7.31462108905165,1.0696015243257095,2365.5227346346446,2.3787867699467244,34.85592244746697,-115.07943868959278,INLAND,5.0
2.5771259838374863,4,6.681996471828347,1.4406450743653043,3148.4290372187447,3.001695390784906,36.329607982236865,-123.31298315635537,INLAND,1.3412070902081923
8.086210070614415,47,4.818961224775921,1.0,380.3271455552936,2.101407742461306,33.54122795317616,-116.80834552044341,NEAR OCEAN,4.339138699654368
5.401606780890591,21,4.473336607028434,1.173753831312969,1140.099192192672,2.4497778103916947,33.188921286955555,-123.78258908687155,NEAR BAY,3.3402172043534826
9.631037131600428,42,8.435417758293742,1.320937895538659,981.3405966054245,1.888558937329986,39.22632015650252,-118.9230732879662,NEAR BAY,5.0
6.482301315254107,13,4.506667439603122,1.0,681.5922002578723,3.4529650866100026,33.53818608684388,-118.57534026254159,INLAND,3.102307178694636
5.314691223584296,9,5.008189061673851,1.0,1451.0047355709155,2.8169325416387436,38.71796263891088,-117.82212488601456,NEAR BAY,3.2198665959898545
7.438152829653324,31,3.2409899746673907,1.0,1593.9052829690468,2.054340816716342,40.82760048186965,-118.31177063214514,NEAR BAY,3.5855837832783366
3.833954425930131,12,7.109764757196459,1.0,1083.2734041793053,3.367944528025993,33.34400589850592,-121.59236747740883,INLAND,1.35608800287233
5.184740829520666,49,4.491313330999402,1.0,3789.108797482821,2.514230146709618,34.56802700581365,-115.6396014682381,NEAR BAY,2.5494771159324334
2.987329187012712,12,5.407233274659716,1.2855488995432485,355.8582773178358,3.074434966623877,32.915709896722895,-119.78441357599462,NEAR OCEAN,1.610028437734262
7.609110319016815,40,5.257715895174588,1.0,1726.6171010808446,2.19407075279633,38.42129183003032,-117.79871819699324,INLAND,3.4168903496782446
9.296991337328521,11,9.398418291334954,1.6836721039973856,556.2577949766983,2.8969997625261015,35.04161080516752,-119.08491234085419,NEAR BAY,5.0
6.710851811081014,47,8.424158692465381,1.47768379754233,1403.6357358798837,3.3951756390600387,38.05371193289334,-118.86152020338749,INLAND,3.1342901342172276
6.0413006014528525,35,5.9387256838840266,1.0,1738.2273338520629,2.1881164866129734,39.70429202250616,-119.57771840443203,INLAND,3.290038798627544
4.783934224029828,26,4.2912694675791085,1.191033939692905,3086.109741666611,1.839352204207756,35.99334894613233,-123.52572902221833,INLAND,2.4659515039804365
15.0,16,5.61606587063602,1.2331997749173391,1083.6922677684697,3.0930874000448423,34.003702678268304,-119.66066126130482,INLAND,5.0
5.38414573225125,3,5.286585092730811,1.0,1455.2468325731975,2.7914134126644035,33.20586608264049,-114.3808019593745,NEAR OCEAN,2.81648512113242
2.707000192534054,27,8.107910974694095,1.4653638789481482,302.41616081315215,2.9452435710184344,38.10738313658105,-116.27949118972793,NEAR OCEAN,1.463793604663605
7.054313417661571,13,9.786015927703934,2.216459133178982,2766.66536723919,2.6876254486038,33.117325110008615,-117.04951701774573,NEAR OCEAN,3.943103622120505
5.611421497018824,22,5.970884903523148,1.4678271758154326,1928.2364381309126,2.6524016969985547,39.06642480148336,-122.80873165893912,INLAND,2.985582871338702
13.927658685187652,25,6.772967882681947,1.2506174705202244,1457.7270833670714,3.13322851551914,33.055258519448955,-119.79273953711973,INLAND,5.0
5.443015812210321,8,8.750891526491582,1.8316995004209062,1461.1989720997512,2.5318393120276785,35.175963921599426,-116.39847266988772,NEAR BAY,2.71089913180255
2.9723219741739557,19,6.314169397968115,1.0996934130382847,857.6689467591152,2.725596644994584,40.12045732441763,-123.50311227344736,INLAND,2.3356635100839362
11.749476816198845,10,4.05439921723119,1.0,976.9771011071401,2.3551739317383142,40.117222262439114,-122.796597911401,NEAR OCEAN,5.0
6.269511581857679,24,5.2416921067478865,1.0,819.3547918964606,3.0774482646520562,35.202443820055066,-120.19962365933283,INLAND,3.003401379760488
4.234177614925127,31,5.424301952338201,1.1028138665289127,740.6112324308789,2.7354652294129527,37.12182584224791,-116.6317705085936,INLAND,2.199684975822654
15.0,45,4.2041370513071765,1.0,1486.9033831064671,3.109221600168777,38.319860499330126,-121.89313124633483,INLAND,5.0
5.397727281870926,11,5.516828685952698,1.0,3322.2412821909606,1.8950144596928058,37.93351713398857,-120.32536298516712,INLAND,3.1579978134726114
4.260229295490873,1,2.854083162253846,1.0,977.7519572485467,2.3071597309287855,40.907287848494605,-120.71684660666351,NEAR BAY,2.220431474944171
8.409513404057826,31,2.076934250312163,1.0,1444.6249376645535,3.107802878018948,37.54688420310653,-118.57122719520687,NEAR BAY,3.662671533534801
8.43675369097189,11,5.34277081109713,1.3831469674523968,1180.8729659311446,2.1884169805839937,38.347413551038564,-118.76632858458959,INLAND,4.027197416272777
8.276206149120096,27,5.071389491997516,1.0,1171.2555759592974,2.0983002191190074,38.85194552784959,-116.70188606215133,<1H OCEAN,3.8187771584373733
10.031492513550466,50,8.488760757690883,1.9973293139269488,1101.2382343108895,3.3632446148860566,36.15659020008176,-121.78229091708303,INLAND,5.0
2.3278468050176806,21,4.648686754440189,1.0297088657017905,3701.2565323037197,3.029348120618734,40.47949291368349,-116.48285592044489,<1H OCEAN,1.8473329031671692
7.972622822292602,31,5.982193653618049,1.0496172241718935,1248.9403216289295,2.586893385031232,34.061714765730464,-115.25451960996087,INLAND,3.5457350148720357
5.678109838060876,46,4.755012299748194,1.0,2394.7701854177953,2.844746790357443,39.24970937884631,-123.50528560934744,<1H OCEAN,2.504906252700978
5.820086267565117,19,2.3524581477838815,1.0,1291.862714799147,3.2616757285868956,34.01354733503794,-120.08512010615206,INLAND,3.002226986814473
4.361297014272104,8,5.388578116664928,1.0,4091.5710933545442,2.2645669426240898,34.62402029360551,-122.1753558778194,NEAR OCEAN,2.0266474858723753
4.530262999309311,11,5.858368105661855,1.0,3094.1566666778135,2.1558636076084743,40.05958154939165,-119.26112381265705,INLAND,2.841859639567075
4.903457354590884,1,4.550432306704738,1.0195340137247846,2251.551107136439,2.793591820677637,38.56319928370903,-116.23409909643443,INLAND,2.877279423787075
5.82196601762919,22,5.144937416039994,1.2555335214312124,2133.321079567155,2.2208295260013173,38.446619533787285,-118.99664495861646,<1H OCEAN,3.2401805937764507
2.037415122420692,42,7.092017293523156,1.0,2016.4081306004111,2.257239749578024,35.926106121007564,-122.33487094332119,INLAND,1.8730519978057054
7.567589531152859,42,5.025716032123906,1.0,977.3498319908987,3.288507098822964,41.495125719690186,-122.78119471575545,INLAND,4.103077771577377
8.506983037689245,11,7.657486931551644,1.8154770132470515,1572.0004679629594,1.9487804299011127,35.568209617890425,-116.19895059031434,INLAND,4.1929633444967145
6.760383824947872,51,5.86062588333669,1.081756796654266,6137.420352803343,2.6954294108339356,33.99120643824141,-123.7655398533491,NEAR OCEAN,4.27710147323898
7.140688778759945,24,7.292627416629811,1.0182728837103392,1775.631558996409,2.4386252081638933,35.69567800442025,-114.28676253321433,INLAND,3.3008978574673398
8.454767775453808,14,8.188933321924669,1.8291147371418919,907.3834865733744,2.8415687727483014,33.906787194883,-123.54416189391375,INLAND,4.4359476194787915
6.08735688965784,7,3.9639821892705878,1.0689750481219735,517.724154093857,2.079999870376182,41.805289436627675,-121.7124295302638,<1H OCEAN,2.941932413969083
14.6340773962448,42,7.326019072166121,1.9346327452332999,978.961231740189,2.7941317834365202,41.2865467027306,-120.13858101827392,NEAR OCEAN,5.0
5.482169330971053,45,7.746177878482941,2.0066790701709944,631.8739147581707,3.0557210197838014,39.842836011872784,-116.70661537667866,INLAND,3.2942005273236044
8.490224755919622,2,7.323896937564828,2.0071309171669145,1700.0443276873143,2.4750960995502904,39.43511790360993,-115.60233292399356,INLAND,4.633921605725904
3.6601994434971727,32,5.046528437755708,1.2592096367505996,550.7197537944941,2.1806802965248204,33.302865344221054,-122.54523385306516,NEAR OCEAN,2.257580544894388
5.154107263332332,39,1.0,1.0,503.8848413198109,2.848984661694467,36.151297245093545,-117.58475774160773,NEAR BAY,2.372317750379824
9.014794203339061,50,9.665951775290111,2.4652739590132366,1518.3135044270737,3.424595271619255,35.27898100098557,-121.05137592431856,INLAND,4.540163491608005
5.079244719514177,43,2.8301333442983063,1.0,497.3370874553204,3.4991119182601618,33.319317972000356,-114.91225160528106,NEAR OCEAN,3.170344944177489
4.253774960113436,26,8.893122748333699,2.0870870537071418,1522.5327043101527,2.0067815844095938,40.493875182137856,-118.114759575685,NEAR OCEAN,3.126857317448545
6.388226299312743,16,3.5187140681124562,1.0,3772.354379536211,1.8238660974739513,41.3350661678859,-121.62012899878594,INLAND,3.067336926466756
5.580202419074207,50,3.365421746845924,1.0,1735.9731144898713,2.7945078478125893,39.02509506036225,-122.33126876738861,INLAND,2.501560394342732
3.6057453102039396,37,5.63604091529729,1.1421230300738188,2113.8553470960987,2.3030034506049786,34.22789050137899,-114.35970029470359,NEAR BAY,2.390132684033236
4.606867025991103,14,5.387303202094699,1.3265824458962392,1970.8960889480943,3.1365318926152934,40.7129945699014,-115.2819634609805,INLAND,2.9429290723321255
6.038876077599883,50,9.213286514120787,1.5606801907566634,383.3637251658096,3.243277635277299,39.44934455525081,-119.95026028168117,<1H OCEAN,3.5997266982196683
1.836424853130565,24,4.389745566948311,1.0,318.5765151625951,2.3806796573845372,33.29996760053596,-122.21042238102223,INLAND,1.0016440855747328
5.582295988614788,34,7.0607799710314865,1.0050230090873247,1780.7055915931448,3.4440730077653647,39.06895625211312,-116.25824284844087,NEAR BAY,3.3123096044943674
3.642492865930837,26,6.369360990705092,1.368747747036606,2080.037656065777,2.337427283657995,33.295770788325264,-121.63772894334409,NEAR BAY,2.4071357435970953
4.8687745260817765,31,3.9960259992123293,1.0,1808.2597966392118,2.0371742569289593,35.78698057531313,-115.39138817198436,NEAR BAY,3.3084257395674777
3.089966692289931,25,6.454722130971868,1.16609359269239,1623.4208794799792,2.4151701416316937,32.888588484871,-114.40693420867713,INLAND,1.5525595836910537
4.655129593674653,5,5.3743050723696095,1.4260622494970259,855.9572632544265,3.1432910844322497,39.71742195170887,-118.6336884478738,NEAR BAY,2.8127668869635523
12.286480957002373,30,7.515205544229847,1.7832994216690907,1729.0119222295186,3.3447566282212677,37.99500684330616,-117.93163858903384,NEAR BAY,5.0
3.4591538348679105,12,5.142335362582184,1.0593524600316508,2376.4066648894623,3.163991212669326,36.796031755488,-123.13114818740688,INLAND,1.582513903492195
4.052386938547214,4,8.034933331668991,1.9659537905397757,975.6510935691635,3.2956625203695387,40.11029905866146,-118.32228239449331,NEAR OCEAN,2.270737472886628
4.620515466249989,14,6.1456812760736295,1.117845467448858,789.8509253365376,2.3605245823372543,40.043473203329775,-118.94535593837351,INLAND,2.8666270420438393
2.094742703595178,45,3.457964691171993,1.0,550.9670733991737,3.259833731166375,38.18066221248594,-117.96201809607672,INLAND,1.3320995845629706
2.4939646624160745,9,2.4869983185839106,1.0,567.9393535354435,3.216916877997452,32.5201214539806,-116.77447132085021,<1H OCEAN,1.5463356825940948
6.981026817760734,37,8.623761022967962,2.188040348587424,1010.5717682750281,2.9928961975835167,41.956375765509414,-119.72082524828927,NEAR BAY,4.515222710416517
4.1726084002878325,5,5.41618098842729,1.2157493227592677,1498.824184580869,3.3188731155887257,41.15249196080144,-120.5067513921161,INLAND,2.259297999529786
12.2297682373024,30,5.40429056094153,1.0220401430684702,3320.6291802197597,2.3483024564433848,37.018351200606226,-121.90998809431764,<1H OCEAN,5.0
3.5706031516547294,45,5.9398039096396476,1.4389457629267997,907.3417471373865,2.556671899079616,40.77781279382262,-122.1583426719223,INLAND,2.6209863889815113
12.567298896904052,20,5.445196336473575,1.3018459540110008,608.895863935195,2.2153247828459333,35.815780022385155,-115.45486091104505,INLAND,5.0
2.473840384498763,10,5.709708492891416,1.0413777636502362,1585.694023019767,2.7491587730166587,34.32305537150147,-122.64573960975315,NEAR OCEAN,1.7846444919431956
5.059233112754056,17,2.736172590387577,1.0,941.3826126309699,1.8927607140942042,35.78626456531983,-123.06378977607719,NEAR OCEAN,2.5861395264277913
3.630521957711144,45,7.102690590146017,1.7854054096436973,2978.2113697624313,1.8485454262927443,40.07014589092658,-116.8730354040085,INLAND,1.6257157295320008
7.673879119723198,47,5.804696413346543,1.4840617608699862,2138.2696021842658,1.9457361875428447,32.91134150913247,-117.25363384764657,INLAND,4.4487926502337505
4.046582503508834,48,6.702173562298812,1.0,1939.2739392880437,2.1917799737933708,41.1002423336524,-115.78450350241675,<1H OCEAN,1.9996908855543307
4.262740902797975,10,4.571049917602332,1.1408953155589714,539.6365378270367,2.076348201011551,41.0022107359507,-123.41528852363055,NEAR OCEAN,2.586623803696063
5.191752682182348,22,5.4978607741385455,1.082392438654537,899.8129428901001,3.26564718426669,33.51833418458622,-120.3338530250677,INLAND,2.747865336701317
15.0,18,3.0737612758073762,1.0,2578.888840682376,3.3007627358666563,36.19257619286666,-120.85694925517066,<1H OCEAN,5.0
10.12811245605673,15,7.404777484910305,1.282839699693029,1149.051651383963,2.753101468591077,40.03183305393277,-122.25962576700918,NEAR BAY,5.0
4.4090493724413475,13,5.308384930341889,1.0,315.9728524268391,2.344224943155311,41.719527016213235,-122.42822544816991,NEAR BAY,2.887644659957402
3.5251395367497427,41,1.4271915866352218,1.0,3951.1543186467466,2.2376045758105874,40.252482604928694,-114.7278648621728,INLAND,1.4111573880622128
3.6511008495428507,3,4.901141415227326,1.0943047170714464,1090.9547098284102,2.584984590145894,34.01144253423562,-122.71170519219795,NEAR OCEAN,1.5925859948829957
3.300446499171154,50,6.163188848482937,1.1249574976576224,1637.0172126911875,3.3702448847543307,35.40228613806304,-118.47599004029368,NEAR BAY,2.251906783121056
8.63637709369844,40,8.020243349481849,1.8246906996954442,1751.0633122876236,2.918970111828771,35.944895660034334,-123.59019080263643,INLAND,4.59527899797618
3.8896958242122315,8,3.02554771823938,1.0,1230.1864285063223,3.3186653423886825,35.06734839694725,-114.59926989656222,INLAND,2.2298606748794216
9.358746242954274,30,7.733795384757007,1.5165407675665827,2891.165274137155,2.8815874307086036,37.18670926666036,-123.3379935504613,NEAR OCEAN,4.020150403683352
9.324364624264959,18,6.720498784182504,1.825280460425526,1200.4338694864257,2.1800082519543427,37.912438331594146,-123.13023920661976,NEAR BAY,5.0
5.067800863790433,12,4.744791869935997,1.0,1085.003860076139,2.132112927349312,38.48930175579492,-123.1166389987958,NEAR BAY,2.8266489177043947
2.7837452252068693,40,7.032528537553702,1.6542315855025953,6591.359048749308,2.9478333316556378,33.72672678654042,-115.81970503332478,INLAND,1.9569815121596097
7.718392350985424,21,6.043788621081553,1.3470199246139842,464.49373395780566,2.759548221383548,33.56908422522439,-117.51621338311031,NEAR BAY,4.159330187487348
3.092419786400688,1,4.565178871451989,1.0303981760499696,1486.5343005690806,2.3804938371436846,39.54436753929709,-114.51545219608023,INLAND,2.0237383729415157
5.463820869652931,19,7.390488001062889,1.6129282829641964,1714.0140704961696,2.2583571665810767,41.65296110143599,-122.36421020863509,NEAR OCEAN,2.569475648746625
10.747873254023427,20,7.882912240247292,1.3142469231361753,1991.7080575221685,3.3153444005452575,37.061216299375616,-121.87674753952072,INLAND,4.990855546597991
1.8283327470539774,17,3.114879008566882,1.0,4758.161622424137,2.828230851700104,40.180824902529224,-119.75754293727634,NEAR OCEAN,1.2213175314096771
4.809346620392174,7,6.124684175341151,1.0,1465.4673654241433,3.466169514915198,33.5148941705551,-116.44183433684694,INLAND,3.0925404156581555
4.071774087903197,36,5.2369175017037985,1.200839475190899,653.2230394196655,2.6508225928890434,34.567021440991425,-117.54565817405185,<1H OCEAN,2.3909885998648246
4.423713777144131,42,6.306095092799372,1.317358003593266,1571.96010383456,2.6939389987237807,41.31876653584102,-122.01127427361256,INLAND,2.1386928847952857
2.8814481783113566,46,4.945752593010404,1.0,1294.75407091159,2.9282469395179036,40.61197955583682,-116.08540873697466,INLAND,2.120678211430972
13.923076312177523,14,8.078492222519472,1.2563926701855646,2873.055954527718,3.0833758329002103,36.75339520543595,-115.37880950413519,INLAND,5.0
5.889395338443804,28,2.3113509679419364,1.0,2115.4748887242395,3.405785766886648,41.856731192929146,-114.13815461939762,<1H OCEAN,2.6971468000627246
2.1730922141529594,32,5.808852599840485,1.0,1171.9797550102835,1.8125648689442355,40.180632176186364,-121.28321829104515,INLAND,1.5895864592720133
6.4577399720005015,10,4.602187598141084,1.1870872209285306,989.5727342328048,2.1528821480296183,37.01232018078576,-118.92087456808585,NEAR OCEAN,3.2594817589208147
9.083160398132852,30,5.10238969717746,1.25171544716384,1742.9361495905737,2.4455046379277783,34.58593512662804,-121.52830949418883,NEAR OCEAN,4.143254828672248
5.2869030275199815,19,2.216226290208008,1.0,1603.7864700981954,2.828173503168267,36.28552785187828,-121.71112016457178,INLAND,2.6776415461715275
11.389032631230846,48,7.667295835939664,1.0,476.3712512763143,1.8274420837233054,37.81156951829915,-118.54092471191993,INLAND,5.0
2.1370343171119557,38,3.1158486157515637,1.0,536.535819797925,3.2706475262408383,34.14380920746845,-123.66901083360474,NEAR OCEAN,1.4804724413644976
9.130961379190587,4,6.272667687175741,1.0,1819.7967394348134,2.940944187818748,34.53121657916182,-122.60956746318271,INLAND,4.575581241324215
4.879073663442635,14,4.554620971067443,1.0,708.587348616993,2.914242635530401,36.45172421625716,-119.29002479805223,NEAR OCEAN,2.544416874425465
3.651330970832567,25,5.027861143688156,1.0,543.4423221556948,3.073818633224356,35.007514388333156,-119.35844519540271,NEAR OCEAN,2.336010259224063
7.811513203460622,3,6.49687100799253,1.729060781806157,1646.345853408773,2.382931836477572,35.91171139767314,-117.2597857761304,<1H OCEAN,3.636125473060687
7.737720740082967,46,7.601329495148491,1.813443871466738,610.3720692568946,3.022370229436696,41.1697538113717,-122.34283802181484,INLAND,4.007838828673584
10.81749995901538,47,3.2426600080600716,1.0,1118.8375752311488,2.2120762644566985,38.81487929919747,-115.65849113920234,NEAR BAY,5.0
10.585683211647302,27,4.798231441027745,1.1228463215454407,2167.17115595095,2.1974338721705133,38.6991886873639,-116.79991794229886,NEAR OCEAN,5.0
5.650616968235389,17,5.9733964429133675,1.0,629.2947283420413,3.267181955615846,40.145632874250374,-122.21381857110153,<1H OCEAN,1.7046741263466803
2.649248864473132,49,5.424063725789676,1.0792708217693563,1877.298311796983,2.1397956575657546,37.72538099085631,-120.360154003229,INLAND,1.665983667989856
2.4080675660406947,7,6.944951027855035,1.0,2247.7525047519352,3.245368856257615,37.22875455064761,-114.24431596376462,NEAR OCEAN,1.8622789198502616
2.514407790736804,13,8.060973954606856,1.1308589029694434,686.7373821946657,2.634264616380355,34.63973427626807,-115.07479618294964,INLAND,1.9451883502153708
4.495529827904432,31,4.364746814455044,1.1727655116533564,3561.95828529666,1.9291124905393806,41.994521925534876,-122.57322958213076,INLAND,2.5111531512218943
6.109646558338508,25,4.076748572284167,1.0,802.1863669814634,2.049295390488779,39.362406746887956,-115.854117208899,NEAR OCEAN,2.9242658163678126
7.00909320220311,10,6.438216925180654,1.0,1630.1610402469307,2.3049840718915093,38.97933189262107,-122.43294214629367,<1H OCEAN,3.3741206512633504
7.0852173661900935,41,3.4784121977917293,1.0,670.6891043548148,2.87311683053476,35.70241945661913,-118.99391414353609,NEAR BAY,3.9027784902345877
3.775066073649936,26,6.307506020613769,1.6316411430587525,782.3917193241625,2.703372890421102,34.385172658708115,-116.29654009278579,NEAR OCEAN,2.2035254462027534
10.13660024161803,23,5.410131571405947,1.0,3404.049588525265,3.484180589141829,39.12013971692423,-115.42897068050493,NEAR BAY,5.0
11.280628723048467,13,5.219343074119906,1.320829526212987,4054.212872464596,3.481252183849439,36.58531033432394,-122.12865673303128,NEAR BAY,5.0
3.4672659097464753,13,6.7034215110124915,1.0,2448.930394054201,2.3165862973469613,38.32442539528586,-122.17869547028717,INLAND,2.1129219842762295
5.212164681914892,47,4.671879571956748,1.0,968.6376042978211,2.4457889062193923,33.61720617986362,-116.97809142452046,<1H OCEAN,2.7993306485635276
7.431132362061754,6,11.083118733111943,2.386367727952923,676.184056903971,1.8267619997382023,40.56022247242089,-115.63113017073468,<1H OCEAN,4.0102285671044
10.531902619276845,19,4.9958759394744705,1.0,406.2517635780786,2.726195572728984,39.81435653265954,-116.32241820219559,NEAR OCEAN,5.0
7.165918862248204,44,4.234640394421441,1.0259795634284339,1505.7380152021824,2.058030204898076,39.9503529289142,-114.23210233272393,NEAR OCEAN,3.0194764901325324
4.177106013443562,45,9.361839903083226,2.3439184667161705,420.3646829251804,2.4829465535765287,39.68890257969127,-123.66641916888544,INLAND,2.830770077743202
3.4446258776225225,8,5.455406585817555,1.0,1046.9914339490729,2.286972803511043,34.66959191884122,-123.46720356613092,INLAND,2.073482740995444
3.3599620878644827,27,3.6885416663473114,1.0,1820.8976598792553,2.81832351270487,32.684284001863745,-114.0485836063975,INLAND,1.8511495237053996
4.867277484240936,7,5.219421652055405,1.3732082941963923,715.2565006874131,2.209745304319136,38.14327768712961,-119.74365915737862,<1H OCEAN,2.4948624739566654
4.339455700098429,49,8.603423836711535,1.9114937219159787,1244.3178341358575,2.5416771225975126,37.63778997294582,-116.73370459288289,INLAND,3.154527248766022
3.0694501582597633,20,5.931039783379056,1.0260781457443615,970.18974107086,2.6247675630376275,37.266372833945255,-122.50539084174578,INLAND,1.6676909470690113
7.544221568780248,40,3.9364376159466934,1.0,1802.7674923262753,2.5819661984708024,36.46849845945456,-120.26953685039791,INLAND,3.166865354952748
4.6754002231502385,48,7.121470564953134,1.0776232178070138,1310.3592051255398,2.5701142931657013,38.297560213747815,-114.04344134695933,INLAND,2.5049200456369984
6.662815135683735,43,6.57450896625659,1.8040026324993454,843.5187611916725,2.401391036148341,37.62542168022908,-116.25486046323553,INLAND,3.083607874064282
3.049324042395208,30,6.528065780400717,1.6115649503586627,539.7451784918337,2.3607052809108864,39.67437894212759,-115.75498269729778,<1H OCEAN,0.8461495558803784
8.62262086762015,11,2.715151657478209,1.0,4663.652445050461,2.3152630694590624,40.725193181238275,-119.30920044379013,INLAND,4.688503806826794
7.953570362414003,19,3.7063425895949083,1.0,865.0765666104553,2.8226283334804245,34.15582060201867,-122.41604631997414,NEAR BAY,3.8985941653422325
9.207906005737636,46,2.868953891973671,1.0,734.7006940272132,2.565637595793083,37.905708934247265,-114.4451005566905,<1H OCEAN,4.753762026649276
5.185221366053912,47,4.918060073523236,1.075089353618686,2852.990286110423,2.766595889589497,37.488401671999625,-123.9945162896173,INLAND,2.8232380884937185
4.9204698369223925,18,7.983729431833399,1.6537044922358473,1201.277276508371,3.2064350126645573,38.190424981383735,-115.04412791307408,NEAR OCEAN,3.249599064154677
7.255335866876961,15,2.3336040784332943,1.0,2451.487247254186,2.409852976607878,34.19628624012082,-121.83311792642543,INLAND,3.11326335047667
9.80040730382574,28,3.4685787745592327,1.0,1321.043767431698,1.9041385695076383,34.31978547630843,-114.11368025927322,<1H OCEAN,5.0
5.414001481047196,2,2.5790590840864493,1.0,1555.3739822889838,3.0431607962241776,35.50436778032313,-122.97851046778281,NEAR OCEAN,2.258374963534775
2.707807051192247,34,6.82882776322296,1.2175840126014754,1812.0961181974517,2.4068163716595503,37.050375701423796,-123.76248918342031,NEAR BAY,2.058496517779777
4.458256171439294,19,8.677248578078949,2.0454173475751496,1286.5125081738258,2.518204673652719,35.52576860037927,-123.4582852039372,<1H OCEAN,2.533923916353078
10.058536097583938,46,5.930710585794721,1.0,688.0890419784719,1.8747751597328823,36.218669843366015,-120.90170773402451,INLAND,5.0
7.745017489419175,33,6.302650257931907,1.5518768543641783,987.9827346563457,1.859491760864695,33.42718442887489,-115.59691338390647,NEAR BAY,4.413915281820101
6.288473426119099,15,5.432113819883094,1.2643011517567608,324.635953464013,2.1657043337789315,37.55426015331236,-118.73724253559016,INLAND,2.5714810539154977
4.518459178818229,46,5.18576343041795,1.0,2041.5734131557144,2.349234501537783,34.30770968975193,-121.1121488333151,INLAND,2.3359852307421716
11.800342311927471,38,6.6821103665615675,1.8130622816012567,815.8347006718311,3.0072086148024444,40.310084139457395,-121.62906547735999,NEAR OCEAN,5.0
3.4384259497713945,32,3.9429170139848653,1.0959299597837417,592.4988529679625,1.9516962004797147,37.54125675331952,-123.42894548343891,NEAR OCEAN,1.5901838731336047
5.518732324992912,29,6.582808852482946,1.5029163036259061,2004.480767419895,2.4328355458316144,35.495469349562654,-114.78861440534622,INLAND,2.8695664428450534
6.7990089881259,30,4.959786673061736,1.1539228294139632,1311.4884398389504,2.8377588327228436,35.54699195837643,-118.7158064537856,INLAND,3.4305931864126658
6.641990660652746,10,5.424895290820608,1.0839954136185526,2773.986433264684,3.2470763334179757,34.57685933049041,-115.96234227233116,NEAR BAY,3.4952306635429764
3.8337165922187015,37,4.540642457773203,1.0,334.2297177053969,2.4056130731037424,36.38598755657086,-122.20896702776349,INLAND,2.5156487361066064
7.95277919757346,15,1.8998084652588973,1.0,1053.419323642354,2.1708813891885916,40.65839784663318,-114.66694270902185,NEAR OCEAN,3.493463803819941
7.164320199810051,11,6.756123552569692,1.778957668014907,902.6740741660748,3.4966328139471505,36.91026490512793,-121.67086071969048,NEAR OCEAN,3.774646838369015
5.949452543133615,47,5.289470619631124,1.1617523983559335,2209.356267577086,3.056838154328573,38.50491769759389,-122.34897994423969,<1H OCEAN,3.355754571939185
6.639191949974591,46,5.377110724029419,1.4749594986566645,1500.8292224403604,2.4149450470611766,40.62095334752305,-118.27406020920893,NEAR OCEAN,3.5067847963664414
4.3031582978108815,3,8.714266080345624,2.355498784819293,3811.6842477922346,2.7383570737022005,38.76514077791932,-122.97376606128165,NEAR OCEAN,2.894600250511981
12.638208863144834,31,5.72770875935045,1.0,4032.3832761331146,3.1885376186284624,33.12917615172888,-116.7726021559052,NEAR BAY,5.0
10.081347928044055,18,4.2184614741424635,1.0,2090.5392853793123,2.3732133284410963,36.40819687985957,-114.66604526738504,INLAND,4.686090930500047
4.080412239783795,28,2.8569522012837494,1.0,1606.2926373476764,2.2676215967676927,34.25047796599568,-118.09694923213159,NEAR OCEAN,2.1034975785276693
5.09782193053124,45,4.9373828444303065,1.3821678530877903,539.087668560426,1.8396455416473456,35.853618316815755,-116.7532077528226,INLAND,2.6443200915246683
9.213541953287356,33,6.183722095756985,1.081259684208787,1951.9454608969631,2.2790457227823078,38.36835585387197,-119.92623799693907,NEAR OCEAN,4.647114434855421
7.411082687603446,25,3.020537980468174,1.0,5311.006827755698,3.2436679701769378,34.0519155837762,-119.07412274648202,NEAR OCEAN,3.5401501298335423
5.8290666733548635,5,7.320706544810465,1.0,3123.2263828150362,3.325260744234343,36.39504261159104,-122.17407518995843,NEAR OCEAN,3.293418826813336
3.5388413999336374,11,4.800058837937702,1.0,936.6768651832117,2.3047672357957185,38.807769201861895,-120.02868754742566,<1H OCEAN,2.028050302937912
3.705984918701679,33,5.189773226666621,1.2890984517237976,1112.07631571705,3.4602089288664954,36.89948512119608,-118.31590384281387,NEAR BAY,2.5221305757253085
5.739376634618187,24,5.441807024372825,1.131107515895631,4276.684873769137,3.4896816987023067,38.76634022286549,-120.62714737685963,NEAR BAY,3.106011507840243
11.775261141048558,7,3.048249704126129,1.0,642.840589424857,2.328965708520085,41.932529451583754,-117.46837549371264,INLAND,5.0
9.386732465517829,6,4.577101693719895,1.15759215594388,1588.6940828477855,1.8392619695639718,35.28995672370473,-119.50107976895792,NEAR OCEAN,4.451205962198801
7.372545602446639,26,6.164440880513464,1.6949249207560142,871.4416194594604,3.0481074841702487,40.66962069342635,-118.45290799772283,INLAND,4.589413384535418
7.777578247769248,36,5.328042407620088,1.0,987.0494964870827,1.9201100412150411,36.21146578026678,-123.75685177519757,INLAND,4.341823169516886
1.9839028142882107,42,4.620004276413434,1.0,1740.5689529735607,1.8866448353412937,41.46206463829208,-115.24633338667604,<1H OCEAN,1.874243160603668
6.395789481186303,43,4.8988872396467364,1.3195718013288835,1963.6656307575336,2.875701866681676,40.62260583711005,-122.50653188169652,INLAND,3.2431701954429557
6.369499652499542,8,6.404574239606808,1.127541127975249,978.7146478059536,3.318435577912245,39.413586842526676,-116.1313503763842,INLAND,3.0604469149812714
2.867675445928074,2,7.855539325864922,1.022132608913601,2358.9669510400695,1.8744305865416018,38.055759983026896,-116.68832826017142,INLAND,0.958219613449244
15.0,21,5.162678414270057,1.0,2155.5348496684915,3.0286377941904945,36.10003663439533,-119.29187235275042,NEAR BAY,5.0
6.859412186559527,8,3.9603965031930275,1.0,2215.1338595997972,3.068033327806518,36.07677991253169,-123.34456058339067,NEAR BAY,3.6657695125178194
7.180070002126489,33,9.644472833766962,2.401323512793278,1541.2323304053357,2.189859105719366,39.83425887783106,-118.37250606868177,INLAND,4.491073049986909
3.963376430355562,33,7.1996276458943615,1.950823227560594,3546.878580608066,2.107652601669071,35.880041815487346,-122.31963490064899,NEAR BAY,2.3711337838479167
6.27521963869706,34,5.265417485143051,1.302298020280486,699.9007145686023,3.4645344072813584,41.34307683918654,-115.68331485911713,NEAR BAY,3.339701415904402
5.965727410569171,24,4.448191639422998,1.0,1502.254509066381,2.1165072632327937,32.53880065863248,-118.61296384955793,INLAND,3.267358438732869
13.235414194911957,9,8.393829543394347,1.9880288199541811,1062.6751189153765,2.325640138480186,40.24453547497821,-119.7669830602431,NEAR OCEAN,5.0
8.591105580672185,26,4.0271178997892445,1.0,1681.695070609336,2.187214554756266,39.72559887984419,-117.03311428820018,NEAR BAY,4.691850717309334
6.089757778771825,17,5.497410096138319,1.0,2763.290997398833,2.276431794554502,37.36979138431108,-114.00966357262888,INLAND,3.5633123793439103
2.8164181551770304,42,6.653608396341893,1.0,575.4796915861912,2.60749188365788,40.86538004424395,-118.75494522821964,NEAR OCEAN,2.3830165502329983
3.164709648683383,1,5.817129244267646,1.5049651756534013,1344.562912340673,2.2845476271919933,32.90441713420899,-114.99715698996164,NEAR OCEAN,1.9500005392740718
1.747794443037965,34,3.862658732419538,1.0,939.1478675421147,2.1682745581411678,37.01020444082301,-123.73164634427094,NEAR OCEAN,1.0977539295093892
4.782351401069852,41,4.80166406672446,1.2773480876999688,2915.8911991882374,3.2883183226715698,32.59505537481831,-118.79864090059772,INLAND,2.670705869569739
7.013050941280337,33,5.461916828917191,1.0,3734.642201829691,2.4739637622350568,34.772897896554376,-122.20574692340965,NEAR OCEAN,3.8702295726482987
5.756122464446227,42,3.4952084040372986,1.0,634.3819197284836,2.4907085817708863,39.84732958027885,-115.55574267603649,<1H OCEAN,3.2249016526324614
7.429995031828827,44,5.182283385797131,1.3937651315066104,1979.716727983481,2.337619814963441,36.15494569087058,-120.40382865044339,INLAND,3.7670120425504128
14.576005351565604,28,7.978656652229002,1.2898651276090587,11712.515536603081,2.342503107320616,36.11730909720332,-118.99922114678677,<1H OCEAN,5.0
3.6234896566482435,11,8.554996729869313,1.7865387170369156,1539.9752971904384,2.499384465084014,36.58961274369831,-115.60563608673957,NEAR OCEAN,2.007108226369436
3.6135442192528315,50,5.105274904006012,1.0,1316.0901076510636,2.824055864991858,39.03713145742441,-114.59391133659182,INLAND,2.164888881626522
5.870770002687489,2,5.37597281192611,1.0,1756.1846674770368,2.089444788898116,38.45690140354074,-122.41506190813966,INLAND,3.2019329183286054
2.744865551867704,6,5.135260917257859,1.32363963325977,2436.2752129118817,3.479929140293411,40.51907845894352,-121.96362801077417,INLAND,1.3881556757900184
5.397907949016248,31,1.9033804215927757,1.0,3331.9678949953854,3.4692328987287375,38.49977743803928,-117.5680444491104,<1H OCEAN,2.524021664506051
4.513443576579747,33,6.249980680802896,1.2963031357173511,3721.1932137329663,3.114363871597389,41.306592037325466,-114.77843869442319,INLAND,3.3266604269886315
3.1237598178083723,5,5.918056791407782,1.2278376314289505,704.9811236378645,2.8677675518147066,40.36627849848935,-121.0888033110248,NEAR OCEAN,2.369695590356302
3.0871295569095287,11,7.229590110032938,1.0,2890.8863884489774,2.09283757279954,34.167587871364525,-119.90236972499116,NEAR BAY,2.8993621199034743
4.370818883670591,16,7.275698129962672,1.888669076014235,1296.4729362555781,2.7003896517275714,34.44850097193614,-122.25473859790122,NEAR BAY,3.0714602369241457
4.055009194124373,18,6.520881696168664,1.0,1196.9505661860915,2.6290354709771795,32.95927392050082,-114.93312096133022,<1H OCEAN,2.878219281816328
4.714637690691287,51,6.542004456299919,1.153326983032026,1130.6936158616531,2.138826661229557,39.931124335735106,-115.52076918915536,INLAND,2.402763641489471
10.138693612991323,3,3.7104515418105453,1.0,2177.8951794200343,3.1025440739867216,36.047510022523916,-118.11840472873611,<1H OCEAN,5.0
8.877795689219068,39,5.773571779213611,1.0,959.4709065199158,2.181341650444179,40.074766768394056,-122.62669607156208,INLAND,4.612439572149414
6.613536757680928,8,3.080256396223611,1.0,3247.9447462963053,1.987612078367285,39.27218591719503,-117.91128223286094,INLAND,3.574131145018518
7.513260677900517,4,4.821210465876973,1.211920861556584,1215.8261607236939,3.3226900390986556,40.50845463203741,-118.33868843257534,NEAR OCEAN,3.7924392404107543
3.500046572193483,19,8.242459309300788,2.2399941373308576,2275.6886724130386,3.263095373290913,37.17795740402394,-120.05721471782853,NEAR OCEAN,1.8281091139424033
7.31275639225509,2,6.365695144750886,1.0,1935.0415343936654,2.9576588727582678,40.25151805177686,-122.19799443038181,INLAND,3.5973112947888732
3.5236987891373035,30,5.967895117986326,1.65630213134781,698.263246876529,2.045275445951562,41.3215995049546,-114.22824794718505,INLAND,2.6117618826310176
7.2250148960255105,11,5.413161153765318,1.2403257352706958,746.8756532927397,1.8491506952673937,40.00199758829435,-118.31772591385123,NEAR OCEAN,3.3585602062850253
12.613761800474977,25,5.4368415666125935,1.001288959616991,2068.2207381490407,2.035022639608382,34.119127751505744,-119.08854711210154,INLAND,5.0
8.683021243430078,15,5.751811462587935,1.157754381262822,551.5253474007359,2.961571221295306,34.62182918341247,-122.04551365384181,NEAR BAY,4.533331229716175
8.272983966824649,50,5.617210325876968,1.0656574464248465,1471.367617167872,2.00605818641192,37.43511979840556,-116.20955530194112,<1H OCEAN,4.548493843659479
3.4318545979784827,45,6.5970418106098005,1.0532213507854067,987.8639766203864,2.5973262633687155,37.11380369874259,-114.38590368607134,NEAR OCEAN,1.5510780813076654
5.535397265912238,41,8.931657230978335,2.3762587288951615,1024.6917405578001,2.284237391195666,38.97586904448626,-115.17598384385019,INLAND,2.987136970822747
6.322412405691828,49,7.933656669342262,1.0521692031757415,1714.660339045087,1.8972804865186912,35.232874984955316,-115.07062623802325,INLAND,2.9383529438628258
8.936262368876594,3,4.736428682925139,1.0,3160.403702436944,3.0473806083229795,39.36891688264817,-121.02788693719401,INLAND,4.167683782920174
4.042029406947855,9,4.436686673268509,1.143228495688304,1903.1117769499842,3.3560031634404104,39.787054067132935,-121.91778978326732,NEAR OCEAN,2.439460297383189
5.365064120705421,2,4.59063029863461,1.0,552.067248093576,2.4081360160816025,39.590886386046705,-115.57020741605338,NEAR OCEAN,2.168104403513971
11.64466014450345,10,4.408693166709957,1.0,1382.8610149801204,2.902017953317128,38.34249710791782,-122.16514590660853,NEAR BAY,5.0
5.765686541679351,47,2.527653742836404,1.0,2319.539753401656,1.9041661800058782,39.92140908376325,-122.62284988907179,INLAND,2.4934589198334587
2.0420503659025298,43,5.681688503118319,1.5372894827074601,1082.8603332340563,2.0920656708079313,40.4737928568009,-119.88054323071692,NEAR BAY,1.505027486151611
3.385932978482804,27,4.79561945973588,1.0474959049908457,1253.1839628987743,1.8295663249039866,33.21985988344619,-114.56667519335687,NEAR OCEAN,1.7232626048950876
4.172420130769569,31,5.4472084632340945,1.0,937.9805992258777,3.3059577749602993,37.02500686724059,-115.14425790045436,NEAR OCEAN,2.3483745877798485
3.5713246540626153,51,4.6411201098356605,1.1236624104754351,2760.6989518791843,1.9647882720564034,34.05396189918279,-120.66157278272708,INLAND,2.214844770126157
6.336532014809541,19,5.593983965945943,1.0,694.9830051053877,2.996734546439632,41.72504309834054,-118.6318233463253,INLAND,2.656124805672851
9.460821302044248,2,4.372412965586367,1.0,1022.7081650448413,1.9305619856675031,35.194878583725085,-121.03869611747622,<1H OCEAN,4.737612086469985
10.273018751436462,22,4.408239488378609,1.0,675.1359006875771,3.1410526580167213,33.29613516867503,-117.75799646517686,<1H OCEAN,4.885726846264228
10.603326502251228,47,8.88840314586702,1.1857825693055242,2237.9889659707296,3.4849723297386146,39.0205537735571,-120.41343912773516,INLAND,5.0
4.338619551214338,27,3.4115315693287145,1.0,685.2920147312486,3.006522481130773,35.66390661703815,-119.32858744371565,NEAR BAY,2.3353171783032614
5.119492862412768,35,10.798364944815493,2.3743279120927454,825.3148126607725,1.9761152810784963,33.68692188000189,-114.87870792799194,INLAND,3.5506750429679483
5.430331977052426,30,3.1877823021787326,1.0,1089.4504191578283,2.5660039430396937,37.910497413152726,-115.16061128104677,NEAR BAY,2.843662435083211
15.0,25,4.08302464906724,1.0,1449.1055667243575,2.3836466805014846,33.96186624846587,-119.91308227836505,NEAR BAY,5.0
6.79750030001568,19,3.3498863226041418,1.0,1040.450184900696,2.6524095509588874,33.96011052857485,-119.69165186325229,NEAR OCEAN,3.854724991963807
5.343557717340482,14,4.832845874445776,1.0,1342.7601273231674,1.9211571621903811,35.17250329202925,-120.73967954139763,NEAR OCEAN,2.6933058902631553
3.7826337575263174,27,1.0,1.0,384.2299074576271,3.3619876467563765,36.069048901879555,-117.91452081393008,INLAND,1.9384051893589387
9.78837801907035,27,7.167538283252387,1.5580800437703164,2081.8662723740686,2.212206343222666,41.89005112779567,-114.87438233173503,INLAND,5.0
3.2400561622604935,37,4.094150294672015,1.0,1647.96730145343,2.993132754236149,33.4835192103774,-123.52612741574076,INLAND,1.8565291469918725
6.37529989615963,36,6.035076437501091,1.0,1399.1673884621782,2.609919980990824,32.76622078086093,-120.40615427769276,NEAR OCEAN,2.6176251880945847
5.485973952173658,31,8.432374938170657,1.8694964535564154,264.40399747293435,3.2723990037566284,39.38736511526683,-114.07092767314029,NEAR BAY,2.3597005118109755
4.877560948113541,12,4.6103593985276605,1.2585284414978155,1366.9976975848906,3.0211662020545176,39.085565619577075,-122.12881923791997,NEAR BAY,2.847748377888127
13.412659431716708,22,6.159250013826383,1.0358431340362677,856.8521913163729,3.4866663472561403,32.79959330532477,-117.35681523508936,INLAND,5.0
7.261945561818139,43,3.939326242527435,1.0,880.4613837951258,3.2390982172238623,38.387483826912174,-122.73446968205639,INLAND,3.718981401798769
9.01233750209706,18,6.9079010302519395,1.3525264854141958,1319.4248201734672,2.2537771939278883,40.64343534900643,-121.79079808684205,INLAND,4.798557084366913
3.333693798745925,44,6.0865336060054736,1.0,2915.425906294701,1.8063362778108591,32.97459871431736,-115.11153740223217,INLAND,2.0605892344074066
9.027011165229593,29,3.3621579411591465,1.0,4428.34861325289,2.547191509834821,39.40009728557529,-116.47117039816833,INLAND,4.312294482844431
10.585185760635333,33,7.805275285700853,2.0695276013238137,2927.6482097297185,2.368043930011276,41.47596419695073,-114.23342135846399,INLAND,5.0
6.373057949919104,29,5.313217894475728,1.2427143715836493,1229.2708681581364,1.9117778125428364,40.758517915615435,-121.58841239630691,NEAR BAY,3.377912768151259
4.603744954600112,27,5.209783339831423,1.4481242607166538,3837.353833879385,2.8503841616944667,35.13894667702435,-119.9801335686859,<1H OCEAN,2.7610761154803702
3.900901652399777,18,6.668167691951874,1.775451847831121,3505.9730637191865,3.483094059205361,38.75520360469097,-120.57405536029319,INLAND,2.172383523592911
5.669891991480416,47,7.247899031394896,1.931568941101791,1404.508738181342,2.4178486009850557,34.830860113882785,-121.1605699438572,<1H OCEAN,3.104999162485408
5.137415577838797,24,3.7403629899862922,1.0,401.7052954903925,2.0615158548917507,40.29059364338373,-114.93072258441785,INLAND,3.0774548623954665
4.283445004612739,19,7.078009374290161,1.4593561483434818,770.0578603173519,2.611618304655395,37.52430814831205,-122.869916410089,NEAR OCEAN,2.5464270872602888
6.949939555242369,16,5.565713416999865,1.0243568923905766,325.55640806617566,2.8410473426103913,38.413633843307615,-114.26109511354241,INLAND,3.7377805226971192
6.144403691543608,32,5.0812984507950265,1.1266777613359282,987.1480039868561,3.3994612435401095,35.50244948669832,-123.10022919147416,INLAND,3.4910301658876994
4.724477128047165,1,4.397893130353001,1.0976923805757028,1404.087103015559,1.9595078610047192,39.95555394330143,-116.19474728068185,NEAR BAY,1.8548474904381869
4.760533974088705,23,5.880293204675817,1.6373742873677597,440.87586264822346,1.936609501269256,33.95236152329989,-123.58509267867788,INLAND,2.749024560974687
2.5965448633349535,51,3.096047438845102,1.0,2391.6304967439764,3.1919059266263994,39.30695048892423,-120.86104417338774,INLAND,1.4341076478994939
5.193139421790676,16,4.08126917094558,1.0,1509.7166630848997,3.274447422019966,39.25958698420934,-119.356676269802,INLAND,2.137137562027493
3.1956893131923776,3,2.639295179285316,1.0,407.16192533124126,2.925628407341138,33.980754252054716,-123.20677960613166,<1H OCEAN,1.5095366014878464
4.693244114671417,48,6.920514262994928,1.7116236167623082,1543.2421893933868,3.174117115925454,36.30379068084558,-122.76476239079503,NEAR OCEAN,2.7669004202841836
6.390190687224824,45,5.78214520455389,1.0,420.3325881097842,1.8518114418066605,40.12825160076049,-117.6662305956674,NEAR OCEAN,2.9907846368528
2.4243981496966267,13,5.900608740141651,1.0,5187.414808292963,3.3668348218991304,40.05440008724056,-122.88697229929092,NEAR OCEAN,1.6004826859652113
4.894312530881652,41,4.71165531579502,1.0,582.2705772618026,2.923750695451064,41.2382314758942,-114.69786090173007,NEAR BAY,2.548659656537324
6.505621905835524,33,5.167000861780019,1.0,725.4705223483477,3.36124805378108,41.42758503632962,-122.37979112812592,NEAR OCEAN,3.073739955006323
2.7817767602231127,18,5.173466800692742,1.28366617891102,1000.4008169923993,2.6085821074693873,41.20549630136806,-116.7529420107632,INLAND,1.4481980364911686
4.205926126397079,15,6.074943371798867,1.6955221424215725,1440.7880455878228,3.216701247212016,39.081068933396296,-115.9403943574136,INLAND,2.6378328746956834
3.034299587330739,44,2.8924002252058987,1.0,1022.347624804692,3.344801536731413,34.42185321271914,-120.27650586245687,INLAND,2.0712701663062867
8.18423227966548,31,5.660090377936209,1.0,479.5382791798168,2.0473626910404246,32.511155978843675,-114.65543051305858,<1H OCEAN,4.335624349854839
4.156032010931549,41,6.272148937256065,1.1862289016433578,1407.7852525613494,1.8043832349756674,39.52255992580853,-119.80755875588301,NEAR BAY,2.4234751318991647
4.0656819209342565,39,6.33775714678296,1.5966545012919982,912.7118616085763,2.3776336795497013,32.766795501555464,-120.91380842402502,NEAR BAY,2.7552135936348425
8.100957426385364,2,8.905778263847097,1.6639769173348917,901.5517763561072,2.2646490032090627,33.96861998012018,-116.85845618496344,NEAR BAY,4.868781748265031
4.911685958707204,24,5.95188883044689,1.0,3758.371777228501,1.851892587399016,38.70946062687478,-120.55051508302795,INLAND,2.6137294561356694
12.431853093484076,45,6.980694948014975,1.3754201136446713,1024.9639199975677,3.448782413526027,37.93171029067183,-116.64080229449485,NEAR BAY,5.0
6.9921147431068675,23,7.1189180304334565,1.6874569827881507,1070.369198845378,3.0257294244953385,38.653215434572985,-121.64159608316301,INLAND,4.32274759751666
6.751053888646935,16,4.238827641227366,1.0452995206962743,1468.8997914281697,2.1186117599745016,39.12256705245876,-121.6165544929039,NEAR OCEAN,3.2573575914646686
6.8512290629570085,26,6.845197783769094,1.6562886867243964,1837.5336132437496,3.46754540165788,40.84998398411827,-120.40918665027213,INLAND,3.59079621090013
9.860926946034127,51,2.2359074933939973,1.0,1588.906895812762,2.171944214912571,37.13690306030215,-117.28040651002283,INLAND,4.393531887948084
1.356578704596857,28,4.118292531462677,1.0,286.2058355290648,3.2028872424094503,35.85504899820328,-114.73985106520144,INLAND,1.5381992934649806
7.486820370699154,33,6.678848647502277,1.0,1091.247917088193,2.3051846218426615,39.098269417851554,-116.31583222384086,INLAND,4.35231415877042
3.7941855429764817,27,3.5962189146931864,1.0,1032.7980008892469,2.570057187704693,36.79228335678385,-120.45793869627542,NEAR BAY,2.363922404176925
3.2155727809972934,2,7.3501338355725645,1.8842647828843853,609.4183524580232,2.5231964516732255,32.57859005953398,-119.73725571157563,INLAND,2.3856920513199262
5.1420425626529545,9,7.277558468954781,1.1824824473507323,578.0315989866251,2.587741461007761,34.57842639183523,-118.87448767111854,NEAR OCEAN,2.842875796512472
5.270019567439455,51,6.2468221749121975,1.4683542825495086,2733.847381070619,2.708515018483174,38.07700026540622,-123.27487413240569,NEAR OCEAN,3.2064339406278775
2.489940446425725,31,6.009582076464285,1.442189932010319,1445.7924995575083,1.8435793011550903,39.361219992434194,-119.03267987338859,NEAR OCEAN,1.5863470979143637
3.207571354787704,8,5.117370874388527,1.0,936.0582768642581,3.4296159403216113,37.53029026750832,-119.28212899621623,INLAND,1.9310494042699142
2.8987423111873705,39,5.830853784386115,1.0,1651.7531499936126,2.7534960416687215,33.47392488603197,-118.00545018494407,<1H OCEAN,1.5325541964187583
3.7498542995190633,15,7.256809608702861,1.2608036676560823,2935.006924918388,2.6296741587475285,38.75279474806851,-115.66584313843528,NEAR BAY,1.8111766527184292
6.870088244618028,38,7.481279900029623,1.5031304989492067,1867.3834595185742,2.142253673309301,36.34584868822389,-114.72517846392627,INLAND,3.425788555028166
4.6131968190737735,48,5.69055820270487,1.0117689461874009,3219.9521209963873,2.2641190090632306,34.66413232846752,-115.13756307468795,INLAND,2.5061695396796457
6.229969710544516,34,3.2453385700307447,1.0,1582.948867113006,3.4398310016055555,36.04955373742124,-118.54846178561569,INLAND,2.798669692427025
3.8332213127268755,44,5.028517708541547,1.0,2082.551094738348,1.9176311120710179,38.99864795669038,-114.57166159769905,INLAND,2.9758005929173112
10.113489093954895,21,5.956857727142088,1.26206349612484,1151.1410347894898,3.1150665521881136,37.891510304625974,-114.17868008201509,<1H OCEAN,5.0
4.4578288237324015,46,6.876813196121014,1.3454154474445326,2917.039328277237,3.459799449587823,35.3246319848653,-122.92452248716569,INLAND,2.651041921112447
8.190254544109091,28,6.246676852383509,1.6483568768546475,4006.994763873033,2.780028030506512,40.672346405247396,-122.65823576334466,NEAR OCEAN,4.18093512867644
5.631606820914178,45,7.714122887334833,1.0915705746801037,1513.6960321194454,2.851055038282477,40.29352769297016,-117.91797276373451,NEAR BAY,3.4882267807496
3.858270882670332,41,4.360334540744998,1.0,580.6108614963398,2.749123373691581,32.90284045605083,-116.01696729226134,NEAR BAY,2.7294902712788467
14.518139051480635,49,4.367390552718253,1.0,1451.3149783054062,2.574100729143745,39.923251190646305,-117.86897566616145,NEAR OCEAN,5.0
9.54712348928801,8,7.211720589226834,1.4507050210991015,1261.9886898503228,2.4693549702557096,37.89649328975282,-119.11775915390149,INLAND,4.656743347256386
4.971528753221112,26,3.96253365078611,1.0,2075.239492754837,2.3798835948488497,33.116745950299055,-117.75800091424826,INLAND,2.3771761985146167
8.285683416670851,25,3.7550629969424607,1.0,1064.3227962757528,1.8108756311278158,36.91450734837915,-120.97752527700115,NEAR OCEAN,3.6094451695611913
5.435594187257144,22,5.614080004142407,1.0,1432.3924679762454,1.9918165766531535,32.5355447050836,-116.99364413813923,INLAND,2.577081707082356
4.84243021087636,24,6.7975189933958475,1.0430229317741255,1976.6239546413517,3.1362561225922336,41.69249975053549,-114.71538427757632,NEAR OCEAN,2.9926611025428844
3.9916698186532917,19,5.890995278775294,1.1571443389729212,874.9831664655642,3.1334511189417107,39.3469220139433,-114.71732951902452,INLAND,2.5247855502913397
5.446644304689987,33,1.0544227429014503,1.0,1646.649283995254,2.1708442258140423,40.88729674136853,-115.83295793374684,INLAND,2.809819458919359
6.301815986258695,23,5.269573408689478,1.0,1560.709622865986,2.937092052108382,37.40023053753398,-118.0233640819521,NEAR OCEAN,2.845283867005654
6.028242328364439,37,4.24626400704288,1.0,317.13379555092126,3.1646451373327564,41.17453355515354,-120.19136948174285,NEAR BAY,3.661747069349921
7.109016924674718,4,7.537996872801068,1.4489833171608446,1222.8368687248255,2.3018944566804422,34.57431872129147,-118.93990983449105,NEAR OCEAN,3.6532797146895466
5.416884840305871,12,2.890114639641883,1.0,513.9396909270307,3.2439907771762604,38.45519582963645,-121.30902039976067,<1H OCEAN,2.5320598666922227
3.045848042974049,44,6.478460552396261,1.4724487471768155,3294.2268092469303,2.144834115583278,33.590607207695605,-118.34430984239816,NEAR OCEAN,1.5270282058191758
6.552954659697226,10,5.532112763441413,1.0,905.55670932608,2.673678497357083,40.94606604108641,-114.75433804252667,<1H OCEAN,2.899567438843106
3.934795776637828,38,5.954226026757458,1.0,993.6190382007564,2.109195247660783,33.38598112428921,-118.10682947623455,INLAND,1.8899168504065431
2.5756784842007594,8,6.860197113071271,1.3949309858330181,2248.3216230052917,1.9318945887520322,37.969018537573625,-118.95391275969595,NEAR BAY,1.6249056933148796
4.871684827625394,25,5.153964924406184,1.1479624740756003,282.0738305241167,1.834105837947308,37.80482402014091,-118.90902385326038,<1H OCEAN,2.4366474139033514
4.25580913260165,33,5.667880489051184,1.0,622.3530476358052,2.206595414559677,34.098923588664285,-123.5508440052688,INLAND,2.6764802041709066
3.684339922100772,37,8.459785802169263,1.0878578265107812,3068.1417381080864,2.6465430958302245,37.695371497533706,-117.79196454853187,INLAND,2.602696055679469
2.9886712591906757,31,7.206924434801953,1.8326581900508465,1284.7189253602066,3.133090138382749,36.46999557795581,-118.86855310700541,NEAR BAY,2.4506587125869825
6.096326187459079,43,7.084727663219106,1.8654571551663954,511.47514064672157,2.032244066326352,32.90359600526457,-116.74009602357735,INLAND,3.132291481772574
3.9910154307309527,10,7.029764164697358,1.6351966012296433,806.9341309116537,3.061502809274964,39.4979470955082,-121.5093126341936,NEAR OCEAN,2.1670527144175487
3.5192435948804714,8,8.734328407821959,2.1468263662406852,555.9708405876169,1.9908596700908512,35.66361822400894,-119.7728306620451,INLAND,2.6371558263359915
6.405098604197308,31,6.490681744113517,1.8160407706077153,862.234304040147,2.320689728553053,34.03006823963291,-116.06008404343622,NEAR OCEAN,2.863575176935691
4.881169543267969,31,5.715870327422435,1.0,1038.3546400927817,2.793498320303925,33.32308157867259,-119.50386143462366,INLAND,1.9196971548461195
6.290699246168768,40,6.583973421718503,1.0003749631100218,4158.799590159299,2.3653662178873494,39.036096125042796,-114.60186038060148,<1H OCEAN,2.8732863895641687
4.980544966189402,17,4.55900202442879,1.0100465857156973,655.8856831100449,2.4074951251849077,36.4861892724262,-118.74129268225,INLAND,2.699521067758065
6.264425885208871,8,6.944151934396112,1.9309695567670315,539.0972034024245,3.3901497438458303,41.634406941198,-117.43065963838302,<1H OCEAN,3.349838887764604
2.765258176474522,15,7.250616469473272,1.5396153775894654,1101.489374425987,2.541388284011486,41.58391488673486,-122.94749187019346,NEAR OCEAN,1.369693634040548
10.243290440643934,11,4.944143194449351,1.335048218665154,1358.286923081542,2.6790601255267665,34.33816981930514,-119.75541947082331,INLAND,5.0
2.4525063403346463,24,5.28587255448396,1.4413414068740467,1067.9305163446222,3.0246811034060097,33.44576830164486,-121.16268973852378,<1H OCEAN,1.736958604218714
7.824552957482527,12,6.102649196455536,1.5588335747510298,1278.6507856958126,2.237517104461846,37.252898928041624,-122.89911699225883,INLAND,4.894574866010044
5.056170201369114,7,4.429687604709483,1.0,3812.2750122739785,3.495989979953743,34.25717056450021,-116.07382885055898,INLAND,3.056845698047994
14.22207256017325,34,3.7478910823406846,1.0,647.5663671965906,1.8621024260667725,36.821386865907016,-115.40081788605376,<1H OCEAN,5.0
5.468524443487281,6,5.098066514232903,1.1605886079056709,1169.2752992248516,1.819877058068375,33.668828053769154,-115.63147770235446,INLAND,3.176098452491823
7.253916997678117,46,5.63078762790127,1.1198915609739164,3338.400052701823,2.208538934098042,36.72469720576092,-120.83304470612964,NEAR BAY,4.825079077728837
2.108287631283125,33,6.63752692687659,1.0,4101.626305432818,3.059038439900723,33.62556238012959,-123.22501615890376,NEAR OCEAN,1.137806257223621
9.376308947117352,3,6.4509714752322935,1.0,1668.5174017098748,2.9475072067852066,41.89244253696769,-118.3418850637427,NEAR OCEAN,4.230201321200626
6.616584330085576,8,5.4302557242233345,1.0,413.09022033539895,2.135804475425427,33.80771432722546,-114.76518530234391,INLAND,3.8128843632793727
2.4024859590115017,44,6.4838439753468355,1.3536733869180446,2233.396290418282,2.6437210356603815,33.93175779544934,-119.05856468151532,INLAND,1.5143943925838643
3.970439804784857,48,4.615409646593865,1.0,2320.9685312608062,2.342074108743315,33.99647611880481,-116.92681154031054,<1H OCEAN,1.7646933473605515
4.669886195443537,22,2.9439156816106506,1.0,1688.710378266828,2.460901498171036,35.91498854600532,-116.64601113603314,INLAND,2.284276229194759
8.78028537078732,47,5.162328049917508,1.2326117602451256,1018.7542304320043,2.717049700278565,34.12242665374725,-119.15140111440735,NEAR OCEAN,4.0543328654614035
4.752561736413577,43,5.927065455416559,1.302060061567693,841.0089081014569,2.908692544292715,36.74181440778363,-117.3432712081987,NEAR BAY,2.4717297655971544
3.0092589797959564,34,4.519138139980935,1.0,2455.8462192099173,2.4614076995044814,36.422795292366516,-115.77099861239084,NEAR OCEAN,1.9265346408333128
4.37919291490506,43,3.0156999953372834,1.0,1763.5475476623822,3.153600186539249,39.66090129420434,-122.71616542518275,NEAR OCEAN,1.9896163019115352
6.88043902124685,46,4.032722099213702,1.0,2757.0512418900744,1.91775359150842,39.207415982635254,-121.13065493207296,NEAR BAY,3.1174872052524023
5.12083351810861,33,3.45558600548217,1.0,1132.844104598478,3.0184867576222034,41.128130257795064,-118.06863186392812,INLAND,2.5851175668180515
7.240089903735146,13,3.1827699004134997,1.0,1831.2788207645256,2.7901796533521996,41.34372112036538,-118.58342059005878,INLAND,3.359467321130043
1.796320743379378,13,5.601337362818391,1.4980626873798488,680.213088120932,2.998543662584768,35.15274474949987,-119.68427915801396,NEAR OCEAN,1.3948377923916875
12.24659866034258,14,7.526010857570043,1.6053167160004103,3693.1212553743167,3.288869393340973,34.66573413312881,-120.3271777047449,INLAND,5.0
5.315661346731529,2,5.574688014763847,1.1270983339613134,4312.154202743299,2.9048006628311285,40.24161429416216,-116.39229676813427,<1H OCEAN,2.598008646056463
6.22157386739147,38,7.505952998103359,1.1100375095065214,1325.7966950619536,2.312458326805647,35.79302910694136,-116.88236856391626,INLAND,3.8284505481098536
7.953292449879086,9,1.0728497625854772,1.0,418.84387541887855,2.235888571905744,40.374904392892006,-121.73156997741008,<1H OCEAN,3.266273420886438
9.525522911089121,27,5.8404374288595955,1.4817945006683466,2974.524391583918,2.351446711968948,41.7634272547909,-115.14424910916561,INLAND,5.0
9.056857417075312,17,6.462572254253376,1.1256035022710325,5171.936973935884,2.005298351264499,36.69214933366965,-114.29091546350894,<1H OCEAN,4.557746401192319
3.7803044522749825,42,4.207067149146248,1.1154306057957923,1079.7746259623962,3.22417396387754,40.7936502807874,-118.98026173820975,NEAR BAY,2.626359699600702
2.545171731667002,40,3.9994883747967673,1.0,1071.4139151649888,2.057866230615708,36.35073091734095,-116.50913861485209,NEAR BAY,1.7146305098409877
6.778458783198354,23,4.902104486378415,1.0,1074.0120392980928,2.031090415751503,37.28261250343199,-116.98580176639094,NEAR BAY,3.796591253836633
9.26886579544975,37,7.023066497074087,1.0,1116.7128235245882,1.9838786578569783,40.00195922673448,-123.0866692474231,NEAR OCEAN,4.852153269998254
6.792858028775262,5,3.503640914524752,1.0,2759.484279352826,2.572430259055009,40.544929027275536,-116.02799533241067,INLAND,3.8092033547648625
2.1211775105001665,27,4.108393818434752,1.1414677787479777,1866.2829346317092,3.3443811338163654,32.57410950260048,-121.64828878860587,INLAND,1.3884814423248237
13.67186318169982,7,3.277444611737746,1.0,668.5558731938185,1.9137866610185887,33.10983216700068,-122.16129285904177,INLAND,5.0
4.295117937600317,2,6.530015189019314,1.2911553249374519,1120.8809533327321,3.488815726496153,39.24186311150457,-123.84548149892949,NEAR OCEAN,2.5260367938469166
8.002690524892348,15,4.310250593424196,1.0,1629.6813940718748,3.2992429756118318,36.259730039273435,-121.25058622664106,NEAR BAY,4.563330344830299
2.307709136016829,6,5.335317855899728,1.0463109720784491,888.277653480212,2.6453990795429743,38.51266603790226,-120.47487889096094,NEAR BAY,2.119116436878661
10.215169525186228,16,6.312601462650793,1.0,1782.2571516397036,2.977430805716542,35.92028182763168,-120.1026361064725,<1H OCEAN,4.955182220852025
8.536170435589733,48,4.65673183325792,1.0,1451.49072432447,2.0208882724959087,41.193578922644,-118.90678239342972,NEAR OCEAN,3.99685844060234
4.485749670486204,41,3.0088676466043607,1.0,2768.2853442471787,3.022795959589253,37.78828000429716,-119.0618264762717,NEAR BAY,2.081919883611892
9.726799744983133,37,6.360659373473375,1.0,2184.952397687204,3.2313288874467645,36.79063673201614,-120.15012169875024,INLAND,5.0
5.917098814054779,27,6.485714772282808,1.7627933885940796,999.4989068953815,1.8351369208445536,40.947743927180184,-117.85577520259028,NEAR OCEAN,3.4470553837097206
7.944544007818879,47,8.228409080519617,1.9515765450912572,1377.1629133139154,2.9028412596127127,33.212334477780715,-115.55081916043035,INLAND,4.745161922775534
5.177192270624914,36,6.028503206326618,1.5918093942825697,814.0485851751109,1.9589830432160669,39.04036005754181,-123.42949879393892,<1H OCEAN,2.590123930951948
3.9639782242166666,28,5.626608060034403,1.0,5123.367329317446,2.0086249751643765,34.81332484357358,-119.13736263477081,NEAR OCEAN,2.2590189675793915
12.338849667175198,10,5.9732928582547995,1.2146211868568872,2083.2458471460027,2.1246456283542585,34.4246268352751,-123.79773814884334,NEAR OCEAN,5.0
6.758589470945564,3,5.192173935478923,1.0,541.3543525493434,2.0260381038746824,36.899959721109084,-119.09749334315929,NEAR BAY,3.5179290858121917
2.925148346531842,47,5.445723695789113,1.0,1149.1190294011176,3.1896161669955454,40.51453689312943,-123.48107724467233,INLAND,1.7266769242847595
5.844254495871464,40,4.483300573718898,1.0,465.518957145112,1.841126132483315,36.50877418628014,-121.407149914342,NEAR OCEAN,2.585087392691393
7.486013630762015,5,5.95252454397958,1.6466731596095214,1015.8151870646423,1.87630973684838,32.88002586863915,-120.97456864277997,INLAND,4.094635800873409
9.01384725583464,51,5.984077121494139,1.0844671979849299,1407.8523731734779,3.036764289540637,37.10066853553798,-119.95087584894661,NEAR OCEAN,4.866893923356741
14.331205986797203,30,5.220961693707158,1.0,2345.340904269841,2.1366329889205447,36.1332721097902,-114.0943736991481,NEAR BAY,5.0
7.237783958465949,27,3.8998450138249745,1.0,2572.1027060455303,3.3947312068329643,38.21863052127271,-116.5585382318805,NEAR BAY,3.7963448531526467
3.9389189867487464,18,2.978981993251947,1.0,549.8555719853273,2.3589896061431093,36.87436838623276,-115.46949081939964,<1H OCEAN,2.314029837322235
4.96141138849731,5,4.59372037635813,1.0,1501.4555741898946,3.328011770272857,35.896851107406995,-114.87297261185239,<1H OCEAN,2.453184981510404
9.843946591772589,38,4.416218274245601,1.0,1649.7535997871285,2.4624944366362835,41.27316102328701,-121.09062190800411,NEAR BAY,4.53421112990913
3.999000727974549,33,4.82792286626573,1.2143263222068794,1416.1271695295789,1.853559630761462,38.49188236037723,-123.28775515661884,INLAND,2.069015151272492
6.004230852521997,10,4.717429914524344,1.0,503.7900832709704,3.478182572381439,39.18383140699706,-121.57576465807132,INLAND,2.87054062411514
4.405222141243347,39,8.416680674222317,1.89980180569193,788.8728094180528,3.3686411556060474,34.83180106748429,-114.5422266590619,INLAND,3.490884683703712
4.749872976995619,31,4.837244187596374,1.0,1187.0163404333186,2.4345933623524347,37.207586089298864,-116.68830361456986,INLAND,2.791716130633798
4.936522914685909,43,3.232936151331752,1.0,2215.012582491958,2.102367146277633,34.88672345762223,-117.97704517451528,NEAR OCEAN,2.4691683006404492
6.063944038268563,43,5.530167066402535,1.397074527796933,731.9711378795596,2.7270825911432826,37.72627681468658,-114.2533488783287,INLAND,3.575123978095135
5.14383445702115,39,4.851964069101348,1.0,932.799681793026,3.164346597277751,33.515609655258665,-119.6769349985822,NEAR OCEAN,2.931257643828076
2.6480914433969707,33,8.659912191232925,2.066971508960001,1128.1658981379985,2.389242953661275,41.43788567523503,-115.94476546315694,INLAND,1.9122757004962871
9.511772616575943,50,6.005740708822567,1.50716709835995,462.7741836065408,2.6408658531120652,33.789072107264424,-118.76906622033914,NEAR OCEAN,4.712101306423732
9.021421800377992,15,7.024412225881196,1.934385285781617,1035.9681815631884,2.4145317507867476,35.491427839662876,-115.65380144760313,NEAR BAY,4.578913825858121
6.011092314680456,20,5.5509346033814575,1.0,1713.837117296944,2.595351041529523,33.84485487835386,-115.39524183106735,NEAR BAY,3.519949709690855
9.622339806570603,47,5.826467127851561,1.4750658254291207,709.5351643643921,3.269078050618065,35.33943777038995,-122.87716890756394,INLAND,5.0
7.6456780714771035,38,4.592663938972159,1.0,977.0493761603014,1.8863529065637208,33.379962640842514,-119.74839605282455,INLAND,3.3433731951839727
7.835156179862687,39,5.414922592190921,1.0,911.4358439088277,1.8533785814177879,41.14613858840809,-120.43612837305463,NEAR OCEAN,4.122724833880107
6.339964494405642,37,3.964924314278765,1.0,2025.6897538691205,2.9448256492179903,35.78217844053343,-117.4872590308125,INLAND,3.3018595585102024
7.702786298673996,16,4.754157330920141,1.0,453.9315755920916,2.9974552847902696,37.69561212179495,-119.98469264439379,<1H OCEAN,3.5705232152479396
3.449418676470006,20,6.035949897351854,1.3753046569003762,928.6971468818725,2.3369069379396294,38.101865571562925,-116.3729561175072,NEAR OCEAN,2.032702032842454
4.730927008344606,2,6.155068805508211,1.5098561213991044,3593.7981046103596,2.677071674717732,34.36726648446353,-120.16511829883628,INLAND,2.079378054180753
2.8423832660714785,46,5.871870022746628,1.5237577985439454,2765.5760115725393,2.3606095746208466,41.797283539993416,-120.3596755210856,INLAND,1.798620896752708
3.2136418743572928,18,4.461034726460603,1.0,2638.471173352748,1.86113535093815,40.95897694224335,-121.36358956640532,NEAR OCEAN,1.9463582476074992
9.617772733666333,13,9.268114190400892,1.270931097899212,3240.842491786191,3.3762906213717234,34.44003043980651,-119.20700971746413,NEAR OCEAN,5.0
6.618499588285304,30,5.34170703701665,1.1166659648772035,712.634724545433,2.183636340713916,41.50858259258554,-117.73857059850052,NEAR BAY,3.7976214156480967
4.383769335342485,35,5.912855486089454,1.3423759883496913,3056.745238416961,2.8405560966952805,41.56181896686495,-117.72015852082127,<1H OCEAN,2.794462607552688
3.548512801028665,25,7.6466263515939215,1.8256564373228035,342.1813101598857,2.1488872820553317,38.13403924201333,-119.1734596807149,INLAND,1.9732103743833045
2.942882896982036,21,3.916854285622297,1.0,931.1428528923585,1.8441482558234261,33.29562408628176,-115.22537495814032,NEAR OCEAN,1.8829061446255424
3.1747492017120598,13,5.195927423244732,1.2019226954683921,2008.4166970774754,3.2441931730108706,32.77966521175758,-121.6381472944085,NEAR BAY,1.955004222726585
4.138500246815138,15,8.620616525535464,1.8068828733584004,1515.4244959147056,2.2269711308026396,37.72563073291226,-120.84321793434407,NEAR OCEAN,2.2570725763352235
1.5251905600995048,47,6.277654285312633,1.0,1545.488083123177,3.343111999250886,37.91244774933282,-119.17988396960841,NEAR OCEAN,0.9897336507714009
8.218450565103801,6,6.851282588102066,1.0943172989867318,712.4885386856672,2.3577178638780456,40.95047153691428,-119.50063957712321,INLAND,3.846199009675522
6.300728988613283,29,4.866334896161301,1.341294283571236,212.59415707530482,1.874676735630728,39.36407625084463,-117.9595778928005,NEAR BAY,3.5922104864840683
6.60665261002812,1,4.802978907560065,1.1807729638146292,1713.8092129890492,3.303684740631174,36.265573021393216,-121.89514157790927,INLAND,2.9513084195230723
7.28570772337284,26,3.6691060286011554,1.0,2573.666354025161,2.6758734797749093,39.53703063282177,-121.59073082870539,NEAR BAY,4.1024531532666355
5.392469638234553,12,8.90170858393042,1.2599543670952864,1431.733932750291,2.8968769290858223,39.42901214210055,-117.50686361998295,INLAND,3.261718128032274
6.031606927615878,47,4.736896088516119,1.140415637608381,1564.3975990111667,3.1709145059268726,36.037611849747265,-114.48869570166455,INLAND,3.2450597339633225
5.366919838492999,37,3.2058401949249284,1.0,1695.0988367605676,2.6299098197810933,37.42913697623939,-116.62704524005157,INLAND,2.576896963414116
10.52437162155335,47,7.500167038700583,1.0,769.4694540314383,2.259746536045101,38.4259375873728,-116.92377145384549,INLAND,4.600178753467988
3.6409384255537502,24,4.367704660926364,1.0,1204.7335321454302,3.2003667040785553,34.780490433457324,-119.6816069508464,INLAND,1.8595082128433054
7.950640202883046,22,6.699122715927527,1.352600054544285,614.8845773479163,2.8079634724070797,34.900956591760135,-121.85993599714556,INLAND,4.1390074486748105
3.367026917786856,39,6.646079420191808,1.0189819610595292,2591.7993061427633,2.9756746441668485,37.23579054822602,-117.27592977530401,INLAND,1.8675709619524545
3.237358575332504,14,7.263009805757029,1.9385578085956936,294.5097272362826,2.2695513253163795,40.69067691625138,-116.16594068117301,<1H OCEAN,2.324394924825773
2.815520907569815,50,3.128675255417738,1.0,1115.986554834749,3.2845804181412097,39.238468491670666,-121.15550997294515,INLAND,1.3948619963141493
2.295783562491797,29,6.139151268051512,1.0,4111.498869053326,2.6457404364936714,34.446825857652634,-123.1882373346365,INLAND,1.6874125045907982
6.129853599255414,8,3.6537424627353983,1.0197376139643834,1808.7644888536263,2.960238977285452,32.889568751339766,-114.38760666792835,<1H OCEAN,2.777895410968018
3.4371104754107913,29,5.6002049628355355,1.0,634.7224404779147,2.70989880727742,41.39526787698949,-114.90735538507803,INLAND,2.315085717729686
6.329981967952749,18,6.9586665618625405,1.1178176800769086,1757.8649237456364,1.9193522739606845,35.5534812784786,-115.06575679188,INLAND,3.8185340794664473
11.415349667720252,43,2.5875324073437387,1.0,2245.0541341073636,2.557786752377692,37.33472687068542,-120.34049322624632,NEAR OCEAN,5.0
4.448374335817634,11,4.752571443538148,1.066673494777228,1482.691348999493,3.138524964859089,32.87227446269704,-119.33152395956243,INLAND,2.7045528266864367
6.450338134920814,35,3.8915288769133918,1.0,1931.017972806098,3.2881799062976484,36.28223524271042,-121.62951645450161,NEAR BAY,3.5369876082057816
8.703923634957292,30,5.774444248468906,1.1023372646199414,598.7915100321843,3.335766340980635,34.977255296941685,-117.05237139381407,<1H OCEAN,4.037224392588156
6.233338430341778,7,3.6004735823121212,1.0,849.037755504159,2.4162850227437933,41.68814545046981,-114.360941088675,INLAND,3.142748366273499
5.788445760419474,40,6.660783066050016,1.3618924557832788,1658.1532627703152,2.192323993718753,35.773799256803215,-122.68475609001321,NEAR BAY,3.5334083551070443
2.566758290390537,6,5.078307830809414,1.0,1080.1813784724284,1.9742048453905063,34.10613591887595,-117.88033056308036,NEAR OCEAN,0.9526903355161183
5.777020261360812,11,5.408413649266876,1.053241797193895,1001.2680526086685,3.471579254139244,39.20453906887548,-119.14576740048481,INLAND,2.7801340728117903
7.205481099893837,17,5.890813885966708,1.5670190896187315,688.7269850222301,2.8743448772825015,36.154451759989136,-123.73607625545316,<1H OCEAN,3.8019906750497308
12.362842596510639,41,1.0,1.0,3307.1857060974908,2.5890824422212066,39.952153778811926,-120.48966768556834,NEAR BAY,5.0
4.642218388303433,10,3.6841481809499985,1.0,1422.496907244089,3.017576808954356,32.74431577772331,-115.50898938355327,INLAND,1.8120185827654338
9.488569081021108,2,7.9798492822943805,2.1379064173261884,2517.2293678276346,2.0901792841207207,36.109293061233075,-121.33153594096288,NEAR BAY,5.0
4.140269063427898,8,3.4074178428667756,1.0,322.4518062838671,2.8175887058380282,32.684938093332896,-114.12141350340833,NEAR BAY,3.085418947034027
8.329323681270221,34,3.706723328695535,1.0,2455.580040352244,2.935579389758392,32.88432058773502,-116.06417883847885,INLAND,4.253181819951727
3.7637934760761316,29,4.887688515127936,1.0,638.6299194009362,2.190457396950732,35.554127503489575,-121.38321330870288,<1H OCEAN,2.028142892893824
5.790486629881801,44,6.827220212445208,1.0,1118.350361881776,2.393040624054473,33.73058510749888,-122.5806635190417,INLAND,2.9634751223358653
4.078487042769695,1,3.143014215327166,1.0,1512.0268568885722,1.8242248003227126,37.58286967532922,-121.7741393213641,NEAR BAY,2.6414022922609353
5.493277357741887,47,5.050646023382372,1.0734253344291047,4834.742913317773,3.2889701329818006,41.824398274466645,-116.01456434584846,INLAND,2.6611400564134944
5.486066839628666,36,7.575894086814746,1.6138698642231764,4351.61274779325,2.4454726728504506,41.090220094091926,-121.55128867726232,NEAR OCEAN,3.524151635377983
5.706971439600819,19,6.039791355013573,1.2532144682037778,1278.477050046829,2.4236839853427385,37.20685804956735,-120.88319556162074,INLAND,3.179913417931052
3.828680568199054,28,3.8159152656292568,1.0,1759.701412112874,2.4560975343783586,36.67629725571888,-122.7563633366695,INLAND,2.2749593843687075
5.358155172526691,6,7.258951336263821,1.0,905.4848960951813,3.498881343484252,41.04661124285405,-116.99452088277317,NEAR BAY,3.4540649428597514
6.3871632331649835,32,4.934360566877228,1.0,1374.8908903201004,2.6977303873349587,38.41738090900099,-119.27904462508714,INLAND,3.0229028521709798
4.72491333519786,26,6.279308254469068,1.3663959893295905,1320.6764723092974,2.692640239164467,39.66523062630063,-116.60483774814746,NEAR BAY,3.292215114239616
3.7019929087325623,45,4.170703125974699,1.0,1651.1611132462497,2.676478702198298,37.62096632493004,-120.56198678516388,<1H OCEAN,2.1809229683400795
3.9059935712360745,24,7.180728488724663,1.0,930.2215408166728,2.0126503845412738,34.62172609722647,-115.1898048814728,INLAND,1.8873794008890736
8.549004197729374,43,4.939766596811967,1.0,1843.8554654090308,2.6763107750161548,35.772297635440786,-119.55979410502391,INLAND,3.8466685132469
5.4937689196729345,32,5.880042840911971,1.0,1699.4231876370472,2.09946169092952,41.41715911529823,-118.12984929178418,<1H OCEAN,2.165641330098328
10.262153724591595,47,2.394156211622468,1.0,667.0186758348019,2.6504854150587276,37.59467499286772,-119.21724560270069,NEAR BAY,5.0
4.907879102167977,30,8.04555788092318,1.6006613578381512,1248.385317992822,2.9157152484972957,35.788594321870605,-123.59873871013508,<1H OCEAN,2.784508541369908
5.118088334492555,2,7.722091386630314,1.483313994358279,948.488893999102,2.9961617874558746,32.58950936751539,-122.77173444077397,INLAND,3.247643562364105
6.96860733614776,11,3.491255107352627,1.0,5036.752500969474,2.2581380958518826,36.20588034762834,-120.01843945865632,NEAR OCEAN,3.9727355758998875
7.0218294503394425,2,8.10783422025527,1.0809385895536008,3077.6639671748317,1.8674000763034315,35.362377835373394,-123.82302938529587,INLAND,3.9792330121759276
9.992298050896233,3,3.2223962912759245,1.0,2539.050652805469,2.5558159848153785,36.45681688700289,-114.17101895592398,NEAR OCEAN,4.105580511013185
2.067795771930215,8,3.350672301313698,1.0,969.5381799518715,2.0178957531044674,37.11952366801732,-116.8852526560899,NEAR OCEAN,1.411043323110229
6.7801016060273485,50,5.146502472186201,1.232783596587726,4440.161231691449,2.079429982061942,38.57066640161609,-116.87574674906573,NEAR OCEAN,3.2488002086440306
3.3894638630189675,8,5.815035163432227,1.5149277449724914,1071.4219432193856,3.4038332688235498,41.22470825877735,-123.36924159113477,INLAND,2.0479576956854664
5.175809499025968,22,7.0111486627593,1.388366994963786,844.4149416978341,3.031858559848763,37.88896362311514,-116.58011012590329,INLAND,3.38179441228728
3.3191282219405536,50,5.348616941828919,1.428798732017493,5845.691820748083,1.8942227876745876,40.895908298573715,-120.46922133991558,NEAR BAY,1.8477518833861508
6.0235973932992595,30,3.6960339652152228,1.0,2067.37353519227,2.418822915843526,41.84089009260351,-117.49812287175959,INLAND,2.5038652135973005
3.3841582605100466,22,7.323438658013748,1.858985625517946,804.0494191282969,1.9054326750298174,32.89905531201769,-118.66460372029358,NEAR OCEAN,2.0940388360166757
2.324249288650747,2,5.205316104340468,1.0,1042.1116494189353,3.049704597567583,33.04261968864979,-120.06215783417468,NEAR BAY,1.1780710032717017
3.247592307373113,9,6.591250591327662,1.1109533804901472,2224.4355706372467,3.3530847997436894,41.31979252413002,-114.18864492909964,NEAR BAY,2.191490227813545
9.13084017278853,9,7.123701365900004,1.712149426200007,1101.5126199314172,3.4646709204606694,33.16431453888391,-115.95639036107951,NEAR BAY,4.943239049688856
7.3864818527296,33,4.554194752564078,1.0,1264.4792600957621,2.046642471961515,34.30359221523369,-119.78830147142183,NEAR BAY,3.3234902800101493
9.671909343093416,26,5.078168731053862,1.0654537764644554,3997.1516540639573,3.039904684887306,33.88325674880464,-115.12023121210055,INLAND,4.492622128780294
2.2620380013556414,33,6.610171566117865,1.6210444237203268,872.3403090424433,1.9641297806730553,37.81817639310513,-120.23827657649325,INLAND,1.8918028264034166
12.173841336138398,24,7.143314717428977,1.615717248026504,990.2403267083484,3.3379521953417606,37.37993982121532,-122.52526969900472,NEAR BAY,5.0
15.0,28,4.468252254307746,1.0,8252.937600469108,2.0146627818120995,33.566964056592525,-122.2466379618156,INLAND,5.0
3.4140728751285256,13,5.449956752360619,1.0,1828.135573177763,1.8240110444873494,38.36122406185756,-119.02316234997453,INLAND,2.356946669777794
6.471425510823226,2,3.1481420121976162,1.0,1860.6206893253916,2.1324737315815305,32.64580876555696,-121.6892736590158,NEAR BAY,3.4890824081390432
4.124263583028148,41,4.816903646780131,1.1390068790680137,3654.53871158174,2.02418201408401,40.564457854924406,-121.04449687995704,INLAND,1.6478932378364046
7.755595447849453,22,8.026382003515511,1.6790456511688294,1952.518437218663,2.0248015868910123,34.50629965565021,-119.30314789722165,<1H OCEAN,4.391385575530351
11.473489702002611,47,2.394631694794094,1.0,3175.1542859852034,3.0961552921057303,34.6147311998479,-123.31019171329358,<1H OCEAN,5.0
3.5166759256803415,12,8.592540915797912,1.1935479973130383,538.4105968674039,2.8982333756678,39.04518774289189,-118.50954140047119,INLAND,1.4491275180140901
3.0256380941408683,15,8.635916820458803,1.3027395827519632,1850.5868020389692,1.8445581524010364,37.6389713424191,-120.02596814563985,NEAR BAY,2.4080795788025124
4.865067310886907,21,3.4730168187117516,1.0,1208.056511253222,2.4607740660750523,38.79884506527655,-120.47668363504472,NEAR OCEAN,2.4131587448554708
15.0,36,3.718831184618545,1.0,1877.5290633977165,2.641524211933928,33.98213783267677,-122.26594866007343,<1H OCEAN,5.0
7.989572736488682,6,5.533766441857483,1.1494179175835892,321.6269613869624,2.4772719193108172,35.874129034102594,-114.60283445766453,INLAND,3.754592917643464
6.85395854420074,9,4.813903449243892,1.0,529.7658824879804,2.078938064138858,35.648063080557186,-123.35400087451046,<1H OCEAN,3.1755668288950663
8.690519841311177,9,7.306208439831172,1.6743941671286822,1304.4772045134832,3.0850998729756967,41.715232875968695,-116.22647350737245,INLAND,4.546522208123297
9.254775782674107,6,6.827478261378244,1.72157935538605,2186.947104498101,2.4405454210681157,39.769259268251226,-116.36047807732272,INLAND,4.597785111103098
6.364159373492956,19,5.375137982866922,1.4266450225015699,575.4610176691102,1.883115318450583,41.570200244143706,-116.38954485401653,NEAR OCEAN,3.196221376779257
5.34525234547604,10,3.268599752361081,1.0,940.362510054272,3.3355280953186472,38.120572730494686,-120.37557199146687,<1H OCEAN,2.317130967810654
4.219707653461972,38,5.05367038987252,1.0,1696.0639557695222,2.5528014989534236,39.047366297178186,-116.04074092615205,INLAND,1.861901029347711
6.04110163889537,8,9.838701398103298,2.28296060766095,1262.2412588863724,2.46305888680622,34.855161806113934,-118.109556189734,NEAR OCEAN,3.2426642564810093
9.160780091503518,1,5.90722616996827,1.3167962492097216,2633.455330666788,2.8546199830233503,33.573211494190126,-122.14400737061875,INLAND,4.840309799724143
8.916669089320603,25,7.968850375812972,1.6207408841665678,2821.0734604945387,2.2066044963925036,37.701332902382454,-118.26670268975305,INLAND,4.85934987474139
4.273913765037836,8,6.163882302001927,1.3188067608066205,677.5343786973384,2.533405905760283,39.366679713440305,-119.83623126973235,<1H OCEAN,1.8002562637348738
5.199957727887423,11,8.482051182532047,2.0575935782378214,1271.7169869782,2.6949727843453557,38.66243076201134,-117.6514550873091,INLAND,3.006493743999477
3.195192264653405,28,5.41854611902939,1.393192919179609,955.9691024319247,2.3668747383630864,41.19289291362945,-117.46346486485874,<1H OCEAN,1.6505199150592331
8.879478356388042,14,7.594192444799754,1.1866263105776573,3062.6515423520477,3.0964395792717374,35.979465101194926,-118.06272756830198,<1H OCEAN,5.0
6.9125686798525106,4,7.186454387758656,1.0,2413.2129933355286,1.8746159572849739,34.17866775785445,-117.35251189168767,INLAND,3.3970514907613705
4.838447014308856,12,5.680678181558826,1.0,732.2625410950379,2.576606860480599,33.90279174532176,-121.97742165774847,INLAND,2.2991029715111084
4.528646095036823,46,5.687648645189264,1.4064544730944002,3290.043048003386,2.4018349198223468,32.85908962932744,-117.62096056689231,NEAR BAY,2.4129939602666632
3.538302022197246,33,3.037013619174482,1.0,568.9384010188634,3.4979500972233915,37.74442225420965,-116.80131287691638,NEAR OCEAN,2.2792887504357364
5.680644002965221,19,4.89036930764906,1.090675286858209,996.2762305640136,3.2292361476149374,35.62581083893777,-115.34400845494206,INLAND,2.3146299731766513
10.731726928168435,48,9.77309977659272,2.354723222866112,663.6737763195036,3.256426883589661,36.66204449819316,-114.97021572939687,INLAND,5.0
3.8488895662130123,31,8.592176648187987,1.3110232329774234,1002.3062873349154,2.4950181665817084,36.29961367720532,-114.14822434112943,NEAR OCEAN,2.433798551436342
2.947294066614362,15,5.394551215758169,1.2359642539878268,314.0835757359786,2.0583371131556607,37.60229577713794,-118.81091992223568,<1H OCEAN,1.9219503872597452
5.775347791581996,7,4.093507426884171,1.0,1337.9471744965604,3.2183597861121394,36.539579032905706,-116.5489914697518,NEAR OCEAN,3.1064628221040365
9.3221754017687,13,7.646550919101763,1.593926546206244,439.62711128982215,2.8031122930581835,39.86376018730017,-114.91487979261757,INLAND,3.986324726444822
8.43172666882312,50,6.039328956614387,1.0,979.7430613882308,2.749757378016186,36.33564388649064,-114.31958648661018,NEAR BAY,4.253607051840053
9.464165821592156,7,6.357757655170868,1.009726609867076,2840.6707623443517,3.4641613913079508,41.81337182827424,-118.63013840309428,INLAND,4.905279642324607
4.3395197732453665,32,5.034493896360904,1.085106217040574,1488.3391876805367,2.1909928765713196,37.071423528496915,-119.92475720331849,INLAND,2.0491818913681668
8.161493383386901,51,8.089774238868051,2.2014095552316615,5719.302258825734,3.1415539580353538,35.05571754826658,-121.31119100211755,NEAR BAY,4.090716473771624
6.473896314621649,31,5.988996854797854,1.0833645128756633,2704.237360703253,1.8139999005388752,40.105628609460645,-117.22980689593601,INLAND,3.608941088926237
4.863880254173027,43,6.61277765354219,1.469042122300019,2658.402481954705,1.9143016759088225,35.75477217970256,-120.78798022524057,INLAND,3.1004538297648425
5.546196756386101,25,3.7556073770379905,1.0,937.5902126189529,3.325839621638364,36.89868175777612,-117.17186420133878,INLAND,2.596359519956388
7.91786160619072,19,4.218989856905085,1.0,1120.1504618301815,2.7166364779104106,35.08126920075545,-116.39210249081921,INLAND,3.7829703628197864
7.08175385973243,12,3.5929374236528755,1.0,1891.0690484424304,2.624059883151227,40.09707863242299,-116.11483427276738,NEAR OCEAN,3.12888049438416
7.009817811402193,2,6.299861920179934,1.4464211286466693,967.7529425274655,2.980273979872474,37.867369387989704,-117.3823411117563,INLAND,3.912661758612559
7.407426838618082,29,5.676725497084882,1.0,1352.359337025177,3.490660791126861,35.49254680873341,-121.0565227673284,<1H OCEAN,4.40982637637648
4.561150351776682,27,3.2646611676719686,1.0,2795.5532040223848,2.725801220779294,39.3945734267257,-123.8026393230732,INLAND,2.3169861207502853
3.015594941828479,43,6.064267272464528,1.5077113954054273,1469.663025945519,2.2469293134224486,34.3177201193196,-123.62190263534187,INLAND,1.7787290757080894
4.010706833136003,10,5.743448777384715,1.1218022552533142,522.5511323395202,2.604349272392648,36.17012922657172,-121.13409301905247,<1H OCEAN,2.223594809300522
8.145799454569746,14,2.343430236000318,1.0,2101.949923973163,2.0844884254009286,35.542631516966544,-122.79468299344977,NEAR OCEAN,3.8735704913511677
2.8833222293211334,1,4.284947320846603,1.0,1018.2983556567358,2.395913766784887,39.90474865692661,-121.93207772051576,NEAR BAY,1.0010210505184527
5.499524478494799,24,5.93058435652793,1.0,951.6277501844734,2.288072247904123,39.50833681076504,-122.71915119978061,INLAND,2.350495101478194
5.8561702195130145,21,3.753837564271839,1.0,6489.614775178349,2.8479758476105337,39.63462601531383,-123.49038951424129,NEAR OCEAN,3.3513738586421713
7.589567534097388,4,5.062332222659201,1.0,1477.159428781384,2.8394798069757865,33.06680919597131,-114.2771723943419,INLAND,4.44020492397681
3.085299033630953,34,4.233837697541811,1.0,5243.559907106234,3.13367637877656,38.65127380880238,-120.75124723332752,INLAND,1.5316005180714618
1.9865073382024667,12,2.8148508055374744,1.0,824.2493987364422,2.9810255717346474,34.72670026515998,-118.99487297907403,INLAND,0.829466952532947
4.234897810141324,41,1.899465458966322,1.0,868.2032490268059,3.266016854957369,41.653844730512176,-120.73579774799857,INLAND,2.453621743571027
7.046354358337617,34,3.493766115175565,1.0,985.2673696530051,1.8399967335815677,37.61849516560393,-120.03005190793637,NEAR OCEAN,3.766718832883619
10.230435560663945,14,8.87673841471877,1.8656968013285198,1256.8473585786592,2.5709234633279916,40.95439476542253,-123.80812980896154,INLAND,5.0
4.051151994907962,10,3.3910517063263828,1.0,1102.894486525776,1.9649320202232823,38.03204246644866,-115.04286126843323,INLAND,1.649583447330461
3.75250341745298,25,5.201878285075559,1.1170778740438114,704.0552866470279,2.125544711226289,35.4653105520156,-120.31278094931537,INLAND,1.543420789416738
6.113386577600668,43,5.383342936716363,1.3651024674529646,2473.4006926793377,2.8424077358383233,41.05869879982644,-117.21530237486627,NEAR BAY,2.8873847293616857
13.992854989405455,38,8.79423091444755,1.2822227656456255,1430.7074524948393,3.2207063150876487,37.0193215083729,-119.76978251878036,INLAND,5.0
6.740117873483286,14,1.9743456235316308,1.0,2321.8909806019246,2.311157627774108,32.55257084933165,-119.49577141268256,<1H OCEAN,2.9808684130979026
6.967445136593414,51,4.26996857846458,1.0,1654.6574653607995,1.8613528327657842,36.13191697029455,-119.33472841615195,NEAR OCEAN,3.5872412568226157
13.213542615657847,8,5.983102215746439,1.1986755631196102,7074.181309525894,2.288333051164435,41.52699045342175,-122.90352940513883,<1H OCEAN,5.0
8.329614911864196,47,5.2748827017097275,1.0,1479.4996801277691,2.141639902414064,32.78253942786583,-117.66003376790621,INLAND,3.727423036720649
5.9015126399573745,9,4.756427999100194,1.0,2541.662388574451,2.5658596757103758,34.04792289010115,-119.20262229052389,NEAR BAY,3.54870054959019
3.304716615183993,16,6.415777461332981,1.0,3121.460970598969,1.8487436594684805,33.71797073631662,-120.16324204687584,INLAND,2.3616391956219154
5.656481734124309,29,1.8761712599180567,1.0,630.2572073594207,2.1562298350077618,38.31139456592657,-115.920338450754,NEAR OCEAN,3.625731159185969
7.578638403474929,22,4.964619905689891,1.0852789652296888,679.0559444774476,2.4065476790842415,40.156747821061224,-121.75653098599906,INLAND,3.86092977189058
3.4259008957604435,5,4.488402245605142,1.0,704.0917711393167,2.94936062114089,32.5747570972704,-121.73357995580731,NEAR OCEAN,1.8917348710946436
8.334273357625856,48,6.959994914689258,1.0,1059.3638678845753,1.8961174578504119,40.35413735462897,-114.82316977776651,NEAR BAY,4.464061879376301
5.206113576077128,23,1.847105679843116,1.0,1105.0548885031055,1.925324999156779,33.85484027941437,-123.10098324104209,INLAND,2.5334473469175967
4.9770781186135435,29,5.072736753872548,1.0,1570.883049300698,1.929670395910055,35.987822734615186,-114.47236991497263,NEAR OCEAN,3.400527870561735
3.600568114389661,46,5.14570881269865,1.0,3799.7417751374905,2.2936554444197395,39.52812242169051,-117.10650218823194,<1H OCEAN,2.2776311532008515
6.411421860969701,1,4.700382809244991,1.0,476.8147943288611,1.8283438414292188,41.34510273873831,-116.58442043778341,INLAND,3.3253040287903888
7.443527033283962,25,4.42007152760657,1.0,493.7866998515578,3.4987127892702294,41.66113992274478,-123.46571670036874,NEAR OCEAN,3.110195628728163
3.3811181613562393,37,5.186355992373222,1.4083345241870475,924.1989712262917,2.312270896437539,34.757405031841884,-114.15691034195733,<1H OCEAN,2.0653021489295424
6.9060862238546585,41,7.279128313037001,1.9609612426508247,714.2686418775854,2.300856706090405,41.9086764594902,-119.5175397497257,INLAND,3.3154065896311558
8.191275540268595,24,6.515488096270527,1.3794570207159038,505.35591074423496,2.7527286928730046,40.20865039106339,-123.36618259852997,NEAR OCEAN,4.6756538343975524
7.993762680503162,31,4.1860471364861125,1.0,1080.2388592864631,2.642188868325329,37.176668808292696,-118.25488786993388,NEAR BAY,4.072802433146921
6.07032291812977,39,4.173526045663451,1.0,1563.9414283619656,3.0086081874915993,38.49235030832081,-120.27372922516932,NEAR OCEAN,2.406550995275939
4.734712703114253,11,3.5452426841665776,1.0,1280.4537285073966,2.573055893867287,38.41360783483043,-117.08698760214672,NEAR BAY,2.1718084809183784
4.862068084131704,47,7.111288350202464,1.104590848612177,934.9490876641953,2.02974026215115,40.946669947743914,-121.96529680172485,NEAR BAY,2.7554592233051247
2.924203171943431,36,4.3754870678859925,1.0,1353.7462096881195,2.7315036566546147,36.273258322437634,-123.86209576942116,INLAND,1.6227949440029625
4.124358509249734,19,3.2973358372648276,1.0,437.52455110108997,3.330825057606522,40.55025894426782,-123.38151566154218,NEAR OCEAN,2.0125016438314
4.798935259651012,8,5.528915530661557,1.3147072344654356,2123.3317779407275,1.8072741771993246,39.973878302644884,-120.00675135582989,INLAND,2.426085944670635
3.804660900001628,24,5.842535555114476,1.0,1345.1851326133876,1.922508716159983,33.900592381641914,-121.98895667399565,<1H OCEAN,2.7624582611278825
5.846543354087754,25,4.884863802736896,1.0,1699.9358388299386,3.438516303042737,37.0563156703742,-115.7086191742842,INLAND,2.8157608627648325
10.710697672795863,23,5.550327236241279,1.0,1408.827731400078,2.9489763685813957,40.405844227410356,-122.17571642441695,NEAR OCEAN,5.0
11.607422210298859,28,5.065840202564582,1.0,473.65727670057913,2.936724305911901,41.712701126958365,-122.68956533464227,INLAND,5.0
4.206807781025281,20,6.215395891643866,1.4923655297651426,1010.587694579736,1.8127191660935016,33.28740207745051,-121.38702105869879,INLAND,2.2321331838030583
12.08905363522615,31,5.812845673302528,1.2844896506584134,3291.685042257918,2.3758745536855113,41.76825941515773,-115.10824915750192,INLAND,5.0
9.106444209601218,25,4.2622939202679335,1.0,1989.6530476696646,2.728842952564218,40.81127399218905,-117.11518553844031,INLAND,4.065900552880664
4.00044521327083,45,6.452356990852138,1.028973999731613,1179.03490657602,2.0919130587759995,38.991930476682555,-121.6676529653109,<1H OCEAN,2.353369526793939
6.847560644882189,32,3.898284068524285,1.0887085562840235,2295.7206149642525,1.977599130053061,36.04126188229736,-119.78729512843671,INLAND,2.7172439911033037
5.418684662689106,32,3.5248109203129463,1.0,2617.982001095484,3.0394824728636705,40.957788043142344,-122.2106395121137,INLAND,2.366796022141042
2.165128401693353,1,5.635992953205422,1.0650132226451834,3331.8692789563024,2.110604205059105,35.07394178348736,-123.51192614819023,<1H OCEAN,1.230274254503985
3.0784567769033946,15,5.991888337427972,1.0,2266.2031048685067,3.312511278598968,33.52994090017716,-123.14137785700271,NEAR OCEAN,1.660294604455197
7.529215818732873,45,6.809746543133063,1.0831603857026988,3532.2075329253034,2.6714960936440164,32.552770095636944,-119.87417909051922,INLAND,3.895847258445097
2.7201759141692636,18,8.499375684467354,1.7474514363826807,1404.4664399857365,1.9970256401861302,36.365098139663125,-123.41221516177426,INLAND,1.5350687959392884
12.317642040949398,45,2.2368691415639277,1.0,2479.6530085360682,2.7563421180459873,38.24322205513406,-120.90952409657068,NEAR OCEAN,5.0
8.587999217831209,7,4.356930361953968,1.0,701.7808450134916,2.4202226063393995,34.601355348197046,-117.87660460354013,INLAND,4.331128226616946
7.44176366237567,10,5.566379248490113,1.4268054506301882,2258.5213407706183,3.2033166890278695,32.97927404444471,-117.66460972591649,<1H OCEAN,3.6621577804832475
2.714006077190337,3,8.228453627818531,1.2857951221540735,1539.3216782347838,3.2754546535245552,32.774550863743784,-122.11369444863517,NEAR OCEAN,1.8933827224571458
8.76345793636205,7,4.681850020018226,1.202203332037075,2006.9974690770878,2.0899810469338913,39.41528477894823,-115.30232606364933,NEAR OCEAN,4.143557437176138
8.433575664119095,4,2.564784087769187,1.0,3051.1281783945633,2.440653289754995,36.16853319992322,-122.66261072124477,<1H OCEAN,3.9195697901240822
8.207409554453958,37,3.4941542243126396,1.0,749.0311829647528,1.9971081061052856,38.531848497331424,-116.38319508219728,INLAND,3.828757027873788
8.3569383897445,34,5.011523079797047,1.0,3468.434542166949,2.726648109335759,35.526971916597155,-115.96479197275748,INLAND,5.0
12.001894604196787,49,6.018056281831793,1.2960663132013037,2098.5595843035794,3.072794759583588,33.95230376499623,-122.3410669623902,INLAND,5.0
3.9443580888473067,5,9.09717697505704,1.8000247857435512,1634.1498978295544,3.4076865467921538,33.311339086433335,-117.77987183243212,<1H OCEAN,2.1064989313067684
5.0083671926356805,8,4.239186442833125,1.0,618.617069283597,3.241753636617662,32.50989538380149,-115.25401487712779,NEAR BAY,2.7316874556472532
3.6801303236935894,31,6.259017205846023,1.6822470580182527,911.9129827508347,2.483208409003952,36.81051786317307,-121.96334453277832,INLAND,1.6872500254306866
7.778993098812256,42,7.117721747137786,1.0823572337155343,2487.3643638782964,3.082157129020068,33.50425444965414,-123.111654940788,<1H OCEAN,3.2384333391697315
4.910574386624861,33,4.372546297038568,1.0658885335214245,1351.6163964368197,3.1991877304744882,41.54435803188787,-121.84552248294165,NEAR OCEAN,2.566943797584714
2.999885298325716,49,8.182869203837036,1.7608820939850456,2898.3553150871558,2.7771268518192818,36.049824720792486,-115.88726046939892,NEAR BAY,2.579129056519155
5.662452407784893,37,4.352251849671329,1.2084827858203866,2311.925607749366,2.5606724488067085,40.916493057549864,-120.98508673178084,NEAR OCEAN,3.0436112544388174
2.218790942254094,42,3.5776696524526015,1.0,832.0219777370878,2.9527057724231414,33.264758769377146,-116.26933981978976,<1H OCEAN,1.3113179847329894
5.654858641211944,11,7.957666426288759,2.079121068902676,1323.5235715532347,2.113818347924848,33.60218572476021,-120.45530129007119,NEAR BAY,3.721940106222477
5.780267853066491,29,5.258972085320202,1.0,1265.6456742728958,2.30400278239162,37.21593607038954,-115.47335581925991,INLAND,2.8441482962365807
4.479256634443904,17,3.428401507294036,1.0,2422.2274121823957,1.855318690123966,40.175165048521755,-120.0715170325556,NEAR BAY,1.6446163595399048
8.60299153820979,48,4.588365314331549,1.044066800137757,1425.0149081813731,3.4428525352792976,39.57302778523081,-116.9012003249986,INLAND,4.392554021766177
2.4228627569313073,41,4.112837295371682,1.0,1307.7299670737411,2.381084474968139,34.6598140619233,-117.04561882221483,<1H OCEAN,1.2801014766057548
5.710943647403674,1,4.386019513341777,1.0,1815.6362057292404,2.2478793920815754,36.24678235607406,-123.71932897441592,INLAND,3.0704807829120933
5.9786058147482315,13,5.632434711631483,1.545709035321453,1144.0327366233028,3.103736516315424,38.17324067596191,-121.9405268788531,NEAR BAY,3.544143575186537
5.364997157817365,44,4.74050394890618,1.1225276460279952,2305.152765893612,1.8218634371921127,35.37278119702236,-123.9961278205539,<1H OCEAN,2.77283641368932
9.521366624968156,51,8.830524707134838,2.1350134029771537,1520.137697709896,2.051456525124604,34.03174026383451,-115.3436411228856,INLAND,5.0
4.095849914310735,36,4.716863113337804,1.1496305145257404,3053.190274544645,1.9895711790981876,36.72371646469189,-114.87828936262295,NEAR OCEAN,2.3764633604010528
5.2438260933546,39,5.06853628395616,1.0,2269.2909920787424,2.8737628413916165,36.94523228735531,-120.99727794526059,INLAND,2.6185609967032213
5.7440153629036805,20,7.843315808704771,1.1543071832548493,1552.7409502294452,2.7149491369688175,34.593661935686725,-121.2902434357498,INLAND,3.449915247916601
4.586890034084986,47,7.443090693720601,1.0941729758195369,3533.3627549252815,3.4767789106644242,36.01519700170968,-120.90511176745979,NEAR BAY,3.6672730903316726
2.6994506623933945,44,6.6051943640484,1.4346057186022292,938.792149362951,1.8934554159076407,34.07566579724129,-123.79772603965743,INLAND,1.803363747606869
10.82126186621029,36,4.64649701326463,1.0,1523.6673150695103,3.337825156486424,37.3930813499382,-120.61766919336351,INLAND,5.0
3.846120768373946,38,7.778204939245793,1.344302718364035,1488.589349377788,2.3914982552372908,40.26214066361966,-119.54512736563652,NEAR BAY,3.045168402567405
3.8792195616468086,6,4.668403500857965,1.0,1782.3728269427436,2.546573176068348,34.691121857989444,-123.15115598560027,INLAND,2.4938237892651225
1.9941213323699347,41,3.5176089044160204,1.0,956.8885918778489,2.325076226727407,41.18912604362161,-122.84963689970357,INLAND,1.1266575615804681
5.615726175100021,47,4.311716773583724,1.0,1490.6409890043813,3.290424063590481,33.634441693243666,-120.70936635554705,INLAND,2.2484422375746473
5.919108113226516,15,6.685113292778418,1.4850956745744404,937.1578293749798,2.779190825581531,41.64370957196376,-120.00788545569739,NEAR OCEAN,2.86021723502307
9.625177343027428,44,4.8799446355682266,1.0801437135915999,543.480574412315,2.1568522160148618,41.61952551580114,-115.7494849832375,NEAR BAY,5.0
4.623219250868773,30,5.668043783644771,1.324149702420925,1239.362942783928,2.0766314311688796,37.81368386930595,-115.55594532320234,INLAND,2.3769452611519286
6.135778646657849,51,3.658527124985744,1.0,1624.9762097493144,3.2700768517157783,38.948149423703995,-115.83868035414865,INLAND,2.755780759051998
8.589042113007663,19,6.726380540320916,1.586176805815045,699.1371403286913,2.921879025463717,39.93280905762869,-117.63649150228716,INLAND,4.51497308607956
10.194806041799326,44,4.070828866611106,1.0,1083.5724612062995,2.629720656689604,34.369629999037336,-114.42863373951681,INLAND,4.665235185064781
6.4760136094804315,34,3.8247781775951895,1.0,1933.561167120791,2.7486976229506137,35.65240347955076,-119.71686219333671,<1H OCEAN,3.6605391287697997
4.674954012496965,24,4.966670646734548,1.3099545513644093,2104.1594804928072,3.261320155531215,35.61389554253162,-116.8868823150062,INLAND,2.2219056502373964
9.409118084760394,38,3.110631353513241,1.0,2229.5667539816595,2.2433071725332803,35.37769159826867,-117.05016700025912,NEAR BAY,4.715356338154488
9.518232877367785,21,3.758465480359056,1.0,704.3992513417151,2.3106009092746858,35.31569067533216,-123.26261889363518,NEAR BAY,4.701696428433754
2.510465464715387,33,3.847067992170265,1.0,5866.678774435218,2.254546247044128,38.83539025176762,-116.313537665653,NEAR OCEAN,1.240043027068736
6.407438957580452,26,5.719659925312307,1.0,502.39939918695654,2.5441381752727428,36.12563920458563,-118.83001848501205,INLAND,3.43542844241849
8.502485192488091,45,4.117192583720074,1.0,1198.0115022749944,3.440340823469947,35.30054080898377,-116.63592827797319,NEAR BAY,3.529509608515031
7.576154910954287,28,5.836869104678739,1.330549377359659,301.5025784529648,3.493401871805263,39.42513381233554,-117.77105674227715,INLAND,3.869641040162461
4.847899138246896,7,5.054207067303659,1.0,707.9036027727232,2.6876834198135238,40.16340011916185,-117.79521759902885,INLAND,2.858110070843681
4.412601336597438,35,4.525239536916684,1.127815715529474,759.9461615992598,3.2091602974661075,33.81288700385377,-114.77977161796838,NEAR BAY,2.892004072507059
10.177189335145925,29,7.427112064269636,1.695901133020124,3061.1083826109816,2.6726374771447916,37.03201574648677,-118.60438551398586,<1H OCEAN,5.0
6.113846105673859,32,2.5289253001143077,1.0,4029.047654966239,2.0007128381389325,35.38438403329367,-121.62419338945725,NEAR OCEAN,3.097748076131579
5.041688667502942,28,6.373605023603579,1.0,1565.136057448964,2.025228014094425,38.02624490868144,-123.78035896151276,<1H OCEAN,2.942507658359825
5.138909715145617,41,3.398090188004695,1.0,986.9875047404005,2.50801238421817,36.61314137529265,-120.3750947926117,INLAND,3.043773723422104
5.472360445569742,39,3.9415077196088166,1.0,252.02879296878928,2.4627624399583734,38.02694676539308,-120.66978207320764,NEAR OCEAN,2.863346514889515
5.116508704089055,37,4.592575034734956,1.0,795.6267987100201,1.948912065353915,39.94181812320718,-115.20139189795974,INLAND,2.6061420785994613
9.194954266867702,25,4.936933877790527,1.0,409.1434285644775,2.2007983880868878,36.390614762145574,-122.81730359445017,<1H OCEAN,4.266559785768781
6.667369800479171,14,5.234191776873718,1.033261215070386,868.4384865690566,2.654044240735941,37.232865989111865,-123.25526706370454,INLAND,3.3209531055883237
6.467728850876106,13,5.502860445153349,1.3697875572505467,1088.083267280983,2.2667845290036546,35.41702611716641,-122.39892291508367,INLAND,3.550103044788187
5.003873498516769,16,4.453856086556597,1.0,1538.9804119528774,1.8978195730904472,33.349696163190615,-119.84427819289658,INLAND,2.8678211920394387
7.103128625259814,13,1.2720171804943368,1.0,1183.5657537035254,2.30769703522145,34.77654147110133,-120.24883984751895,INLAND,3.1190486753581186
3.6479632017089902,38,4.07381827510396,1.0835027201935254,995.2729629195348,1.8820704817085272,34.704099845640926,-116.20905921614033,INLAND,1.7869250807270212
5.931778473826075,18,6.727501920037559,1.1435394155255922,967.0135227499225,2.6617131238828997,37.143505778902195,-114.56774606991158,INLAND,3.3789803723165077
2.635294302692093,47,6.262386985136454,1.0859746568841244,1223.1342486650067,2.893069620664818,38.78919142082039,-123.29123970381545,INLAND,2.0986462041943446
4.896538590823387,22,6.314247803093236,1.0,2721.5420429855303,1.9676813308409107,36.40472861752787,-121.64608507954468,INLAND,3.461633246376202
4.331825542212325,42,4.883260369081131,1.0616966118510813,2085.3808693095593,3.030645501517849,36.801655256119744,-117.89769960673232,INLAND,2.511573892107389
5.4041110288154774,35,6.122108794503135,1.4283826233982329,869.8713824208071,3.1678142519494985,37.582861420197304,-117.193294035853,NEAR BAY,2.973666933730375
4.541608083100833,51,4.503618479532296,1.0,1079.4840538403564,2.270159282981834,35.323167446695265,-123.17327359078327,NEAR OCEAN,2.065004960831777
6.908813702320234,22,4.6686336930293715,1.0,4790.495997833918,2.3557998600264964,40.136243671944854,-114.61852142735141,INLAND,4.010935525365907
4.02800653369439,6,4.30196823875354,1.1743928095985916,907.1824524986679,3.382491792218577,36.98837782931125,-121.85991498904075,NEAR OCEAN,2.2767147175099187
8.094038387625362,12,6.931405171779596,1.4638926308364424,2046.1542498505105,3.226467252474428,36.85278233646722,-116.65762116165322,<1H OCEAN,4.0712206991066315
11.021635927838501,6,1.0,1.0,2543.3123257999505,2.845394842221029,37.75218164835128,-122.8686317087251,INLAND,4.826590114533411
3.3637828266818226,7,5.492510306193763,1.0,1360.9234388586146,2.051734240920097,35.97162321728233,-115.88919522723565,INLAND,2.470217600000731
7.233383586829294,42,5.49155782342453,1.0,878.9901085770584,2.4216786383447593,33.446614642291145,-119.57462372491523,INLAND,3.5891534440138035
4.850530221660948,36,5.631046410308057,1.0,396.09480956553574,1.891280093185584,36.66211295513049,-115.80069515676881,NEAR BAY,3.309417209587
8.331268708760932,19,5.14277100324903,1.0,1986.2359058655766,2.4529989821389666,40.15257275991281,-122.79665402411212,INLAND,4.413959031141871
3.3596318039789836,6,7.382682727826005,1.4488121372620737,1554.4037285715951,1.884526873004963,41.88815464324077,-114.10641137167806,NEAR OCEAN,1.9898345262087798
9.42061057012446,46,5.351504458299839,1.0,836.5832705041291,3.2348803668619546,40.34614587912449,-116.0447918126623,INLAND,5.0
4.625809643934837,16,4.920769480402763,1.0,1907.1096132255816,2.5490718957188405,34.97059979095624,-115.09276968263353,INLAND,2.456319374676827
4.955214638166264,28,6.389004333279135,1.3478767184811355,1467.4852143950125,3.1474548174082506,34.60119342896914,-121.06908262558409,<1H OCEAN,2.5706279558021357
4.958933649926178,11,2.5794899262635083,1.0,811.0326686974922,2.0715628791749325,40.654675112186126,-123.3613657058059,INLAND,2.9303677948489866
3.3096687294971097,35,4.045042544646787,1.1316663092603367,530.1429140689588,2.626765975160192,38.86355033244654,-120.23048958536724,<1H OCEAN,2.097256675862997
7.803514222266154,5,7.076797509574424,1.0,1013.4998737673407,2.855853077829482,39.228046035903844,-121.59335668058765,NEAR OCEAN,3.9214244420298883
4.184308829214403,17,5.755384443874651,1.0490451006248058,3396.692345252704,3.258491654819451,34.70354516114411,-122.34133320966384,<1H OCEAN,2.609977447798029
6.843668841129089,46,2.9049355227758817,1.0,2080.343003028581,1.9525828264297538,34.913561035002736,-114.39969855404401,INLAND,3.683886276494408
4.872462543909381,1,9.742132104973795,1.574341103610015,1720.7196213989607,2.1317918925528803,37.25267662175253,-117.6552792334755,NEAR BAY,3.4431944705289377
4.977955784248912,4,5.005716808827166,1.0,1771.3179227809296,2.921231420460931,35.61610987857328,-119.5318782332896,NEAR BAY,2.6915223600482965
8.596118933415104,31,3.984876546448928,1.0,772.1638014551255,2.7252124597447716,36.02158409894741,-114.50578897345076,NEAR OCEAN,4.293904216644166
2.785534257230004,13,2.852295402931923,1.0,980.3995296600979,2.9758983995114145,41.93139936055792,-119.41054894675933,NEAR OCEAN,1.1055107845273633
1.949307639278205,18,7.588538013801697,1.5394035746782095,1397.9142576516194,2.323811102326308,36.08329681785375,-116.30617745741031,NEAR BAY,1.5959188613485302
3.9869145559332564,9,3.6954174391115426,1.0,1287.9642157250007,2.814334233618248,40.66093124559839,-118.329163546175,NEAR BAY,2.2168512699191147
5.23419640595167,7,4.628557729645186,1.0,672.7944741627497,1.952277317122106,40.20690039006456,-123.10705408757705,<1H OCEAN,3.0094296750312033
4.898609850421437,44,5.847991034773197,1.587088615432613,649.209395761944,2.448040347196659,37.265096810570235,-115.18037731698924,<1H OCEAN,2.996412130161281
3.8884060614706035,34,1.8760708887351103,1.0,1271.042558151778,2.881239585443848,41.48555407861734,-122.05716484258816,NEAR OCEAN,1.4154756533303392
11.623273042286177,46,6.683118417082217,1.4920071468450142,972.2055125790026,2.0047455837896506,36.22797204937015,-121.75850583844793,INLAND,5.0
9.627051226232089,48,3.762816122238501,1.0,1118.4351712330529,2.380646529222878,36.58746798807311,-119.7368971022807,INLAND,4.606566481080167
1.649776301474166,29,7.122944712970531,1.34462998045409,1179.5365584011947,1.844835862265347,34.245608798725854,-119.10132972775844,NEAR BAY,1.6843263501158434
4.043514805223985,3,5.773889959852103,1.0,3327.1217339969585,2.7115907153607997,38.436937368688305,-120.2414554692673,<1H OCEAN,2.7946113528371095
6.511477664112031,36,7.234944413367829,1.5639638662885504,997.3179182797402,3.0874305835841604,35.20966865240454,-121.15164406528248,<1H OCEAN,3.3604800887421664
6.337251687247144,42,5.641326776851387,1.106856319388542,1838.3262666438936,2.6707249467635776,36.72375485155365,-116.93794107872705,INLAND,3.1933554489922207
3.803441191501731,44,7.039095691799737,1.7346718087024366,673.3870722124815,2.849748032054377,40.64024803751031,-120.10777439719693,INLAND,2.521373942521774
9.936588329221673,39,6.070738920958204,1.0343578681980425,3293.870434996199,2.508227149608355,39.98279689060256,-123.32727088696805,<1H OCEAN,4.958931054512151
3.6283347310223832,16,5.196178149676319,1.0,4197.97680387879,2.1396018812902176,33.51492949818377,-116.66243560893592,INLAND,1.4790207300134315
5.40516906635331,2,5.8766858895672796,1.4209188880580437,1038.7951276069145,3.116003506844702,39.65071430526036,-115.01757532609416,INLAND,3.506391358224418
5.287491241370393,27,1.0,1.0,593.18992441952,2.4122041302551396,38.582765914822595,-121.41863238178074,NEAR BAY,2.8027364366715957
6.106119531747014,38,4.374300512340186,1.0638560657195206,435.53227272056455,2.263718890993608,39.58071101660103,-121.20433692294952,<1H OCEAN,3.4403963574826975
4.22486524376109,1,7.308306497845986,1.8342716017939482,1509.2910266292954,2.623036238442125,32.82717142311545,-121.98931309365743,NEAR BAY,2.578586663046071
6.808761584747604,37,3.1261676678412185,1.0,1102.1608125167388,2.502090473893082,38.0803554573409,-115.28047164768135,INLAND,2.8286161740304427
3.7557867459446124,13,4.307894359113478,1.0,3334.837180919643,2.069595761289573,33.52689602046154,-123.4794340516228,NEAR BAY,2.2289279313984025
6.359590293066023,6,2.7191608816151436,1.0,1623.3740461655868,2.84468302621766,39.0927878856028,-121.63809629994036,NEAR OCEAN,3.1549582816029598
4.2266654702757425,27,2.2865017291768277,1.0,860.8700806106848,2.2894376999865145,33.15668677618374,-118.07723057603707,NEAR OCEAN,2.501868548327441
10.244731461605102,48,4.635192406854955,1.066766566341348,2422.365892832474,1.90946467046962,33.55660363315197,-119.13709326847773,INLAND,4.810089240793364
4.898584302248099,18,5.99028404540802,1.262814770837731,344.2990794343017,3.477058414149376,34.00935881657202,-116.86150227761746,INLAND,3.0405598274198544
5.916148349272809,28,4.806504235791996,1.0,1316.1531438117343,3.312542813230859,38.188823949622424,-123.19197153449346,INLAND,2.579643985178021
8.925015915029126,8,3.135160828043123,1.0,1413.077991382674,3.3168687819443163,37.08204691595154,-121.48748200427336,INLAND,4.139845360445482
6.020091009386415,28,3.261220672955196,1.0,1848.6019134033677,2.5280984980508756,38.31237955802219,-122.58398742480489,INLAND,3.0429172731878054
7.8571559846666235,5,3.6211530489339037,1.0,943.4802791157293,2.6360724185704694,36.0523647214451,-122.69145015844605,INLAND,3.442806690880096
3.1825495745346526,48,4.753851266979239,1.0,1214.8629931217847,2.28484681065222,38.747554848204544,-116.37595635678863,NEAR OCEAN,2.360469319154279
7.018768812744921,44,3.6386031915741266,1.0,956.0121792031924,3.0469221482024125,36.28737482103363,-114.45260228046386,INLAND,3.3720715162921446
5.002425220962516,16,7.123049414797444,1.629602218626639,1862.855418745321,2.291663028121917,37.09173130522523,-123.76693118735764,NEAR OCEAN,2.5571355475934023
8.049099785588716,39,4.040332812016874,1.0,2174.0825323731397,2.4167603640615853,40.98994242402328,-120.71925387339277,INLAND,3.576327216599635
6.802308417091613,29,4.42555714428927,1.092725894205077,773.7560939071556,3.25282212343559,35.306944437359554,-115.51291116775542,NEAR OCEAN,2.9946312685042145
6.9307577848688195,41,6.15453597908551,1.1223334113384273,2144.7832231063235,2.0314591078999964,38.871537984444714,-119.24900743524017,INLAND,3.8536677855514334
7.508980259788297,12,1.796779721320139,1.0,614.0476636553846,1.9615908886924727,34.033651268203435,-122.32930617281846,NEAR OCEAN,3.249866917361814
8.693763441033926,35,7.8306073212194125,2.030281572545962,1137.8907917947074,2.4507403157474683,39.83016729451547,-123.76754931204307,INLAND,4.66067841393152
2.1637379244162203,48,6.663135179521176,1.0,2391.9838526185736,2.708001434102501,33.95392258639044,-121.92422888183684,INLAND,1.3472780373182487
3.8601224405823493,9,6.6166164720093334,1.3816786670157595,988.4911428961918,2.6117080794442153,40.4031764726034,-120.47335578399027,NEAR OCEAN,2.5907069675296897
5.430379416138625,28,3.997519165925703,1.0,978.0123163966182,2.2329703651911497,32.903545555480044,-123.96055316802823,INLAND,2.8921439511683746
3.2264306849780047,38,3.7876215197897984,1.0,1518.77350976368,2.122026189917765,35.24838408150609,-119.36480976415478,NEAR OCEAN,1.9954285312973334
4.916524893472299,39,4.218323920800795,1.0,184.85470709514092,2.424418635525908,38.89038410352406,-115.17364446695039,INLAND,3.444048908972897
5.985324880857266,29,4.594207991689323,1.019479367994066,846.8749895381633,2.0124582380296943,33.400254269526855,-122.82621907685152,NEAR OCEAN,2.9094218416508353
11.15427310685602,30,7.410676025659856,1.4048266398690405,1039.3383107005448,2.7160725007992648,41.21637687304619,-122.32635444665526,NEAR BAY,5.0
7.584256970672586,1,1.9428897475691178,1.0,1157.9863356607596,3.0555285957113822,37.26216741089391,-122.5314198979008,NEAR BAY,3.882019267978124
7.577343391868686,30,7.475902751012345,1.1981845656119654,1535.4552241164904,1.902796237223379,36.496822443735915,-114.27906779067698,NEAR OCEAN,4.143562407012736
5.609180296552855,3,4.897191594439544,1.0,1303.409485527498,3.2326202357937888,37.83590853910555,-115.17832938349683,INLAND,2.7670735508865456
2.5171407151908376,11,7.091209327983256,1.2658814280587933,2962.2614352395894,2.2525306666392724,40.85766682313328,-122.73223856636909,INLAND,1.9166696048225973
3.9545480832668813,12,5.917241134344239,1.0,4173.340905789618,3.121754137800425,34.87666852323327,-119.43999748798406,INLAND,2.9684132463924113
2.6290365456591487,29,6.35077844678552,1.639409400730741,1250.2352779535618,2.0942403613788736,36.753719438278544,-117.68438634987389,NEAR OCEAN,1.663502608438568
7.054844660946466,41,6.8851696410296785,1.0,872.7702390439039,1.9058462912711056,34.05468893509702,-114.2533288986732,INLAND,3.727245387326611
5.730073960155499,18,5.060150010528272,1.0,3014.599417011039,2.1950805466168197,41.194304117983634,-122.5583416808907,INLAND,2.6268613502011977
6.020665967159508,31,3.6503766341582455,1.0,1131.1831841193741,3.2767191516792495,41.89490355271985,-116.00927290523057,NEAR OCEAN,2.43369771186063
6.866516229915235,22,3.7260458913658043,1.0,884.8789273421854,2.706932781716256,35.877123215873134,-115.93027755798136,NEAR BAY,3.298768685541691
4.440054186133605,31,6.902556399947455,1.2704168756812464,2265.391711593602,3.1726609497291394,38.83097003123124,-117.10536425694283,<1H OCEAN,2.080626708910491
3.0474421411911994,6,7.888782391317756,1.1681775050638108,1354.2694179784266,2.763479002507963,39.21499140792912,-119.81488871475693,NEAR OCEAN,1.5776541041575352
4.502804522975855,51,4.028771135776397,1.0520567625329726,2326.2114689828622,3.3955512286130385,35.85272776969862,-114.05876023911785,INLAND,2.105872494083624
6.723979265448543,18,7.1633462350268475,1.9291505995366995,844.8229427440291,2.2288693597213265,41.07861892206664,-114.94292457676661,INLAND,3.251891593847474
2.5352060852254663,26,6.913592265609971,1.0284678117362407,1115.135449023211,1.9196578048359538,37.22799491473346,-120.18030724344597,NEAR OCEAN,1.3846147645891307
5.989584506415259,29,2.705615659457606,1.0,2318.1206945143754,2.323095696373406,40.511349076746455,-118.68845594382711,NEAR BAY,2.7955760752007945
3.1874874751107583,24,6.852184361911803,1.1540674962754516,318.38064915568214,2.555770049367235,37.55802720022367,-123.50139032847687,NEAR BAY,1.8838364964119316
7.143396495521124,23,4.259953355370785,1.0,988.1586838969729,2.3642273537394503,39.266460242759486,-123.59141117560401,INLAND,4.365062588272488
3.0828018860629958,24,7.853426648091675,1.5517913363732205,2584.830874767863,2.733776151527564,35.92950817334608,-116.17543550696624,NEAR OCEAN,1.7048959620657542
7.792987389194118,44,5.705231475110688,1.0305282218734855,1138.2509735210674,2.7610054269948625,38.25501140356218,-120.43891448920982,<1H OCEAN,3.7580182435345932
2.919388121432864,16,9.549228190719411,1.5547177067054851,2688.7126773429513,2.3417448342903704,41.42646054431082,-117.35215569348281,NEAR OCEAN,2.1907597796365295
3.5715105253757167,23,5.263664241747494,1.349442349174109,828.4573757932278,3.34735491634478,38.23017967849744,-118.26893290456646,INLAND,1.569110980664937
7.424481298380583,12,4.270895262974767,1.0,1571.1972700471276,2.4331369799576072,35.41347964609327,-115.290672946417,NEAR OCEAN,3.0984754997583686
5.058020943109425,36,6.239239700091165,1.0,1105.6762556016279,2.6793026926225334,39.17548253345594,-118.2233593602407,INLAND,2.3672010843373514
2.2592028425315,4,6.653632207712794,1.6108310138203985,462.4097774154739,2.6677452627199503,39.749099805510205,-119.09061941435154,INLAND,1.4920889018541297
7.524394801709714,29,6.317516803022188,1.0794705439085968,1079.0562172559837,3.2864790697456856,40.82941767270488,-117.55233059776327,NEAR OCEAN,3.918472812706528
2.1114370756105543,16,4.708077424205476,1.1697846314940006,991.317643605815,3.0322648545723236,38.32250119725643,-123.05708099413583,<1H OCEAN,1.5406252526396904
5.053059837635517,23,6.676165520647496,1.5877732273912304,881.7177000172452,2.25693993307812,35.437417478928005,-122.44513192697801,NEAR OCEAN,2.94893342774018
13.919942614986214,6,3.3577555068133846,1.0,756.1247509515362,2.980750596639232,38.16369800462921,-117.13259597472178,INLAND,5.0
5.678308698820584,22,1.4972661489976815,1.0,3332.211198209072,2.145240296368884,35.71928608634724,-118.25341865651879,INLAND,2.6624528312982294
4.679530826265717,8,5.974486423080985,1.3200833901423135,860.4263361472573,3.4737704737953763,37.247318035697205,-119.98120411889099,INLAND,2.5873185185727
5.299069028456031,45,9.154850112937602,2.191959321746061,1657.1056843576341,3.140836838289982,34.7765270330444,-123.1744423691209,INLAND,2.7803989532953177
3.34851060295468,30,6.409738683753692,1.2122426988189272,1234.2917272123775,1.9513408856733387,35.71335510551386,-122.72282600713588,NEAR BAY,2.2564843382575095
5.9159527566510794,46,4.048600091862735,1.0,2299.2449601900357,3.2504240863901632,40.0798070888554,-122.46579765927842,NEAR BAY,2.9480245827813802
14.52563404549924,12,4.815936511038579,1.0,4133.425644116427,2.782741177852318,37.76830552155679,-123.02160099209112,NEAR BAY,5.0
4.520394609790204,20,5.369023070352313,1.0,3659.356778272784,2.13317330401998,38.48753965234852,-115.74174940096735,NEAR OCEAN,3.0636499910176527
3.799865960671345,9,3.8249583192630823,1.0,949.0103306391806,1.8985554168870138,39.187517685692825,-115.5256773227522,NEAR BAY,1.8164139752396768
6.775611042165839,23,3.6833785596549076,1.0,1928.7366415515269,2.433983775297048,35.58052313738704,-121.18573588128942,NEAR BAY,4.215353139254619
7.652804806513039,27,6.00587173317955,1.253308912350344,2886.739338677165,2.8075711396711713,34.73057451479314,-122.41210830155205,NEAR OCEAN,4.30353525689989
5.735757047223825,5,6.0998230759084215,1.0,1109.4361115806869,3.311800504173633,33.934962960449354,-119.70680968878185,INLAND,3.0290024892350127
4.763077805928683,1,3.781687583286402,1.014080573456335,2585.183809034683,3.4293927160988744,34.080563414335366,-114.01080194053446,NEAR OCEAN,1.9412760996286147
7.027100463275216,1,3.0254533287244625,1.0,1366.8992313206893,2.367909214476484,34.60221317015585,-123.39177376616519,INLAND,3.3325366572878963
2.829598371785014,30,4.984534969238797,1.2945213087835432,582.246890548046,1.8840341283787352,34.870124992460504,-114.89486533409325,NEAR OCEAN,1.3207165413262723
4.39373531934772,30,4.61514792297933,1.253083832528648,4873.138401673826,3.4068778534468134,39.649436440291225,-119.13240482343477,NEAR BAY,3.112322800597118
1.934317022023669,20,6.419969063480671,1.2685532543352114,435.69002313758335,2.9742202462623455,35.12188615545731,-119.34120184189571,INLAND,1.6014119499323378
5.215385029960869,1,4.053528491409386,1.0118433422470337,547.9872081022615,2.3266780105104528,41.10989246629868,-122.9073005836673,INLAND,3.0228081059522864
4.97246053246519,15,5.875810890397659,1.2199255506267734,986.4035486039064,3.349325052827134,36.121802075083906,-120.71756205716815,NEAR BAY,2.85170658680236
8.784154062243285,7,6.017532989785313,1.0,2432.6261974804024,3.3721341553152855,37.832471119839084,-122.26380912251338,INLAND,4.385886837101322
3.727488021807049,4,6.662687883414518,1.0,1961.3966996712275,2.461752975565761,35.05983285136515,-115.47466656465826,INLAND,2.398356224434053
8.73481965695657,12,5.178222570836719,1.0308184816171642,4588.433581545442,1.8212400931401005,37.30015125198209,-117.8087399256017,<1H OCEAN,4.169438777358224
4.981290145411443,13,4.149492629422657,1.0,2580.397004187961,2.0874704370039567,32.94179199266699,-116.07901052910175,INLAND,3.0773650392296448
7.2991810171100715,7,4.805538835417904,1.1417764803372379,1496.9991995857015,3.3454188643504312,33.648184626001566,-115.94698591927457,INLAND,3.4560623749246346
7.74682809525663,39,4.990539353440919,1.0,2947.2589368115523,1.8464278855349416,36.289447921485824,-117.81701931750551,INLAND,4.333908185140316
5.5932039401192135,49,8.690571409792447,1.1455299808180253,1116.0596715005192,3.2382235994317075,38.55207296857352,-117.23460993269171,NEAR OCEAN,2.883989485699694
6.193789734469691,22,4.411297502942002,1.0918065740367087,1448.3221855363538,2.3249760007011457,41.05100549343008,-116.60350201110464,NEAR OCEAN,2.9353861394710092
4.224865991016621,15,8.526405137134653,1.789746751628325,974.8208643355788,2.122737132676849,39.88300975068429,-117.10141220651163,INLAND,2.4749440119737165
9.387797164351465,33,5.392802767628709,1.1292356340246177,2690.955242857642,3.350645165407336,39.75877001643817,-119.41768682012541,INLAND,4.4874401670356825
15.0,21,4.631942612856107,1.0,1061.502750573889,3.004546660779118,38.06641484097771,-118.81906776013585,NEAR OCEAN,5.0
2.840102578880532,44,4.1706334810003804,1.0,565.9863151026678,1.8686462514928934,36.52088061177573,-114.05938323528098,NEAR OCEAN,0.8829576970574627
5.644642176970758,40,3.4727900830503966,1.0,562.901990151145,3.2284518624910485,41.269923254759945,-114.03423135779235,NEAR OCEAN,2.859514382082168
4.8071111489342755,44,4.992015956798544,1.169049809203594,647.3779248530902,3.281549090557026,32.86097594068497,-117.95471715778403,<1H OCEAN,2.2977620775792498
6.692220760134569,11,5.187622866812622,1.0,1825.721522576265,1.9206568028270161,32.81442593198152,-122.30269751515118,INLAND,3.256229949516532
2.6500663840620073,42,5.321556173645548,1.3142455096977754,1200.8486712244612,2.2666759877555305,40.68752770937465,-122.88290638036158,NEAR BAY,2.0773785037636703
3.404765794742288,20,9.055889770986116,1.7228007912860754,1356.423971215578,3.4883275371200986,40.872778399300884,-120.48188815234008,INLAND,1.9814070567789963
11.90212763983137,8,7.648955556115101,1.0,1721.7608349595143,2.6089190316133983,34.792234151196936,-116.09166547714693,<1H OCEAN,5.0
10.580365200340626,26,5.450274741002674,1.4497242035559657,1859.1237109738386,2.220212316984852,37.07334340380074,-120.85387203564804,INLAND,4.914483540242992
2.662680362231831,36,4.605186344385432,1.2075466206954684,1080.288859084319,1.924690694899938,35.27976463780987,-121.34020731369357,INLAND,2.1388265320195656
13.290855627895997,40,2.8959376329914064,1.0,1249.555168225865,1.824268501970651,36.53255054228886,-117.37418324446864,INLAND,5.0
3.9174846488392,10,5.742303366561117,1.0,989.5716301139248,2.2726349982294405,37.55699459049495,-120.02171175655658,NEAR BAY,2.4474937058379838
7.978258007200199,37,6.979071374385936,1.154867523235516,1688.5676042330797,2.785264802173054,40.29652187902661,-118.4689524379031,INLAND,4.147957468722311
5.212575945816405,33,7.518092356318396,1.3861117942963506,1245.8192168514624,2.7206691439952513,32.96605595452266,-116.32763289553533,INLAND,2.3347511978144144
6.159946845733627,49,4.344404820379031,1.0,751.1231267489169,2.235986295452206,39.08633530261229,-116.18137169538929,INLAND,2.8805378568495583
5.876433439253533,23,2.989626944068584,1.0,1414.2632830832024,1.9327297352742445,33.295614957344256,-118.56540403368251,INLAND,3.3960710041549316
8.464021228570639,37,5.308289912480154,1.4651187398422634,2065.2660902872476,2.157548038792758,41.99141438344619,-114.97967307472352,NEAR BAY,4.254376563523407
4.391211255939427,48,6.111771366419183,1.280397604199022,4193.8638396045335,2.764039708527852,37.205053376006326,-115.45581973558453,NEAR OCEAN,2.369030941763929
12.819406469817004,35,4.731815562499267,1.0,620.653487281116,1.833352857510542,37.85083001802806,-122.9648246749092,NEAR BAY,5.0
9.127531541158453,20,6.096600299558222,1.6626513668180558,577.0387032602692,2.0336766450722217,38.47622926595174,-117.23332971812536,NEAR BAY,5.0
4.725168693528211,47,5.098990534221447,1.0,525.7421605962217,3.1139452745575085,41.24835236773794,-117.21350537225595,NEAR OCEAN,2.478679843264551
5.666325394071728,42,5.558563999786201,1.5061385430392074,882.8458185004113,1.8418360568510614,34.070177773182856,-121.54345338967099,NEAR OCEAN,2.5968592451358816
5.87796192885422,2,5.695516873491242,1.0043183446484893,1178.488701400454,2.746090623634025,37.23066062718612,-121.16652903057378,NEAR BAY,2.858847070202473
4.635670996322305,12,5.17029134481145,1.232629143564191,994.106884305073,3.2110549847686394,36.494319454358724,-118.2145940153692,NEAR BAY,3.4513371817468275
4.7840379508402755,30,3.114236743792471,1.0,522.9796949223198,2.881263330137684,40.693240180644764,-114.47044951627964,INLAND,2.218187525841304
7.9894962331704695,2,7.352643104113461,1.8792834551974966,3390.1891157939476,2.976992828336775,36.78482247959923,-121.88954952299946,INLAND,3.903172801961307
7.262284771712951,12,4.284918541939781,1.0,397.4022523472091,2.024464054228452,37.759779554562684,-115.35074707408376,NEAR OCEAN,3.8594980715593055
4.36880414587577,39,1.3222708552642262,1.0,4226.905705620238,1.8847516461281502,38.03185078274718,-121.24792208298537,NEAR OCEAN,1.3005660952605433
5.739009495820078,22,5.080091901750916,1.0,1930.5188691248984,2.732213433949905,34.227913613460224,-117.6114101388265,INLAND,3.495021357078943
3.533420683221784,37,5.892295258220927,1.5195841461871784,3384.744556163518,3.147173957105983,41.16851791240792,-120.70281060070421,INLAND,1.8458896826934321
11.957283194589149,25,6.865801620864872,1.1002277757763135,701.7729221768907,3.1338357064043674,36.837792954888535,-116.03226576263953,NEAR BAY,5.0
7.8212598557694895,10,5.601945169608375,1.447687052491181,1060.0824109524528,1.905877844689735,36.95868804051627,-116.5330033057671,NEAR BAY,3.8984587314469064
5.322939877309889,50,5.383448642256253,1.0798545798949049,1168.812833539974,1.8168912764150063,41.24118119227653,-115.4965715678362,NEAR OCEAN,2.8083614013897185
5.9800224817983985,11,5.5088033070255,1.2502311958014434,997.8376303515754,1.9877517974798176,34.20452015989831,-114.69141341375665,INLAND,2.859857281852634
7.961858721615187,17,4.051124857052649,1.0,1566.1731243199545,3.4624549876484116,36.75617207504006,-122.8526098690741,<1H OCEAN,3.8163816939491175
4.336936794181221,46,4.667526404253806,1.0,1578.9040034393872,2.074002843512201,35.28993787232422,-121.05307544254791,NEAR OCEAN,1.927092023024942
5.485977762874957,18,6.742320848745338,1.6325631534799148,750.7087203938934,1.9410901585854419,40.99466089434777,-123.040168998787,INLAND,3.0250104895164616
7.552943897660368,23,4.3893254179831676,1.002854462989517,4587.137364208037,2.7053851135706903,35.94457348611114,-116.06248650019053,NEAR OCEAN,3.538903726145616
3.1985017741994035,23,5.493892526061618,1.241922306039851,649.0565398110206,3.412848384329954,39.2622702165894,-120.79557048601022,INLAND,1.90120012927015
7.042562195024437,30,4.531672047462596,1.0166167677198257,1843.356076792021,2.370461542673352,36.090323363237204,-116.29873300975125,NEAR OCEAN,3.371617509574064
15.0,39,4.182821982287882,1.0,1575.6879645508654,2.369791087940683,40.64492323441784,-114.4697557649363,INLAND,5.0
2.6131308500372015,6,4.942930303965644,1.0,1603.7618311967294,3.409301533924472,38.273622807420814,-118.0196480618857,INLAND,1.473346991608803
8.272353073515328,21,4.97004552951315,1.3015103203908316,266.38251776412943,2.94410391825513,32.757047466209286,-119.34199445614684,INLAND,4.334693673625671
3.1621154473247852,6,5.022296342789156,1.0885851352808815,1186.5006176548452,1.8973536663158495,37.517345404715584,-122.44928540703958,INLAND,1.7621166761436207
2.9452789250056566,29,5.7319900791105525,1.3910607770202446,1192.201887456337,2.728105372243876,33.66263493873116,-118.62767106301592,NEAR BAY,2.288866800027935
4.5920039947320195,39,2.0192493971645775,1.0,1711.4108352219946,1.9778795188905964,36.685256774937876,-121.10576410584328,NEAR BAY,2.2370142026215314
6.9561347296914215,23,4.549310864025039,1.1694012917932226,563.8948332915078,3.2015475901881008,35.17325277066394,-114.87498195172901,NEAR OCEAN,3.346110516750933
7.0724056124741495,16,6.20257214060219,1.5716332687936299,1652.2512819647986,2.9679946289373667,41.73923163081915,-116.17357457779146,INLAND,3.650896066190039
5.1962002106259755,17,7.630913712479088,1.1526132371328963,2283.021490842529,2.7168354495808646,40.91063796945849,-114.59931718192284,NEAR OCEAN,2.1742888512051315
3.3851301215672542,38,3.219528356012218,1.0,2067.048979049245,3.188753282343156,34.34703688549425,-114.4428389391888,<1H OCEAN,1.862439729207671
5.136478735596495,49,3.396339654735847,1.0,1376.351129294317,2.15163232217789,39.69655120615058,-116.76401127991375,INLAND,2.285618910233003
2.420872964559128,6,5.626804470681516,1.32956614713311,2907.058771151647,2.81031807818162,33.857206888601986,-120.91867501982993,INLAND,1.3577611078730767
7.998808603682388,18,6.982241434412195,1.8398782635086874,2401.1048519406027,2.2414987562874242,38.615964808363,-121.03326288401036,NEAR OCEAN,4.418388098253927
4.590625570601499,1,3.960228644755242,1.0334521070198994,852.5008114043397,2.0854129490515083,36.460592393024974,-121.84962967627759,INLAND,2.354261314377233
9.00922521959531,48,2.1718323695891866,1.0,1526.1181958955203,1.9063741099810898,37.27152230900095,-114.99991015172589,NEAR BAY,4.267726530254898
3.533956084054352,22,5.655823779644585,1.2905199611456921,2559.21588655103,3.482141512181183,40.92498380381474,-117.83174806506578,<1H OCEAN,2.08354364157252
6.973676423403131,40,3.790709137696015,1.0,3893.379535244703,2.000504110741123,36.757920028784355,-119.85016203512613,<1H OCEAN,3.172707105631369
2.469029935510052,20,7.937855952811034,1.7057838870108952,899.4356317176544,3.1190990617902106,34.44449914907634,-120.88365810813474,INLAND,1.7141925166563305
10.044848390626624,25,5.047907832191344,1.0,766.8937112616871,2.979672775405387,37.37241612225375,-116.27535488451458,NEAR OCEAN,4.571554355537039
6.674633798359148,50,3.260750015844975,1.0,688.420083783558,3.013210071019797,38.141850611554204,-116.21214224333562,INLAND,3.575717771369588
4.650702752020233,5,3.7316878401141844,1.0,583.2026593803591,2.482278123501693,34.574966100781914,-117.19107738079637,<1H OCEAN,1.9531230782602937
4.4980195077187215,2,5.490307463550962,1.07726709256702,1362.476849079691,2.50443136677009,33.82003565654891,-122.58301097237955,INLAND,2.58775709075461
4.751072315244207,45,4.672360119420151,1.0,882.2038389866959,2.4118008175121584,39.42792054065148,-121.78894490077323,INLAND,1.8073233405284461
5.469463205332348,32,5.4110271147481335,1.4526823208540587,1969.2041826629895,1.9581153953904271,35.43152668548496,-114.24096600318603,NEAR BAY,3.0884965508620055
2.672012205513887,44,10.207370462128317,1.6054996147640939,914.5306862128341,1.858813826304603,38.70371320096999,-116.01012625379833,NEAR OCEAN,2.1339799251930955
4.717008584296201,42,3.4594840460413914,1.0,649.604863847672,2.51186364208868,35.40910711001733,-120.99659723119088,INLAND,2.0420107283087674
4.76055166007146,31,6.519968659208248,1.4558319237626844,2517.332804341879,2.6222071780694156,34.53069740191318,-121.79410362152807,NEAR OCEAN,2.785300022027216
8.654002179101639,18,7.490551942506546,1.4711474801997073,1309.1461686051523,2.0432018086989356,33.51539099568116,-114.66869553939691,<1H OCEAN,4.469474535379909
4.3302043952817,18,7.266921992993119,1.1322709082439346,2337.8277628097608,2.718860359770603,41.42112505747972,-120.56702981114174,INLAND,2.3582345728926155
3.4428461511665205,35,3.5270109500021123,1.0,971.8993184652986,2.0173746766528367,39.2234322746559,-118.94623308212458,<1H OCEAN,1.8628263104540481
5.308054569098178,4,5.417640704491532,1.019353508880519,4167.395013104471,2.3297412428949373,33.398608905248906,-114.98329979475056,INLAND,3.227446338917696
7.121044994340057,41,2.7893849604286713,1.0,1704.3922322315157,2.24687944307984,33.39161794536283,-116.99859729145079,NEAR BAY,3.7421866115953524
5.7111993949324455,31,6.5771590746746895,1.0256738746842324,655.8885206147971,2.7309731094131244,33.954444481567435,-117.10449567286838,INLAND,2.679018705781797
5.619798920718043,15,4.451938801460447,1.0458452882803302,464.33303913590635,3.00270354037683,37.185070673378,-121.55204675716267,<1H OCEAN,2.5492369037137066
5.589368648777558,23,5.8002976538731215,1.296018073311766,1639.8857967477552,2.2212342359325725,36.783920917222616,-116.26301446998744,INLAND,2.648225266437407
5.094192466114006,41,7.568978373537206,1.2949384551290457,1783.559501333031,2.0989785036930497,39.05218760758894,-116.5619440019403,NEAR OCEAN,2.714362839695567
4.254716973046713,1,5.647457980966636,1.5271940558192545,2139.030573990504,1.8319291594498779,38.51848777070072,-119.59988962784486,NEAR OCEAN,2.479997415454278
3.843900359763614,50,5.617854412758257,1.4025887726993769,421.1730696131465,2.0928368036280265,40.28814693615698,-119.76862700665743,<1H OCEAN,2.388942943285868
5.5420198007010235,21,4.866930358674035,1.0171755630225707,429.0136669253011,3.159509873791701,35.631910042310125,-118.54067821014151,NEAR OCEAN,3.0333475721200105
6.3355103467395395,16,7.381651084645737,1.8465553228811498,415.7021813053422,3.251157545894901,40.740773916760425,-114.87537087376222,NEAR BAY,2.567443793843099
5.6382032179116015,13,4.310844861595674,1.086582087763327,735.1105195615119,3.2384241208995785,38.518141050292286,-119.68808001376968,INLAND,2.9955235898039643
2.4370351264300654,10,5.97927588513242,1.1817017937480903,1996.1133710470929,2.6773273558595854,34.63532711703105,-114.87427699507408,<1H OCEAN,1.4101417458117174
8.315561094394603,20,6.237309856295541,1.7102424310761355,1358.9703437033015,2.876012124503618,41.33742871833376,-117.11854929484915,<1H OCEAN,4.433773591274885
2.9497178567449427,47,6.546963479870195,1.4719624829459954,444.7035970330436,2.449059894642431,40.37014909063092,-122.19611513531628,NEAR OCEAN,2.2334769127408745
3.0214180180405923,50,5.800934777651573,1.0,500.7502101168077,2.9914044378592832,33.16533996116761,-118.71341849359132,NEAR OCEAN,1.2770747330565557
3.4176156546648797,2,3.5757850543790757,1.0,1673.0449010208072,3.4674649246512708,38.64439903115435,-122.93044912093681,INLAND,1.7309746064614677
4.513274653694432,10,5.272908293020638,1.2946939784423757,2829.730263477043,2.307236756288498,37.34983699050375,-116.66239379389052,INLAND,2.6883203900628194
5.203264929674411,7,2.45189388994931,1.0,1875.0741691769526,2.030245021512905,41.10382841624938,-123.28679332510166,INLAND,2.639097818414972
8.497999430285388,36,4.85832000320132,1.2889977467656466,3693.9017526820394,2.7141799398532602,36.10086545682519,-122.46501251328402,<1H OCEAN,4.553683523728519
8.556258940349638,20,6.379984933301965,1.5687635219603793,1743.70845819463,2.0618075828433606,35.598447496116975,-118.39655736893837,NEAR OCEAN,4.7399768175264985
2.5042105752157617,31,6.978023764861131,1.4431408568653372,3646.6580361226574,3.4572134957587757,32.56666720732862,-115.81695797288972,INLAND,1.5458429447825908
2.440813890706365,35,4.20919175329407,1.0,6495.334057256831,3.079296714796334,34.891016481107975,-118.85533389470173,<1H OCEAN,1.0902091032605894
8.86681704266205,50,8.778759846273031,1.28114460111507,1178.6067931130597,2.669973684753098,39.211889194350626,-115.21637479494707,INLAND,4.387515122077707
5.054651196342402,48,2.6758903668190768,1.0,2139.1544369495805,2.953233662630729,35.878189386693734,-114.54074255573724,<1H OCEAN,2.7767277769073906
3.445830237318901,45,6.090813061637457,1.0295242296395923,330.8512411070348,2.368701546251496,41.97633937556677,-114.23029548092113,NEAR BAY,2.5118008672971155
7.11499086067828,28,6.258741363164559,1.0055904548404528,2159.6148052541225,3.0185654963496025,41.63037211601057,-118.85717603789543,NEAR OCEAN,3.775584735904869
9.082320791222545,16,6.288832756581897,1.2174363934796153,672.5175269731677,2.379356594448067,39.32595232779588,-117.8911644338339,INLAND,4.5706568767727624
6.601487723856686,40,5.987456169766911,1.1946918365631054,2005.5300739116606,3.1732426234916336,37.33324085281913,-117.94302280487643,NEAR OCEAN,3.5993201415016673
3.865074097505642,48,5.455240342181026,1.5254266839180415,1004.8776754540069,1.9479025540569017,36.60956986917567,-115.51979741476629,NEAR BAY,2.4541662337678387
2.074146564447342,14,8.19499148410014,1.1173928261125128,1802.9813364917754,2.8501697409751765,36.6631189605989,-120.07230913873353,INLAND,1.4255748119912914
6.914873133153178,19,3.553977303068822,1.0,622.6422045309812,2.80773724828552,39.62010169871909,-118.40280347701164,INLAND,3.8125211594784085
5.1737658710255925,36,4.768194217449927,1.0,1066.7161596227975,1.8628776590762066,35.979173770334086,-117.31742477952375,<1H OCEAN,2.281598659518
3.7518764113700733,35,5.52352183557588,1.0894209347059471,2195.745121496822,2.233993345379806,41.88951962207914,-119.86552834894805,INLAND,2.4017737758703586
2.7045186638093655,13,5.085434617247481,1.3144323765755712,1696.0252632159707,2.700158759000231,38.47890655383958,-114.6853613439971,NEAR OCEAN,1.2062349724855976
6.051546580100008,3,3.7431969480241136,1.0,381.38018264007644,2.0547532567256606,39.25986749541064,-119.8200780538791,INLAND,3.1220145354456483
4.271288256540834,44,6.363247820996374,1.77643628424337,1222.9540399760951,2.3397768223524573,40.98607545519861,-118.14542975837546,NEAR BAY,3.0642971530185306
5.896101590742196,38,5.757802049296584,1.2657942070217556,891.0338997034522,2.3043773969708274,40.688163861510226,-118.21901189233685,NEAR OCEAN,3.3773199921207437
8.246488873594675,19,8.191160063792905,1.9702888969183676,702.6089096654331,1.995356031995897,38.5096043804679,-117.83130352797718,INLAND,4.393153290426982
4.029336308272465,7,6.71943402189253,1.8313702543844361,844.4648228917407,2.3230121777359583,35.499821466456616,-119.25481867297961,INLAND,1.7187889160395096
14.202166261978673,38,7.182629075863794,1.3344527929501906,2215.231948226548,2.111655874075689,39.463275755710555,-123.55823230467068,INLAND,5.0
5.206502899896173,8,7.117193511700853,1.3240731263897818,3706.967656664474,3.1659425227597495,37.163401081340716,-123.25471680805212,INLAND,3.0153010974723236
7.683392305181805,20,3.620758369867104,1.0,2001.0663194181727,2.333487142985943,33.076840481505975,-116.69737905097477,NEAR OCEAN,3.6208079803852664
4.315114903103821,18,4.785956269169051,1.2161649901662723,888.0895890561486,3.2720510311408533,37.4694711433889,-123.09824280956441,INLAND,2.1147588136675157
7.117657227942455,30,4.835115157419781,1.0,1383.463887809603,2.9920881342204266,35.35518044758323,-122.06712097546739,NEAR BAY,2.8621535370560225
3.6472110454560713,33,7.272662361714861,1.7588027745920027,1379.2963431006638,3.4737597021908306,33.77043840535751,-120.55387427652299,INLAND,2.0833094540148784
7.352149758012535,33,5.673318868614837,1.4249011293121108,2430.8374950845655,3.384779321927,39.42333667496301,-120.61062427152139,NEAR OCEAN,3.7449693986389603
15.0,45,5.444195636862855,1.168333641211739,1362.997769984542,3.149368075654672,32.70282098282986,-120.33163523423937,INLAND,5.0
3.3552896483461296,12,5.3284915114983695,1.0,1998.648446512628,3.0872523655048165,36.41883239010895,-119.84477444727493,INLAND,1.9049795121287787
1.9211671003429445,19,7.2640298250732585,1.7969989291501083,1398.0502688774081,2.909034602336677,33.40305830927401,-122.6522234378975,NEAR OCEAN,1.2753332414595466
4.1591216890032126,16,3.756861010040078,1.003942756442815,1897.6766648362986,2.0062766587323995,34.707160889866515,-123.16743243534073,NEAR OCEAN,2.3750079843316882
6.25668976016476,35,5.514520926388311,1.0,2404.569233572247,3.449356735329205,32.86948405540906,-116.67884328343031,NEAR OCEAN,3.1655373079979783
5.699869688811022,14,7.986402429973007,1.1905583030162026,662.1487039116446,2.0283051814968855,38.13686714912158,-122.36345008268962,NEAR BAY,3.3492870948781484
4.527170308255272,37,6.324411477731653,1.6975644482197643,1208.6932088917265,2.940339390651224,39.89325347087679,-115.1783612032212,INLAND,2.474545341706309
8.876974626633414,23,4.825326118670489,1.0,1139.6744491762888,2.043213885096271,35.13326141136911,-122.58395447323853,INLAND,4.168181519712312
4.464695137280484,33,5.9255789338241875,1.5740074617846547,2211.278786573363,2.0054793937573985,37.42095741052551,-118.5693046659942,INLAND,2.7984627688449013
8.135106682973573,3,2.993888091563854,1.0,1323.610734752282,2.986327952230188,34.938608566338935,-115.0034690929939,INLAND,3.6519213310032197
4.6183397352021816,32,4.322691551974843,1.0,828.236197977339,2.6755584173869327,38.92387639608506,-120.56330786446324,<1H OCEAN,2.646648388832775
3.6560493695830116,51,4.928765886356567,1.0,1014.121279203066,2.9380171113630027,38.61965821306582,-115.58226869270025,NEAR OCEAN,1.7252045442472537
5.773419843079341,41,3.590212183337842,1.0,1469.7770720793562,3.1769335853871725,37.71608024084796,-122.11693237700823,NEAR OCEAN,3.4291382052671375
5.909423974180423,15,6.6166244867124995,1.0,1981.1834285870775,1.9492544169854569,33.870861942908896,-119.25436063860612,INLAND,4.002198594643746
12.670122044652562,21,3.463706902674891,1.0,850.7301233897088,3.2596463287555744,33.9161199121677,-122.17109982905055,NEAR OCEAN,5.0
6.637765051172366,23,7.479890970514779,1.7549281669077252,930.7590603416996,1.9360061108917144,35.97072881219233,-115.44202731009811,NEAR BAY,4.0100841666280775
6.204615409291077,8,6.3738586556250105,1.0,907.2438574991514,3.3306770634216436,39.755002180246315,-119.41323410641795,INLAND,3.2616609097565945
5.765988280855019,14,4.352141961375191,1.0708547061705151,932.1486006361179,2.9213458460691584,35.273790445184844,-117.43795923896644,NEAR OCEAN,2.954434049605932
4.249315962293952,4,4.5937480197046545,1.0,1018.9400796177134,2.6237301282891883,38.53147594576225,-117.4484089727001,NEAR OCEAN,1.9834263195076445
4.904685608703923,20,5.446700381215879,1.0,1718.828403819125,2.5876246777092344,41.655606817982644,-118.6420313011019,INLAND,2.266694061240609
4.323220627965151,38,6.987600769909841,1.0,2454.8682156645987,1.8348274048311388,41.31739930609489,-115.99480340681112,INLAND,2.634838697407683
5.810849479297425,47,5.346884632133334,1.3160762065291245,918.3543102389847,2.4478137365835275,35.58721245417747,-120.76377147938214,INLAND,2.7275726680091124
2.7421589977353373,30,7.1595809826904055,1.0475706740173236,435.1517303494483,1.9887807670509399,35.849732058882715,-118.00715452520322,NEAR BAY,2.252707144704708
2.510693841482552,36,5.441799569064388,1.0,1614.439514065294,2.8586787259630713,41.7648276807583,-114.40962924711874,NEAR BAY,2.0883492155962537
3.897844111094474,45,6.553676261926496,1.0,478.2359694033049,3.0056523818412244,37.90622296367009,-116.36192379994547,INLAND,2.7009601803090475
3.7050847614157716,26,7.920721971811371,2.1362631679975297,3184.4256241657517,3.4098869796173634,38.088975981632174,-116.76372490708333,NEAR BAY,2.206312829363733
6.237506614239169,29,5.827668596150885,1.3214467286495215,1265.3519568217748,3.0996643454374193,36.75854285410489,-122.43767085008658,INLAND,2.867971344292481
4.226175043787207,35,3.6740541053717237,1.0,1520.7464112967562,3.4502513311498033,33.4697392956349,-123.27349152458186,INLAND,2.39860081758663
6.931879348794713,7,5.1381177575036245,1.4070667836173008,2609.4459273054977,2.1870448725895026,32.74499596105192,-120.56900756419975,NEAR BAY,3.988218594169479
4.091919543931265,26,8.75426979715082,1.653644871602333,1124.2627131211323,2.971205512947936,37.86877537117767,-121.4845634864237,INLAND,2.7472713674033526
14.669174864497608,27,4.598221577080455,1.0,1709.822180324105,2.237844291828136,35.84315109085604,-118.38133583018664,NEAR OCEAN,5.0
4.838521280311344,11,2.350467519955368,1.0,1720.6399131389624,2.085933576272509,37.63473534441628,-117.97785502442512,NEAR OCEAN,2.0219503783451307
6.511974857708492,24,3.8500061044142053,1.0,4020.7744006879393,2.6653904321819377,41.2892730462338,-117.78098014160076,NEAR BAY,3.4314175289016626
4.081182861732042,16,5.059658444355551,1.1635903767268092,5071.128476845754,2.660071769740196,41.31356834608624,-117.13182421147144,INLAND,2.0942415139370953
